{
  "sender test": 0.034482758620689655,
  "home sender test": 0.034482758620689655,
  "test message": 0.06896551724137931,
  "sender": 0.034482758620689655,
  "test its only": 0.034482758620689655,
  "home sender": 0.034482758620689655,
  "thuapr world home": 0.034482758620689655,
  "thuapr world": 0.034482758620689655,
  "test its": 0.034482758620689655,
  "its only test": 0.034482758620689655,
  "only test message": 0.06896551724137931,
  "message ": 0.06896551724137931,
  "message thuapr world": 0.034482758620689655,
  "test": 0.10344827586206896,
  "test message ": 0.034482758620689655,
  "only test": 0.06896551724137931,
  "message": 0.06896551724137931,
  "message thuapr": 0.034482758620689655,
  "thuapr": 0.034482758620689655,
  "test message thuapr": 0.034482758620689655,
  "sender test its": 0.034482758620689655,
  "world home sender": 0.034482758620689655
}