{
  "f austin state": 0.023255813953488372,
  "stephen f": 0.023255813953488372,
  "the fbi": 0.023255813953488372,
  "waco aflame apr": 0.023255813953488372,
  "stephen": 0.023255813953488372,
  "cst": 0.023255813953488372,
  "fbi ": 0.046511627906976744,
  "re waco aflame": 0.023255813953488372,
  "apr cst stephen": 0.023255813953488372,
  "state university abolish": 0.023255813953488372,
  "aflame apr": 0.023255813953488372,
  "re waco": 0.023255813953488372,
  "f": 0.023255813953488372,
  "state": 0.023255813953488372,
  "abolish cults start": 0.023255813953488372,
  "apr cst": 0.023255813953488372,
  "aflame apr cst": 0.023255813953488372,
  "f austin": 0.023255813953488372,
  "waco aflame": 0.023255813953488372,
  "austin": 0.023255813953488372,
  "cst stephen": 0.023255813953488372,
  "apr": 0.023255813953488372,
  "fbi": 0.023255813953488372,
  "state university": 0.023255813953488372,
  "start with the": 0.023255813953488372,
  "austin state": 0.023255813953488372,
  "waco": 0.023255813953488372,
  "start": 0.023255813953488372,
  "cst stephen f": 0.023255813953488372,
  "university abolish cults": 0.023255813953488372,
  "abolish": 0.023255813953488372,
  "with the fbi": 0.023255813953488372,
  "cults start with": 0.023255813953488372,
  "cults": 0.023255813953488372,
  "cults start": 0.023255813953488372,
  "start with": 0.023255813953488372,
  "university abolish": 0.023255813953488372,
  "austin state university": 0.023255813953488372,
  "aflame": 0.023255813953488372,
  "university": 0.023255813953488372,
  "abolish cults": 0.023255813953488372,
  "stephen f austin": 0.023255813953488372
}