{
  "neal": 0.02127659574468085,
  "the title": 0.02127659574468085,
  "to cc": 0.02127659574468085,
  "enterpoopmitedu": 0.02127659574468085,
  "a list": 0.02127659574468085,
  "motif": 0.0425531914893617,
  "thanks neal": 0.02127659574468085,
  "title just about": 0.02127659574468085,
  "of the bugs": 0.02127659574468085,
  "need a list": 0.02127659574468085,
  "cc hello": 0.02127659574468085,
  "getting openbugs": 0.02127659574468085,
  "for motif": 0.0425531914893617,
  "openbugs": 0.02127659574468085,
  "the internetsender": 0.02127659574468085,
  "internetsender enterpoopmitedu": 0.02127659574468085,
  "title": 0.02127659574468085,
  "the bugs": 0.02127659574468085,
  "bugs for": 0.02127659574468085,
  "internetsender enterpoopmitedu to": 0.02127659574468085,
  "enterpoopmitedu to cc": 0.02127659574468085,
  "enterpoopmitedu to": 0.02127659574468085,
  "apr": 0.02127659574468085,
  "list of the": 0.02127659574468085,
  "hello the title": 0.02127659574468085,
  "list": 0.02127659574468085,
  "cc": 0.02127659574468085,
  "openbugs for motif": 0.02127659574468085,
  "title just": 0.02127659574468085,
  "the internetsender enterpoopmitedu": 0.02127659574468085,
  "bugs for motif": 0.02127659574468085,
  "motif apr": 0.02127659574468085,
  "list of": 0.02127659574468085,
  "motif thanks": 0.02127659574468085,
  "neal ": 0.0425531914893617,
  "internetsender": 0.02127659574468085,
  "apr the": 0.02127659574468085,
  "for motif apr": 0.02127659574468085,
  "openbugs for": 0.02127659574468085,
  "motif thanks neal": 0.02127659574468085,
  "bugs": 0.02127659574468085,
  "apr the internetsender": 0.02127659574468085,
  "motif apr the": 0.02127659574468085,
  "cc hello the": 0.02127659574468085
}