{
  "xpert": 0.07142857142857142,
  "internetsender subscribe xpert": 0.07142857142857142,
  "nonemay the internetsender": 0.07142857142857142,
  "subscribe xpert ": 0.07142857142857142,
  "internetsender": 0.07142857142857142,
  "the internetsender": 0.07142857142857142,
  "nonemay": 0.07142857142857142,
  "internetsender subscribe": 0.07142857142857142,
  "xpert ": 0.14285714285714285,
  "subscribe xpert": 0.07142857142857142,
  "subscribe": 0.07142857142857142,
  "nonemay the": 0.07142857142857142,
  "the internetsender subscribe": 0.07142857142857142
}