{
  "urbana": 0.020833333333333332,
  "birthday ": 0.041666666666666664,
  "happy birthday israel": 0.020833333333333332,
  "owner": 0.020833333333333332,
  "sender": 0.020833333333333332,
  "gmt": 0.020833333333333332,
  "noise": 0.020833333333333332,
  "university of illinois": 0.020833333333333332,
  "net": 0.020833333333333332,
  "illinois at urbana": 0.020833333333333332,
  "monapr gmt": 0.020833333333333332,
  "israel": 0.041666666666666664,
  "net noise owner": 0.020833333333333332,
  "at urbana israel": 0.020833333333333332,
  "happy": 0.041666666666666664,
  "illinois at": 0.020833333333333332,
  "of illinois": 0.020833333333333332,
  "sender net noise": 0.020833333333333332,
  "at urbana": 0.020833333333333332,
  "monapr gmt sender": 0.020833333333333332,
  "israel monapr": 0.020833333333333332,
  "noise owner university": 0.020833333333333332,
  "gmt sender net": 0.020833333333333332,
  "net noise": 0.020833333333333332,
  "israel happy birthday": 0.020833333333333332,
  "israel monapr gmt": 0.020833333333333332,
  "gmt sender": 0.020833333333333332,
  "happy birthday ": 0.020833333333333332,
  "israel happy": 0.020833333333333332,
  "owner university of": 0.020833333333333332,
  "happy birthday": 0.041666666666666664,
  "urbana israel": 0.020833333333333332,
  "owner university": 0.020833333333333332,
  "university": 0.020833333333333332,
  "monapr": 0.020833333333333332,
  "birthday israel": 0.020833333333333332,
  "birthday israel monapr": 0.020833333333333332,
  "urbana israel happy": 0.020833333333333332,
  "birthday": 0.041666666666666664,
  "illinois": 0.020833333333333332,
  "sender net": 0.020833333333333332,
  "noise owner": 0.020833333333333332,
  "university of": 0.020833333333333332
}