{
  "micke pe": 0.06646535262607385,
  "washington university friapr": 0.06181335812567153,
  "post": 0.0346952750700282,
  "compbinariesmswindows": 0.05909211578937513,
  "micke": 0.06646535262607385,
  "article number here": 0.06646535262607385,
  "peace": 0.025214820695410103,
  "ace": 0.04138032163088345,
  "uunetseasgwuedulouray": 0.048290519061629476,
  "a mswindows grp": 0.04875355846758218,
  "mswindows grp file": 0.04875355846758218,
  "not post bitmaps": 0.06181335812567153,
  "but ive": 0.03354404538823204,
  "here peace": 0.06646535262607385,
  "panayiotakis ace uunetseasgwuedulouray": 0.048290519061629476,
  "mswindows grp": 0.04875355846758218,
  "ive never been": 0.04542176728426747,
  "file reflect": 0.04875355846758218,
  "pe michael": 0.048290519061629476,
  "ive never": 0.03135724110355984,
  "friapr": 0.014843494754862125,
  "michael": 0.021452853722699703,
  "bitmaps myself": 0.06646535262607385,
  "gmt": 0.0011035561346756536,
  "poster is quite": 0.06181335812567153,
  "post the": 0.03467878585832555,
  "original": 0.020664187055314878,
  "reflect a": 0.04785737462446457,
  "university friapr": 0.032616861908495005,
  "a good": 0.01820072624999076,
  "hd": 0.02976696241711323,
  "right but ive": 0.04875355846758218,
  "at compbinariesmswindows": 0.06646535262607385,
  "washington": 0.02396012022245176,
  "ace uunetseasgwuedulouray": 0.048290519061629476,
  "wronggd": 0.04875355846758218,
  "panayiotakis": 0.044345642115977676,
  "friapr gmt though": 0.06181335812567153,
  "a hd": 0.044598932907808864,
  "downloaded": 0.03994693840740655,
  "compbinariesmswindows and": 0.06646535262607385,
  "downloaded some": 0.06646535262607385,
  "reflect a hd": 0.04875355846758218,
  "an alternative": 0.03969364761557536,
  "pe michael panayiotakis": 0.048290519061629476,
  "poster is": 0.04875355846758218,
  "alternative try": 0.06646535262607385,
  "letting us know": 0.06646535262607385,
  "a mswindows": 0.047450497967978435,
  "a hd directory": 0.04875355846758218,
  "grp": 0.046359766897523566,
  "idea is": 0.03705577789671893,
  "not post": 0.046359766897523566,
  "post the article": 0.06646535262607385,
  "uunetseasgwuedulouray how": 0.04875355846758218,
  "bitmaps george washington": 0.06646535262607385,
  "michael panayiotakis ace": 0.048290519061629476,
  "bitmaps": 0.08599771784991304,
  "article": 0.005291324524251533,
  "try posting": 0.05909211578937513,
  "number here": 0.06646535262607385,
  "posted bitmaps": 0.06646535262607385,
  "george washington university": 0.04486215917058256,
  "george": 0.026651626535818738,
  "i aint": 0.04486215917058256,
  "article number": 0.05716136362526921,
  "wronggd ": 0.09850185481642236,
  "alternative try posting": 0.06646535262607385,
  "the article number": 0.06646535262607385,
  "posting them at": 0.06646535262607385,
  "aint always": 0.04875355846758218,
  "good idea": 0.03339653594716643,
  "george washington": 0.04279850346757612,
  "downloaded some of": 0.06646535262607385,
  "file reflect a": 0.04875355846758218,
  "the original poster": 0.03887559514840062,
  "directory well": 0.04875355846758218,
  "and just letting": 0.06181335812567153,
  "peace micke pe": 0.06646535262607385,
  "number": 0.01694180814534697,
  "original poster": 0.03855338562365994,
  "original poster is": 0.05716136362526921,
  "as an alternative": 0.04978812678857048,
  "michael panayiotakis": 0.044345642115977676,
  "never been wronggd": 0.04875355846758218,
  "post bitmaps": 0.06181335812567153,
  "though i downloaded": 0.06646535262607385,
  "them at compbinariesmswindows": 0.06646535262607385,
  "pe": 0.0438660517536814,
  "the article": 0.03111059988068238,
  "post bitmaps george": 0.06646535262607385,
  "to post": 0.030420802101727113,
  "university": 0.006551383577402796,
  "hd directory well": 0.04875355846758218,
  "the original": 0.024068274191528315,
  "the posted bitmaps": 0.06646535262607385,
  "micke pe michael": 0.06646535262607385,
  "make a mswindows": 0.04875355846758218,
  "number here peace": 0.06646535262607385,
  "hd directory": 0.04875355846758218,
  "of the posted": 0.06646535262607385,
  "ive": 0.01393888862972476,
  "good idea is": 0.06181335812567153,
  "directory": 0.028624046120478232,
  "letting us": 0.06181335812567153,
  "file": 0.020606079251669813,
  "poster": 0.025753217793162787,
  "posting them": 0.05909211578937513,
  "good": 0.010846045540069826,
  "washington university": 0.03824593907311434,
  "bitmaps myself the": 0.06646535262607385,
  "peace micke": 0.06646535262607385,
  "posted": 0.02302678689116847,
  "panayiotakis ace": 0.048290519061629476,
  "university friapr gmt": 0.03320476834687075,
  "idea is to": 0.044345642115977676,
  "compbinariesmswindows and just": 0.06646535262607385,
  "grp file reflect": 0.04875355846758218,
  "uunetseasgwuedulouray how do": 0.04875355846758218,
  "posting": 0.02097015197046863,
  "is to post": 0.054440121288972805,
  "the posted": 0.054440121288972805,
  "just letting": 0.054440121288972805,
  "directory well i": 0.04875355846758218,
  "ace uunetseasgwuedulouray how": 0.04875355846758218,
  "well i aint": 0.04875355846758218,
  "gmt though": 0.05909211578937513,
  "a good idea": 0.03555817016977793,
  "gmt though i": 0.06181335812567153,
  "i downloaded": 0.04670401719542659,
  "know a good": 0.05909211578937513,
  "idea": 0.018574833518502407,
  "mswindows": 0.03583214328736354,
  "letting": 0.03315767054379259,
  "been wronggd": 0.04875355846758218,
  "posted bitmaps myself": 0.06646535262607385,
  "aint always right": 0.04875355846758218,
  "friapr gmt": 0.015445876385300919,
  "reflect": 0.03187950299857197,
  "myself the original": 0.06646535262607385,
  "do not post": 0.05101176139792589,
  "aint": 0.0322791096676392,
  "bitmaps george": 0.06646535262607385,
  "here peace micke": 0.06646535262607385,
  "alternative": 0.029093913003516145,
  "grp file": 0.048290519061629476
}