{
  "secluded": 0.025736499998701205,
  "there a biological": 0.02801658940843787,
  "the pockets": 0.0253490558024631,
  "around checking": 0.03029667881817453,
  "bigger bottom": 0.02801658940843787,
  "in my purse": 0.03029667881817453,
  "besides families": 0.03029667881817453,
  "biological reason why": 0.02801658940843787,
  "keys in their": 0.02801658940843787,
  "locks features": 0.03029667881817453,
  "hates the": 0.026682822605450487,
  "why women": 0.02801658940843787,
  "door so": 0.026682822605450487,
  "botton on them": 0.02801658940843787,
  "purse": 0.022561891788031512,
  "to watching": 0.026682822605450487,
  "room for a": 0.02500247515885183,
  "door": 0.02773922490095515,
  "sharen a": 0.02728256456858849,
  "put their keys": 0.02801658940843787,
  "mystery": 0.018041108333843436,
  "men": 0.011600692741402551,
  "keys in one": 0.02801658940843787,
  "a rund writes": 0.02896291201518715,
  "much simpler": 0.025736499998701205,
  "biological reason": 0.02801658940843787,
  "wallent": 0.02801658940843787,
  "anyones": 0.01874554250623038,
  "features": 0.014297728551267975,
  "plus keys": 0.02801658940843787,
  "and wallent": 0.02801658940843787,
  "mystery re": 0.02728256456858849,
  "thinking is": 0.02240886542081147,
  "families": 0.017205620746128605,
  "locks": 0.0381083136652085,
  "the parents": 0.02088154434143286,
  "addition to watching": 0.03029667881817453,
  "writes apparently youre": 0.03029667881817453,
  "bottom plus keys": 0.02801658940843787,
  "auto": 0.015644220606814307,
  "checking out if": 0.02896291201518715,
  "a botton": 0.02801658940843787,
  "concepts of": 0.01874554250623038,
  "a bigger bottom": 0.02801658940843787,
  "pants i": 0.02728256456858849,
  "a wallet": 0.02801658940843787,
  "malefemale": 0.026175748000755557,
  "keys ready to": 0.03029667881817453,
  "open the door": 0.0253490558024631,
  "securely everything": 0.02801658940843787,
  "families with": 0.02801658940843787,
  "dumbest": 0.019911809011759686,
  "door locks features": 0.03029667881817453,
  "institute of": 0.011517830080782294,
  "pants pockets": 0.02801658940843787,
  "biological ie": 0.02801658940843787,
  "the auto": 0.021735199589739056,
  "dumbest automotive concepts": 0.020442296339378507,
  "article sharen a": 0.02896291201518715,
  "in article": 0.0028207832285436453,
  "malefemale mystery": 0.02728256456858849,
  "time apr gmt": 0.023256987490884166,
  "re dumbest automotive": 0.020361070640068073,
  "women cant": 0.0253490558024631,
  "that locks easily": 0.03029667881817453,
  "the door": 0.016616142359754556,
  "spot etc have": 0.03029667881817453,
  "simpler": 0.0198425543762405,
  "women cant put": 0.02801658940843787,
  "enough room": 0.0253490558024631,
  "a rund": 0.02728256456858849,
  "technologyneptunecscaltechedu": 0.03029667881817453,
  "rund": 0.02728256456858849,
  "door locks": 0.026175748000755557,
  "pants": 0.04176308868286572,
  "spot": 0.016050845461969495,
  "not a woman": 0.03029667881817453,
  "raised": 0.015003300293816422,
  "apr": 0.004321788448319538,
  "close": 0.011528758574834853,
  "fumbling in my": 0.03029667881817453,
  "hates the auto": 0.03029667881817453,
  "automotive": 0.018795009208087424,
  "gmt california institute": 0.016747214427344028,
  "watching": 0.014112531035845172,
  "pockets on": 0.02801658940843787,
  "time": 0.0051845228086421415,
  "never park": 0.03029667881817453,
  "bigger": 0.015512999129750816,
  "my car": 0.017738414588053135,
  "anyones near me": 0.03029667881817453,
  "out if anyones": 0.03029667881817453,
  "forgets that": 0.03029667881817453,
  "have my keys": 0.03029667881817453,
  "my pants": 0.02801658940843787,
  "watching around": 0.03029667881817453,
  "feels safer": 0.03029667881817453,
  "rund writes apparently": 0.03029667881817453,
  "forgets that besides": 0.03029667881817453,
  "not enough room": 0.02728256456858849,
  "of all time": 0.019708271499529133,
  "keys in": 0.04544477149823034,
  "husband": 0.017702463698144613,
  "ready": 0.01393720675385714,
  "checking": 0.016072558238388417,
  "bottom plus": 0.02801658940843787,
  "park": 0.014427252121119394,
  "my keys": 0.05147299999740241,
  "auto door locks": 0.03029667881817453,
  "time apr": 0.023068966392726438,
  "pockets like": 0.02801658940843787,
  "apr gmt california": 0.021075098617824087,
  "pockets": 0.06636793135793148,
  "bottom": 0.014940938735445978,
  "a bigger": 0.019579255995735446,
  "secluded spot": 0.03029667881817453,
  "sharen a rund": 0.02728256456858849,
  "have two pockets": 0.02801658940843787,
  "their pants pockets": 0.02801658940843787,
  "secluded spot etc": 0.03029667881817453,
  "bigger bottom plus": 0.02801658940843787,
  "wallet or": 0.02801658940843787,
  "in a secluded": 0.02896291201518715,
  "pants pockets like": 0.02801658940843787,
  "botton": 0.02801658940843787,
  "article sharen": 0.02896291201518715,
  "technologyneptunecscaltechedu in": 0.032576768227911196,
  "cant women": 0.02801658940843787,
  "checking out": 0.023895658591018894,
  "purse looking": 0.03029667881817453,
  "is is biological": 0.02801658940843787,
  "are raised": 0.023895658591018894,
  "features but forgets": 0.03029667881817453,
  "auto door": 0.03029667881817453,
  "park in": 0.023895658591018894,
  "addition to": 0.01629795279903564,
  "reason why": 0.016392620445581835,
  "botton on": 0.02801658940843787,
  "open the": 0.018896231769491217,
  "husband hates the": 0.03029667881817453,
  "keys and a": 0.026682822605450487,
  "but forgets": 0.03029667881817453,
  "california institute of": 0.016228698163516454,
  "pockets on the": 0.02801658940843787,
  "woman my husband": 0.03029667881817453,
  "with children": 0.021735199589739056,
  "gmt": 0.0005408877107456328,
  "men do": 0.024688954830548133,
  "institute": 0.009933799193657599,
  "in addition": 0.013749185655699415,
  "woman": 0.029348156781336898,
  "to my car": 0.026175748000755557,
  "in article sharen": 0.02896291201518715,
  "why cant women": 0.02801658940843787,
  "their keys": 0.024402733195713823,
  "rund writes": 0.02896291201518715,
  "keys ready": 0.03029667881817453,
  "easily in addition": 0.02896291201518715,
  "not fumbling": 0.03029667881817453,
  "room": 0.013080301037219052,
  "the auto door": 0.03029667881817453,
  "children": 0.010948229278570337,
  "in their pants": 0.02801658940843787,
  "wallet": 0.02088154434143286,
  "biological": 0.037297572609787784,
  "a secluded spot": 0.03029667881817453,
  "ready to open": 0.03029667881817453,
  "is biological": 0.02801658940843787,
  "them securely": 0.02801658940843787,
  "writes": 0.0021053463307326133,
  "california": 0.01048669129917869,
  "husband hates": 0.03029667881817453,
  "raised by": 0.019579255995735446,
  "simpler for": 0.02801658940843787,
  "a woman feels": 0.03029667881817453,
  "writes apparently": 0.02728256456858849,
  "technologyneptunecscaltechedu in article": 0.032576768227911196,
  "gmt california": 0.016490093464023844,
  "i can close": 0.02801658940843787,
  "institute of technologyneptunecscaltechedu": 0.03029667881817453,
  "article": 0.0025934452437943365,
  "parents": 0.014910195766964932,
  "they are raised": 0.02801658940843787,
  "car that": 0.021280757686841633,
  "of technologyneptunecscaltechedu": 0.03029667881817453,
  "that locks": 0.02896291201518715,
  "raised by the": 0.026682822605450487,
  "automotive concepts": 0.020442296339378507,
  "securely": 0.024402733195713823,
  "safer in a": 0.03029667881817453,
  "a car": 0.014617605352436986,
  "thinking": 0.011431685094080286,
  "all time apr": 0.02413943481520877,
  "put my keys": 0.02801658940843787,
  "woman feels": 0.03029667881817453,
  "car": 0.020379045972815903,
  "parents ": 0.06059335763634906,
  "safer": 0.019163816109800273,
  "car that locks": 0.03029667881817453,
  "in a car": 0.021280757686841633,
  "woman my": 0.02896291201518715,
  "all time": 0.01900066827710497,
  "pants i put": 0.02801658940843787,
  "safer in": 0.02896291201518715,