{
  "knack": 0.05672432218221642,
  "ugly station": 0.06440692559947593,
  "aesthetic": 0.05187713910137764,
  "r daker yfnysuedu": 0.04866362630852141,
  "wagonsapr gmt": 0.0692541086803147,
  "be solved": 0.04345774886133613,
  "the same level": 0.041897304446551445,
  "daker yfnysuedu": 0.04866362630852141,
  "no aesthetic sense": 0.06440692559947593,
  "hospital": 0.03313672424728314,
  "designers": 0.04459424487181008,
  "aesthetic sense": 0.06440692559947593,
  "ohjohn r daker": 0.04944142795264886,
  "toyota wagonsapr gmt": 0.0692541086803147,
  "designing horrible": 0.06440692559947593,
  "ugly": 0.03869852929243344,
  "elizabeth hospital": 0.044803006851877776,
  "ohjohn r": 0.04944142795264886,
  "albert einstein": 0.04381644322768264,
  "daker yfnysuedu has": 0.0692541086803147,
  "them albert": 0.04866362630852141,
  "uncanny knack": 0.0615715052630552,
  "knack for designing": 0.06440692559947593,
  "darkman the": 0.04866362630852141,
  "face": 0.025192669556795517,
  "camrys": 0.0615715052630552,
  "ohjohn": 0.04944142795264886,
  "problems we": 0.04501819327612081,
  "gmt st elizabeth": 0.045706585393696,
  "elizabeth hospital youngstown": 0.044803006851877776,
  "tercels": 0.0615715052630552,
  "designing horrible ugly": 0.06440692559947593,
  "champion": 0.040739860820834146,
  "sense": 0.022587689325296145,
  "sense at": 0.05471255943779837,
  "uncanny": 0.05315211502301369,
  "knack for": 0.059559742518637146,
  "the eternal champion": 0.04866362630852141,
  "designers no aesthetic": 0.06440692559947593,
  "eternal champion ": 0.04866362630852141,
  "an uncanny": 0.0615715052630552,
  "tercels corollas": 0.06440692559947593,
  "noticed that toyota": 0.06440692559947593,
  "gmt st": 0.04524021214545355,
  "aesthetic sense at": 0.06440692559947593,
  "toyota has an": 0.06440692559947593,
  "einstein": 0.037408815732059175,
  "elizabeth": 0.03964497228452967,
  "youngstown ohjohn r": 0.04944142795264886,
  "thinking": 0.024302323556646202,
  "camrys have": 0.06440692559947593,
  "tercels corollas camrys": 0.06440692559947593,
  "station": 0.029274893985166302,
  "eternal champion": 0.04866362630852141,
  "champion ": 0.09592748396589622,
  "level of thinking": 0.04866362630852141,
  "sense at all": 0.059559742518637146,
  "has an uncanny": 0.06440692559947593,
  "designers no": 0.06440692559947593,
  "of thinking": 0.04328507324881605,
  "solved at the": 0.04866362630852141,
  "camrys have their": 0.06440692559947593,
  "toyota wagonsapr": 0.0692541086803147,
  "face cannot": 0.04866362630852141,
  "hospital youngstown ohjohn": 0.04944142795264886,
  "noticed that": 0.035659555919942285,
  "their designers": 0.06440692559947593,
  "we face": 0.046470216806038606,
  "wagonsapr gmt st": 0.0692541086803147,
  "wagons": 0.05031669468659296,
  "for designing": 0.059559742518637146,
  "them albert einstein": 0.04866362630852141,
  "horrible ugly station": 0.06440692559947593,
  "an uncanny knack": 0.0615715052630552,
  "dod darkman": 0.04830493194217491,
  "created them albert": 0.04866362630852141,
  "wagons tercels": 0.06440692559947593,
  "youngstown": 0.04295200996917091,
  "created them": 0.04674448752739022,
  "st elizabeth": 0.044803006851877776,
  "r daker": 0.04524021214545355,
  "albert": 0.0337198124216821,
  "darkman": 0.04830493194217491,
  "anybody noticed": 0.059559742518637146,
  "problems we face": 0.04866362630852141,
  "same level": 0.04175882453538935,
  "thinking we": 0.04702995602053886,
  "station wagons": 0.05672432218221642,
  "darkman the significant": 0.04866362630852141,
  "level of": 0.03199623337409386,
  "yfnysuedu": 0.04546951160575417,
  "gmt": 0.0011498591892774293,
  "albert einstein the": 0.04830493194217491,
  "ugly station wagons": 0.06440692559947593,
  "at all dod": 0.0692541086803147,
  "st": 0.025993908513178385,
  "toyota": 0.07573008631542466,
  "dod darkman the": 0.04866362630852141,
  "horrible ugly": 0.06440692559947593,
  "r": 0.023053757727879633,
  "noticed": 0.028658759247332265,
  "cannot be solved": 0.04830493194217491,
  "corollas": 0.059559742518637146,
  "hospital youngstown": 0.044803006851877776,
  "for designing horrible": 0.06440692559947593,
  "the significant problems": 0.04866362630852141,
  "all dod": 0.0692541086803147,
  "eternal": 0.03267292954147144,
  "face cannot be": 0.04866362630852141,
  "have their designers": 0.06440692559947593,
  "daker": 0.04524021214545355,
  "yfnysuedu has": 0.0692541086803147,
  "horrible": 0.035775145444076624,
  "yfnysuedu has anybody": 0.0692541086803147,
  "when we created": 0.04866362630852141,
  "that toyota": 0.06440692559947593,
  "einstein the": 0.04830493194217491,
  "the eternal": 0.042791244107459735,
  "has anybody noticed": 0.06440692559947593,
  "wagonsapr": 0.0692541086803147,
  "we created": 0.04866362630852141,
  "level": 0.024842320451540306,
  "solved": 0.03835312540900982,
  "st elizabeth hospital": 0.044803006851877776,
  "significant problems": 0.04796374198294811,
  "toyota has": 0.0615715052630552,
  "no aesthetic": 0.06440692559947593,
  "designing": 0.04248039262095041,
  "uncanny knack for": 0.0615715052630552,
  "thinking we were": 0.04866362630852141,
  "all dod darkman": 0.0692541086803147,
  "solved at": 0.04866362630852141,
  "wagons tercels corollas": 0.06440692559947593,
  "corollas camrys": 0.06440692559947593,
  "station wagons tercels": 0.06440692559947593,
  "youngstown ohjohn": 0.04944142795264886,
  "einstein the eternal": 0.04866362630852141,
  "created": 0.026228005920146145,
  "dod": 0.02425727987760524,
  "corollas camrys have": 0.06440692559947593,
  "problems": 0.019320870616670243
}