{
  "diamond stealthvideo": 0.02773879474532074,
  "work with": 0.014819621630814475,
  "quick maybe someone": 0.030803312243227618,
  "file at": 0.02542057675013698,
  "wrong": 0.008855338685723538,
  "rates are low": 0.030803312243227618,
  "account university": 0.019971611734316646,
  "proper": 0.01378793988459088,
  "are low yeah": 0.030803312243227618,
  "recently purchased": 0.021230734046139094,
  "locking": 0.04265536465999225,
  "sci": 0.014736352227397328,
  "this video": 0.02616687625286009,
  "you doug ward": 0.02773879474532074,
  "netnews admin": 0.017400860118704304,
  "yeah i know": 0.02616687625286009,
  "drivers does": 0.027129023652364376,
  "the wrong drivers": 0.02773879474532074,
  "comp sci sunmay": 0.033121530238411384,
  "purchased a": 0.020701556771172892,
  "the card locking": 0.033121530238411384,
  "hope you": 0.017137839625998238,
  "so i hope": 0.02327390823451024,
  "with the card": 0.02542057675013698,
  "drivers the": 0.02429525154404597,
  "drivers the dstlth": 0.02944724164754814,
  "proper drivers the": 0.02944724164754814,
  "your system": 0.018593752907797054,
  "purchased": 0.015925331052783754,
  "stealth": 0.05478949449626776,
  "up your system": 0.02944724164754814,
  "locking up": 0.05233375250572018,
  "drivers": 0.07805262311522812,
  "i hope": 0.012357015100964461,
  "the number": 0.012674432646999235,
  "the proper drivers": 0.02944724164754814,
  "respond to thank": 0.028485094248043852,
  "download": 0.01948428126213807,
  "gets old quick": 0.030803312243227618,
  "when rates": 0.030803312243227618,
  "ward if you": 0.030803312243227618,
  "know it costs": 0.030803312243227618,
  "comp": 0.01569849962690161,
  "darned if i": 0.033121530238411384,
  "drivers does anyone": 0.02773879474532074,
  "david the": 0.02661346953922973,
  "comp sci": 0.01755644545527585,
  "bbs and": 0.020955690239326478,
  "wrong drivers does": 0.02773879474532074,
  "account university of": 0.019971611734316646,
  "drivers there": 0.02944724164754814,
  "trouble using the": 0.033121530238411384,
  "university of": 0.005280940496916732,
  "borland": 0.02113651706631737,
  "respond to": 0.015680273524000057,
  "old quick": 0.030803312243227618,
  "any stealth": 0.033121530238411384,
  "drivers david": 0.030803312243227618,
  "the wrong": 0.016106157879774645,
  "bunch": 0.013389432065894687,
  "received the wrong": 0.02773879474532074,
  "bbs is": 0.027129023652364376,
  "david e brown": 0.033121530238411384,
  "please respond": 0.01771962326186258,
  "dept of": 0.012397636834416328,
  "quick": 0.013626728841721725,
  "yeah": 0.0131337345551407,
  "number": 0.008442573289821734,
  "drivers david the": 0.033121530238411384,
  "i recently purchased": 0.02327390823451024,
  "system gets old": 0.030803312243227618,
  "diamonds bbs": 0.033121530238411384,
  "of denver dept": 0.020465377616611175,
  "dept of math": 0.018424375874958408,
  "admin account": 0.01743140354199284,
  "darned if": 0.030803312243227618,
  "rates": 0.015318821278082257,
  "university": 0.003264736297769286,
  "yeah i": 0.020316709514367585,
  "got the stealth": 0.030803312243227618,
  "hour to": 0.02944724164754814,
  "card and": 0.017027268180309647,
  "desyncing etc so": 0.033121530238411384,
  "doug": 0.0287954219550945,
  "manual i": 0.0240645061544575,
  "card": 0.031057551146338565,
  "the stealth drivers": 0.030803312243227618,
  "system": 0.005880829846813137,
  "an hour": 0.019009464334812362,
  "the dstlth file": 0.02944724164754814,
  "the stealth": 0.023848658257676326,
  "quick maybe": 0.030803312243227618,
  "dave ": 0.04327324639999904,
  "math comp": 0.02039021756359426,
  "of denver": 0.017223235284878388,
  "you doug": 0.027129023652364376,
  "doug ward if": 0.030803312243227618,
  "do dave": 0.02944724164754814,
  "gmt david e": 0.033121530238411384,
  "sunmay": 0.01645394956380156,
  "manual i got": 0.033121530238411384,
  "low yeah": 0.030803312243227618,
  "locking up desyncing": 0.033121530238411384,
  "download so": 0.030803312243227618,
  "for stealthsender": 0.033121530238411384,
  "trouble": 0.01278730550565021,
  "respond": 0.013482340307055475,
  "wrong drivers": 0.02773879474532074,
  "thank you doug": 0.02773879474532074,
  "costs but locking": 0.030803312243227618,
  "cica": 0.019719078113888067,
  "netnews admin account": 0.01743140354199284,
  "ive got": 0.015503275525824999,
  "writes i": 0.008857701442166103,
  "there diamonds bbs": 0.033121530238411384,
  "dstlth": 0.02944724164754814,
  "net": 0.009571658453144456,
  "bunch of trouble": 0.033121530238411384,
  "card locking": 0.033121530238411384,
  "stealth i have": 0.033121530238411384,
  "trouble using": 0.028485094248043852,
  "number you": 0.023645900325179887,
  "costs": 0.01393566971172512,
  "ftp the": 0.025101813606978704,
  "diamonds": 0.025101813606978704,
  "on the net": 0.013454195835733453,
  "locking up your": 0.030803312243227618,
  "sunmay gmt": 0.017000187209631992,
  "i do dave": 0.033121530238411384,
  "ward if": 0.030803312243227618,
  "the borland": 0.027129023652364376,
  "low": 0.0115112687790344,
  "borland bbs": 0.033121530238411384,
  "net ive": 0.02944724164754814,
  "hope": 0.009654608218698273,
  "e brown writes": 0.033121530238411384,
  "a bunch": 0.01397910514826964,
  "right drivers": 0.02944724164754814,
  "not work": 0.016341330115284543,
  "bbs at they": 0.030803312243227618,
  "admin account university": 0.020701556771172892,
  "brown writes": 0.025772953056684894,
  "netnews": 0.014181863080766077,
  "darned": 0.025101813606978704,
  "a diamond stealthvideo": 0.02773879474532074,
  "desyncing": 0.033121530238411384,
  "card please respond": 0.028485094248043852,
  "gmt": 0.0005499326557413791,
  "but locking": 0.030803312243227618,
  "ftp": 0.012802647191292036,
  "math comp sci": 0.02039021756359426,
  "purchased a diamond": 0.027129023652364376,
  "diamond stealthvideo card": 0.02773879474532074,
  "cica does not": 0.02944724164754814,
  "video card": 0.016765847535328594,
  "the proper": 0.0164084457107722,
  "bbs at": 0.02163662319999952,
  "ive got the": 0.023848658257676326,
  "david": 0.017451239076897534,
  "net ive got": 0.030803312243227618,
  "had a bunch": 0.027129023652364376,
  "doug ward writes": 0.02944724164754814,
  "the net ive": 0.02944724164754814,
  "bbs": 0.03890439699792329,
  "it costs": 0.02153044026249256,
  "card locking up": 0.033121530238411384,
  "gmt david": 0.020620962953182723,
  "stealthvideo": 0.02773879474532074,
  "video card please": 0.028485094248043852,
  "stealthvideo card and": 0.02773879474532074,
  "can ftp": 0.022098664465821653,
  "of trouble": 0.02163662319999952,
  "any stealth drivers": 0.033121530238411384,
  "a diamond": 0.021746288159273736,
  "dstlth file": 0.02944724164754814,
  "dave": 0.0119938891456111,
  "ward": 0.03821861404186339,
  "borland bbs and": 0.033121530238411384,
  "writes doug": 0.027129023652364376,
  "of math": 0.01834279910865687,
  "writes i recently": 0.022492587661996844,
  "stealthvideo card": 0.02773879474532074,
  "sci sunmay gmt": 0.030803312243227618,
  "denver": 0.015944946836905487,
  "this video card": 0.027129023652364376,
  "stealth drivers": 0.061606624486455236,
  "work": 0.006803739681558461,
  "admin": 0.01443507987586874,
  "find any": 0.01872666370595596,
  "stealth drivers david": 0.030803312243227618,
  "there diamonds": 0.033121530238411384,
  "brown writes doug": 0.033121530238411384,
  "can find": 0.014750087284095164,
  "up desyncing": 0.033121530238411384,
  "ftp the proper": 0.02944724164754814,
  "drivers that": 0.022356059252230106,
  "and received": 0.023645900325179887,
  "dstlth file at": 0.02944724164754814,
  "drivers there diamonds": 0.033121530238411384,
  "denver dept of": 0.02039021756359426,
  "ward writes i": 0.028485094248043852,
  "sunmay gmt david": 0.033121530238411384,
  "ward writes": 0.023102358754953218,
  "stealthsender netnews": 0.033121530238411384,
  "card please": 0.02542057675013698,