{
  "technologies uucp": 0.05212282916465791,
  "my little mind": 0.05212282916465791,
  "marc nieporent not": 0.05212282916465791,
  "teams of nine": 0.04634065922429944,
  "thats a pretty": 0.04482654305350059,
  "jose": 0.02361703757410833,
  "mind": 0.015931962786285454,
  "david coons the": 0.05212282916465791,
  "rule i": 0.04269251616872078,
  "the new wording": 0.05212282916465791,
  "the rules": 0.054577249157788506,
  "gmt david": 0.03245088380527176,
  "david would": 0.05212282916465791,
  "am mightily": 0.05212282916465791,
  "nieporent not": 0.05212282916465791,
  "mightily": 0.043652103309741584,
  "game between two": 0.04634065922429944,
  "teams of": 0.04117839999792193,
  "post the": 0.02719546890995004,
  "yet so david": 0.05212282916465791,
  "tueapr gmt david": 0.04188119680120889,
  "rule i am": 0.05212282916465791,
  "teams": 0.0215221421550523,
  "book yet so": 0.05212282916465791,
  "argument really my": 0.05212282916465791,
  "tueapr gmt": 0.012352155641288156,
  "boggled i dont": 0.05212282916465791,
  "dumb": 0.027431524521346628,
  "is a game": 0.04269251616872078,
  "between two teams": 0.04634065922429944,
  "hathaway domain": 0.05212282916465791,
  "more the rules": 0.04847468610907925,
  "fax": 0.016003050674913692,
  "david coons": 0.04634065922429944,
  "amesultrawayne daggett drive": 0.05212282916465791,
  "coons the": 0.05212282916465791,
  "rules say baseball": 0.04634065922429944,
  "dumb argument really": 0.05212282916465791,
  "mightily curious much": 0.05212282916465791,
  "network": 0.03244452704240566,
  "jose ca": 0.033720157788518536,
  "gmt david coons": 0.05212282916465791,
  "much thanks wayne": 0.05212282916465791,
  "technologies tueapr": 0.04847468610907925,
  "tueapr": 0.011888930419623354,
  "hathaway ultra": 0.05212282916465791,
  "amesultrawayne": 0.05212282916465791,
  "network technologies tueapr": 0.05212282916465791,
  "hathaway domain ultra": 0.05212282916465791,
  "am mightily curious": 0.05212282916465791,
  "dumb argument": 0.04847468610907925,
  "dont say": 0.03311799804547778,
  "thanks wayne hathaway": 0.05212282916465791,
  "book yet": 0.043652103309741584,
  "uucp amesultrawayne daggett": 0.05212282916465791,
  "domain": 0.02366403036749939,
  "so david": 0.04847468610907925,
  "curious much": 0.05212282916465791,
  "san": 0.018624140970700483,
  "re designated hitter": 0.04482654305350059,
  "wayne hathaway": 0.10424565832931582,
  "ca fax": 0.03388211388676461,
  "new wording": 0.04847468610907925,
  "technologies tueapr gmt": 0.04847468610907925,
  "daggett": 0.05212282916465791,
  "post the new": 0.04847468610907925,
  "pretty": 0.015113664644851971,
  "nine players": 0.04634065922429944,
  "of nine players": 0.04634065922429944,
  "daggett drive phone": 0.05212282916465791,
  "the rules dont": 0.04634065922429944,
  "daggett drive": 0.05212282916465791,
  "designated": 0.03341047094629258,
  "hitter rule wayne": 0.05212282916465791,
  "game between": 0.03753025694234327,
  "game": 0.015964653313088828,
  "nieporent not any": 0.05212282916465791,
  "david": 0.041194109084150235,
  "say baseball": 0.04634065922429944,
  "phone san": 0.04847468610907925,
  "network technologies": 0.10424565832931582,
  "hathaway ultra network": 0.05212282916465791,
  "jose ca fax": 0.04482654305350059,
  "marc nieporent": 0.04847468610907925,
  "argument really": 0.043652103309741584,
  "rule": 0.04086646517826817,
  "have arule book": 0.05212282916465791,
  "hathaway": 0.08000792050832586,
  "arule book": 0.05212282916465791,
  "ultra network": 0.10424565832931582,
  "players each": 0.04482654305350059,
  "players each lets": 0.04634065922429944,
  "mind be": 0.05212282916465791,
  "hitter": 0.02821075136323684,
  "ultra network technologies": 0.10424565832931582,
  "arule": 0.05212282916465791,
  "drive": 0.015021487894890348,
  "rules say": 0.043652103309741584,
  "coons": 0.04269251616872078,
  "dont say that": 0.043652103309741584,
  "please post": 0.027103933421992833,
  "domain ultra": 0.05212282916465791,
  "dont": 0.012827348196389107,
  "technologies uucp amesultrawayne": 0.05212282916465791,
  "phone": 0.015415045422420831,
  "i am mightily": 0.05212282916465791,
  "boggled": 0.05212282916465791,
  "be boggled": 0.05212282916465791,
  "a game": 0.024879935835321963,
  "two teams": 0.0356202280281887,
  "drive phone san": 0.05212282916465791,
  "of rule": 0.04117839999792193,
  "ca": 0.01660304207259644,
  "wayne": 0.05122510461969867,
  "arule book yet": 0.05212282916465791,
  "dont have": 0.016320751462951012,
  "boggled i": 0.05212282916465791,
  "rule wayne hathaway": 0.05212282916465791,
  "you please post": 0.043652103309741584,
  "that way david": 0.05212282916465791,
  "mightily curious": 0.05212282916465791,
  "argument": 0.018265249729188544,
  "amesultrawayne daggett": 0.05212282916465791,
  "fax ": 0.04612501708866059,
  "nieporent": 0.04269251616872078,
  "wayne hathaway ultra": 0.05212282916465791,
  "pretty dumb": 0.043652103309741584,
  "i dont": 0.009608315671305701,
  "hitter rule": 0.04482654305350059,
  "gmt": 0.0008654203371930124,
  "david would you": 0.05212282916465791,
  "a pretty dumb": 0.04634065922429944,
  "rule wayne": 0.05212282916465791,
  "coons the rules": 0.05212282916465791,
  "ultra": 0.05609080592401705,
  "david marc nieporent": 0.04847468610907925,
  "baseball": 0.02002770136378296,
  "players": 0.019841786833096602,
  "way david marc": 0.05212282916465791,
  "curious": 0.022696581898811297,
  "wording": 0.032977638850308515,
  "thanks wayne": 0.04634065922429944,
  "dont have arule": 0.05212282916465791,
  "book": 0.0164750377138393,
  "rules dont say": 0.04847468610907925,
  "pretty dumb argument": 0.04847468610907925,
  "mind be boggled": 0.05212282916465791,
  "rules dont": 0.04269251616872078,
  "marc": 0.02578626965968181,
  "have arule": 0.05212282916465791,
  "wording of rule": 0.05212282916465791,
  "domain ultra network": 0.05212282916465791,
  "little mind": 0.05212282916465791,
  "re designated": 0.04482654305350059,
  "baseball is": 0.034776319343582496,
  "designated hitter rule": 0.04482654305350059,
  "drive phone": 0.043652103309741584,
  "wording of": 0.037869933369383116,
  "curious much thanks": 0.05212282916465791,
  "network technologies uucp": 0.05212282916465791,
  "technologies": 0.05062723516292885,
  "wayne hathaway domain": 0.05212282916465791,
  "san jose": 0.025281426912951602,
  "post": 0.013604199961668955,
  "phone san jose": 0.05212282916465791,
  "a pretty": 0.02534600634764536,
  "uucp amesultrawayne": 0.05212282916465791,
  "designated hitter": 0.04269251616872078,
  "ca fax ": 0.04000396025416293,
  "david marc": 0.04847468610907925,
  "rules": 0.0433632879890028,
  "baseball is a": 0.039044373113142114,
  "san jose ca": 0.03422179031380446,
  "way david": 0.04188119680120889
}