{
  "just as good": 0.024408499179261526,
  "brent": 0.019173147444546984,
  "of changing": 0.023764253395537303,
  "oil and filter": 0.028662820042604058,
  "plug for": 0.030095558940512763,
  "my drain": 0.060191117881025526,
  "wondering how you": 0.03254484226404614,
  "stealing": 0.02077026802314436,
  "shut also out": 0.03254484226404614,
  "service": 0.012005489332709451,
  "it works": 0.015237987847258468,
  "tale of": 0.024408499179261526,
  "moss": 0.024071714091613735,
  "oh john r": 0.03254484226404614,
  "my airfilter dod": 0.034994125587579514,
  "everymiles works": 0.030095558940512763,
  "on every month": 0.030095558940512763,
  "drain": 0.041667875307791744,
  "to my drain": 0.03254484226404614,
  "yfnysuedu in": 0.02362000606507704,
  "it works great": 0.022747708969912635,
  "shut it works": 0.030095558940512763,
  "good": 0.005710462139471392,
  "face": 0.01272986482905215,
  "of fear": 0.02498277101494271,
  "quarts when": 0.030095558940512763,
  "and filter": 0.028662820042604058,
  "youngstown oh john": 0.03254484226404614,
  "eternal champion": 0.024589747569323542,
  "the oil": 0.04154053604628872,
  "welded": 0.05242707343814136,
  "my hood shut": 0.03254484226404614,
  "scamapr gmt st": 0.034994125587579514,
  "article brent woody": 0.03254484226404614,
  "r daker yfnysuedu": 0.024589747569323542,
  "welded my": 0.03254484226404614,
  "john r": 0.022975760281352817,
  "plug for the": 0.031112103366137435,
  "oil light": 0.030095558940512763,
  "oil once": 0.029307065826328273,
  "dod darkman": 0.024408499179261526,
  "crankcase though as": 0.03254484226404614,
  "as good": 0.017241897598723417,
  "finally decided": 0.023481416972662615,
  "your crankcase": 0.03254484226404614,
  "in a previous": 0.01582469089683251,
  "month": 0.014224741199665596,
  "previous": 0.012257212093630917,
  "article brent": 0.023348058923253263,
  "brent woody": 0.028662820042604058,
  "filter everymiles": 0.030095558940512763,
  "worried about someone": 0.030095558940512763,
  "welded my hood": 0.03254484226404614,
  "same reasons": 0.026520997415147112,
  "youngstown oh": 0.02764627561697939,
  "reasons i": 0.023348058923253263,
  "st": 0.01313473115683572,
  "drain plug": 0.05085008720977238,
  "albert einstein the": 0.024408499179261526,
  "significant problems": 0.024236095772302402,
  "plug": 0.03381868359624203,
  "i finally": 0.020526476957819444,
  "steal my airfilter": 0.03254484226404614,
  "hospital youngstown": 0.022638975193705026,
  "i was worried": 0.02498277101494271,
  "filter everymiles works": 0.030095558940512763,
  "hospital": 0.01674399847124201,
  "we face": 0.023481416972662615,
  "might steal": 0.031112103366137435,
  "changing oil": 0.022859895183038364,
  "when i add": 0.029307065826328273,
  "oil": 0.06317477791845602,
  "previous article": 0.016033079598103007,
  "moss says": 0.034994125587579514,
  "changing the": 0.01913321968746595,
  "level": 0.012552833302368423,
  "woody moss says": 0.034994125587579514,
  "st elizabeth": 0.022638975193705026,
  "wives tale": 0.028662820042604058,
  "r daker": 0.022859895183038364,
  "changing": 0.03044965485288455,
  "finally decided to": 0.025196992293446012,
  "someone stealing": 0.030095558940512763,
  "solved": 0.019379847821513797,
  "champion ": 0.048472191544604804,
  "reasons": 0.012716921338738592,
  "worried": 0.01782164359336866,
  "i was wondering": 0.015919345723559186,
  "works for": 0.020833937653895872,
  "thinking we": 0.023764253395537303,
  "changing oil by": 0.023348058923253263,
  "re changing oil": 0.023348058923253263,
  "shut it": 0.02764627561697939,
  "selfrist another": 0.03254484226404614,
  "plug welded": 0.030095558940512763,
  "dod darkman the": 0.024589747569323542,
  "selfrist another dealer": 0.03254484226404614,
  "four quarts": 0.030095558940512763,
  "changing the oil": 0.028662820042604058,
  "a previous article": 0.01608296610533193,
  "hood shut also": 0.03254484226404614,
  "tale": 0.022533487691409334,
  "light comes": 0.02621353671907068,
  "the significant problems": 0.024589747569323542,
  "airfilter": 0.03254484226404614,
  "john r daker": 0.02566883467021111,
  "i add": 0.02498277101494271,
  "oil light comes": 0.030095558940512763,
  "filled": 0.01782164359336866,
  "when we created": 0.024589747569323542,
  "figure that": 0.021622430768080358,
  "add": 0.012112737896045628,
  "the eternal": 0.021622430768080358,
  "solved at": 0.024589747569323542,
  "a previous": 0.015413689032249387,
  "eternal": 0.016509642842510306,
  "my airfilter": 0.03254484226404614,
  "old wives": 0.028662820042604058,
  "previous article brent": 0.03254484226404614,
  "face cannot be": 0.024589747569323542,
  "great": 0.008834899117296508,
  "woody": 0.02498277101494271,
  "how you filled": 0.03254484226404614,
  "filter": 0.018515542216158785,
  "face cannot": 0.024589747569323542,
  "fear that": 0.022431058232493247,
  "we created": 0.024589747569323542,
  "drain plug for": 0.03254484226404614,
  "month or": 0.02195921585572815,
  "einstein the eternal": 0.024589747569323542,
  "created": 0.013253020659296462,
  "the old wives": 0.028662820042604058,
  "another dealer service": 0.026520997415147112,
  "stealing my oil": 0.030095558940512763,
  "the same reasons": 0.026857782502794903,
  "fear that somebody": 0.03254484226404614,
  "filled your crankcase": 0.03254484226404614,
  "i welded": 0.03254484226404614,
  "hospital youngstown oh": 0.02764627561697939,
  "the same level": 0.021170722741543663,
  "daker yfnysuedu": 0.024589747569323542,
  "wondering": 0.012882225983753937,
  "yfnysuedu in a": 0.023764253395537303,
  "scamapr": 0.03254484226404614,
  "service scamapr gmt": 0.03254484226404614,
  "finally": 0.01278211818648812,
  "another dealer": 0.02621353671907068,
  "i figure": 0.02131497007200393,
  "was wondering": 0.015627910310752693,
  "as i welded": 0.03254484226404614,
  "woody moss": 0.028662820042604058,
  "albert einstein": 0.022140464245790168,
  "be solved": 0.02195921585572815,
  "quarts": 0.029307065826328273,
  "airfilter dod": 0.034994125587579514,
  "selfrist": 0.03254484226404614,
  "service scamapr": 0.03254484226404614,
  "tale of changing": 0.030095558940512763,
  "i finally decided": 0.026520997415147112,
  "problems we": 0.022747708969912635,
  "gmt st elizabeth": 0.02309555375017148,
  "hood shut": 0.03254484226404614,
  "worried about": 0.01998177490895987,
  "gmt st": 0.022859895183038364,
  "oil by selfrist": 0.03254484226404614,
  "level of thinking": 0.024589747569323542,
  "dealer service": 0.02566883467021111,
  "you filled": 0.031112103366137435,
  "great i": 0.021389363744081076,
  "every month": 0.023764253395537303,
  "my hood": 0.031112103366137435,
  "scamapr gmt": 0.03254484226404614,
  "brent woody moss": 0.028662820042604058,
  "eternal champion ": 0.024589747569323542,
  "drain plug welded": 0.030095558940512763,
  "light": 0.012337523934894366,
  "created them": 0.02362000606507704,
  "einstein": 0.018902687808072305,
  "wives tale of": 0.028662820042604058,
  "shut also": 0.03254484226404614,
  "thinking": 0.012279972680566808,
  "figure that when": 0.028118117993744488,
  "add three or": 0.030095558940512763,
  "everymiles works for": 0.030095558940512763,
  "elizabeth hospital youngstown": 0.022638975193705026,
  "airfilter dod darkman": 0.034994125587579514,
  "oil by": 0.023348058923253263,
  "decided to just": 0.030095558940512763,
  "when the oil": 0.029307065826328273,
  "add three": 0.030095558940512763,
  "of thinking": 0.021871962807705637,
  "solved at the": 0.024589747569323542,
  "filled your": 0.030095558940512763,
  "oil once also": 0.030095558940512763,
  "dealer": 0.015732505610315556,
  "month or so": 0.022747708969912635,
  "john": 0.009601389529196742,
  "crankcase": 0.031112103366137435,
  "welded shut": 0.029307065826328273,
  "stealing my": 0.030095558940512763,
  "my drain plug": 0.060191117881025526,
  "quarts when the": 0.030095558940512763,