{
  "just as good": 0.019849440424514402,
  "n": 0.010839399574143281,
  "brent": 0.015591956111513781,
  "of changing": 0.019325527904991542,
  "oil and filter": 0.023309132390968244,
  "nntppostinghost evans sutherland": 0.020490657525992016,
  "avoid": 0.011177075819661497,
  "my drain": 0.024474262011968714,
  "vandals away steve": 0.025300934633956593,
  "stealing": 0.01689076393836165,
  "vandals": 0.022144002769967766,
  "special locking": 0.025300934633956593,
  "evans": 0.01608986335655412,
  "a special locking": 0.025300934633956593,
  "it works": 0.012391811956247547,
  "article steven j": 0.023833044910491097,
  "j orlin writes": 0.022866170667326696,
  "turn": 0.009899423155000612,
  "moss": 0.01957556059749048,
  "everymiles works": 0.024474262011968714,
  "writes you": 0.014319990274301373,
  "avoid these problems": 0.023833044910491097,
  "steve": 0.009453888858923688,
  "drain": 0.05082762375907355,
  "writes in": 0.00588112283962403,
  "or four quarts": 0.024474262011968714,
  "in place": 0.015312145295349484,
  "it works great": 0.018498855283003667,
  "shut it works": 0.024474262011968714,
  "good": 0.004643852831811506,
  "likelyhood": 0.022144002769967766,
  "oil by self": 0.019325527904991542,
  "installing a": 0.020676113046502277,
  "moss nntppostinghost": 0.025300934633956593,
  "gmt in article": 0.00522991072557077,
  "personally recommend": 0.025300934633956593,
  "cars there": 0.022482459768980365,
  "forget": 0.010967134524059471,
  "i personally": 0.014700706317537234,
  "lake city": 0.01764982018848115,
  "lake": 0.014653208323424559,
  "orlin writes": 0.022866170667326696,
  "city ut": 0.019208223323036788,
  "welded": 0.02131733014797989,
  "combined miles on": 0.023833044910491097,
  "both cars": 0.02131733014797989,
  "a wrench": 0.02156736284047883,
  "re changing oil": 0.018987070905978946,
  "locking drain": 0.025300934633956593,
  "miles combined": 0.023833044910491097,
  "oil light": 0.024474262011968714,
  "oil once": 0.023833044910491097,
  "have no problem": 0.01683990308462774,
  "article ronaldjdeblockjr writes": 0.023833044910491097,
  "as good": 0.014021428219651513,
  "finally decided": 0.01909552012432046,
  "drain valve in": 0.023833044910491097,
  "light comes on": 0.02131733014797989,
  "month": 0.011567821148003917,
  "brent woody": 0.023309132390968244,
  "vandals away": 0.025300934633956593,
  "in article": 0.004928264951018783,
  "evans sutherland computer": 0.018498855283003667,
  "oil in a": 0.024474262011968714,
  "salt": 0.015282672593719628,
  "personally": 0.011121411837604027,
  "self n": 0.022866170667326696,
  "special locking drain": 0.025300934633956593,
  "sutherland computer corp": 0.02108732236730881,
  "changing oil by": 0.018987070905978946,
  "keep vandals": 0.025300934633956593,
  "wrench": 0.019325527904991542,
  "reach": 0.012557321990107709,
  "oil drain": 0.022144002769967766,
  "plug": 0.02750197545326579,
  "i finally": 0.016692508560525583,
  "underneath": 0.018882566181349997,
  "cars": 0.021869329075395186,
  "works great": 0.016507053040015318,
  "i was worried": 0.020316448842611457,
  "usa": 0.006666925336154142,
  "parking": 0.015865835938537704,
  "filter everymiles works": 0.024474262011968714,
  "locking drain plug": 0.025300934633956593,
  "no leaks": 0.023309132390968244,
  "recommend installing a": 0.025300934633956593,
  "turn a": 0.01999683494861656,
  "evans sutherland": 0.01816039828399107,
  "steve i": 0.022144002769967766,
  "sutherland computer": 0.018498855283003667,
  "no problem": 0.013616527492418071,
  "shut": 0.013649557318354091,
  "miles on both": 0.023833044910491097,
  "changing the": 0.015559486125151907,
  "ronaldjdeblockjr": 0.023833044910491097,
  "recommend": 0.012806322326490498,
  "wives tale": 0.023309132390968244,
  "sender brent": 0.024474262011968714,
  "changing": 0.024762219320018184,
  "finally decided to": 0.020490657525992016,
  "someone stealing": 0.024474262011968714,
  "stealing my": 0.024474262011968714,
  "tale of": 0.019849440424514402,
  "steven j": 0.022144002769967766,
  "worried": 0.014492888324492331,
  "draining your oil": 0.024474262011968714,
  "j": 0.009488814432632548,
  "figure that": 0.01758375835450213,
  "likelyhood they": 0.025300934633956593,
  "drain plug": 0.041352226093004554,
  "problem draining": 0.024474262011968714,
  "figure that when": 0.022866170667326696,
  "the bolt": 0.020874368424338346,
  "problem draining your": 0.024474262011968714,
  "oil drain valve": 0.023833044910491097,
  "reach underneath": 0.024474262011968714,
  "four quarts": 0.024474262011968714,
  "changing the oil": 0.023309132390968244,
  "quarts": 0.023833044910491097,
  "the old wives": 0.023309132390968244,
  "sutherland": 0.016598284931723883,
  "corp": 0.011087161572554571,
  "plug welded": 0.024474262011968714,
  "parking lot all": 0.024474262011968714,
  "on every month": 0.024474262011968714,
  "i figure": 0.017333725662003197,
  "re changing": 0.01800503270562821,
  "i add": 0.020316448842611457,
  "sender": 0.001880326280794873,
  "away steve": 0.025300934633956593,
  "oil light comes": 0.024474262011968714,
  "steve i was": 0.026466064254957063,
  "i personally recommend": 0.025300934633956593,
  "oil in": 0.019709238803337872,
  "place of the": 0.020490657525992016,
  "draining": 0.020676113046502277,
  "miles": 0.02522936089149437,
  "nntppostinghost": 0.004893030874357583,
  "shut it": 0.022482459768980365,
  "n sender": 0.022866170667326696,
  "old wives": 0.023309132390968244,
  "valve in": 0.023309132390968244,
  "the oil": 0.0337815278767233,
  "by installing": 0.023309132390968244,
  "j orlin": 0.022866170667326696,
  "woody": 0.020316448842611457,
  "of my cars": 0.023833044910491097,
  "salt lake": 0.017394223964295817,
  "an oil": 0.020152200526979417,
  "miles on": 0.017857638181526053,
  "and forget": 0.019709238803337872,
  "is less likelyhood": 0.025300934633956593,
  "tale": 0.018324646599623108,
  "n sender brent": 0.028457866497945412,
  "finally": 0.010394653582690053,
  "month or": 0.017857638181526053,
  "can avoid": 0.018324646599623108,
  "article steven": 0.017394223964295817,
  "ut usa": 0.023833044910491097,
  "turn a valve": 0.024474262011968714,
  "writes you can": 0.02108732236730881,
  "self n sender": 0.023309132390968244,
  "writes in article": 0.006262450817841774,
  "forget the": 0.015402421721307468,
  "valve and": 0.023309132390968244,
  "a valve": 0.02184124266750275,
  "the trip": 0.020490657525992016,
  "corp salt lake": 0.02184124266750275,
  "orlin": 0.022866170667326696,
  "sender brent woody": 0.026466064254957063,
  "installing an": 0.022482459768980365,
  "on both cars": 0.022144002769967766,
  "reach underneath turn": 0.024474262011968714,
  "ronaldjdeblockjr writes": 0.023833044910491097,
  "usa thuapr": 0.01472475301199274,
  "do is reach": 0.023833044910491097,
  "a parking lot": 0.022144002769967766,
  "installing": 0.030392051864619216,
  "drain valve": 0.023833044910491097,
  "recommend installing": 0.025300934633956593,
  "great": 0.007184702443088827,
  "combined miles": 0.023833044910491097,
  "trip home": 0.024474262011968714,
  "city": 0.010143729171574686,
  "less likelyhood": 0.025300934633956593,
  "changing oil": 0.018590087174712232,
  "light comes": 0.02131733014797989,
  "drain plug to": 0.025300934633956593,
  "bolt i": 0.022866170667326696,
  "i finally decided": 0.02156736284047883,
  "forget the trip": 0.024474262011968714,
  "gmt in": 0.004925554642382476,
  "quarts when": 0.024474262011968714,
  "is reach underneath": 0.024474262011968714,
  "worried about": 0.016249546836884034,
  "leaks in miles": 0.023833044910491097,
  "writes": 0.003678306233004106,
  "in miles": 0.023309132390968244,
  "installing a special": 0.025300934633956593,
  "draining your": 0.024474262011968714,
  "installing an oil": 0.023833044910491097,
  "these problems": 0.01721642108004844,
  "and filter": 0.023309132390968244,
  "lot all they": 0.024474262011968714,