{
  "sunapr gmt re": 0.15949806978559428,
  "alignment": 0.1319002904531073,
  "server the car": 0.19044879887086547,
  "wandering": 0.14616831631328764,
  "corporate": 0.0995374946648589,
  "feel": 0.05851295903532148,
  "hp corporate notes": 0.13382497234843388,
  "car": 0.05956951899746187,
  "server": 0.07442790999011926,
  "re mazda": 0.1693216394734018,
  "sunapr gmt": 0.06935054271828976,
  "notes server": 0.13382497234843388,
  "front": 0.06838362176209602,
  "wandering ": 0.38089759774173093,
  "hp corporate": 0.13382497234843388,
  "front end": 0.1270673206784745,
  "the hp": 0.11446334274429955,
  "describing wandering": 0.19044879887086547,
  "gmt re mazda": 0.19044879887086547,
  "alignment particularly": 0.19044879887086547,
  "youre describing": 0.1693216394734018,
  "sunapr": 0.0658030848463187,
  "corporate notes server": 0.13382497234843388,
  "not feel": 0.12380003150933223,
  "mazda just": 0.1771190453985588,
  "corporate notes": 0.13382497234843388,
  "gmt": 0.0031621127705129303,
  "hp": 0.08082488399796763,
  "the car": 0.08082488399796763,
  "front end alignment": 0.19044879887086547,
  "the hp corporate": 0.13596392686978437,
  "car might": 0.1693216394734018,
  "gmt re": 0.10547109487477702,
  "mazda just does": 0.1771190453985588,
  "server the": 0.1310056747678209,
  "alignment particularly if": 0.19044879887086547,
  "if youre describing": 0.19044879887086547,
  "youre describing wandering": 0.19044879887086547,
  "notes server the": 0.19044879887086547,
  "feel right the": 0.19044879887086547,
  "does not feel": 0.16378929192625216,
  "need a front": 0.1771190453985588,
  "end alignment": 0.19044879887086547,
  "notes": 0.08808322234897298,
  "describing wandering ": 0.19044879887086547,
  "right the hp": 0.19044879887086547,
  "car might also": 0.19044879887086547,
  "a front": 0.13712978498163889,
  "mazda": 0.11857053698080067,
  "describing": 0.0993680594786636,
  "feel right": 0.15599188600109518
}