{
  "at around themonth": 0.042686799746918115,
  "appreciated worried ": 0.042686799746918115,
  "it just hasnt": 0.035749567365736645,
  "noise sounds relatively": 0.042686799746918115,
  "digital equipment": 0.024563124663336364,
  "a nice": 0.019892545304269257,
  "around themonth": 0.042686799746918115,
  "also i dont": 0.03429925600099004,
  "driving but more": 0.042686799746918115,
  "equipment corporationopco gday": 0.042686799746918115,
  "that very disgusting": 0.042686799746918115,
  "performance drop": 0.03969909638243559,
  " noisy": 0.042686799746918115,
  "around themonth mark": 0.042686799746918115,
  "apr gmt digital": 0.03795140195093489,
  "the engine noise": 0.042686799746918115,
  "appreciated": 0.014631760363419488,
  "dont know": 0.01210462570688738,
  "starts to get": 0.042686799746918115,
  "months now it": 0.042686799746918115,
  "gurus out": 0.031630983550963214,
  "sounds noisy": 0.03671139301795307,
  "those very ugly": 0.03671139301795307,
  "it starts": 0.028643280186480692,
  "noises i do": 0.042686799746918115,
  "engine noise": 0.042686799746918115,
  "aboutmonths the engine": 0.042686799746918115,
  "noisy engine": 0.03496369858645237,
  "mark": 0.01338533244961238,
  "so during idling": 0.042686799746918115,
  "performance drop it": 0.042686799746918115,
  "during idling": 0.042686799746918115,
  "the acceleration": 0.03276186400125412,
  "little performance": 0.042686799746918115,
  "nice nose its": 0.03671139301795307,
  "equipment": 0.017139704807390483,
  "gmt digital": 0.03671139301795307,
  "ugly noises": 0.03671139301795307,
  "noisy at the": 0.03671139301795307,
  "hasnt got": 0.03671139301795307,
  "problem also i": 0.035749567365736645,
  "driving and": 0.03235104426071824,
  "digital equipment corporationopco": 0.03969909638243559,
  "gday people are": 0.042686799746918115,
  "a little performance": 0.042686799746918115,
  "very disgusting": 0.042686799746918115,
  "problem": 0.009187186572626032,
  "oil": 0.03853116842871347,
  "much during driving": 0.042686799746918115,
  "the s engine": 0.035749567365736645,
  "s engine sounds": 0.03671139301795307,
  "months": 0.03181665039253004,
  "noise not": 0.035749567365736645,
  "worried ": 0.07149913473147329,
  "hasnt": 0.018974479873880498,
  "tracking this": 0.042686799746918115,
  "if noticed": 0.042686799746918115,
  "worried": 0.021739332486738497,
  "change every": 0.03496369858645237,
  "now it starts": 0.042686799746918115,
  "very disgusting noise": 0.042686799746918115,
  "digital": 0.017437087874144584,
  "disgusting noise": 0.042686799746918115,
  "noticed a little": 0.03969909638243559,
  "engine noise sounds": 0.042686799746918115,
  "themonth mark after": 0.042686799746918115,
  "idling": 0.0674473793069411,
  "very ugly": 0.03429925600099004,
  "performance": 0.016221780125253223,
  "oil change": 0.060456601580938255,
  "corporationopco gday": 0.042686799746918115,
  "for aboutmonths": 0.031630983550963214,
  "quiet": 0.021575421298853842,
  "motorhead": 0.03671139301795307,
  "owners or": 0.03671139301795307,
  "oil change every": 0.042686799746918115,
  "be appreciated worried": 0.042686799746918115,
  "aboutmonths the": 0.03969909638243559,
  "engine is noisy": 0.03671139301795307,
  "tracking": 0.025111207316290015,
  "of times": 0.02385297279662923,
  "gday people": 0.042686799746918115,
  "months now": 0.03235104426071824,
  "noise sounds": 0.042686799746918115,
  "its problem": 0.042686799746918115,
  "appreciated worried": 0.042686799746918115,
  "ive": 0.008952131059607713,
  "acceleration it": 0.03969909638243559,
  "months and": 0.029171738471361435,
  "s engine": 0.07149913473147329,
  "during driving": 0.07939819276487119,
  "corporationopco gday people": 0.042686799746918115,
  "be appreciated": 0.019322424750054815,
  "oil change ive": 0.042686799746918115,
  "best of times": 0.03372368965347055,
  "an oil": 0.060456601580938255,
  "engine apr gmt": 0.03969909638243559,
  "my s": 0.03429925600099004,
  "corporationopco": 0.03969909638243559,
  "motorhead gurus": 0.03671139301795307,
  "my s engine": 0.03671139301795307,
  "noticed": 0.017664666260209114,
  "acceleration it used": 0.042686799746918115,
  "sounds": 0.03037254314125205,
  "ive been tracking": 0.042686799746918115,
  "nice nose": 0.03671139301795307,
  "do an oil": 0.03969909638243559,
  "tracking this very": 0.042686799746918115,
  "starts": 0.019209483489735748,
  "whats its problem": 0.042686799746918115,
  "noisy the": 0.03671139301795307,
  "very ugly noises": 0.03671139301795307,
  "driving": 0.03649531567503865,
  "to any helptips": 0.042686799746918115,
  "or motorhead gurus": 0.03671139301795307,
  "sounds relatively": 0.042686799746918115,
  "engine apr": 0.03969909638243559,
  "or motorhead": 0.03671139301795307,
  "engine is": 0.028643280186480692,
  "been tracking": 0.042686799746918115,
  "drop it": 0.03429925600099004,
  "noisy": 0.07624143563861033,
  "noticed a": 0.028323849272024994,
  "drop": 0.01850804200905191,
  "nose": 0.02219718685421827,
  "noises i": 0.042686799746918115,
  "ugly": 0.02385297279662923,
  "change ive been": 0.042686799746918115,
  "ive been": 0.017244414689153605,
  "engine sounds": 0.03671139301795307,
  "nice": 0.01366865015007671,
  "and idling": 0.042686799746918115,
  "problem also": 0.03276186400125412,
  "disgusting noise not": 0.042686799746918115,
  "apr gmt": 0.006483846717021958,
  "aboutmonths": 0.028026466205270894,
  "there any owners": 0.03671139301795307,
  "dont": 0.0052525779252455395,
  "acceleration": 0.025492902994485898,
  "every months": 0.03795140195093489,
  "i dont": 0.007868879213569324,
  "idling at around": 0.042686799746918115,
  "s engine is": 0.035749567365736645,
  "but if noticed": 0.042686799746918115,
  "helptips would be": 0.042686799746918115,
  " noisy engine": 0.042686799746918115,
  "times but": 0.02956385820500681,
  "mark after an": 0.042686799746918115,
  "nose its one": 0.03671139301795307,
  "noisy engine apr": 0.03969909638243559,
  "the s": 0.019322424750054815,
  "nose its": 0.03671139301795307,
  "just hasnt": 0.03372368965347055,
  "equipment corporationopco": 0.03969909638243559,
  "sounds noisy the": 0.03671139301795307,
  "even a nice": 0.03671139301795307,
  "why my s": 0.03671139301795307,
  "and for aboutmonths": 0.042686799746918115,
  "engine sounds noisy": 0.03671139301795307,
  "relatively quiet": 0.03671139301795307,
  "is noisy": 0.03235104426071824,
  "hasnt got the": 0.03969909638243559,
  "got the acceleration": 0.042686799746918115,
  "s": 0.023756709224961627,
  "idling whats": 0.042686799746918115,
  "an oil change": 0.0674473793069411,
  "owners": 0.01857166449001364,
  "idling at": 0.03795140195093489,
  "helptips would": 0.042686799746918115,
  "thoroughly for months": 0.042686799746918115,
  "engine": 0.07167473018525602,
  "themonth mark": 0.042686799746918115,
  "noisy at": 0.03671139301795307,
  "mark after": 0.042686799746918115,
  "starts to": 0.025492902994485898,
  "apr": 0.005663033139177325,
  "noisy the s": 0.03671139301795307,
  "the engine": 0.02141751555238927,
  "change every months": 0.042686799746918115,
  "change ive": 0.03969909638243559,
  "gday": 0.03197599522196984,
  "times": 0.012520809909631041,
  "ugly noises i": 0.042686799746918115,
  "noise": 0.032443560250506445,
  "gmt": 0.0007087494140804844,
  "change": 0.025619532204185776,
  "any owners": 0.03496369858645237,
  "after an oil": 0.03969909638243559,
  "times but not": 0.03496369858645237,
  "little performance drop": 0.042686799746918115,
  "driving and idling": 0.042686799746918115,
  "gmt digital equipment": 0.03671139301795307,
  "motorhead gurus out": 0.03671139301795307,
  "noise not so": 0.042686799746918115,
  "for months": 0.028988291857487313,
  "gurus out there": 0.031630983550963214,
  "dont know if": 0.019892545304269257,
  "a nice nose": 0.03671139301795307,
  "noises": 0.029171738471361435,
  "themonth": 0.03496369858645237,