{
  "virginia tueapr": 0.21786805704328427,
  "sender university": 0.11699155957781238,
  "university": 0.032538538434433883,
  "university of": 0.0526333736192701,
  "tueapr gmt": 0.07823031906149167,
  "just something disconcerting": 0.33011125137616676,
  "disconcerting about": 0.33011125137616676,
  "of this group": 0.21903776770365996,
  "sender university of": 0.11972009107106961,
  "sender": 0.021811784857220524,
  "group": 0.08565537152091063,
  "of virginia": 0.1613580836086012,
  "wrecautos sender university": 0.33011125137616676,
  "wrecautos sender": 0.33011125137616676,
  "of virginia tueapr": 0.21786805704328427,
  "gmt there": 0.20974732095469262,
  "tueapr": 0.07529655932428124,
  "disconcerting": 0.27646332096169673,
  "virginia tueapr gmt": 0.21786805704328427,
  "something disconcerting": 0.33011125137616676,
  "this group": 0.13804287195016088,
  "group ": 0.4892258789215644,
  "wrecautos": 0.33011125137616676,
  "tueapr gmt there": 0.27646332096169673,
  "university of virginia": 0.16331304117798479,
  "gmt": 0.005480995468889079,
  "gmt there is": 0.2446129394607822,
  "disconcerting about the": 0.33011125137616676,
  "virginia": 0.14065859246487739
}