{
  "showapr gmt": 0.10835518071441244,
  "brouillette": 0.10835518071441244,
  "manufacturing": 0.0633123407557172,
  "nation": 0.052430590230808156,
  "jacques brouillette manufacturing": 0.10835518071441244,
  "worcester polytechnic": 0.07311127161377726,
  "opec nation": 0.10835518071441244,
  "world aplymouth": 0.10835518071441244,
  "a small opec": 0.10835518071441244,
  "jacques brouillette": 0.10835518071441244,
  "institutebernoulliwpiedu i want": 0.11650985342688239,
  "showapr gmt worcester": 0.11650985342688239,
  "things from": 0.08186939484845367,
  "fuel": 0.057024608658078756,
  "to fuel": 0.08942061703871715,
  "this world aplymouth": 0.10835518071441244,
  "and a small": 0.09204583528947255,
  "nation with which": 0.10835518071441244,
  "aplymouth and": 0.10835518071441244,
  "worcester polytechnic institutebernoulliwpiedu": 0.11650985342688239,
  "institutebernoulliwpiedu i": 0.11650985342688239,
  "car smashers can": 0.10835518071441244,
  "sulk jacques": 0.10835518071441244,
  "engineering": 0.03648167974071403,
  "brouillette manufacturing": 0.10835518071441244,
  "aplymouth": 0.10358500297196346,
  "thing car": 0.10835518071441244,
  "small opec nation": 0.10835518071441244,
  "two things": 0.062098408564714484,
  "which to fuel": 0.10835518071441244,
  "good": 0.019012479829063577,
  "just thing car": 0.10835518071441244,
  "and sulk jacques": 0.10835518071441244,
  "small": 0.03498612671201592,
  "re arctic": 0.11650985342688239,
  "car smashers": 0.10835518071441244,
  "wheels auto": 0.10358500297196346,
  "showapr": 0.10835518071441244,
  "auto showapr": 0.11650985342688239,
  "things": 0.026089817412358298,
  "engineering ": 0.17455131509404712,
  "sulk": 0.09361679284976106,
  "arctic wheels": 0.10358500297196346,
  "manufacturing engineering ": 0.10835518071441244,
  "only two things": 0.07198997538078519,
  "be a good": 0.06221431793463227,
  "fuel it this": 0.10835518071441244,
  "opec": 0.09543033025949352,
  "polytechnic": 0.061645864084387485,
  "small opec": 0.10835518071441244,
  "arctic wheels auto": 0.10358500297196346,
  "gmt": 0.001934468989019675,
  "wheels": 0.06556004942351379,
  "good and": 0.06186996049580742,
  "brouillette manufacturing engineering": 0.10835518071441244,
  "smashers can just": 0.10835518071441244,
  "wheels auto showapr": 0.11650985342688239,
  "arctic": 0.08546212013729111,
  "and sulk": 0.10835518071441244,
  "good and just": 0.10835518071441244,
  "things from this": 0.10835518071441244,
  "opec nation with": 0.10835518071441244,
  "polytechnic institutebernoulliwpiedu": 0.11650985342688239,
  "institutebernoulliwpiedu": 0.11650985342688239,
  "thing car smashers": 0.10835518071441244,
  "aplymouth and a": 0.10835518071441244,
  "auto": 0.05595109487613587,
  "manufacturing engineering": 0.10835518071441244,
  "nation with": 0.10358500297196346,
  "gmt worcester polytechnic": 0.07573648986453266,
  "re arctic wheels": 0.11650985342688239,
  "worcester": 0.071213999289117,
  "smashers can": 0.10835518071441244,
  "fuel it": 0.10835518071441244,
  "car": 0.0364425292690355,
  "auto showapr gmt": 0.11650985342688239,
  "a good": 0.031904802485277925,
  "polytechnic institutebernoulliwpiedu i": 0.11650985342688239,
  "jacques": 0.0812659443262472,
  "home and sulk": 0.10835518071441244,
  "smashers": 0.10835518071441244,
  "a small": 0.04471504643142863,
  "gmt worcester": 0.07573648986453266,
  "sulk jacques brouillette": 0.10835518071441244
}