{
  "a good": 0.012852645550941346,
  "for a half": 0.04365019128305715,
  "low note to": 0.046935249010829405,
  "exhausts or": 0.046935249010829405,
  "note to": 0.030509960371968136,
  "a nice": 0.021872372088106485,
  "mike welker": 0.046935249010829405,
  "information mike welker": 0.046935249010829405,
  "exhausts": 0.1131387780885738,
  "wedapr": 0.012595651534078047,
  "process of": 0.024488810866779658,
  "wondering if": 0.020146200763110675,
  "in my main": 0.046935249010829405,
  "exhausts for": 0.046935249010829405,
  "increase and a": 0.046935249010829405,
  "note": 0.013938834488240742,
  "exhaust for canadian": 0.046935249010829405,
  "my main priorities": 0.046935249010829405,
  "anyhting about either": 0.046935249010829405,
  "good": 0.007659055855309973,
  "leistritz exhaustshas": 0.046935249010829405,
  "main": 0.017675599229303635,
  "my main": 0.030815830140392644,
  "can find": 0.020901782454713053,
  "waterloo wedapr gmt": 0.038443497971833884,
  "anyhting about": 0.046935249010829405,
  "for bmw": 0.046935249010829405,
  "a half": 0.02647322003672366,
  "anyhting": 0.04172855569960614,
  "deal on a": 0.039307581179388165,
  "mike welker ": 0.046935249010829405,
  "remus and leistritz": 0.046935249010829405,
  "be interested": 0.023063435729248218,
  "these exhausts": 0.046935249010829405,
  "that added power": 0.046935249010829405,
  "leistritz exhaustshas anyone": 0.046935249010829405,
  "thinking": 0.01647029511185027,
  "university of waterloo": 0.027530772412620395,
  "power increase": 0.046935249010829405,
  "decent aftermarket sport": 0.046935249010829405,
  "an ansa exhaust": 0.046935249010829405,
  "exhaust for": 0.1251856670988184,
  "funds": 0.023283909736996525,
  "statesplease mail": 0.046935249010829405,
  "half": 0.018153047427415157,
  "exhaustshas anyone": 0.046935249010829405,
  "both remus": 0.046935249010829405,
  "thinking of": 0.02436570429614809,
  "also thinking": 0.04365019128305715,
  "exhaust": 0.08235730346604302,
  "decent": 0.04287621031037482,
  "wondering if anyone": 0.02478914079063079,
  "whole kit": 0.046935249010829405,
  "mail": 0.014259087686500102,
  "wedapr gmt": 0.01311305370945382,
  "cost": 0.015894250232470108,
  "i was wondering": 0.02135153952496327,
  "muffler only but": 0.046935249010829405,
  "aftermarket sport": 0.046935249010829405,
  "added power": 0.046935249010829405,
  "canadian funds": 0.046935249010829405,
  "a whole kit": 0.046935249010829405,
  "welker ": 0.09387049802165881,
  "sender university of": 0.017021813896360607,
  "the muffler": 0.038443497971833884,
  "horse power": 0.0403651335552849,
  "and leistritz": 0.046935249010829405,
  "the statesplease": 0.046935249010829405,
  "mail me": 0.025609136829169377,
  "wedapr gmt i": 0.025769807690191562,
  "decent horse": 0.046935249010829405,
  "sender": 0.0031012016384673736,
  "for the muffler": 0.046935249010829405,
  "process of looking": 0.046935249010829405,
  "ansa": 0.046935249010829405,
  "are a decent": 0.046935249010829405,
  "pacesetter exhaust for": 0.046935249010829405,
  "low note": 0.0403651335552849,
  "power increase and": 0.046935249010829405,
  "a decent horse": 0.046935249010829405,
  "kit i would": 0.046935249010829405,
  "may be interested": 0.03652186238838286,
  "power i was": 0.03652186238838286,
  "note to go": 0.046935249010829405,
  "leistritz": 0.046935249010829405,
  "exhaust for mybmw": 0.046935249010829405,
  "increase and": 0.04172855569960614,
  "and a nice": 0.0403651335552849,
  "ansa exhaust": 0.046935249010829405,
  "in the process": 0.02424571468484814,
  "main priorities": 0.046935249010829405,
  "funds i was": 0.046935249010829405,
  "decent aftermarket": 0.04365019128305715,
  "power i": 0.031494033190822376,
  "any information mike": 0.04172855569960614,
  "university of": 0.00748341805013319,
  "of waterloo wedapr": 0.038443497971833884,
  "exhausts that": 0.04365019128305715,
  "into both remus": 0.046935249010829405,
  "a decent": 0.025157429815878738,
  "wondering": 0.017278056651196038,
  "an ansa": 0.046935249010829405,
  "half decent aftermarket": 0.046935249010829405,
  "nice low": 0.046935249010829405,
  "good deal on": 0.039307581179388165,
  "found a pacesetter": 0.046935249010829405,
  "was wondering": 0.02096065695707589,
  "sport exhaust": 0.046935249010829405,
  "process": 0.017232876742860857,
  "thinking of looking": 0.04365019128305715,
  "half decent": 0.046935249010829405,
  "exhaust for and": 0.046935249010829405,
  "kit": 0.024325369274025302,
  "a pacesetter exhaust": 0.046935249010829405,
  "deal on": 0.033795018099740386,
  "for mybmw": 0.046935249010829405,
  "and an ansa": 0.046935249010829405,
  "increase": 0.01996672079128409,
  "power": 0.025598827912433796,
  "interested in my": 0.0377129260295246,
  "anyone can find": 0.046935249010829405,
  "exhausts that i": 0.046935249010829405,
  "statesplease": 0.046935249010829405,
  "exhausts or any": 0.046935249010829405,
  "remus and": 0.046935249010829405,
  "waterloo": 0.025504971394483236,
  "of these exhausts": 0.046935249010829405,
  "horse": 0.026226965349848256,
  "bmw sender university": 0.04365019128305715,
  "nice": 0.0150290371318379,
  "welker": 0.046935249010829405,
  "the process": 0.021777582198501413,
  "the statesplease mail": 0.046935249010829405,
  "muffler only": 0.046935249010829405,
  "pacesetter exhaust": 0.046935249010829405,
  "aftermarket exhausts for": 0.046935249010829405,
  "gmt i": 0.016073896737631637,
  "sport": 0.023977016373584892,
  "a half decent": 0.046935249010829405,
  "these would cost": 0.046935249010829405,
  "information mike": 0.04172855569960614,
  "funds i": 0.046935249010829405,
  "mail me back": 0.04365019128305715,
  "mybmw": 0.04365019128305715,
  "pacesetter": 0.04172855569960614,
  "tell me anyhting": 0.04365019128305715,
  "of waterloo": 0.027530772412620395,
  "statesplease mail me": 0.046935249010829405,
  "sender university": 0.016633871030020717,
  "interested": 0.013526458293977093,
  "would cost": 0.031315169077159595,
  "canadian funds i": 0.046935249010829405,
  "cost me in": 0.046935249010829405,
  "muffler": 0.03557081643832528,
  "horse power increase": 0.046935249010829405,
  "find": 0.010055836881751958,
  "other possible exhausts": 0.046935249010829405,
  "canadian": 0.02318816230895141,
  "deal": 0.015454268909562781,
  "exhaustshas": 0.046935249010829405,
  "university": 0.004626332478829463,
  "kit i": 0.035158440244061624,
  "decent horse power": 0.046935249010829405,
  "bmw": 0.021526281400832122,
  "good deal": 0.02660131801012612,
  "mybmw so": 0.046935249010829405,
  "ansa exhaust for": 0.046935249010829405,
  "find a": 0.01932387409433437,
  "remus": 0.046935249010829405,
  "gmt i am": 0.02386636535938114,
  "for canadian funds": 0.046935249010829405,
  "and leistritz exhaustshas": 0.046935249010829405,
  "gmt": 0.0007792884552922861,
  "main priorities are": 0.046935249010829405,
  "for canadian": 0.0377129260295246,
  "possible exhausts": 0.046935249010829405,
  "interested in": 0.015423473892228564,
  "priorities are a": 0.046935249010829405,
  "bmw sender": 0.0403651335552849,
  "aftermarket": 0.06298806638164475,
  "low": 0.016312177084982397,
  "a nice low": 0.046935249010829405,
  "aftermarket exhausts": 0.046935249010829405,
  "find a good": 0.038443497971833884,
  "exhausts for bmw": 0.046935249010829405,
  "me anyhting": 0.04365019128305715,
  "waterloo wedapr": 0.038443497971833884,
  "a pacesetter": 0.046935249010829405,
  "priorities": 0.032285758710553024,
  "mike": 0.015296276396446233,
  "exhaustshas anyone got": 0.046935249010829405,
  "in the statesplease": 0.046935249010829405,
  "sport exhaust for": 0.046935249010829405,
  "priorities are": 0.04365019128305715,
  "a good deal": 0.027007795838360365,
  "nice low note": 0.046935249010829405,
  "was also thinking": 0.046935249010829405,
  "aftermarket sport exhaust": 0.046935249010829405,
  "cost me": 0.030364123127102006,