{
  "a good": 0.0075963815441137915,
  "car": 0.008676792683103689,
  "flashers doingtoaint": 0.02385726380998631,
  "judgement of": 0.019492713059155637,
  "recognize the speed": 0.023232211845520732,
  "good work": 0.019804269460024615,
  "driver": 0.010578342737173159,
  "mph": 0.01747836385197579,
  "of the limit": 0.02385726380998631,
  "differential": 0.04764059694695583,
  "btw": 0.010458618512026743,
  "the states": 0.030209960979093297,
  "differential i": 0.022721507204641313,
  "good driver": 0.021915675068922037,
  "programmed because of": 0.024663095945705586,
  "the stupid": 0.01895754432872788,
  "expect when they": 0.02385726380998631,
  "future": 0.009680761004884566,
  "mortals": 0.021290623104456462,
  "at urbana gary": 0.027740441292114854,
  "be the stupid": 0.022721507204641313,
  "at urbana": 0.012353714560068499,
  "illinois at": 0.011539250305196824,
  "wrong": 0.007416656210171814,
  "rush was": 0.019804269460024615,
  "stupid of": 0.02228971258327644,
  "bit if": 0.021023647810886927,
  "right i slow": 0.023232211845520732,
  "gary w": 0.02228971258327644,
  "good": 0.009053561823363608,
  "switch to the": 0.021023647810886927,
  "illinois": 0.010372068255580708,
  "just programmed": 0.024663095945705586,
  "simply": 0.008564307187733763,
  "driver be terrified": 0.02385726380998631,
  "its a rush": 0.019492713059155637,
  "states people": 0.024663095945705586,
  "differential i would": 0.022721507204641313,
  "states when you": 0.024663095945705586,
  "the limit": 0.01786268071896034,
  "stupid one btw": 0.02579885255105058,
  "left lane fast": 0.023232211845520732,
  "fun": 0.011680661805006322,
  "fear going": 0.023232211845520732,
  "are exceptions": 0.021915675068922037,
  "overtake cars who": 0.023232211845520732,
  "atare drivers": 0.02385726380998631,
  "driving": 0.011858421900012558,
  "at a speed": 0.021915675068922037,
  "going atare": 0.02385726380998631,
  "speed": 0.028438573557517707,
  "programmed": 0.016955714116456428,
  "of cars": 0.017702573117167768,
  "get me wrong": 0.018614120457320787,
  "work": 0.005698370209484538,
  "right lane": 0.021023647810886927,
  "gary w mahan": 0.022721507204641313,
  "fast but": 0.019492713059155637,
  "exceptions they": 0.02385726380998631,
  "the good": 0.012999012191540945,
  "cops need": 0.027740441292114854,
  "i fear": 0.01803249758679349,
  "lane": 0.04619006969765336,
  "the left": 0.027677831434314258,
  "cops": 0.01366794683596282,
  "exceptions they are": 0.024663095945705586,
  "in the states": 0.03525165058062061,
  "fear": 0.011810538333179785,
  "a rush": 0.03842473447373434,
  "gmt sender net": 0.012411952010121928,
  "based on a": 0.0161350218904579,
  "lesser mortals like": 0.027740441292114854,
  "fun and i": 0.022721507204641313,
  "to be overtaken": 0.024663095945705586,
  "tad": 0.01672692411361534,
  "wrong i love": 0.02158575059929631,
  "or flashers doingtoaint": 0.02385726380998631,
  "positions of": 0.019082059069822653,
  "one btw": 0.022721507204641313,
  "rearviewmirror or flashers": 0.02385726380998631,
  "sender net": 0.011496484276819261,
  "urbana gary": 0.027740441292114854,
  "to rely": 0.01803249758679349,
  "occupied with": 0.02579885255105058,
  "who switch": 0.02385726380998631,
  "work guys afterall": 0.027740441292114854,
  "flashers": 0.023232211845520732,
  "w mahan writes": 0.024663095945705586,
  "much faster": 0.016782393657862344,
  "fast": 0.019690622609184163,
  "car to": 0.017015955587663608,
  "driving to be": 0.024663095945705586,
  "other car": 0.018614120457320787,
  "the good work": 0.021290623104456462,
  "owner university of": 0.012696637291757254,
  "defense of the": 0.019974086327857764,
  "cars who are": 0.023232211845520732,
  "the cops": 0.01627168901698292,
  "bit": 0.007617554135077172,
  "w mahan": 0.022721507204641313,
  "faster in defense": 0.024663095945705586,
  "overtake": 0.021915675068922037,
  "net noise": 0.012175096581471891,
  "rush for": 0.023232211845520732,
  "that lesser": 0.02579885255105058,
  "lane without using": 0.02385726380998631,
  "expect": 0.009589055964589215,
  "mph i dont": 0.024663095945705586,
  "guys afterall": 0.027740441292114854,
  "lane fast but": 0.023232211845520732,
  "a tad": 0.016782393657862344,
  "noise owner": 0.012175096581471891,
  "rush was re": 0.019974086327857764,
  "cars": 0.021318001451645727,
  "the judgement": 0.01895754432872788,
  "drivers who": 0.039288323716464076,
  "judgement of the": 0.02055570919838506,
  "fast friapr": 0.024663095945705586,
  "rearview": 0.02228971258327644,
  "states people simply": 0.024663095945705586,
  "left alone": 0.020779918463577036,
  "rearviewmirror": 0.02385726380998631,
  "switch to": 0.016090908845729217,
  "always calculate": 0.024663095945705586,
  "faster in": 0.02055570919838506,
  "occupied with someone": 0.027740441292114854,
  "to drive": 0.014449314882133761,
  "they are driving": 0.024663095945705586,
  "urbana": 0.011848779479309552,
  "the rearview": 0.02385726380998631,
  "too fast": 0.017551124318091367,
  "rush": 0.028996917213292225,
  "w": 0.009009044631424337,
  "dont think this": 0.01812142951484554,
  "occupied": 0.01395898211612571,
  "sender": 0.0018329230972454222,
  "love to": 0.013541830081413925,
  "be occupied": 0.022721507204641313,
  "writes why": 0.015396689899217787,
  "drivers": 0.021790601597995524,
  "atare": 0.02385726380998631,
  "on a speed": 0.024663095945705586,
  "lesser": 0.016619175427823197,
  "tad bit if": 0.023232211845520732,
  "car to recognize": 0.023232211845520732,
  "on the judgement": 0.023232211845520732,
  "states": 0.019247276275521846,
  "expect when": 0.022721507204641313,
  "be terrified": 0.02228971258327644,
  "calculate future": 0.024663095945705586,
  "stupid": 0.021615306595232444,
  "overtaken at": 0.024663095945705586,
  "terrified": 0.019644161858232038,
  "the speed": 0.013649578767206072,
  "doingtoaint": 0.02385726380998631,
  "overtaken": 0.02385726380998631,
  "were to rely": 0.023232211845520732,
  "cars based on": 0.024663095945705586,
  "i overtake": 0.023232211845520732,
  "or flashers": 0.02385726380998631,
  "slow down": 0.016619175427823197,
  "university of": 0.004422972573047908,
  "of the drivers": 0.021915675068922037,
  "in defense": 0.018406535101147897,
  "rearviewmirror or": 0.02385726380998631,
  "love": 0.009083368043264194,
  "btw if": 0.020154866499111464,
  "university of illinois": 0.011014217651245212,
  "not expect": 0.018723982398926618,
  "rely on the": 0.018308240087670947,
  "re too fast": 0.018508405252887043,
  "the speed differential": 0.023232211845520732,
  "cars based": 0.024663095945705586,
  "work guys": 0.027740441292114854,
  "drivers who switch": 0.02385726380998631,
  "illinois at urbana": 0.012353714560068499,
  "a speed differential": 0.04932619189141117,
  "mahan writes why": 0.027740441292114854,
  "net": 0.008016599096611184,
  "calculate future positions": 0.024663095945705586,
  "fast but when": 0.023232211845520732,
  "btw if no": 0.02579885255105058,
  "be left": 0.016896740981448496,
  "simply do": 0.01821327775804719,
  "but its fun": 0.02385726380998631,
  "friapr gmt": 0.006446598267254445,
  "owner university": 0.012696637291757254,
  "up the good": 0.020779918463577036,
  "guys": 0.01081429890084768,
  "love to drive": 0.02228971258327644,
  "left lane without": 0.02385726380998631,
  "i dont": 0.0051136694048965915,
  "states when": 0.02228971258327644,
  "to the left": 0.017204866738351372,
  "switch": 0.012017393375061436,
  "writes": 0.0017927879118843542,
  "either rearviewmirror": 0.02385726380998631,
  "recognize the": 0.015646637052517346,
  "drive in": 0.016782393657862344,
  "driver be": 0.023232211845520732,
  "dont": 0.006826879992475996,
  "rearview always calculate": 0.024663095945705586,
  "university": 0.002734330960876797,
  "rearview always": 0.024663095945705586,
  "gary": 0.012153549394852407,
  "afterall the": 0.02579885255105058,
  "afterall": 0.02055570919838506,