{
  "sho v": 0.05184993477112567,
  "questionapr gmt": 0.03543373468772698,
  "sho for": 0.04822089194096889,
  "this car": 0.03240714908157432,
  "assure": 0.030501571190467452,
  "gmt massachusetts institute": 0.030413575806612057,
  "spoken to technical": 0.05184993477112567,
  "v having spoken": 0.05184993477112567,
  "lingo tim": 0.05184993477112567,
  "ford this": 0.05184993477112567,
  "refer to it": 0.04034614117250672,
  "writes the taurus": 0.05184993477112567,
  "and owners": 0.04822089194096889,
  "output": 0.021568127533797204,
  "taurus sho": 0.07859101851818463,
  "as in long": 0.05184993477112567,
  "i assume": 0.023540134920549134,
  "output not sho": 0.05184993477112567,
  "in article writes": 0.014553218618221966,
  "gardner ": 0.0921960759436324,
  "car is": 0.02758433797411187,
  "owners prefer using": 0.05184993477112567,
  "lingo": 0.04822089194096889,
  "it sounds": 0.026365461208530998,
  "a yamaha dohc": 0.05184993477112567,
  "tim": 0.02148819312473548,
  "technical staff from": 0.05184993477112567,
  "the taurus sho": 0.04822089194096889,
  "high": 0.014608353050146152,
  "sho as": 0.10369986954225134,
  "prefer": 0.021362783485874264,
  "long": 0.012505433407310642,
  "assure you that": 0.039794515436078315,
  "straight it": 0.0460980379718162,
  "refer": 0.023378315352679622,
  "institute of": 0.018332043688784386,
  "gmt massachusetts": 0.03032703495869996,
  "valves sho v": 0.05184993477112567,
  "sho questionapr": 0.05184993477112567,
  "massachusetts institute": 0.028907386945607964,
  "questionapr gmt massachusetts": 0.0460980379718162,
  "the taurus": 0.08192561256131066,
  "taurus": 0.09379338076273316,
  "assume many": 0.05184993477112567,
  "taurus sho questionapr": 0.05184993477112567,
  "internally": 0.033543612459782844,
  "tim gardner": 0.04822089194096889,
  "sho for those": 0.05184993477112567,
  "ford this car": 0.05184993477112567,
  "you that internally": 0.05184993477112567,
  "sound i": 0.03701635705355386,
  "super": 0.026405890769232103,
  "v having": 0.05184993477112567,
  "still refer": 0.05184993477112567,
  "and owners prefer": 0.05184993477112567,
  "o sound": 0.04822089194096889,
  "in long": 0.039295509259092316,
  "sound": 0.017987637775814917,
  "super high output": 0.05184993477112567,
  "purist fans": 0.05184993477112567,
  "technical staff": 0.04096280628065533,
  "the sho": 0.03733376345049855,
  "fans and owners": 0.05184993477112567,
  "dohc valves": 0.05184993477112567,
  "valves": 0.0364340238854375,
  "car is always": 0.05184993477112567,
  "article writes the": 0.03059107084156327,
  "times i": 0.03266898374426889,
  "as the sho": 0.0460980379718162,
  "straight": 0.021225197703341067,
  "it straight": 0.04096280628065533,
  "yamaha": 0.029039940914112102,
  "the ford lingo": 0.05184993477112567,
  "output not": 0.05184993477112567,
  "times i can": 0.04822089194096889,
  "prefer using the": 0.04822089194096889,
  "as in super": 0.05184993477112567,
  "me i assume": 0.05184993477112567,
  "get it straight": 0.04459184911081211,
  "technical": 0.019592304814606946,
  "lingo tim gardner": 0.05184993477112567,
  "gardner": 0.0318046918575702,
  "sounds": 0.018446151855420093,
  "prefer using": 0.0460980379718162,
  "is sho": 0.05184993477112567,
  "sound i still": 0.05184993477112567,
  "institute": 0.01581086363807283,
  "in super": 0.04822089194096889,
  "it is sho": 0.05184993477112567,
  "sho questionapr gmt": 0.05184993477112567,
  "having spoken": 0.0460980379718162,
  "valves sho": 0.05184993477112567,
  "a yamaha": 0.039794515436078315,
  "because it sounds": 0.04822089194096889,
  "sho however because": 0.05184993477112567,
  "institute of technologymitedu": 0.04096280628065533,
  "sounds better": 0.04822089194096889,
  "assure you": 0.03543373468772698,
  "assume many purist": 0.05184993477112567,
  "can assure": 0.039794515436078315,
  "has a yamaha": 0.05184993477112567,
  "i still refer": 0.05184993477112567,
  "not sho": 0.05184993477112567,
  "writes": 0.0033509177201189243,
  "writes the": 0.01845503328603883,
  "sho": 0.19941328208781955,
  "re another taurus": 0.05184993477112567,
  "taurus show": 0.05184993477112567,
  "massachusetts": 0.024809170509746015,
  "using the ford": 0.05184993477112567,
  "dohc": 0.04459184911081211,
  "yamaha dohc": 0.05184993477112567,
  "the ford": 0.033543612459782844,
  "ford": 0.07583503234635355,
  "i can assure": 0.04034614117250672,
  "fans and": 0.03842088054357836,
  "from ford": 0.039295509259092316,
  "car": 0.0162178795176336,
  "spoken to": 0.03883995231150263,
  "many times": 0.026570805256453937,
  "in long o": 0.05184993477112567,
  "technologymitedu": 0.04096280628065533,
  "long o": 0.05184993477112567,
  "tim gardner ": 0.04822089194096889,
  "in super high": 0.05184993477112567,
  "high output": 0.04822089194096889,
  "technologymitedu in": 0.05184993477112567,
  "ford lingo tim": 0.05184993477112567,
  "internally at": 0.05184993477112567,
  "yamaha dohc valves": 0.05184993477112567,
  "fans": 0.021832441174802396,
  "owners": 0.02255825215540924,
  "article": 0.0041277871943114055,
  "sho v having": 0.05184993477112567,
  "ford lingo": 0.05184993477112567,
  "at ford": 0.0460980379718162,
  "purist fans and": 0.05184993477112567,
  "taurus sho for": 0.05184993477112567,
  "o": 0.01879470939794716,
  "many purist fans": 0.05184993477112567,
  "another taurus sho": 0.05184993477112567,
  "owners prefer": 0.05184993477112567,
  "dohc valves sho": 0.05184993477112567,
  "times": 0.015208523031593727,
  "purist": 0.04034614117250672,
  "spoken": 0.03007567779018498,
  "sounds better to": 0.05184993477112567,
  "o sound i": 0.05184993477112567,
  "sho however": 0.05184993477112567,
  "gmt": 0.0008608893406632062,
  "technologymitedu in article": 0.05184993477112567,
  "massachusetts institute of": 0.028907386945607964,
  "ford many": 0.05184993477112567,
  "another taurus": 0.05184993477112567,
  "refer to": 0.024809170509746015,
  "that internally": 0.05184993477112567,
  "called the taurus": 0.05184993477112567,
  "staff from ford": 0.05184993477112567,
  "high output not": 0.05184993477112567,
  "article writes": 0.01454478769515336,
  "sho as in": 0.10369986954225134,
  "to technical staff": 0.05184993477112567,
  "to technical": 0.04342355826623509,
  "staff from": 0.05184993477112567,
  "ford many times": 0.05184993477112567,
  "many purist": 0.05184993477112567,
  "internally at ford": 0.05184993477112567,
  "in article": 0.004489623567943813,
  "taurus show or": 0.05184993477112567,
  "assume": 0.017963304956984828,
  "v": 0.01969267086752695,
  "super high": 0.04459184911081211,
  "of technologymitedu": 0.04096280628065533,
  "long o sound": 0.05184993477112567,
  "questionapr": 0.033235547014636595,
  "staff": 0.02544456766683642,
  "straight it is": 0.05184993477112567
}