{
  "they were ugly": 0.09119000357153523,
  "humphrey": 0.08031265417878167,
  "usa": 0.022971188286946945,
  "borgward question": 0.09805284694341587,
  "sender nntppostinghost": 0.0295215777934047,
  "question": 0.021736396133163492,
  "writes my exhusband": 0.09805284694341587,
  "mark": 0.030746506220891805,
  "sps usa": 0.07878640982405634,
  "tho": 0.06471328427028246,
  "named": 0.045398193539017695,
  "article diana smith": 0.09805284694341587,
  "own borgwards": 0.09119000357153523,
  "question sender nntppostinghost": 0.07878640982405634,
  "sps usa friapr": 0.08717549755066231,
  "nntppostinghost sps usa": 0.07878640982405634,
  "tho they": 0.08717549755066231,
  "friapr gmt": 0.02278649090504789,
  "ugly": 0.054790987017999816,
  "humphrey borgward": 0.09119000357153523,
  "diana smith writes": 0.09805284694341587,
  "re borgward question": 0.09805284694341587,
  "names one was": 0.09119000357153523,
  "named murphy mark": 0.09805284694341587,
  "writes": 0.00633688400537341,
  "friapr gmt in": 0.03288428121180373,
  "good a friend": 0.09805284694341587,
  "borgwards even": 0.09805284694341587,
  "exhusband i used": 0.09119000357153523,
  "nntppostinghost sps": 0.07878640982405634,
  "in article": 0.0084902782324482,
  "gmt in": 0.016971217975733678,
  "article": 0.0078060134070641425,
  "pretty": 0.028431646361602718,
  "murphy mark": 0.09805284694341587,
  "diana": 0.07878640982405634,
  "smith writes my": 0.09805284694341587,
  "gmt in article": 0.018019890420778496,
  "good": 0.016000601836340635,
  "tho they were": 0.09119000357153523,
  "exhusband": 0.08211781810743467,
  "was humphrey borgward": 0.09119000357153523,
  "friapr": 0.0218978288957867,
  "ugly they had": 0.09119000357153523,
  "friend had an": 0.09119000357153523,
  "audi that": 0.09805284694341587,
  "was humphrey": 0.09119000357153523,
  "one was humphrey": 0.09119000357153523,
  "that he named": 0.09805284694341587,
  "article diana": 0.09805284694341587,
  "diana smith": 0.09805284694341587,
  "thats pretty": 0.07000122967553254,
  "my exhusband": 0.09119000357153523,
  "friend": 0.035311998120183784,
  "he named": 0.09805284694341587,
  "writes my": 0.051335036336533746,
  "were ugly": 0.09119000357153523,
  "he named murphy": 0.09805284694341587,
  "borgward question sender": 0.09805284694341587,
  "smith": 0.03953010789350966,
  "had names": 0.08717549755066231,
  "exhusband i": 0.09119000357153523,
  "borgwards even tho": 0.09805284694341587,
  "mark ": 0.10836674737508295,
  "sender nntppostinghost sps": 0.07878640982405634,
  "borgward": 0.18238000714307046,
  "audi that he": 0.09805284694341587,
  "even tho": 0.08031265417878167,
  "audi": 0.06790906043130276,
  "usa friapr": 0.04680383969020964,
  "usa friapr gmt": 0.04685993610145397,
  "in article diana": 0.09805284694341587,
  "murphy": 0.0571901302598011,
  "good a": 0.063433960196223,
  "gmt": 0.001628018456105667,
  "had an audi": 0.09805284694341587,
  "borgward thats": 0.09805284694341587,
  "thats pretty good": 0.09805284694341587,
  "names": 0.04069627656337484,
  "borgward thats pretty": 0.09805284694341587,
  "friend had": 0.08031265417878167,
  "to own borgwards": 0.09119000357153523,
  "re borgward": 0.09805284694341587,
  "sender": 0.006478747977392235,
  "pretty good": 0.04674805931676156,
  "murphy mark ": 0.09805284694341587,
  "borgwards": 0.09119000357153523,
  "pretty good a": 0.09119000357153523,
  "ugly they": 0.09119000357153523,
  "nntppostinghost": 0.016859155883925142,
  "an audi": 0.08432716019965458,
  "named murphy": 0.09805284694341587,
  "smith writes": 0.05442196330713614,
  "they had names": 0.09119000357153523,
  "sps": 0.07525497473555404,
  "question sender": 0.06036311932192756,
  "humphrey borgward thats": 0.09805284694341587,
  "a friend": 0.040457686943780186,
  "names one": 0.08717549755066231
}