{
  "junk i drove": 0.02777515852560534,
  "harder than others": 0.029054228267271474,
  "the milage": 0.029054228267271474,
  "wrist back": 0.02777515852560534,
  "superconducting super": 0.025102294612711955,
  "admin nntppostinghost": 0.02269806731918862,
  "some times": 0.023676474033080857,
  "chevy": 0.019526074052305033,
  "at high rpms": 0.026163721226658995,
  "wondering if": 0.013409616280808683,
  "transmission was": 0.02777515852560534,
  "agian ive": 0.02777515852560534,
  "date ive": 0.029054228267271474,
  "shift but": 0.02777515852560534,
  "i drove": 0.02108663002024228,
  "what techniques": 0.029054228267271474,
  "technique is to": 0.025102294612711955,
  "ive driven rabbits": 0.029054228267271474,
  "satapr": 0.01024979501924853,
  "krispy ": 0.05555031705121068,
  "transmission my experiences": 0.029054228267271474,
  "transmission my": 0.029054228267271474,
  "reason i miss": 0.02777515852560534,
  "except clutchless": 0.029054228267271474,
  "higher the milage": 0.029054228267271474,
  "shift except": 0.029054228267271474,
  "satapr gmt im": 0.025588574359801098,
  "high": 0.008801878336207934,
  "a transmission": 0.025102294612711955,
  "the transmission": 0.019936336286526475,
  "to ease": 0.021349663486926983,
  "smoother quicker": 0.029054228267271474,
  "lever": 0.020843850710664587,
  "clutchless shifter ive": 0.029054228267271474,
  "news": 0.004842613574160011,
  "same time": 0.014328218850396144,
  "gmt im": 0.016842237696584123,
  "others to shift": 0.029054228267271474,
  "damage": 0.014127405437866246,
  "talk about how": 0.02212292045233072,
  "shift": 0.07665477010040625,
  "accelerator": 0.016245259779743337,
  "clutchless to": 0.029054228267271474,
  "my experiences": 0.022494475769858743,
  "ease": 0.018377918288262723,
  "shift my": 0.02777515852560534,
  "admin nntppostinghost superconducting": 0.029054228267271474,
  "throttle and at": 0.02777515852560534,
  "ease back off": 0.02777515852560534,
  "was so worn": 0.029054228267271474,
  "clutch was the": 0.029054228267271474,
  "quicker": 0.020618428111351825,
  "some old pieces": 0.029054228267271474,
  "skip gears": 0.02777515852560534,
  "transmission was so": 0.029054228267271474,
  "techniques do you": 0.026163721226658995,
  "people talk": 0.024681059935662986,
  "shift window": 0.02777515852560534,
  "easier": 0.01317504666781642,
  "drove": 0.016745166218140106,
  "truck": 0.016245259779743337,
  "toyota": 0.017081076250955406,
  "collider laboratory satapr": 0.031240812433075717,
  "reason": 0.008368145203111427,
  "wondering": 0.011500536130606826,
  "miles": 0.013848292729085238,
  "milage": 0.022494475769858743,
  "toyota truck ive": 0.029054228267271474,
  "the shift": 0.04358110579010102,
  "junk": 0.016777192626543945,
  "the throttle": 0.020729126281103467,
  "smoother": 0.021349663486926983,
  "shift window i": 0.02777515852560534,
  "that clutchless": 0.02777515852560534,
  "miss the shift": 0.02686764410146723,
  "that pumping": 0.029054228267271474,
  "talk": 0.010833082727095364,
  "lever if": 0.02686764410146723,
  "so worn": 0.029054228267271474,
  "talk about": 0.013873835979030408,
  "ive got": 0.014622963350857018,
  "time gently": 0.026163721226658995,
  "toyota truck": 0.029054228267271474,
  "pumping the clutch": 0.029054228267271474,
  "throttle": 0.01930330570147237,
  "heard people": 0.02686764410146723,
  "but generally": 0.025588574359801098,
  "comets": 0.021215406028192607,
  "to shift": 0.06153444946015313,
  "pumping": 0.021489889867276613,
  "skip": 0.01890004585443803,
  "over ive heard": 0.029054228267271474,
  "gently wrist back": 0.02777515852560534,
  "super": 0.015910173933512087,
  "ive heard": 0.01422621449505565,
  "collider laboratory": 0.026163721226658995,
  "ive found that": 0.02040804522649797,
  "can damage": 0.02686764410146723,
  "got over ive": 0.029054228267271474,
  "time": 0.00497190830860319,
  "ive driven": 0.02340199019399685,
  "skip gears some": 0.02777515852560534,
  "is a clutchless": 0.029054228267271474,
  "way to shift": 0.029054228267271474,
  "laboratory": 0.012493811249710732,
  "this can damage": 0.029054228267271474,
  "driven rabbits": 0.029054228267271474,
  "heard people talk": 0.029054228267271474,
  "reason i": 0.016355957949494977,
  "pieces of": 0.01909523640244462,
  "shift my technique": 0.029054228267271474,
  "of clutchless shifting": 0.025588574359801098,
  "drove the transmission": 0.029054228267271474,
  "is eaiserquicker": 0.02777515852560534,
  "superconducting super collider": 0.025102294612711955,
  "where to shift": 0.029054228267271474,
  "superconducting": 0.024681059935662986,
  "gently wrist": 0.02777515852560534,
  "throttle and": 0.024309504618134962,
  "the clutch": 0.018221461060693726,
  "shift but generally": 0.029054228267271474,
  "gently": 0.020843850710664587,
  "satapr gmt": 0.010638674806180182,
  "chevy some": 0.029054228267271474,
  "shifting sender": 0.026163721226658995,
  "my current": 0.019603968729246267,
  "truck ive": 0.02777515852560534,
  "gmt im wondering": 0.029054228267271474,
  "techniques do": 0.026163721226658995,
  "krispy": 0.025102294612711955,
  "ive": 0.03275858684272854,
  "worn that": 0.029054228267271474,
  "shifter ive": 0.029054228267271474,
  "nntppostinghost": 0.005371529161755329,
  "super collider": 0.024681059935662986,
  "drove the": 0.02340199019399685,
  "heard": 0.008531250159611448,
  "shift except clutchless": 0.029054228267271474,
  "comets fords": 0.029054228267271474,
  "some reason": 0.016441607757274004,
  "window i": 0.021636640705241576,
  "ease back": 0.02777515852560534,
  "fords a chevy": 0.029054228267271474,
  "techniques": 0.015152905720696544,
  "miles on": 0.019603968729246267,
  "of junk": 0.02212292045233072,
  "otherwise what techniques": 0.029054228267271474,
  "worn": 0.0203078916040545,
  "chevy some where": 0.029054228267271474,
  "generally": 0.012141634684591899,
  "to date ive": 0.029054228267271474,
  "some where harder": 0.029054228267271474,
  "gears some times": 0.02777515852560534,
  "rabbits datsuns comets": 0.029054228267271474,
  "wrist": 0.020843850710664587,
  "current": 0.010060463758282434,
  "a clutchless shifter": 0.029054228267271474,
  "the higher": 0.018024235959806238,
  "a clutchless": 0.029054228267271474,
  "shift lever": 0.02777515852560534,
  "clutch": 0.016441607757274004,
  "also skip gears": 0.02777515852560534,
  "i lightly press": 0.02777515852560534,
  "pumping the": 0.025102294612711955,
  "high rpms i": 0.02777515852560534,
  "admin": 0.013615422343485025,
  "i lightly": 0.02777515852560534,
  "my current toyota": 0.029054228267271474,
  "the shift lever": 0.02777515852560534,
  "ive heard people": 0.02686764410146723,
  "fords a": 0.029054228267271474,
  "junk i": 0.025588574359801098,
  "experiences": 0.014859245080109756,
  "truck ive got": 0.029054228267271474,
  "the same time": 0.014372965333020614,
  "time gently wrist": 0.02777515852560534,
  "driven": 0.014912264380792345,
  "laboratory satapr": 0.025102294612711955,
  "news admin": 0.016500027466318914,
  "transmission": 0.031039311795436383,
  "lightly": 0.020116646740280256,
  "clutchless": 0.09590854824341902,
  "easier they where": 0.029054228267271474,
  "damage a": 0.025102294612711955,
  "of clutchless": 0.024309504618134962,
  "also skip": 0.02777515852560534,
  "experiences suggest": 0.029054228267271474,
  "ive been": 0.01262051800594207,
  "miles on my": 0.02777515852560534,
  "press": 0.011307159077408733,
  "harder than": 0.024309504618134962,
  "milage the": 0.02777515852560534,
  "the shift window": 0.02777515852560534,
  "news admin nntppostinghost": 0.024309504618134962,
  "high rpms": 0.026163721226658995,
  "lever if for": 0.02777515852560534,
  "ive got over": 0.029054228267271474,
  "try agian ive": 0.02777515852560534,
  "gears": 0.0203078916040545,
  "the smoother quicker": 0.029054228267271474,
  "smoother quicker easier": 0.029054228267271474,