{
  "years due": 0.04134486980662676,
  "shadow": 0.05324754304357674,
  "shadow experiences": 0.03862828831179461,
  "mgr ofcars": 0.042741384721441227,
  "year with": 0.03041626884251756,
  "mgr ofcars they": 0.042741384721441227,
  "most trouble free": 0.042741384721441227,
  "their excellent": 0.037408315358974674,
  "theyve": 0.022140792666602873,
  "newest on the": 0.04134486980662676,
  "i bought": 0.021761177388411244,
  "darren": 0.029816201095104078,
  "re plymouth sundancedodge": 0.037408315358974674,
  "satapr": 0.015772742820882445,
  "replaced next year": 0.04026164868374224,
  "a l": 0.030815482911629073,
  "stay away": 0.03016727226782071,
  "new models": 0.035263496173154094,
  "hp shadow": 0.04134486980662676,
  "r": 0.01600333667517858,
  "mgr": 0.035263496173154094,
  "turbo a bit": 0.04134486980662676,
  "trouble free of": 0.042741384721441227,
  "to their excellent": 0.03937659258280072,
  "stay": 0.01926428808575444,
  "and a droptop": 0.04134486980662676,
  "experiences georgia": 0.04807445408390778,
  "class leader": 0.04134486980662676,
  "junk stay": 0.04026164868374224,
  "bought one for": 0.042741384721441227,
  "amoung": 0.03862828831179461,
  "mpg under the": 0.04134486980662676,
  "junk theyve": 0.042741384721441227,
  "droptop for as": 0.044709661945267265,
  "bought one": 0.03285360837551385,
  "mpg under": 0.04134486980662676,
  "l v hp": 0.04134486980662676,
  "theyve made the": 0.04134486980662676,
  "droptop": 0.04134486980662676,
  "sundancedodge": 0.03689685654510173,
  "lot": 0.01199730885668545,
  "junk theyve made": 0.042741384721441227,
  "leader": 0.022330255501096734,
  "ohor": 0.04134486980662676,
  "not the newest": 0.04134486980662676,
  "of all models": 0.04134486980662676,
  "junk": 0.05163466080208185,
  "usa": 0.011262572897969132,
  "pretty": 0.0139397877792324,
  "ohor so": 0.04134486980662676,
  "exfleet": 0.042741384721441227,
  "bit": 0.013201295272925002,
  "mileage is about": 0.04134486980662676,
  "re plymouth": 0.037408315358974674,
  "plymouth sundancedodge": 0.03689685654510173,
  "usa satapr": 0.030290174248326973,
  "leader you can": 0.04134486980662676,
  "on the lot": 0.037980077667986244,
  "writes they": 0.03125049339070522,
  "mileage": 0.0262849571434605,
  "l v": 0.04026164868374224,
  "darren r daubenspeck": 0.04134486980662676,
  "sundancedodge shadow experiences": 0.03862828831179461,
  "exfleet mgr": 0.042741384721441227,
  "daubenspeck": 0.04134486980662676,
  "free": 0.013620333449855387,
  "they were amoung": 0.042741384721441227,
  "mileage is": 0.03689685654510173,
  "years": 0.011965796171071337,
  "cd lists": 0.04134486980662676,
  "newest": 0.03125049339070522,
  "cd": 0.02193612853638793,
  "pretty much junk": 0.04026164868374224,
  "the most trouble": 0.04134486980662676,
  "they are pretty": 0.03689685654510173,
  "models junk": 0.042741384721441227,
  "ofcars": 0.04026164868374224,
  "satapr gmt": 0.016371164628927754,
  "free of": 0.027810438210627984,
  "class": 0.018929371233876037,
  "acceleration they": 0.042741384721441227,
  "theyve made": 0.03862828831179461,
  "state university usa": 0.03264700830551969,
  "models i": 0.03562324361079352,
  "sundancedodge shadow": 0.03689685654510173,
  "all models": 0.037980077667986244,
  "darren r": 0.04134486980662676,
  "all new models": 0.04026164868374224,
  "be replaced": 0.03016727226782071,
  "university usa satapr": 0.03937659258280072,
  "handling": 0.023718726720728535,
  "droptop for": 0.04134486980662676,
  "an exfleet": 0.042741384721441227,
  "gmt darren r": 0.04807445408390778,
  "leader you": 0.04134486980662676,
  "the lot": 0.03264700830551969,
  "trouble": 0.01856021527276414,
  "cd lists for": 0.04134486980662676,
  "the i turbo": 0.04134486980662676,
  "plymouth": 0.030956199110042916,
  "georgia state": 0.036011800444160205,
  "gmt darren": 0.04807445408390778,
  "exfleet mgr ofcars": 0.042741384721441227,
  "the cd": 0.03110111640688603,
  "will be replaced": 0.03937659258280072,
  "bit more": 0.02674217663404157,
  "new models junk": 0.042741384721441227,
  "and mileage": 0.03937659258280072,
  "r daubenspeck": 0.04134486980662676,
  "replaced next": 0.04026164868374224,
  "as an exfleet": 0.042741384721441227,
  "are pretty": 0.026682613077770628,
  "daubenspeck writes they": 0.042741384721441227,
  "university usa": 0.027736324268245516,
  "class leader you": 0.04134486980662676,
  "into a l": 0.04134486980662676,
  "the class leader": 0.04134486980662676,
  "experiences": 0.022865925681528117,
  "r daubenspeck writes": 0.042741384721441227,
  "most trouble": 0.04134486980662676,
  "state": 0.010798779335368198,
  "an exfleet mgr": 0.042741384721441227,
  "amoung the": 0.042741384721441227,
  "v hp": 0.04134486980662676,
  "eight mpg": 0.04134486980662676,
  "pretty much": 0.02305847546984089,
  "writes": 0.003106918857003468,
  "i turbo": 0.04134486980662676,
  "excellent": 0.019038462767138456,
  "acceleration": 0.02871045385786761,
  "trouble free": 0.04026164868374224,
  "ohor so theyre": 0.04134486980662676,
  "made the cd": 0.04134486980662676,
  "much junk": 0.04026164868374224,
  "usa satapr gmt": 0.030290174248326973,
  "since about ohor": 0.04134486980662676,
  "writes they are": 0.042741384721441227,
  "georgia": 0.021043655521960705,
  "daubenspeck writes": 0.042741384721441227,
  "shadow for": 0.04134486980662676,
  "satapr gmt darren": 0.04807445408390778,
  "wife": 0.019836050394766012,
  "ofcars they were": 0.042741384721441227,
  "wife ": 0.09614890816781556,
  "next year": 0.024753963575493913,
  "lot and": 0.03110111640688603,
  "excellent handling and": 0.04134486980662676,
  "excellent handling": 0.04134486980662676,
  "lists for": 0.03404352322033416,
  "l": 0.01689364358131788,
  "year": 0.012493144913803352,
  "turbo a": 0.04134486980662676,
  "v": 0.01825873852280411,
  "shadow for the": 0.04134486980662676,
  "handling and": 0.03562324361079352,
  "were amoung": 0.042741384721441227,
  "and acceleration": 0.042741384721441227,
  "plymouth sundancedodge shadow": 0.03689685654510173,
  "under the class": 0.04134486980662676,
  "state university": 0.015129226168349134,
  "experiences georgia state": 0.04807445408390778,
  "a droptop": 0.04134486980662676,
  "year with all": 0.03937659258280072,
  "hp": 0.020402397902399592,
  "university": 0.004738622102102022,
  "models junk theyve": 0.042741384721441227,
  "newest on": 0.04134486980662676,
  "shadow experiences georgia": 0.04807445408390778,
  "free of all": 0.042741384721441227,
  "their excellent handling": 0.04134486980662676,
  "replaced": 0.02098838696746981,
  "gmt": 0.0007982032236246231,
  "a l v": 0.04134486980662676,
  "years due to": 0.04134486980662676,
  "for years": 0.025125969527051758,
  "handling and acceleration": 0.042741384721441227,
  "to eight mpg": 0.04134486980662676,
  "turbo": 0.024793917454797386,
  "ofcars they": 0.042741384721441227,
  "the class": 0.030956199110042916,
  "bit more and": 0.03689685654510173,
  "the newest": 0.031898704034513586,
  "amoung the most": 0.042741384721441227,
  "a bit": 0.015925248627840595,
  "georgia state university": 0.036011800444160205,
  "lists for years": 0.04134486980662676,
  "acceleration they have": 0.042741384721441227,
  "mpg": 0.03404352322033416,
  "bought": 0.017800815296511157,
  "stay away from": 0.030290174248326973,
  "my wife": 0.02365485252375033,
  "junk stay away": 0.04026164868374224,
  "lists": 0.02314339370987738,
  "about ohor": 0.04134486980662676,
  "hp shadow for": 0.04134486980662676,
  "much junk stay": 0.04026164868374224,
  "the cd lists": 0.04134486980662676,
  "models": 0.04347949052236505,
  "lot and mileage": 0.04134486980662676,
  "v hp shadow": 0.04134486980662676,
  "models i bought": 0.042741384721441227,
  "for my wife": 0.03862828831179461
}