{
  "hatch i": 0.02628276194811013,
  "the spare": 0.08591387868874976,
  "the rubber stopper": 0.02749310555440316,
  "holes beneath": 0.02628276194811013,
  "few qs": 0.02475790933985344,
  "james long writes": 0.02749310555440316,
  "stoppered holes beneath": 0.02628276194811013,
  "stoppered": 0.05256552389622026,
  "drain holes": 0.02421366588673716,
  "worn and": 0.02475790933985344,
  "tommy": 0.016000127638850743,
  "water gradually": 0.02421366588673716,
  "water is coming": 0.02628276194811013,
  "a good thunder": 0.02475790933985344,
  "the water": 0.06669670958505901,
  "szeto writes water": 0.02475790933985344,
  "to remove": 0.03049281788470604,
  "probe every": 0.02421366588673716,
  "water under": 0.02421366588673716,
  "a common problem": 0.043811272739244574,
  "problem where": 0.023354913431657215,
  "drain": 0.035200026006283774,
  "thunder storm": 0.023753514603670714,
  "writes in": 0.006109345516982575,
  "was no water": 0.02628276194811013,
  "good": 0.004824062046180311,
  "email ": 0.025591441454438396,
  "guess this": 0.01921672130891127,
  "probe po": 0.029562201615776128,
  "common": 0.020082099018909453,
  "james long": 0.02749310555440316,
  "guess": 0.008930120122487548,
  "beneath the": 0.04154566305742425,
  "same problem": 0.016231132604866923,
  "ames res ctr": 0.02628276194811013,
  "gmt in": 0.0051166955688032876,
  "ames res": 0.02628276194811013,
  "comming up": 0.02475790933985344,
  "sender nasa": 0.01931149354268614,
  "common problem with": 0.02475790933985344,
  "stopper": 0.023753514603670714,
  "drain the": 0.02475790933985344,
  "mine": 0.009695215495275687,
  "probe": 0.06701944000163118,
  "mine looked": 0.02628276194811013,
  "article james": 0.016407815803047014,
  "rubber stoppered": 0.05256552389622026,
  "problem with": 0.02244269795319019,
  "like a common": 0.025424009493030187,
  "friendsford probe every": 0.02421366588673716,
  "long": 0.007129963524765171,
  "good thunder": 0.02475790933985344,
  "level of the": 0.019953617063930753,
  "water damage": 0.02475790933985344,
  "james": 0.010742951459292601,
  "article tommy": 0.022144569825364186,
  "stoppered hole beneath": 0.02749310555440316,
  "trunk of": 0.02421366588673716,
  "probe the water": 0.02749310555440316,
  "in article": 0.005119511053595632,
  "no water": 0.022144569825364186,
  "a few qs": 0.02475790933985344,
  "long writes in": 0.02749310555440316,
  "from the rubber": 0.02749310555440316,
  "rubber": 0.05076923316436786,
  "storm a": 0.02421366588673716,
  "email": 0.006235635544717959,
  "through some rubber": 0.02628276194811013,
  "in article james": 0.016634639405966184,
  "vw": 0.018199030004521444,
  "remove": 0.026330006554892264,
  "vw cathuapr": 0.029562201615776128,
  "my probe": 0.04750702920734143,
  "writes water": 0.02475790933985344,
  "gradually": 0.01894922232774803,
  "hole": 0.013516594428659217,
  "nasa": 0.012251477274102916,
  "po sum": 0.02749310555440316,
  "to drain": 0.02421366588673716,
  "the rubber stoppered": 0.02749310555440316,
  "is coming": 0.016966656227190735,
  "noticed this": 0.020772831528712125,
  "szeto writes": 0.02475790933985344,
  "hatch": 0.021285817370284243,
  "probe the": 0.025424009493030187,
  "ames": 0.014320573335475886,
  "water in trunk": 0.023753514603670714,
  "of the spare": 0.02749310555440316,
  "sum": 0.016674177396264752,
  "my friendsford": 0.02421366588673716,
  "scoop out the": 0.02421366588673716,
  "thunder": 0.018266113156318632,
  "trunk ofprobe": 0.02421366588673716,
  "probe every once": 0.02421366588673716,
  "holes located": 0.02475790933985344,
  "when recently cleaning": 0.02628276194811013,
  "the same problem": 0.016481525094361557,
  "located for": 0.02475790933985344,
  "looked": 0.011041133667809889,
  "friendsford probe": 0.02421366588673716,
  "res": 0.019124865611398575,
  "the plywoodcarpet": 0.02421366588673716,
  "noticed": 0.012233440514532878,
  "ofprobe sender nasa": 0.029562201615776128,
  "spare area": 0.02749310555440316,
  "water under the": 0.02421366588673716,
  "the trunk": 0.03967308061649863,
  "trunk i": 0.02421366588673716,
  "storm": 0.016923077721455952,
  "the rubber": 0.04154566305742425,
  "sender": 0.001953294166318256,
  "spare mine looked": 0.02628276194811013,
  "friendsford": 0.02421366588673716,
  "or water": 0.02421366588673716,
  "remove the": 0.03054236297613706,
  "the hatch": 0.02300332228044413,
  "are the drain": 0.02475790933985344,
  "tommy szeto": 0.02421366588673716,
  "trunk ofprobe sender": 0.025424009493030187,
  "the level": 0.016714246113674128,
  "mtn vw cathuapr": 0.029562201615776128,
  "trunk": 0.05500421575156514,
  "stoppered holes": 0.02628276194811013,
  "coming up through": 0.02628276194811013,
  "damage above": 0.02749310555440316,
  "water": 0.09736925215294454,
  "on the trunk": 0.023354913431657215,
  "drain holes located": 0.02475790933985344,
  "plywoodcarpet": 0.02421366588673716,
  "vw cathuapr gmt": 0.029562201615776128,
  "sum chung": 0.02749310555440316,
  "rubber stoppered holes": 0.02628276194811013,
  "located": 0.014768688010996246,
  "i would guess": 0.018199030004521444,
  "water in": 0.020619717217107498,
  "area i": 0.01940937361081447,
  "hole beneath the": 0.02749310555440316,
  "water seems like": 0.02749310555440316,
  "res ctr mtn": 0.02628276194811013,
  "noticed this is": 0.02628276194811013,
  "writes in article": 0.006505471297340111,
  "the spare mine": 0.02628276194811013,
  "common problem where": 0.025424009493030187,
  "and scoop": 0.02421366588673716,
  "recently cleaning": 0.02628276194811013,
  "sum chung email": 0.029562201615776128,
  "plywoodcarpet cover": 0.02421366588673716,
  "after a good": 0.02475790933985344,
  "nasa ames res": 0.02628276194811013,
  "builds": 0.018550621155734526,
  "remove the spare": 0.02421366588673716,
  "i noticed": 0.016000127638850743,
  "stopper to": 0.02749310555440316,
  "area i have": 0.02268881327848047,
  "mtn": 0.02268881327848047,
  "water damage above": 0.02749310555440316,
  "this a common": 0.02421366588673716,
  "ofprobe sender": 0.025424009493030187,
  "holes": 0.027893904026450245,
  "with probe po": 0.029562201615776128,
  "plywoodcarpet cover on": 0.02421366588673716,
  "in trunk ofprobe": 0.02421366588673716,
  "the drain holes": 0.02421366588673716,
  "cover on the": 0.02421366588673716,
  "cover": 0.011775859248523049,
  "rubber stoppered hole": 0.02749310555440316,
  "gradually builds": 0.02421366588673716,
  "spare mine": 0.02628276194811013,
  "is my probe": 0.02628276194811013,
  "writes": 0.0038210464748818776,
  "mtn vw": 0.02628276194811013,
  "water or water": 0.02628276194811013,
  "article tommy szeto": 0.02628276194811013,
  "in trunk": 0.023354913431657215,
  "ctr mtn vw": 0.02628276194811013,
  "under the plywoodcarpet": 0.02421366588673716,
  "problem": 0.019087408521037966,
  "chung email ": 0.029562201615776128,
  "gradually builds up": 0.02421366588673716,
  "cathuapr gmt in": 0.02421366588673716,
  "qs is this": 0.02475790933985344,
  "probe po sum": 0.029562201615776128,
  "problem with my": 0.019953617063930753,
  "builds up in": 0.023354913431657215,
  "gmt in article": 0.005432862485070532,
  "ctr mtn": 0.02628276194811013,
  "comming": 0.020619717217107498,
  "cover on": 0.02300332228044413,
  "looked slightly": 0.02628276194811013,
  "hole beneath": 0.02749310555440316,
  "qs is": 0.023753514603670714,
  "sender nasa ames": 0.029562201615776128,
  "long writes": 0.02475790933985344,
  "some rubber stoppered": 0.02628276194811013,
  "cathuapr gmt": 0.023753514603670714,
  "problem with probe": 0.02749310555440316,
  "of my friendsford": 0.02421366588673716,
  "writes water gradually": 0.02475790933985344,
  "located for the": 0.02475790933985344,
  "gmt": 0.0004908354151243952,
  "not comming": 0.02749310555440316,
  "remove the rubber": 0.02749310555440316,
  "holes located for": 0.02475790933985344,
  "probe also": 0.025424009493030187,