{
  "recommend changing": 0.05001685626911618,
  "recommend changing the": 0.05001685626911618,
  "maybeweight": 0.05001685626911618,
  "fluid change": 0.05001685626911618,
  "weight": 0.04546121373144166,
  "driving conditions ive": 0.05001685626911618,
  "standard": 0.015351182574909339,
  "had all standard": 0.05001685626911618,
  "miles under normal": 0.05001685626911618,
  "needed hp": 0.05001685626911618,
  "heavy": 0.022640416878852106,
  "had to replace": 0.046516112932954844,
  "heavy weight": 0.044468309356650984,
  "motor": 0.025059066255937873,
  "fluid at": 0.05001685626911618,
  "transmissionsorspeeds recommend": 0.05001685626911618,
  "xmissionadvice": 0.046516112932954844,
  "the transmission": 0.09575482731558929,
  "recommended oil weight": 0.05001685626911618,
  "of the cars": 0.03790627408326582,
  "usedweight oil": 0.05001685626911618,
  "cars": 0.03843700261736124,
  "monapr gmt re": 0.035707697965801956,
  "follow the": 0.025356240498477945,
  "manual xmissionadvice": 0.046516112932954844,
  "dont think that": 0.025511652915986796,
  "replace the transmission": 0.05001685626911618,
  "replace the": 0.0276389936486954,
  "usedweight oil whereas": 0.05001685626911618,
  "bearings my older": 0.05001685626911618,
  "fluid change will": 0.05001685626911618,
  "my older": 0.04096756602048964,
  "the transmission oil": 0.05001685626911618,
  "the manufacturers": 0.035707697965801956,
  "miles under": 0.05001685626911618,
  "transmission fluid": 0.10003371253823236,
  "solve your problem": 0.04096756602048964,
  "ive gone without": 0.05001685626911618,
  "fluid": 0.09204085067872589,
  "miles": 0.022171256541010206,
  "ca i dont": 0.046516112932954844,
  "older cars usedweight": 0.05001685626911618,
  "weight fluid": 0.05001685626911618,
  "or maybeweight": 0.05001685626911618,
  "problem": 0.01076478426691535,
  "oil and had": 0.05001685626911618,
  "replace": 0.02219166264978296,
  "oil": 0.09029526338850027,
  "heavy weight fluid": 0.05001685626911618,
  "changing the": 0.05469395122780671,
  "at miles": 0.03951462626063216,
  "recommend": 0.022508081664740876,
  "my older cars": 0.05001685626911618,
  "changing": 0.043521476380638024,
  "weight fluid follow": 0.05001685626911618,
  "xmissionadvice needed": 0.046516112932954844,
  "a very heavy": 0.05001685626911618,
  "cars usedweight oil": 0.05001685626911618,
  "climate": 0.03356182324880566,
  "change will": 0.044468309356650984,
  "cupertino ca i": 0.044468309356650984,
  "changing the transmission": 0.10003371253823236,
  "change will solve": 0.05001685626911618,
  "conditions ive gone": 0.05001685626911618,
  "standard transmissionsorspeeds": 0.05001685626911618,
  "bearings": 0.03668828389732194,
  "cupertino ca": 0.03251313958830948,
  "fluid follow the": 0.05001685626911618,
  "that a transmission": 0.05001685626911618,
  "needed hp information": 0.05001685626911618,
  "transmission fluid at": 0.05001685626911618,
  "normal": 0.019264104372919987,
  "transmissionsorspeeds": 0.05001685626911618,
  "under normal": 0.038919762444185775,
  "myhonda": 0.03790627408326582,
  "cars i": 0.0374668226843283,
  "ive": 0.010489365686004998,
  "all standard transmissionsorspeeds": 0.05001685626911618,
  "fluid follow": 0.05001685626911618,
  "hp information networks": 0.04096756602048964,
  "driving conditions": 0.0430153695967935,
  "oil whereas myhonda": 0.05001685626911618,
  "myhonda uses": 0.05001685626911618,
  "gmt re manual": 0.05001685626911618,
  "extremely cold climate": 0.05001685626911618,
  "hp information": 0.04096756602048964,
  "cars usedweight": 0.05001685626911618,
  "xmissionadvice needed hp": 0.05001685626911618,
  "older cars": 0.0430153695967935,
  "climate and": 0.04096756602048964,
  "usedweight": 0.05001685626911618,
  "manufacturers recommended": 0.05001685626911618,
  "driving": 0.02138109403184083,
  "bearings my": 0.05001685626911618,
  "solve": 0.02531812329829924,
  "transmission bearings": 0.05001685626911618,
  "in an extremely": 0.05001685626911618,
  "to replace": 0.025472349176380464,
  "networks": 0.02528029162289945,
  "information networks": 0.03951462626063216,
  "problem unless you": 0.046516112932954844,
  "your problem": 0.03025916432250938,
  "ive gone": 0.040189027233483283,
  "i dont": 0.009220100896707491,
  "all standard": 0.031779897114347366,
  "transmission": 0.09938850342579125,
  "oil weight": 0.046516112932954844,
  "maybeweight ": 0.10003371253823236,
  "an extremely cold": 0.05001685626911618,
  "oil or": 0.03951462626063216,
  "without changing": 0.038919762444185775,
  "dont": 0.006154535750792754,
  "an extremely": 0.0319182757718631,
  "very heavy": 0.0430153695967935,
  "myhonda uses motor": 0.05001685626911618,
  "manual": 0.01983326581811651,
  "needed": 0.01706216102748253,
  "solve your": 0.03951462626063216,
  "motor oil": 0.044468309356650984,
  "networks cupertino": 0.04096756602048964,
  "oil weight some": 0.05001685626911618,
  "oil whereas": 0.05001685626911618,
  "re manual xmissionadvice": 0.05001685626911618,
  "follow the manufacturers": 0.05001685626911618,
  "standard transmissionsorspeeds recommend": 0.05001685626911618,
  "the manufacturers recommended": 0.05001685626911618,
  "transmissionsorspeeds recommend changing": 0.05001685626911618,
  "uses motor": 0.05001685626911618,
  "transmission bearings my": 0.05001685626911618,
  "oil or maybeweight": 0.05001685626911618,
  "follow": 0.018878382257846382,
  "recommended": 0.024987426685271426,
  "cupertino": 0.030361198197850388,
  "transmission fluid change": 0.05001685626911618,
  "conditions": 0.02257381584712507,
  "weight some of": 0.05001685626911618,
  "manufacturers recommended oil": 0.05001685626911618,
  "climate and using": 0.05001685626911618,
  "problem unless": 0.0430153695967935,
  "monapr": 0.013204090135170436,
  "re manual": 0.034405530747104486,
  "gmt re": 0.027699479462062655,
  "oil and": 0.03356182324880566,
  "ca": 0.015932212089865273,
  "cold climate and": 0.05001685626911618,
  "motor oil or": 0.05001685626911618,
  "transmission oil and": 0.05001685626911618,
  "hp": 0.02122673721158746,
  "normal driving conditions": 0.05001685626911618,
  "under normal driving": 0.05001685626911618,
  "transmission oil": 0.05001685626911618,
  "the cars": 0.029509568337063558,
  "gmt": 0.0008304538589225878,
  "change": 0.01500942290750278,
  "extremely cold": 0.05001685626911618,
  "fluid at miles": 0.05001685626911618,
  "a transmission": 0.040189027233483283,
  "uses motor oil": 0.05001685626911618,
  "will solve": 0.040189027233483283,
  "manufacturers": 0.025394647566080057,
  "information networks cupertino": 0.04096756602048964,
  "cold climate": 0.05001685626911618,
  "a transmission fluid": 0.05001685626911618,
  "cars i have": 0.044468309356650984,
  "older": 0.022357949441179255,
  "conditions ive": 0.05001685626911618,
  "very heavy weight": 0.05001685626911618,
  "cold": 0.022529898135167724,
  "weight some": 0.05001685626911618,
  "dont think": 0.016697938582819958,
  "normal driving": 0.044468309356650984,
  "networks cupertino ca": 0.04096756602048964,
  "the transmission fluid": 0.05001685626911618,
  "the transmission bearings": 0.05001685626911618,
  "monapr gmt": 0.013804131302198866,
  "ca i": 0.03541901910802443,
  "extremely": 0.022171256541010206,
  "gone without changing": 0.05001685626911618,
  "manual xmissionadvice needed": 0.046516112932954844,
  "recommended oil": 0.05001685626911618,
  "whereas myhonda": 0.05001685626911618
}