{
  "they havent": 0.02700843682354764,
  "rotor recall apr": 0.040922882402004146,
  "i thought": 0.01475965161731947,
  "but try convincing": 0.040922882402004146,
  "picassoocistempleedu xnewsreader tin": 0.040922882402004146,
  "balsamo": 0.03427231251591282,
  "taurus or": 0.036383162200896255,
  "stories with taurus": 0.040922882402004146,
  "for freeright tony": 0.040922882402004146,
  "camry or accord": 0.040922882402004146,
  "has rotor": 0.040922882402004146,
  "the wails wrote": 0.040922882402004146,
  "service": 0.014039477194862706,
  "american": 0.013244088789956983,
  "the wails": 0.03427231251591282,
  "premium": 0.025679578872607713,
  "a camry": 0.03805863785423578,
  "wails wrote": 0.040922882402004146,
  "fixed the": 0.029732592314804927,
  "balsamo save the": 0.03427231251591282,
  "sable cars": 0.040922882402004146,
  "news": 0.006343423566151751,
  "apr gmt": 0.0062159191667317945,
  "wrote": 0.010613039927327227,
  "clock also has": 0.040922882402004146,
  "camry": 0.027790428557591146,
  "person to fix": 0.040922882402004146,
  "fairmount": 0.03805863785423578,
  "tin": 0.025347754247999472,
  "my taurus": 0.036383162200896255,
  "was turning": 0.03184344199978836,
  "rotor recall": 0.08184576480400829,
  "taurussable": 0.07611727570847156,
  "gmt sender network": 0.02589153463453974,
  "recall apr": 0.040922882402004146,
  "and the fairmount": 0.040922882402004146,
  "get a taurus": 0.040922882402004146,
  "the problem": 0.01274551023144414,
  "ford service person": 0.040922882402004146,
  "the clock": 0.023673348228881674,
  "granada": 0.035194393306467404,
  "sender network news": 0.02138822199410191,
  "havent fixed": 0.03805863785423578,
  "is ford": 0.040922882402004146,
  "subject taurussable rotor": 0.040922882402004146,
  "warp apparently": 0.040922882402004146,
  "i have heard": 0.019396080117535464,
  "tin cans like": 0.040922882402004146,
  "taurus and sable": 0.040922882402004146,
  "it was turning": 0.040922882402004146,
  "sell": 0.014380539577485469,
  "picassoocistempleedu": 0.040922882402004146,
  "taurus": 0.07402700713091749,
  "these were premium": 0.040922882402004146,
  "ford service": 0.03805863785423578,
  "way they sell": 0.040922882402004146,
  "the granada": 0.040922882402004146,
  "the fairmount": 0.040922882402004146,
  "problem": 0.008807550763839832,
  "stories": 0.019240964748448417,
  "thought": 0.011110880690635783,
  "accord": 0.02484098034369577,
  "temple universitynntppostinghost picassoocistempleedu": 0.040922882402004146,
  "in the late": 0.02510205018510706,
  "rotor": 0.09304267274983428,
  "version antonio l": 0.040922882402004146,
  "gmt sender": 0.007429876139586168,
  "for freeright": 0.040922882402004146,
  "person": 0.011652684684544248,
  "l balsamo save": 0.03427231251591282,
  "subject": 0.012669441019005833,
  "l balsamo": 0.03427231251591282,
  "premium american automobiles": 0.040922882402004146,
  "gl": 0.02519287211369704,
  "gads i": 0.040922882402004146,
  "gads i have": 0.040922882402004146,
  "xnewsreader tin version": 0.013905775692220384,
  "cars": 0.01572422834346596,
  "wrote from subject": 0.040922882402004146,
  "apr gmt sender": 0.009356100700933184,
  "network news": 0.018292867724601206,
  "news readnews": 0.027303721798680472,
  "on the clock": 0.031014224249944763,
  "many horror": 0.040922882402004146,
  "temple universitynntppostinghost": 0.027303721798680472,
  "havent": 0.013368220218461156,
  "readnews temple": 0.027621742629821498,
  "network news readnews": 0.027303721798680472,
  "readnews temple universitynntppostinghost": 0.027621742629821498,
  "late": 0.015885183246707464,
  "fairmount which": 0.040922882402004146,
  "rotor warp": 0.040922882402004146,
  "version": 0.010514490260093592,
  "john ": 0.050955933247947394,
  "universitynntppostinghost picassoocistempleedu": 0.040922882402004146,
  "cars i": 0.030654673105359513,
  "automobiles the way": 0.040922882402004146,
  "recall my taurus": 0.040922882402004146,
  "antonio": 0.025577543283391305,
  "has rotor warp": 0.040922882402004146,
  "heard": 0.011175232647094337,
  "wails wrote from": 0.040922882402004146,
  "horror": 0.0244394772509121,
  "thought these were": 0.03805863785423578,
  "universitynntppostinghost picassoocistempleedu xnewsreader": 0.040922882402004146,
  "sender": 0.0027039402715562633,
  "network": 0.012736487888547678,
  "camry or": 0.040922882402004146,
  "so is ford": 0.040922882402004146,
  "try convincing": 0.040922882402004146,
  "taurus or a": 0.040922882402004146,
  "problem yet": 0.031014224249944763,
  "convincing the ford": 0.040922882402004146,
  "cans": 0.028979197452019993,
  "horror stories with": 0.040922882402004146,
  "american automobiles the": 0.040922882402004146,
  "the ford service": 0.040922882402004146,
  "fixed": 0.018597769253771587,
  "heard so many": 0.03805863785423578,
  "it for freeright": 0.040922882402004146,
  "clock": 0.018008926019857194,
  "sable": 0.03184344199978836,
  "so many horror": 0.040922882402004146,
  "warp": 0.031014224249944763,
  "taurus gl with": 0.040922882402004146,
  "accord john": 0.040922882402004146,
  "havent fixed the": 0.03805863785423578,
  "sable cars i": 0.040922882402004146,
  "recall my": 0.040922882402004146,
  "taurus gl": 0.035194393306467404,
  "re taurussable rotor": 0.03805863785423578,
  "thought these": 0.036383162200896255,
  "service person": 0.035194393306467404,
  "recall apr gmt": 0.040922882402004146,
  "late when": 0.036383162200896255,
  "cars i thought": 0.040922882402004146,
  "tony gads i": 0.040922882402004146,
  "automobiles": 0.02700843682354764,
  "recall": 0.03258125786497297,
  "heard so": 0.036383162200896255,
  "ford really no": 0.040922882402004146,
  "cans like": 0.040922882402004146,
  "granada and": 0.040922882402004146,
  "sell youd think": 0.040922882402004146,
  "from subject taurussable": 0.040922882402004146,
  "from subject": 0.03351891765312789,
  "antonio l": 0.03427231251591282,
  "apparently they havent": 0.040922882402004146,
  "readnews": 0.025380733163600993,
  "taurussable rotor": 0.07611727570847156,
  "rotor recall my": 0.040922882402004146,
  "have heard": 0.018224281396464686,
  "problem yet but": 0.040922882402004146,
  "tin version": 0.013605956597385305,
  "antonio l balsamo": 0.03427231251591282,
  "the ford": 0.02647450404883687,
  "clock also": 0.040922882402004146,
  "ford": 0.03990217955414195,
  "picassoocistempleedu xnewsreader": 0.040922882402004146,
  "temple": 0.021575232703143734,
  "gl with": 0.03233014875869904,
  "horror stories": 0.02946590421093067,
  "they havent fixed": 0.040922882402004146,
  "turning out": 0.03427231251591282,
  "late when it": 0.040922882402004146,
  "a taurus": 0.03184344199978836,
  "gl with only": 0.040922882402004146,
  "subject taurussable": 0.040922882402004146,
  "out tin": 0.040922882402004146,
  "the late": 0.02232862756592867,
  "turning out tin": 0.040922882402004146,
  "tony gads": 0.040922882402004146,
  "granada and the": 0.040922882402004146,
  "john": 0.011228071226292057,
  "xnewsreader": 0.012122094509848816,
  "they sell": 0.028149979702176392,
  "freeright tony gads": 0.040922882402004146,
  "save": 0.015056843294297852,
  "freeright": 0.040922882402004146,
  "tin cans": 0.040922882402004146,
  "american automobiles": 0.040922882402004146,
  "l": 0.014380539577485469,
  "taurus and": 0.03351891765312789,
  "automobiles the": 0.040922882402004146,
  "with taurus": 0.040922882402004146,
  "were premium american": 0.040922882402004146,
  "sender network": 0.02124447771275722,
  "apr": 0.005429023505327022,
  "service person to": 0.040922882402004146,
  "sell youd": 0.040922882402004146,
  "freeright tony": 0.040922882402004146,
  "out tin cans": 0.040922882402004146,
  "turning": 0.019774147639951438,
  "were premium": 0.040922882402004146,
  "tin version antonio": 0.040922882402004146,
  "ford really": 0.040922882402004146,
  "fixed the problem": 0.03184344199978836,