{
  "temperature a": 0.02700935589655442,
  "of microware": 0.029042045575615846,
  "idiot light": 0.029042045575615846,
  "fuel pressure maybe": 0.029042045575615846,
  "corp des": 0.02582030865870057,
  "official or": 0.024976666217492997,
  "gauge": 0.019977404949931634,
  "guages connected to": 0.029042045575615846,
  "reign to design": 0.024976666217492997,
  "two ofoil pressure": 0.029042045575615846,
  "you choose": 0.017035170026577427,
  "idiot light check": 0.029042045575615846,
  "an electronic sensorgauge": 0.029042045575615846,
  "nntppostinghost ren": 0.029042045575615846,
  "red": 0.010640983929745057,
  "basic": 0.011152547182595129,
  "problematic since you": 0.029042045575615846,
  "the damn": 0.018700812365597775,
  "instrument cluster which": 0.024976666217492997,
  "guages its": 0.029042045575615846,
  "choose to": 0.01528442715265648,
  "to oil": 0.029042045575615846,
  "microware or": 0.029042045575615846,
  "manifold vacuum ammeter": 0.029042045575615846,
  "employees ": 0.05808409115123169,
  "microware or any": 0.029042045575615846,
  "choice of": 0.016119115231732404,
  "of guages": 0.029042045575615846,
  "bad thingtm": 0.029042045575615846,
  "connected to oil": 0.029042045575615846,
  "set": 0.007725564261264755,
  "choice": 0.010858734214786841,
  "gmt in article": 0.00533726959677017,
  "connected to": 0.015596393145496865,
  "mount": 0.014978143682370269,
  "instrument cluster": 0.024976666217492997,
  "had free reign": 0.024976666217492997,
  "pump goes": 0.029042045575615846,
  "or any microware": 0.029042045575615846,
  "writes if": 0.01323831616266423,
  "gmt in": 0.005026665734748098,
  "uunetmcrwareadamg the": 0.029042045575615846,
  "des moines iowa": 0.021754929300577718,
  "damn": 0.012657152149222152,
  "design": 0.010858734214786841,
  "guages connected": 0.029042045575615846,
  "adam adam g": 0.029042045575615846,
  "corp": 0.011314757264659797,
  "electronic sensorgauge": 0.029042045575615846,
  "its hard": 0.015813718577032707,
  "own instrument": 0.024976666217492997,
  "temp ammeter": 0.029042045575615846,
  "oil temp coolant": 0.029042045575615846,
  "voltmeter with heaps": 0.029042045575615846,
  "pair": 0.015076726118730928,
  "the basic": 0.014328614969120466,
  "voltmeter": 0.043509858601155436,
  "ofoil pressure": 0.029042045575615846,
  "corp des moines": 0.02582030865870057,
  "in article": 0.002514715840109291,
  "nice to": 0.015027020669130422,
  "moines": 0.020911286859370153,
  "pressure oil temperature": 0.029042045575615846,
  "the car": 0.01232520225188949,
  "fuel pressure": 0.029042045575615846,
  "case of": 0.012982035159394405,
  "red idiot": 0.029042045575615846,
  "official": 0.011830031167598912,
  "bad": 0.01597224438112731,
  "heaps of guages": 0.029042045575615846,
  "moines iowa": 0.021754929300577718,
  "oil pressure for": 0.029042045575615846,
  "vacuum": 0.01654151807696096,
  "usa": 0.006803783041001881,
  "bad unlike": 0.029042045575615846,
  "ren": 0.022598571741785287,
  "iowa usa": 0.022598571741785287,
  "bad unlike coolant": 0.029042045575615846,
  "hard": 0.007957229825628138,
  "pressure for": 0.023787618979639144,
  "gauges sender": 0.02582030865870057,
  "bad thingtm adam": 0.029042045575615846,
  "pressure oil": 0.05808409115123169,
  "beyond the basic": 0.024976666217492997,
  "gauge writes": 0.024976666217492997,
  "have a big": 0.022598571741785287,
  "minute": 0.013278765787685741,
  "be nice": 0.01412240822889331,
  "sensorgauge pair": 0.029042045575615846,
  "monapr": 0.007666891046227994,
  "outside the car": 0.029042045575615846,
  "coolant temperature manifold": 0.029042045575615846,
  "monapr gmt": 0.00801530204643805,
  "oil pump": 0.024976666217492997,
  "light check": 0.029042045575615846,
  "basic set": 0.024976666217492997,
  "problematic": 0.021302874521025642,
  "time": 0.004621979278085663,
  "des moines": 0.020911286859370153,
  "set oil": 0.029042045575615846,
  "sensorgauge": 0.029042045575615846,
  "free": 0.008228119327478621,
  "in the case": 0.015076726118730928,
  "unofficial statements": 0.029042045575615846,
  "cluster which gauges": 0.024976666217492997,
  "gauges sender nntppostinghost": 0.029042045575615846,
  "reign": 0.01937683482487001,
  "article dave": 0.016155097907954732,
  "cluster": 0.01927018484196422,
  "to mount": 0.019722239621516296,
  "the time": 0.008959918670699825,
  "construed in": 0.02700935589655442,
  "idiot": 0.01574996495053298,
  "ofoil pressure would": 0.029042045575615846,
  "oil temperature": 0.029042045575615846,
  "official or unofficial": 0.02700935589655442,
  "or uunetmcrwareadamg": 0.029042045575615846,
  "car in addition": 0.02700935589655442,
  "check": 0.009727759197742897,
  "temperature a minute": 0.029042045575615846,
  "of gauges sender": 0.02582030865870057,
  "sender nntppostinghost ren": 0.029042045575615846,
  "sender": 0.0019189253540076708,
  "thingtm": 0.02700935589655442,
  "dave": 0.01051663593706076,
  "an electronic": 0.019847047874943853,
  "dave gauge": 0.024976666217492997,
  "to design": 0.01745482059443864,
  "coolant temp": 0.02582030865870057,
  "adam": 0.02803151649197504,
  "nntppostinghost": 0.0049934743233913175,
  "time in": 0.014387464127627236,
  "itd be nice": 0.024322286301615547,
  "pressure maybe": 0.029042045575615846,
  "temperature manifold": 0.029042045575615846,
  "car in": 0.016986697000327542,
  "ammeter": 0.05164061731740114,
  "des": 0.013319781160045683,
  "voltmeter fuel": 0.029042045575615846,
  "choose": 0.011583853979463985,
  "pump": 0.017398960785140413,
  "ammeter voltmeter": 0.05808409115123169,
  "the case": 0.010713672431159883,
  "article dave gauge": 0.02582030865870057,
  "problematic since": 0.029042045575615846,
  "your own instrument": 0.024976666217492997,
  "design your": 0.023787618979639144,
  "check guages connected": 0.029042045575615846,
  "temperature coolant": 0.029042045575615846,
  "microware systems corp": 0.02582030865870057,
  "all the time": 0.013685910787258223,
  "oil temperature coolant": 0.029042045575615846,
  "sender nntppostinghost": 0.008743927733530424,
  "basic set oil": 0.029042045575615846,
  "uunetmcrwareadamg the above": 0.029042045575615846,
  "ofoil": 0.029042045575615846,
  "car": 0.009083914920434068,
  "systems": 0.007876522315508712,
  "in addition": 0.012257338531767222,
  "vacuum ammeter voltmeter": 0.029042045575615846,
  "usa monapr": 0.015626470858597127,
  "iowa usa monapr": 0.029042045575615846,
  "dave gauge writes": 0.024976666217492997,
  "red idiot light": 0.029042045575615846,
  "gauges would": 0.024976666217492997,
  "monapr gmt in": 0.011420892539127297,
  "g": 0.010900671311978033,
  "pressure would be": 0.02700935589655442,
  "g or uunetmcrwareadamg": 0.029042045575615846,
  "damn thing": 0.02110054938470027,
  "employees": 0.01642015380668866,
  "or unofficial statements": 0.029042045575615846,
  "addition itd be": 0.029042045575615846,
  "temp coolant": 0.029042045575615846,
  "coolant temperature": 0.05808409115123169,
  "big red": 0.024322286301615547,
  "oil pressure": 0.07136285693891743,
  "ammeter voltmeter with": 0.029042045575615846,
  "microware employees": 0.029042045575615846,
  "ren microware systems": 0.029042045575615846,
  "choice of gauges": 0.023787618979639144,
  "manifold vacuum": 0.029042045575615846,
  "or unofficial": 0.02700935589655442,
  "nice": 0.009299492184216412,
  "moines iowa usa": 0.022598571741785287,
  "the basic set": 0.024976666217492997,
  "of oil pressure": 0.02700935589655442,
  "usa monapr gmt": 0.01565686026339345,
  "very bad thingtm": 0.029042045575615846,
  "maybe problematic": 0.029042045575615846,
  "set oil pressure": 0.029042045575615846,
  "or two ofoil": 0.029042045575615846,
  "own instrument cluster": 0.024976666217492997,
  "pressure": 0.06460658821102348,
  "guages": 0.05808409115123169,
  "as the official": 0.029042045575615846,
  "unofficial statements of": 0.029042045575615846,
  "pair or you": 0.029042045575615846,