{
  "wheelies": 0.03736768438182809,
  "ama queued for": 0.0516184435161522,
  "cool": 0.02822008163105768,
  "as a rule": 0.04004545863806469,
  "tom dietrich sportsterol": 0.0516184435161522,
  "ablemktcom writes is": 0.06002022752293941,
  "humor impared": 0.06002022752293941,
  "dietrich": 0.04496018722119395,
  "gather": 0.03481487550257776,
  "a gather": 0.0516184435161522,
  "sportsterol sportfor": 0.0516184435161522,
  "for the humor": 0.045487528899918986,
  "spike the": 0.04606516635327853,
  "sender recnntppostinghost ablemktcom": 0.05581933551954581,
  "lady": 0.031106987374662654,
  "do a wheelie": 0.041286636896525376,
  "jousts": 0.0516184435161522,
  "possible to countersteer": 0.06002022752293941,
  "on a motorcycle": 0.03920818385939307,
  "gmt": 0.0009965446307071053,
  "pphhhhhtttttt": 0.06002022752293941,
  "queued": 0.04916107922458757,
  "the humor impared": 0.06002022752293941,
  "responsibility for opinions": 0.0516184435161522,
  "fssnoc": 0.04606516635327853,
  "wheelie": 0.04075929521780035,
  "and wheelies": 0.03766338234649131,
  "ma": 0.020916900526350164,
  "sometimes email h": 0.0516184435161522,
  "rat": 0.03694954576675566,
  "sportfor sale dod": 0.0516184435161522,
  "shaftdrives and": 0.03751373014897391,
  "the garage rat": 0.04606516635327853,
  "but sometimes email": 0.0516184435161522,
  "disclaimer": 0.021032711809368627,
  "lewis disclaimer takes": 0.0516184435161522,
  "ama": 0.030806399852605856,
  "apr gmt sender": 0.013722281028035336,
  "preceding": 0.04051188919040486,
  "opinions": 0.016399407195081286,
  "a wheelie": 0.041286636896525376,
  "gmt sender": 0.010897151671393046,
  "two jousts": 0.0516184435161522,
  "concourssophisticated lady": 0.0516184435161522,
  "ablemktcom writes": 0.06002022752293941,
  "recnntppostinghost ablemktcom": 0.05581933551954581,
  "jousts and": 0.0516184435161522,
  "tom dietrich": 0.045487528899918986,
  "writes is it": 0.03882927260496074,
  "a motorcycle": 0.03377335879393135,
  "garage rat": 0.04606516635327853,
  "email h lewis": 0.0516184435161522,
  "wheelies apr": 0.04284923755896235,
  "gather big fun": 0.0516184435161522,
  "garage": 0.033538725386775645,
  "sale dod": 0.0516184435161522,
  "and wheelies apr": 0.04284923755896235,
  "with shaftdrive": 0.04186427434988492,
  "recnntppostinghost": 0.05336197122798118,
  "big fun ma": 0.0516184435161522,
  "bell cool": 0.0516184435161522,
  "shaftdrive no its": 0.06002022752293941,
  "and a gather": 0.0516184435161522,
  "h lewis": 0.0516184435161522,
  "big fun": 0.05026605835667213,
  "dod spike": 0.0516184435161522,
  "apr gmt": 0.009116681444539965,
  "spike the garage": 0.04606516635327853,
  "lady tom": 0.0516184435161522,
  "big": 0.016900412684354785,
  "sale dod spike": 0.0516184435161522,
  "impared": 0.0516184435161522,
  "responsibility": 0.02511779252974377,
  "impared p": 0.06002022752293941,
  "fun ma": 0.0516184435161522,
  "pphhhhhtttttt concourssophisticated lady": 0.06002022752293941,
  "wheelies apr gmt": 0.04606516635327853,
  "disclaimer takes": 0.0516184435161522,
  "an fssnoc": 0.0516184435161522,
  "lewis": 0.0299001469194485,
  "dod": 0.02102297589392454,
  "dietrich sportsterol sportfor": 0.0516184435161522,
  "sportfor sale": 0.0516184435161522,
  "sportsterol sportfor sale": 0.0516184435161522,
  "sender recnntppostinghost": 0.05336197122798118,
  "shaftdrive no": 0.05026605835667213,
  "ama queued": 0.0516184435161522,
  "sale": 0.019653105402698892,
  "recnntppostinghost ablemktcom writes": 0.06002022752293941,
  "a rule": 0.03751373014897391,
  "motorcycle with shaftdrive": 0.04186427434988492,
  "preceding this ": 0.0516184435161522,
  "rat ama queued": 0.0516184435161522,
  "responsibility for": 0.03085547385401567,
  "sportfor": 0.0516184435161522,
  "countersteer either": 0.06002022752293941,
  "queued for an": 0.0516184435161522,
  "a gather big": 0.0516184435161522,
  "pphhhhhtttttt concourssophisticated": 0.06002022752293941,
  "sender": 0.003965779064949187,
  "apr": 0.007962567807812966,
  "h lewis disclaimer": 0.0516184435161522,
  "countersteer either for": 0.06002022752293941,
  "tom": 0.023186032108702837,
  "gmt sender recnntppostinghost": 0.05336197122798118,
  "rat ama": 0.0516184435161522,
  "email h": 0.0516184435161522,
  "opinions preceding this": 0.0516184435161522,
  "concourssophisticated lady tom": 0.0516184435161522,
  "for opinions preceding": 0.0516184435161522,
  "sportsterol": 0.0516184435161522,
  "for opinions": 0.045487528899918986,
  "h": 0.02247837666775958,
  "shaftdrives": 0.03751373014897391,
  "humor impared p": 0.06002022752293941,
  "lady tom dietrich": 0.0516184435161522,
  "no responsibility": 0.04360780206171389,
  "fssnoc two": 0.0516184435161522,
  "motorcycle": 0.028414556264703135,
  "shaftdrive": 0.0415685763852217,
  "countersteer": 0.04670371493302293,
  "garage rat ama": 0.0516184435161522,
  "re shaftdrives": 0.03766338234649131,
  "wheelie on a": 0.04186427434988492,
  "disclaimer takes no": 0.0516184435161522,
  "writes is": 0.03164367463127747,
  "sometimes email": 0.0516184435161522,
  "p pphhhhhtttttt concourssophisticated": 0.06002022752293941,
  "cool as": 0.05026605835667213,
  "email": 0.012660229742306158,
  "opinions preceding": 0.0516184435161522,
  "dod spike the": 0.0516184435161522,
  "fun": 0.025272704632650043,
  "preceding this": 0.05026605835667213,
  "gather big": 0.0516184435161522,
  "motorcycle with": 0.0415685763852217,
  "writes": 0.003878941118440694,
  "the humor": 0.045487528899918986,
  "concourssophisticated": 0.0516184435161522,
  "impared p pphhhhhtttttt": 0.06002022752293941,
  "the garage": 0.04075929521780035,
  "p pphhhhhtttttt": 0.06002022752293941,
  "bell cool as": 0.0516184435161522,
  "ma bell": 0.03901576750597137,
  "wheelie on": 0.04186427434988492,
  "fun ma bell": 0.0516184435161522,
  "queued for": 0.0516184435161522,
  "spike": 0.03901576750597137,
  "shaftdrives and wheelies": 0.03781682360700216,
  "for an fssnoc": 0.0516184435161522,
  "rule but sometimes": 0.0516184435161522,
  "ma bell cool": 0.0516184435161522,
  "dietrich sportsterol": 0.0516184435161522,
  "takes no responsibility": 0.05026605835667213,
  "to countersteer": 0.05026605835667213,
  "fssnoc two jousts": 0.0516184435161522,
  "humor": 0.03377335879393135,
  "lewis disclaimer": 0.0516184435161522,
  "rule but": 0.04496018722119395,
  "jousts and a": 0.0516184435161522,
  "rule": 0.02352917692082107,
  "p": 0.021508893942349408,
  "ablemktcom": 0.0516184435161522,
  "cool as a": 0.0516184435161522,
  "bell": 0.025805397840253125
}