{
  "honda": 0.010902573216797379,
  "onelegged i too": 0.020743671983614993,
  "motorcycling": 0.016205602117528813,
  "goodness who cares": 0.02230481428217343,
  "todays newspaper fortuneguzzler": 0.020743671983614993,
  "goodness": 0.013493951657335263,
  "wales david roberts": 0.020743671983614993,
  "leg": 0.025472262609169564,
  "re fortuneguzzler barred": 0.017922133766283085,
  "recklessly im": 0.02230481428217343,
  "barnstaple englandreuter": 0.020743671983614993,
  "coterill is": 0.02230481428217343,
  "block": 0.01003738776941147,
  "who cares": 0.012736131304584782,
  "prefer homebrew": 0.02230481428217343,
  "accident": 0.010888363376272008,
  "chance you can": 0.01983046228066868,
  "losing": 0.011111541084930185,
  "my goodness": 0.020743671983614993,
  "on two years": 0.020743671983614993,
  "homebrew": 0.01918252968505656,
  "southwest": 0.014644459818970376,
  "backward": 0.01579496798060549,
  "lad deserved": 0.02230481428217343,
  "nick": 0.011430233792753833,
  "form but for": 0.02230481428217343,
  "ones natural born": 0.02230481428217343,
  "wales": 0.026477413741215556,
  "court in barnstaple": 0.020743671983614993,
  "pubbrew": 0.02230481428217343,
  "was told judge": 0.020743671983614993,
  "awarded the cash": 0.020743671983614993,
  "southwest england was": 0.020743671983614993,
  "started": 0.007347196782757684,
  "leg when": 0.020743671983614993,
  "bad form": 0.03836505937011312,
  "brawl bad": 0.02230481428217343,
  "newspaper fortuneguzzler barred": 0.020743671983614993,
  "insurance payment": 0.01918252968505656,
  "spends it recklessly": 0.02230481428217343,
  "chance you": 0.01918252968505656,
  "roberts had been": 0.020743671983614993,
  "give up motorcycling": 0.02230481428217343,
  "insurance": 0.009695755815960874,
  "cider a court": 0.020743671983614993,
  "thanyears was": 0.020743671983614993,
  "reed reed college": 0.018269319982110243,
  "david didnt know": 0.020743671983614993,
  "newspaper fortuneguzzler": 0.020743671983614993,
  "banned wednesday from": 0.020743671983614993,
  "a brawl": 0.03966092456133736,
  "prefer homebrew to": 0.02230481428217343,
  "form": 0.01525074895663391,
  "motorcycle accident": 0.01983046228066868,
  "brawl in a": 0.020743671983614993,
  "writes saw": 0.020743671983614993,
  "banned wednesday": 0.020743671983614993,
  "roberts had": 0.020743671983614993,
  "reed college": 0.017356110279163926,
  "ill admit": 0.01636099146772465,
  "this in todays": 0.020743671983614993,
  "a brawl bad": 0.02230481428217343,
  "barred": 0.03068601390957967,
  "if one spends": 0.02230481428217343,
  "motorcyclist said": 0.020743671983614993,
  "humanity matt block": 0.02230481428217343,
  "any chance": 0.01442979725184352,
  "swamped maybe": 0.02230481428217343,
  "koch": 0.018679954119033563,
  "accident he": 0.018679954119033563,
  "payment in less": 0.020743671983614993,
  "cider": 0.01918252968505656,
  "didnt": 0.005451927281825117,
  "onelegged": 0.020743671983614993,
  "for getting drunk": 0.02230481428217343,
  "had been awarded": 0.020743671983614993,
  "bars barnstaple": 0.020743671983614993,
  "ten": 0.009085677090430696,
  "southwest england": 0.020743671983614993,
  "years": 0.011103396447030161,
  "if i lost": 0.02230481428217343,
  "bars apr gmt": 0.02230481428217343,
  "no justice": 0.020743671983614993,
  "spending": 0.01073770068521338,
  "motorcyclist": 0.01579496798060549,
  "drunk away": 0.020743671983614993,
  "pub is": 0.020743671983614993,
  "the cash": 0.017922133766283085,
  "motorcycle accident he": 0.020743671983614993,
  "nick perhaps the": 0.02230481428217343,
  "prefer": 0.009189846049103568,
  "it recklessly": 0.02230481428217343,
  "moolah even": 0.02230481428217343,
  "to get swamped": 0.02230481428217343,
  "years ill": 0.02230481428217343,
  "less thanyears": 0.01636099146772465,
  "thanyears was banned": 0.020743671983614993,
  "in todays": 0.014362560848353247,
  "court": 0.008980034861886414,
  "pub is there": 0.02230481428217343,
  "convince": 0.01068532036502359,
  "awarded the": 0.01711881182047513,
  "barnstaple englandreuter a": 0.020743671983614993,
  "in southwest england": 0.020743671983614993,
  "up motorcycling": 0.02230481428217343,
  "still judge coterill": 0.02230481428217343,
  "assuming": 0.008980034861886414,
  "and for spending": 0.02230481428217343,
  "wales formonths": 0.020743671983614993,
  "apr": 0.0029590623610115754,
  "for ten": 0.016205602117528813,
  "cash in": 0.017356110279163926,
  "recklessly": 0.018679954119033563,
  "recklessly im ashamed": 0.02230481428217343,
  "two years probation": 0.020743671983614993,
  "spent virtually all": 0.020743671983614993,
  "thanyears": 0.014362560848353247,
  "i thought": 0.008044674980611063,
  "coterill": 0.041487343967229987,
  "it on cider": 0.020743671983614993,
  "barnstaple in southwest": 0.020743671983614993,
  "im ashamed": 0.02230481428217343,
  "david roberts had": 0.020743671983614993,
  "motorcycling assuming david": 0.02230481428217343,
  "malcolm": 0.012435384924799823,
  "probation": 0.01983046228066868,
  "in less thanyears": 0.018679954119033563,
  "cares what one": 0.02230481428217343,
  "leg in a": 0.01983046228066868,
  "motorcycle": 0.010559463476747787,
  "form horribly": 0.02230481428217343,
  "deserved something": 0.02230481428217343,
  "up motorcycling assuming": 0.02230481428217343,
  "spends it": 0.02230481428217343,
  "pubbrew but": 0.02230481428217343,
  "deserved": 0.013159672366528341,
  "away a insurance": 0.020743671983614993,
  "pub in england": 0.020743671983614993,
  "the lad": 0.02230481428217343,
  "didnt know": 0.011376818192264382,
  "apr gmt": 0.0033879559422276898,
  "reed college portland": 0.017356110279163926,
  "formonths and": 0.018679954119033563,
  "wales formonths and": 0.020743671983614993,
  "fortuneguzzler barred from": 0.03524277477299625,
  "cider a": 0.020743671983614993,
  "years ill admit": 0.02230481428217343,
  "block koch dod": 0.02230481428217343,
  "of humanity": 0.013405616717800847,
  "convince him his": 0.02230481428217343,
  "bars in": 0.01918252968505656,
  "drunk": 0.026987903314670526,
  "from bars barnstaple": 0.020743671983614993,
  "coterill is in": 0.02230481428217343,
  "spending his own": 0.02230481428217343,
  "banned roberts": 0.020743671983614993,
  "natural born": 0.02230481428217343,
  "virtually all of": 0.017922133766283085,
  "pub in": 0.01918252968505656,
  "englandreuter a": 0.020743671983614993,
  "swamped": 0.018679954119033563,
  "own moolah": 0.02230481428217343,
  "and wales david": 0.020743671983614993,
  "and wales formonths": 0.020743671983614993,
  "money": 0.006954273763987999,
  "a insurance payment": 0.020743671983614993,
  "gmt reed": 0.017356110279163926,
  "oregon": 0.011541022631021337,
  "ten years ill": 0.02230481428217343,
  "englandreuter a motorcyclist": 0.020743671983614993,
  "was backward nick": 0.02230481428217343,
  "losing a": 0.017621387386498124,
  "malcolm coterill": 0.020743671983614993,
  "college portland oregon": 0.018679954119033563,
  "ashamed of humanity": 0.02230481428217343,
  "was ones natural": 0.02230481428217343,
  "from bars apr": 0.020743671983614993,
  "his own money": 0.02230481428217343,
  "david didnt": 0.020743671983614993,
  "for spending": 0.01983046228066868,
  "was backward": 0.02230481428217343,
  "every pub": 0.020743671983614993,
  "pubbrew but still": 0.02230481428217343,
  "i lost": 0.014799849169166214,
  "probably prefer": 0.020743671983614993,
  "re fortuneguzzler": 0.017922133766283085,
  "judge malcolm": 0.020743671983614993,
  "born right": 0.02230481428217343,
  "starting a": 0.014499102789381253,
  "started a brawl": 0.020743671983614993,
  "lost my leg": 0.02230481428217343,
  "from all bars": 0.020743671983614993,
  "ill admit id": 0.02230481428217343,
  "admit id": 0.02230481428217343,
  "wednesday from every": 0.020743671983614993,
  "motorcycling assuming": 0.02230481428217343,
  "lad": 0.018679954119033563,