{
  "riders that": 0.022403881049915763,
  "nature of": 0.012014132292602845,
  "bikes holds a": 0.023435598882252058,
  "motorcycling": 0.10985171511729455,
  "dod cog chicago": 0.018876414482180668,
  "cruiser bikes hi": 0.022403881049915763,
  "a whole bunch": 0.01757660373468451,
  "declerck writes the": 0.022403881049915763,
  "opinion and": 0.014538633076993835,
  "cruiser": 0.033625957635016156,
  "beating": 0.013558846215729314,
  "trying to pigeonhole": 0.023435598882252058,
  "individuals": 0.021509332005174155,
  "the sportbike": 0.022403881049915763,
  "yet i ride": 0.022403881049915763,
  "is the nature": 0.018876414482180668,
  "motorcycling this is": 0.022403881049915763,
  "closedminded and": 0.02167186559838451,
  "nature of people": 0.023435598882252058,
  "of cruiser bikes": 0.044807762099831526,
  "ride anything": 0.022403881049915763,
  "cellular infrastructure": 0.015812870450816963,
  "with riders": 0.022403881049915763,
  "about motorcycling": 0.022403881049915763,
  "ama": 0.01293398467094139,
  "eddie yet i": 0.022403881049915763,
  "you find": 0.01293398467094139,
  "opinions": 0.006885247295644815,
  "svoboda im": 0.019097817477065224,
  "between the sportbike": 0.022403881049915763,
  "us careful": 0.023435598882252058,
  "difference is only": 0.022403881049915763,
  "cruiserbike riders have": 0.022403881049915763,
  "cog": 0.018876414482180668,
  "beating you": 0.019340337018552055,
  "closedminded and what": 0.023435598882252058,
  "article": 0.006018376748957851,
  "minds of certain": 0.022403881049915763,
  "chicago beth": 0.019340337018552055,
  "please quantify": 0.023435598882252058,
  "bruiser": 0.019097817477065224,
  "opinion and difference": 0.022403881049915763,
  "svoboda writes in": 0.020640147766048215,
  "tired": 0.012698938054831937,
  "bikes hi don": 0.022403881049915763,
  "ofconcoursmmmmmmmmmm": 0.019608429933711917,
  "no sportbike": 0.023435598882252058,
  "group thuapr": 0.019608429933711917,
  "bunch": 0.010186870706622168,
  "holds": 0.012625178419022134,
  "eddie yet": 0.022403881049915763,
  "ride anything but": 0.022403881049915763,
  "beauties": 0.022403881049915763,
  "article dan": 0.02931400923609909,
  "hi don eddie": 0.022403881049915763,
  "and difference": 0.022403881049915763,
  "street": 0.010200851671807003,
  "the sport": 0.01622640462256703,
  "your generalization": 0.02167186559838451,
  "motorcycling between": 0.022403881049915763,
  "i ride": 0.017844696649844373,
  "forum and on": 0.022403881049915763,
  "svoboda": 0.03466816838639536,
  "dave svoboda": 0.01867274347028872,
  "times with riders": 0.022403881049915763,
  "writes in article": 0.011090752593429707,
  "rider of": 0.023435598882252058,
  "edu breaths sender": 0.022403881049915763,
  "dan": 0.02038770317378251,
  "sport": 0.025746312747208205,
  "the sportbike riders": 0.022403881049915763,
  "inc cellular": 0.015877292354084877,
  "of what motorcycling": 0.022403881049915763,
  "sender nntppostinghost motorola": 0.015750039375523398,
  "closedminded individuals": 0.022403881049915763,
  "bike": 0.009752162374764665,
  "quantify your": 0.023435598882252058,
  "group thuapr gmt": 0.019608429933711917,
  "view exactly": 0.023435598882252058,
  "a veiw": 0.023435598882252058,
  "dod cog": 0.018876414482180668,
  "ding": 0.016909010186421172,
  "times": 0.007391419590418325,
  "sport bike": 0.019908132314516967,
  "no sportbike rider": 0.023435598882252058,
  "riders of cruiser": 0.022403881049915763,
  "street you find": 0.022403881049915763,
  "the difference": 0.01010456069678624,
  "ama dod cog": 0.018876414482180668,
  "view exactly is": 0.023435598882252058,
  "opinion": 0.008267646364126678,
  "rider": 0.027789752085469143,
  "thuapr gmt in": 0.009194966845740473,
  "in article david": 0.010586092502482242,
  "never learn ama": 0.019340337018552055,
  "infrastructure group": 0.015943387739334906,
  "rider of cruiser": 0.023435598882252058,
  "woops you": 0.019340337018552055,
  "veiw that of": 0.023435598882252058,
  "bike riders what": 0.022403881049915763,
  "sportbike riders and": 0.022403881049915763,
  "that difference": 0.020640147766048215,
  "single rider of": 0.023435598882252058,
  "beth": 0.01562884841117415,
  "sportbike rider could": 0.023435598882252058,
  "of sport bike": 0.022403881049915763,
  "single": 0.008297330127017168,
  "bruiser dixon": 0.019340337018552055,
  "whole bunch": 0.01733408419319768,
  "motorcycling times": 0.022403881049915763,
  "of the sport": 0.018876414482180668,
  "best motorcycling": 0.022403881049915763,
  "never learn": 0.018876414482180668,
  "times with": 0.018876414482180668,
  "ride": 0.010925867038422504,
  "article david": 0.010529634703562746,
  "motorcycling is slightly": 0.023435598882252058,
  "like and dislike": 0.0211040703024196,
  "bunch of": 0.010545638085006926,
  "ofconcoursmmmmmmmmmm beating": 0.019608429933711917,
  "sportbike": 0.044807762099831526,
  "cruiserbike riders": 0.044807762099831526,
  "forum and": 0.020640147766048215,
  "continuously on this": 0.022403881049915763,
  "quantify": 0.019340337018552055,
  "the street": 0.012996302788010845,
  "the nature": 0.013103682824882033,
  "david svoboda": 0.019340337018552055,
  "and what view": 0.023435598882252058,
  "article david svoboda": 0.019340337018552055,
  "difference of opinion": 0.019608429933711917,
  "minds of": 0.016812978817508078,
  "the opinions": 0.011040247160209439,
  "hold": 0.008884272960750906,
  "cruiserbike riders that": 0.022403881049915763,
  "beth bruiser dixon": 0.019340337018552055,
  "don": 0.011654777511823398,
  "daverzring ding": 0.019608429933711917,
  "veiw that": 0.023435598882252058,
  "the cruiserbike": 0.022403881049915763,
  "dave": 0.00912512176727155,
  "declerck": 0.04334373119676902,
  "inc cellular infrastructure": 0.015877292354084877,
  "on this forum": 0.019608429933711917,
  "riders what": 0.022403881049915763,
  "sender nntppostinghost": 0.00758697037438645,
  "individuals yes yes": 0.023435598882252058,
  "nntppostinghost": 0.004332760163553281,
  "david svoboda writes": 0.019608429933711917,
  "single rider": 0.023435598882252058,
  "svoboda writes": 0.019608429933711917,
  "people dave": 0.025199332166119602,
  "possibly hold": 0.023435598882252058,
  "riders of": 0.022403881049915763,
  "ding woops": 0.018876414482180668,
  "of cruiser": 0.044807762099831526,
  "writes the": 0.00896924009575933,
  "article dan j": 0.044807762099831526,
  "riders what they": 0.022403881049915763,
  "bikes holds": 0.023435598882252058,
  "motorcycling is to": 0.022403881049915763,
  "view of": 0.012028467706644208,
  "continuously on": 0.0211040703024196,
  "opinions of": 0.01361185915950245,
  "very best motorcycling": 0.022403881049915763,
  "gmt in": 0.004361559836002803,
  "to pigeonhole": 0.023435598882252058,
  "the cruiserbike riders": 0.022403881049915763,
  "every single": 0.01568872245038584,
  "chicago beth bruiser": 0.019340337018552055,
  "bruiser dixon ": 0.019608429933711917,
  "a different view": 0.01848417356658968,
  "generalization": 0.01733408419319768,
  "not closedminded": 0.022403881049915763,
  "those of sport": 0.022403881049915763,
  "thuapr": 0.006205668464754391,
  "rider could possibly": 0.023435598882252058,
  "yes motorcycling": 0.023435598882252058,
  "edu breaths": 0.022403881049915763,
  "motorola inc cellular": 0.015877292354084877,
  "people dave svoboda": 0.025199332166119602,
  "don eddie yet": 0.022403881049915763,
  "closedminded": 0.03981626462903393,
  "cruiser bikes": 0.044807762099831526,
  "in article dan": 0.02939543590961787,
  "riders and": 0.02167186559838451,
  "in article": 0.006545939705933346,
  "motorcycling this": 0.022403881049915763,
  "for us careful": 0.023435598882252058,
  "what motorcycling": 0.022403881049915763,
  "pigeonhole a": 0.023435598882252058,
  "and dislike": 0.02024790685045723,
  "generalization for us": 0.023435598882252058,
  "dislike": 0.01568872245038584,