{
  "fitted for a": 0.0330117952719578,
  "no way implies": 0.038385029229786836,
  "maintenanceworld": 0.035698412250872315,
  "laws": 0.02804139106028014,
  "maintenanceworld biostatwashingtonedu": 0.035698412250872315,
  "your primary concern": 0.0660235905439156,
  "and motorcycle": 0.03214689778624381,
  "spare": 0.019701767347596766,
  "intelligent": 0.018836869861882776,
  "article ed green": 0.029868654899026292,
  "ed green pixel": 0.027888710620863538,
  "helmets friapr gmt": 0.035698412250872315,
  "a big helmet": 0.0330117952719578,
  "carry": 0.030363453767446244,
  "friapr": 0.00857240588555991,
  "their size": 0.02909086150576214,
  "in article": 0.003323713571617319,
  "biostatwashingtonedu in article": 0.035698412250872315,
  "complying": 0.031440225085492046,
  "comply with intelligent": 0.035698412250872315,
  "head": 0.01338320588814274,
  "way implies": 0.038385029229786836,
  "way implies support": 0.038385029229786836,
  "concern is": 0.05354732765682955,
  "a crash": 0.027888710620863538,
  "your primary": 0.06168548366069527,
  "moseley microbiology sc": 0.03412684206440657,
  "small one so": 0.038385029229786836,
  "protecting the passenger": 0.0330117952719578,
  "concern is complying": 0.0330117952719578,
  "crash": 0.020061820630126598,
  "helmet but not": 0.0330117952719578,
  "complying with": 0.031440225085492046,
  "protecting": 0.020420963383935533,
  "pixel cruncher writes": 0.02909086150576214,
  "a real": 0.015114149124722727,
  "wa": 0.057047968226987066,
  "l": 0.013488723169579392,
  "fitted for": 0.0330117952719578,
  "laws carry a": 0.0330117952719578,
  "such support": 0.038385029229786836,
  "a big": 0.030970965915628465,
  "with stupid": 0.0330117952719578,
  "real": 0.009820685351777495,
  "law nor": 0.03412684206440657,
  "article": 0.00305584245780418,
  "of a crash": 0.0330117952719578,
  "implies support": 0.038385029229786836,
  "article ed": 0.023991339048762383,
  "real big": 0.029460280807329292,
  "be inferred": 0.03412684206440657,
  "re observation": 0.029868654899026292,
  "l moseley microbiology": 0.03412684206440657,
  "stupid": 0.014954776074608492,
  "big": 0.03242521038277372,
  "size": 0.014145382673292751,
  "university of": 0.0061201597231709415,
  "her fitted": 0.0330117952719578,
  "any helmet law": 0.038385029229786836,
  "microbial pathogenesis and": 0.03412684206440657,
  "laws carry": 0.0330117952719578,
  "microbiology sc": 0.03412684206440657,
  "motorcycle maintenanceworld": 0.035698412250872315,
  "phone university of": 0.027888710620863538,
  "small head in": 0.0330117952719578,
  "moseley": 0.03214689778624381,
  "seattle": 0.018366478943261582,
  "passenger in": 0.031440225085492046,
  "law": 0.01146622665720608,
  "steve steve l": 0.03412684206440657,
  "motorcycle maintenanceworld biostatwashingtonedu": 0.035698412250872315,
  "for any helmet": 0.038385029229786836,
  "comply with": 0.027638561314128764,
  "event of": 0.026584554664967362,
  "university": 0.0037835509807481265,
  "steve steve": 0.02575674807466481,
  "comment": 0.015270380611110685,
  "support for any": 0.038385029229786836,
  "and motorcycle maintenanceworld": 0.035698412250872315,
  "of washington": 0.02077535953106589,
  "carry if": 0.03412684206440657,
  "gmt microbial pathogenesis": 0.03412684206440657,
  "green pixel cruncher": 0.027638561314128764,
  "is protecting": 0.030325178293043282,
  "in the event": 0.02520209364194902,
  "helmet": 0.10387679765532944,
  "helmet that is": 0.03214689778624381,
  "crash have": 0.0330117952719578,
  "cruncher": 0.027638561314128764,
  "head in": 0.027638561314128764,
  "gmt": 0.0006373250545219859,
  "microbial pathogenesis": 0.03412684206440657,
  "implies support for": 0.038385029229786836,
  "steve l moseley": 0.0330117952719578,
  "moseley microbiology": 0.03412684206440657,
  "cruncher writes": 0.02909086150576214,
  "head in a": 0.031440225085492046,
  "phone university": 0.027638561314128764,
  "put a big": 0.031440225085492046,
  "law nor should": 0.038385029229786836,
  "any helmet": 0.038385029229786836,
  "motorcycle": 0.018172099936728747,
  "washington": 0.013837433771881055,
  "i carry": 0.030325178293043282,
  "a helmet": 0.02575674807466481,
  "with intelligent": 0.035698412250872315,
  "is their size": 0.0330117952719578,
  "promise steve": 0.038385029229786836,
  "pixel": 0.01982885968411999,
  "maintenanceworld biostatwashingtonedu in": 0.035698412250872315,
  "primary concern is": 0.06288045017098409,
  "size if": 0.030325178293043282,
  "primary concern": 0.06288045017098409,
  "gmt microbial": 0.03412684206440657,
  "university of washington": 0.021304722069847865,
  "spare you": 0.031440225085492046,
  "support be inferred": 0.038385029229786836,
  "writes": 0.002480718157142304,
  "steve": 0.02550351413104995,
  "event": 0.015803633464746326,
  "observation": 0.01963975052067258,
  "or small head": 0.0330117952719578,
  "helmets": 0.02495194433521425,
  "fax seattle": 0.0330117952719578,
  "big spare": 0.0330117952719578,
  "should such support": 0.038385029229786836,
  "big or": 0.0330117952719578,
  "sc": 0.02027328956132983,
  "or small": 0.029868654899026292,
  "carry if i": 0.035698412250872315,
  "inferred a promise": 0.038385029229786836,
  "pathogenesis and": 0.03412684206440657,
  "fax": 0.01178519235749458,
  "want to comply": 0.035698412250872315,
  "with intelligent helmet": 0.035698412250872315,
  "comment in no": 0.038385029229786836,
  "big spare you": 0.0330117952719578,
  "a promise": 0.053169109329934724,
  "biostatwashingtonedu in": 0.035698412250872315,
  "pixel cruncher": 0.027638561314128764,
  "the passenger": 0.02697247504697117,
  "helmet that": 0.030842741830347634,
  "fitted": 0.02606699112766301,
  "stupid helmet laws": 0.0330117952719578,
  "size if your": 0.0330117952719578,
  "support for": 0.018547843910342046,
  "observation re helmets": 0.030325178293043282,
  "cruncher writes if": 0.038385029229786836,
  "real big spare": 0.0330117952719578,
  "complying with stupid": 0.0330117952719578,
  "comply": 0.02606699112766301,
  "laws the above": 0.038385029229786836,
  "helmet laws the": 0.038385029229786836,
  "a small": 0.014731701343687727,
  "for a helmet": 0.0330117952719578,
  "with stupid helmet": 0.0330117952719578,
  "comment in": 0.031440225085492046,
  "sc phone university": 0.03412684206440657,
  "event of a": 0.028443365053579323,
  "observation re": 0.029460280807329292,
  "or her fitted": 0.0330117952719578,
  "seattle wa": 0.0427045611365315,
  "big helmet": 0.0330117952719578,
  "pathogenesis": 0.03214689778624381,
  "inferred a": 0.038385029229786836,
  "microbial": 0.030842741830347634,
  "above comment": 0.0330117952719578,
  "of washington fax": 0.03412684206440657,
  "carry a": 0.022782890893604083,
  "microbiology sc phone": 0.03412684206440657,
  "protecting the": 0.02520209364194902,
  "implies": 0.020096273914689565,
  "in a small": 0.02449542094119726,
  "helmet laws carry": 0.0330117952719578,
  "writes if your": 0.038385029229786836,
  "washington fax seattle": 0.03412684206440657,
  "friapr gmt microbial": 0.03412684206440657,
  "the above comment": 0.03412684206440657,
  "l moseley": 0.0330117952719578,
  "is complying": 0.0330117952719578,
  "helmet law nor": 0.038385029229786836,
  "support": 0.02088369988125654,
  "friapr gmt": 0.008920292951200918,
  "should i carry": 0.035698412250872315,
  "microbiology": 0.027638561314128764,
  "green": 0.016112923840096313,
  "passenger": 0.02159924108914214,
  "biostatwashingtonedu": 0.035698412250872315,
  "concern is protecting": 0.0330117952719578,
  "to comply": 0.027403582159801498,
  "carry a real": 0.0330117952719578,
  "pathogenesis and motorcycle": 0.03412684206440657,
  "steve l": 0.031440225085492046,
  "big or small": 0.0330117952719578,
  "intelligent helmet laws": 0.035698412250872315,
  "inferred": 0.02909086150576214,
  "fax seattle wa": 0.0330117952719578,
  "promise": 0.03857429345835502,