{
  "wrecked bmw": 0.10105446470698982,
  "engineering nashville": 0.08119823869622132,
  "school": 0.03357095227454534,
  "of engineering": 0.05437374043654714,
  "wrecked bmw originator": 0.10105446470698982,
  "voice mail": 0.07658614559680237,
  "school of": 0.043269153685194454,
  "whole bike email": 0.10105446470698982,
  "necs vanderbilt": 0.10105446470698982,
  "motor but will": 0.10105446470698982,
  "nntppostinghost necs vanderbilt": 0.10105446470698982,
  "gmt": 0.001677855755782371,
  "tn usa na": 0.10105446470698982,
  "wreckedor later": 0.10105446470698982,
  "vanderbilt university school": 0.08119823869622132,
  "gmt do you": 0.08463162886582552,
  "usa na tueapr": 0.08984413523078462,
  "tueapr": 0.023049967140086093,
  "university": 0.009960777071765474,
  "engineering": 0.03164227324449686,
  "nashville tn": 0.07569827440303063,
  "or phone voice": 0.10105446470698982,
  "phone": 0.02988631255367304,
  "originator": 0.038557695412151,
  "a motor": 0.07342129938962033,
  "usa na": 0.07412530828234433,
  "university school of": 0.06477540285505702,
  "or or phone": 0.09398153429311283,
  "or phone": 0.06905962576893727,
  "necs": 0.07983567346535884,
  "motor but": 0.08984413523078462,
  "na tueapr": 0.054062932196907255,
  "rid": 0.04724834676246179,
  "originator sender nntppostinghost": 0.06244028476904838,
  "have a wreckedor": 0.10105446470698982,
  "originator sender": 0.043093519717019746,
  "gmt do": 0.07569827440303063,
  "mail home": 0.08277120481690763,
  "buy a whole": 0.10105446470698982,
  "need a motor": 0.10105446470698982,
  "mail": 0.030700688794403276,
  "tn": 0.06568981263760486,
  "motor": 0.05062954202730304,
  "buy": 0.030711032517167013,
  "whole bike": 0.09398153429311283,
  "email replies to": 0.08277120481690763,
  "usa": 0.023674387928384093,
  "na tueapr gmt": 0.054062932196907255,
  "email replies": 0.06669430317651559,
  "bike email replies": 0.10105446470698982,
  "phone voice": 0.08984413523078462,
  "sender nntppostinghost necs": 0.10105446470698982,
  "bmw": 0.04634740179158752,
  "a whole bike": 0.10105446470698982,
  "rid of": 0.04800857663284874,
  "they are interested": 0.09398153429311283,
  "sender": 0.0066770769971083235,
  "bmw originator sender": 0.10105446470698982,
  "replies to or": 0.08690860387923584,
  "engineering nashville tn": 0.08119823869622132,
  "nntppostinghost": 0.017375252492616726,
  "nashville tn usa": 0.08119823869622132,
  "interested in": 0.03320768358428802,
  "are interested": 0.04767580535133077,
  "university school": 0.06420836355755896,
  "sender nntppostinghost": 0.030425299562590557,
  "bmw originator": 0.10105446470698982,
  "replies": 0.0460639368517194,
  "school of engineering": 0.06951321518292537,
  "mail home ": 0.10105446470698982,
  "rid of i": 0.09398153429311283,
  "phone voice mail": 0.10105446470698982,
  "replies to": 0.05962137276263861,
  "wreckedor": 0.10105446470698982,
  "voice": 0.036556829051371635,
  "of engineering nashville": 0.08119823869622132,
  "necs vanderbilt university": 0.10105446470698982,
  "in getting rid": 0.10105446470698982,
  "bike": 0.03910816136002564,
  "email": 0.021315692933474652,
  "vanderbilt": 0.07983567346535884,
  "will buy": 0.06742347627837422,
  "interested in getting": 0.06951321518292537,
  "but will buy": 0.10105446470698982,
  "buy a": 0.043777647294866655,
  "a wreckedor": 0.10105446470698982,
  "voice mail home": 0.10105446470698982,
  "nntppostinghost necs": 0.10105446470698982,
  "interested": 0.029123292857440468,
  "getting rid": 0.06669430317651559,
  "tueapr gmt": 0.02394805685555867,
  "bike email": 0.10105446470698982,
  "tueapr gmt do": 0.09398153429311283,
  "vanderbilt university": 0.07983567346535884,
  "wreckedor later anything": 0.10105446470698982,
  "nashville": 0.07214412446151823,
  "tn usa": 0.08119823869622132,
  "wrecked": 0.07100916900120981
}