{
  "to experience": 0.013811925153787458,
  "force of the": 0.016239647739244266,
  "nippers while": 0.020210892941397968,
  "chewing target": 0.020210892941397968,
  "leg": 0.023080988976472018,
  "neighborhood thats": 0.020210892941397968,
  "life": 0.005616024647714833,
  "the street": 0.010423565297322985,
  "the neighborhood": 0.01409715360761431,
  "appeared": 0.009705802172390919,
  "boom dog": 0.014428824892303647,
  "good enuff": 0.020210892941397968,
  "leg between the": 0.020210892941397968,
  "dog darted out": 0.020210892941397968,
  "hp corporate": 0.014201833800241965,
  "dog chasing me": 0.020210892941397968,
  "easier": 0.00852344855856695,
  "but the bike": 0.018796306858622568,
  "def": 0.015139654880606129,
  "to a child": 0.01655424096338153,
  "good as": 0.010655523090124049,
  "my trump": 0.020210892941397968,
  "isnt worth": 0.01551173969038971,
  "horn not": 0.020210892941397968,
  "compared": 0.008516811751655976,
  "pairs": 0.012787247717466567,
  "didnt have to": 0.01356171633319086,
  "kill": 0.014825914732353894,
  "a persistent": 0.014976302415966258,
  "the smaller nippers": 0.020210892941397968,
  "suddenly": 0.010125908405460609,
  "eye out for": 0.01738172077584717,
  "be easier": 0.014201833800241965,
  "worth much imho": 0.020210892941397968,
  "a head": 0.013410475573693468,
  "menace running about": 0.020210892941397968,
  "guards id def": 0.020210892941397968,
  "packs ive": 0.020210892941397968,
  "loud oem horn": 0.020210892941397968,
  "wouldnt be adverse": 0.020210892941397968,
  "the hp": 0.012147130250415462,
  "quiet intersection": 0.020210892941397968,
  "intersection": 0.013075163224119434,
  "injury any": 0.020210892941397968,
  "large and": 0.01333886063530312,
  "cross the street": 0.020210892941397968,
  "head injury any": 0.020210892941397968,
  "right in front": 0.016926325773165107,
  "dog attack": 0.014552548610296371,
  "street keep an": 0.020210892941397968,
  "chewing target for": 0.020210892941397968,
  "trouble getting": 0.015726761150915886,
  "dog in": 0.016239647739244266,
  "child riding": 0.020210892941397968,
  "dog decides to": 0.020210892941397968,
  "a child riding": 0.020210892941397968,
  "leg chewing": 0.020210892941397968,
  "henceforth": 0.015317229119360476,
  "graeme harrison dod": 0.020210892941397968,
  "decides to": 0.012955080571011407,
  "a child": 0.010636713589909919,
  "scottish": 0.016926325773165107,
  "running about unleashed": 0.020210892941397968,
  "engine": 0.008483947654581325,
  "eye out": 0.01655424096338153,
  "a dog darted": 0.020210892941397968,
  "enough distance": 0.018796306858622568,
  "and heavy": 0.015139654880606129,
  "be easier leg": 0.020210892941397968,
  "quiet intersection right": 0.020210892941397968,
  "easier leg chewing": 0.020210892941397968,
  "as thatd": 0.020210892941397968,
  "horn not as": 0.020210892941397968,
  "unleashed": 0.015726761150915886,
  "thatd": 0.014825061656468868,
  "yet to experience": 0.020210892941397968,
  "server several years": 0.020210892941397968,
  "darted out": 0.020210892941397968,
  "enuff": 0.01596713469307177,
  "bikers despite complaints": 0.020210892941397968,
  "head": 0.007046667590083321,
  "owner i": 0.014976302415966258,
  "monapr": 0.0053355302995178495,
  "didnt": 0.004940113700266024,
  "smaller nippers while": 0.020210892941397968,
  "persistent dog": 0.020210892941397968,
  "public menace running": 0.020210892941397968,
  "with my truck": 0.020210892941397968,
  "menace": 0.015317229119360476,
  "neighborhood thats vicious": 0.020210892941397968,
  "years": 0.0050305183902871345,
  "force of": 0.01333886063530312,
  "bike": 0.015643264544010257,
  "while driving": 0.01364175860493225,
  "owner i wouldnt": 0.020210892941397968,
  "knocked": 0.010853816454315166,
  "ground by said": 0.020210892941397968,
  "said dog": 0.01738172077584717,
  "worth much": 0.016926325773165107,
  "server": 0.007898472080584086,
  "that scottish terrier": 0.020210892941397968,
  "front": 0.014514074822975481,
  "black which has": 0.020210892941397968,
  "notes server several": 0.020210892941397968,
  "notes": 0.009347607269686928,
  "front of": 0.00920348978557682,
  "at a quiet": 0.020210892941397968,
  "fiamms": 0.01796882704615693,
  "for a dog": 0.01796882704615693,
  "def feel": 0.020210892941397968,
  "distance": 0.009682208657286683,
  "experience": 0.0067810171510205184,
  "vicious or": 0.020210892941397968,
  "saddlebags": 0.01596713469307177,
  "dog henceforth": 0.020210892941397968,
  "like to travel": 0.020210892941397968,
  "candidate graeme harrison": 0.020210892941397968,
  "fiamms but": 0.018796306858622568,
  "adverse": 0.014201833800241965,
  "graeme harrison": 0.016239647739244266,
  "chasing": 0.014201833800241965,
  "dog and dies": 0.020210892941397968,
  "easier leg": 0.020210892941397968,
  "complaints": 0.010509688469752325,
  "many dogs": 0.020210892941397968,
  "good": 0.006596166471307773,
  "getting my leg": 0.020210892941397968,
  "years ago": 0.008082730951343474,
  "cage": 0.010917266632009108,
  "terrier apparently it": 0.020210892941397968,
  "dog suddenly appeared": 0.020210892941397968,
  "kill candidate graeme": 0.020210892941397968,
  "corporate": 0.010563162699127883,
  "chewing": 0.014976302415966258,
  "to the owner": 0.01596713469307177,
  "imho": 0.00885472884482104,
  "dog darted": 0.020210892941397968,
  "game as": 0.014976302415966258,
  "dog suddenly": 0.020210892941397968,
  "to running": 0.015726761150915886,
  "packs": 0.014684259877924068,
  "black which": 0.020210892941397968,
  "enough to kill": 0.01796882704615693,
  "a dog decides": 0.020210892941397968,
  "is large": 0.01596713469307177,
  "to cross": 0.01356171633319086,
  "pretty loud oem": 0.020210892941397968,
  "distance between us": 0.020210892941397968,
  "force": 0.007207603457251319,
  "oem horn": 0.020210892941397968,
  "knocked to": 0.020210892941397968,
  "oem": 0.014312175068140486,
  "bumper and": 0.01738172077584717,
  "the dog": 0.01244219398268303,
  "nippers": 0.020210892941397968,
  "ago while driving": 0.020210892941397968,
  "attack the": 0.013484695255674846,
  "suddenly appeared": 0.020210892941397968,
  "collided with my": 0.020210892941397968,
  "monapr gmt re": 0.014428824892303647,
  "as road": 0.018796306858622568,
  "the saddlebags": 0.020210892941397968,
  "road": 0.007432338483599921,
  "right front": 0.016926325773165107,
  "terrier": 0.020210892941397968,
  "eye": 0.009439230371539768,
  "dog": 0.10215301512926718,
  "notes server": 0.014201833800241965,
  "running": 0.018693130868201034,
  "distance between": 0.014552548610296371,
  "a cage": 0.01364175860493225,
  "and engine": 0.01796882704615693,
  "and dies": 0.016926325773165107,
  "scottish terrier": 0.020210892941397968,
  "impact was": 0.020210892941397968,
  "intersection right in": 0.020210892941397968,
  "public menace": 0.020210892941397968,
  "larger ones would": 0.020210892941397968,
  "attack": 0.008082730951343474,
  "id def": 0.020210892941397968,
  "riding a": 0.014684259877924068,
  "dies": 0.012268402537090564,
  "public": 0.0054457941244289215,
  "years ago while": 0.01738172077584717,
  "saddlebags and engine": 0.020210892941397968,
  "trouble getting my": 0.020210892941397968,
  "the ground": 0.00915762681445017,
  "dog chasing": 0.018796306858622568,
  "have trouble": 0.01273423652072522,
  "vicious or a": 0.020210892941397968,
  "in front": 0.009317958084864665,
  "to kill": 0.00913956637510939,
  "target for those": 0.020210892941397968,
  "truck as": 0.018796306858622568,
  "gets knocked": 0.01738172077584717,
  "trump": 0.015726761150915886,
  "as fiamms": 0.020210892941397968,
  "be adverse": 0.020210892941397968,
  "dog attack the": 0.018796306858622568,
  "collided with": 0.01738172077584717,
  "bike is": 0.012534974337941715,
  "heavy enough": 0.01738172077584717,
  "ago": 0.005847819546607798,
  "theres a persistent": 0.020210892941397968,
  "slow": 0.008470948780529328,