{
  "weve found was": 0.03085885210204751,
  "ive": 0.022574939193793362,
  "group": 0.0093103664696642,
  "with ease": 0.03005036097409747,
  "you ive ridden": 0.035881657758279,
  "style": 0.016889820747193335,
  "bikes are": 0.02606988166732896,
  "bikes out": 0.033370254930163254,
  "w i": 0.02792069914474197,
  "low": 0.012470541177287266,
  "in this group": 0.020238584883147434,
  "s are": 0.025027555317865983,
  "only thing weve": 0.03085885210204751,
  "ridden": 0.05317672596973526,
  "money does": 0.031901178451510484,
  "bean writes help": 0.031901178451510484,
  "my hawk gt": 0.029389775623394742,
  "md": 0.015085306627194813,
  "are low slung": 0.035881657758279,
  "in recmotorcycles gregory": 0.035881657758279,
  "what style": 0.035881657758279,
  "many short": 0.033370254930163254,
  "friend": 0.01292214423963247,
  "mind": 0.010967655541283466,
  "real short": 0.03085885210204751,
  "ease most cruisers": 0.035881657758279,
  "nswc bethesda": 0.023940219837973457,
  "nswc carderock division": 0.029389775623394742,
  "a seat": 0.03005036097409747,
  "thread in this": 0.033370254930163254,
  "speak for": 0.015096975521035547,
  "gmt richard sturges": 0.029389775623394742,
  "slung": 0.031901178451510484,
  "months ago": 0.01926945674860301,
  "rich": 0.01597926122443643,
  "hawk gt with": 0.035881657758279,
  "or my hawk": 0.035881657758279,
  "great unfortunately": 0.03085885210204751,
  "and unhappylooking": 0.03085885210204751,
  "point similar": 0.031901178451510484,
  "low slung": 0.035881657758279,
  "point seriously": 0.035881657758279,
  "gregory bean writes": 0.031901178451510484,
  "her first motorcycle": 0.03085885210204751,
  "great unfortunately she": 0.03085885210204751,
  "ridden and mind": 0.035881657758279,
  "real": 0.009180205872313746,
  "unhappylooking i had": 0.035881657758279,
  "carderock division": 0.04736262109636615,
  "passing through": 0.025027555317865983,
  "with a point": 0.031901178451510484,
  "writes": 0.002318932190372154,
  "rides": 0.02185556713904751,
  "great so": 0.026878372795278993,
  "passing through several": 0.031901178451510484,
  "bikes out there": 0.033370254930163254,
  "are many short": 0.035881657758279,
  "most a seat": 0.03085885210204751,
  "md in recmotorcycles": 0.031901178451510484,
  "mistaken": 0.019577999532444705,
  "no thread": 0.035881657758279,
  "had a point": 0.033370254930163254,
  "that list": 0.023940219837973457,
  "s": 0.009984703877157787,
  "bethesda md": 0.022999961883317353,
  "division": 0.025717155800635164,
  "w i speak": 0.03005036097409747,
  "bike and": 0.022170825751328775,
  "seat this is": 0.029389775623394742,
  "unhappylooking i": 0.033370254930163254,
  "low slung s": 0.035881657758279,
  "gmt richard": 0.02606988166732896,
  "gt": 0.019306617981092827,
  "bethesda": 0.02251615248975024,
  "division nswc bethesda": 0.023940219837973457,
  "a thread": 0.024076960156751887,
  "in recmotorcycles": 0.025616392018944882,
  "apr": 0.004760230754670795,
  "listen to": 0.017231315450983876,
  "style bike": 0.035881657758279,
  "this is great": 0.02753895814598173,
  "cruisers are low": 0.035881657758279,
  "w": 0.011653003381951046,
  "is great": 0.021362334623378738,
  "style bike and": 0.035881657758279,
  "thing weve": 0.03085885210204751,
  "sturges carderock": 0.03085885210204751,
  "too rich": 0.035881657758279,
  "short": 0.037445644108045795,
  "h": 0.013438159964421489,
  "h nswc": 0.03005036097409747,
  "h nswc carderock": 0.03005036097409747,
  "sturges": 0.057662517334997755,
  "thought": 0.009742149011354563,
  "and thought": 0.023213152100791747,
  "carderock": 0.04711695767842643,
  "bikes i": 0.028831258667498878,
  "bike": 0.027772462415090675,
  "help ive": 0.028831258667498878,
  "bean": 0.023681310548183076,
  "thought it": 0.01727369240664761,
  "ive ridden many": 0.035881657758279,
  "short too": 0.033370254930163254,
  "is not great": 0.03005036097409747,
  "are real": 0.022897893488510485,
  "be mistaken": 0.02583604644581602,
  "ive got": 0.016795215152977085,
  "ease": 0.021107971367316243,
  "richard sturges carderock": 0.03085885210204751,
  "this passing": 0.03085885210204751,
  "motorcycle": 0.016986962984333397,
  "thread with a": 0.031901178451510484,
  "list you": 0.025409296316626223,
  "to remember": 0.018135861381645257,
  "real short too": 0.035881657758279,
  "must be mistaken": 0.035881657758279,
  "point similar to": 0.031901178451510484,
  "bikes": 0.05268577973844233,
  "the best bike": 0.035881657758279,
  "and listen": 0.025213400587386095,
  "nswc": 0.045999923766634705,
  "remember a": 0.021780859576718756,
  "sturges h": 0.03005036097409747,
  "weve": 0.016372617675709834,
  "ease most": 0.035881657758279,
  "and rides": 0.03005036097409747,
  "mind you ive": 0.035881657758279,
  "got a friend": 0.03085885210204751,
  "months": 0.013372215382367696,
  "ive ever ridden": 0.035881657758279,
  "much money": 0.022897893488510485,
  "gregory": 0.020757066200686108,
  "speak for no": 0.027193631407560263,
  "are real short": 0.035881657758279,
  "shopping for": 0.02658836298486763,
  "listen": 0.015452836492577018,
  "keep that list": 0.031901178451510484,
  "gmt": 0.0005957603770531608,
  "most cruisers": 0.035881657758279,
  "ridden many bikes": 0.035881657758279,
  "listen to the": 0.023940219837973457,
  "mind you": 0.021169907720067334,
  "seat this": 0.028831258667498878,
  "too rich sturges": 0.035881657758279,
  "bikes i seem": 0.035881657758279,
  "this group": 0.015004659994582704,
  "thought it was": 0.019306617981092827,
  "seat": 0.018190346444560263,
  "are short": 0.028347449273931763,
  "ive got a": 0.02043716545015829,
  "short apr gmt": 0.033370254930163254,
  "else and listen": 0.03005036097409747,
  "short apr": 0.033370254930163254,
  "short bikes": 0.035881657758279,
  "recmotorcycles": 0.02014323231678014,
  "s are real": 0.035881657758279,
  "rich sturges": 0.029389775623394742,
  "bean writes": 0.031901178451510484,
  "not great": 0.025409296316626223,
  "help which bikes": 0.03005036097409747,
  "writes help": 0.02753895814598173,
  "and mind": 0.028347449273931763,
  "sturges h nswc": 0.03005036097409747,
  "remember": 0.010097621004317166,
  "my hawk": 0.02792069914474197,
  "slung s": 0.035881657758279,
  "gt with ease": 0.035881657758279,
  "several months ago": 0.02792069914474197,
  "is and rides": 0.035881657758279,
  "best bike": 0.035881657758279,
  "bike ive ever": 0.035881657758279,
  "i speak": 0.01635603554879892,
  "ever ridden": 0.035881657758279,
  "rides her or": 0.035881657758279,
  "apr gmt": 0.005450189994018457,
  "how much money": 0.02606988166732896,
  "gt with": 0.03085885210204751,
  "recmotorcycles gregory bean": 0.035881657758279,
  "weve found": 0.027193631407560263,
  "ago did": 0.03085885210204751,
  "ridden many": 0.035881657758279,
  "short bikes out": 0.035881657758279,
  "hawk gt": 0.024076960156751887,
  "motorcycle this is": 0.03005036097409747,
  "thread in": 0.02583604644581602,
  "remember a thread": 0.03005036097409747,
  "there what style": 0.035881657758279,
  "passing": 0.017751417519346172,
  "rich sturges h": 0.03005036097409747,
  "several months": 0.022339376532614617,
  "friend shopping for": 0.03085885210204751,
  "shopping": 0.022254121107215363,
  "nswc bethesda md": 0.023940219837973457,
  "division w": 0.029389775623394742,
  "division nswc": 0.023808453011267387,
  "are low": 0.02792069914474197,
  "unhappylooking": 0.03085885210204751,
  "first motorcycle": 0.029389775623394742,
  "point": 0.01577946449055834,
  "writes help ive": 0.031901178451510484,
  "bikes are short": 0.03005036097409747,
  "which bikes": 0.03005036097409747,
  "best bike ive": 0.035881657758279,
  "a and thought": 0.035881657758279,
  "list": 0.010608418890684968,
  "apr gmt richard": 0.028831258667498878,
  "money": 0.011187309968154608,
  "a friend": 0.014805168048267387,
  "a point": 0.03611127982215129,
  "md in": 0.025616392018944882,