{
  "free of": 0.0233834704954668,
  "dod kv": 0.028857649784607295,
  "the ground": 0.01831525362890034,
  "ontario hydro research": 0.029952604831932517,
  "send it": 0.02269196783441355,
  "to be inspected": 0.040421785882795935,
  "head otherwise that": 0.040421785882795935,
  "re observation": 0.03145352230183177,
  "behanna writes": 0.027623850307574915,
  "writes do": 0.025910161142022815,
  "article chris": 0.02269196783441355,
  "observation re helmets": 0.03193426938614354,
  "chris behanna writes": 0.027623850307574915,
  "seat where": 0.03476344155169434,
  "chris": 0.015926214952342258,
  "gmt": 0.0006711423023129486,
  "chris behanna": 0.024454345044313704,
  "pf ride": 0.028857649784607295,
  "of fall": 0.03476344155169434,
  "dont": 0.004973869708803941,
  "levine dod kv": 0.028857649784607295,
  "ground": 0.015926214952342258,
  "kind of fall": 0.037592613717245135,
  "inside": 0.015308591210534283,
  "hydro research division": 0.029952604831932517,
  "go boom": 0.033852651546330215,
  "helmets ontario": 0.037592613717245135,
  "what the helmet": 0.037592613717245135,
  "kind": 0.011241656909092231,
  "directly on my": 0.040421785882795935,
  "boom true": 0.040421785882795935,
  "your helmet": 0.029952604831932517,
  "dod kv got": 0.028857649784607295,
  "to compress": 0.030279309761212257,
  "dont be": 0.023080988976472018,
  "free": 0.01145219873742943,
  "helmet is": 0.03102347938077942,
  "leave your": 0.02799516368800645,
  "leave": 0.014485581634643481,
  "designed to": 0.01889933870498472,
  "my head": 0.022193589480124162,
  "ontario canada": 0.021426029351540733,
  "ive bike like": 0.028857649784607295,
  "shell": 0.038452087268528924,
  "the liner": 0.03476344155169434,
  "lot": 0.01008753316113144,
  "gmt in article": 0.007428607887749503,
  "research division": 0.029105097220592742,
  "seat": 0.040983964234274556,
  "ontario canada ": 0.02667772127060624,
  "and go boom": 0.03476344155169434,
  "re helmets ontario": 0.040421785882795935,
  "lump inside to": 0.040421785882795935,
  "otherwise that kind": 0.040421785882795935,
  "levine dod": 0.028857649784607295,
  "directly on": 0.029650123312937735,
  "is designed": 0.023023092507117093,
  "can always send": 0.040421785882795935,
  "ride it": 0.02745013759566146,
  "drop off the": 0.03310848192676306,
  "research division usa": 0.040421785882795935,
  "fall is": 0.033852651546330215,
  "usa": 0.00946975517135364,
  "shell i doubt": 0.040421785882795935,
  "a drop": 0.030279309761212257,
  "kv": 0.02819430721522862,
  "be so stupid": 0.03476344155169434,
  "the seat": 0.052300652896477735,
  "toronto": 0.015334727688229004,
  "leave your helmet": 0.03476344155169434,
  "if your head": 0.040421785882795935,
  "as to leave": 0.03310848192676306,
  "pf": 0.02712343266638172,
  "compress": 0.025165991522455654,
  "drop": 0.017525982637143035,
  "dod": 0.014158330704071633,
  "shell is": 0.030634458238720953,
  "fall is what": 0.037592613717245135,
  "if its free": 0.03593765409231386,
  "stupid as": 0.029105097220592742,
  "designed": 0.01611224559926601,
  "on the seat": 0.03102347938077942,
  "helmets": 0.026275925055041945,
  "ontario hydro": 0.029105097220592742,
  "lump": 0.030634458238720953,
  "seat enough to": 0.040421785882795935,
  "lump inside": 0.040421785882795935,
  "less energy": 0.03476344155169434,
  "true enough": 0.03102347938077942,
  "ride it toronto": 0.028857649784607295,
  "it can fall": 0.037592613717245135,
  "against the shell": 0.040421785882795935,
  "on my head": 0.037592613717245135,
  "jody": 0.024454345044313704,
  "energy if": 0.03593765409231386,
  "seat where it": 0.03476344155169434,
  "ive": 0.008477120023791794,
  "helmets ontario hydro": 0.037592613717245135,
  "canada": 0.013320251867177417,
  "friapr": 0.009027268238671253,
  "send": 0.011985185317024572,
  "its free": 0.02799516368800645,
  "ground if": 0.03247929547848853,
  "be inspected ive": 0.040421785882795935,
  "that kind": 0.021921379788292845,
  "behanna writes do": 0.040421785882795935,
  "writes do i": 0.040421785882795935,
  "the helmet": 0.05771529956921459,
  "liner": 0.028857649784607295,
  "boom": 0.024065323902255235,
  "friapr gmt": 0.009393614617999336,
  "gmt in": 0.006996298022649394,
  "to leave": 0.019411604344781837,
  "in article": 0.003500073883580687,
  "shell i": 0.033852651546330215,
  "toronto ontario canada": 0.02712343266638172,
  "head": 0.028186670360333285,
  "kind of": 0.012272013100662412,
  "compress the": 0.03310848192676306,
  "you pf": 0.028857649784607295,
  "helmet has": 0.040421785882795935,
  "ontario": 0.036103662187289894,
  "free of spooge": 0.040421785882795935,
  "lot less energy": 0.040421785882795935,
  "or directly": 0.030634458238720953,
  "doubt it": 0.023642708886170174,
  "pf ride it": 0.028857649784607295,
  "seat enough": 0.040421785882795935,
  "observation re": 0.03102347938077942,
  "jody levine dod": 0.028857649784607295,
  "like jody levine": 0.028857649784607295,
  "stupid": 0.015748294805097925,
  "off the seat": 0.03145352230183177,
  "inside to": 0.03247929547848853,
  "ground if its": 0.040421785882795935,
  "it toronto ontario": 0.028857649784607295,
  "of spooge": 0.040421785882795935,
  "fall": 0.03216129140952292,
  "true": 0.010451258579400642,
  "ride": 0.017525982637143035,
  "division": 0.014485581634643481,
  "jody levine": 0.026405511578774927,
  "toronto ontario": 0.023511031897524372,
  "levine": 0.02391953581000185,
  "inspected ive": 0.040421785882795935,
  "theres no lump": 0.040421785882795935,
  "boom true enough": 0.040421785882795935,
  "crack the": 0.028857649784607295,
  "compress the liner": 0.040421785882795935,
  "article chris behanna": 0.027805286073170152,
  "drop off": 0.03247929547848853,
  "protect against not": 0.040421785882795935,
  "can fall": 0.03476344155169434,
  "energy": 0.018333434650734542,
  "send it to": 0.026275925055041945,
  "directly": 0.014872473784571755,
  "behanna": 0.024454345044313704,
  "helmet on the": 0.03310848192676306,
  "always send": 0.040421785882795935,
  "liner against": 0.040421785882795935,
  "spooge or": 0.040421785882795935,
  "on the ground": 0.023023092507117093,
  "energy if your": 0.040421785882795935,
  "stupid as to": 0.03193426938614354,
  "helmet": 0.06563317664099999,
  "is a drop": 0.037592613717245135,
  "dont be so": 0.02840366760048393,
  "exactly the helmet": 0.040421785882795935,
  "division usa": 0.03593765409231386,
  "inspected ive bike": 0.040421785882795935,
  "helmet has a": 0.040421785882795935,
  "to crack": 0.02506994867588343,
  "shell is a": 0.040421785882795935,
  "hydro research": 0.029952604831932517,
  "spooge or directly": 0.040421785882795935,
  "so stupid": 0.03145352230183177,
  "inside to compress": 0.040421785882795935,
  "it toronto": 0.02745013759566146,
  "lot less": 0.027623850307574915,
  "you pf ride": 0.028857649784607295,
  "spooge": 0.030634458238720953,
  "head otherwise": 0.040421785882795935,
  "go boom true": 0.040421785882795935,
  "article": 0.0032179892004631774,
  "it dont": 0.02745013759566146,
  "a lot": 0.010501764609961637,
  "designed to protect": 0.029650123312937735,
  "doubt it but": 0.03247929547848853,
  "if you pf": 0.028857649784607295,
  "head isnt": 0.040421785882795935,
  "fall down and": 0.03476344155169434,
  "crack": 0.02134901512989019,
  "protect against": 0.029368519755848137,
  "observation": 0.020681859731973572,
  "hydro": 0.028857649784607295,
  "division usa friapr": 0.040421785882795935,
  "bike like jody": 0.028857649784607295,
  "fall down": 0.029650123312937735,
  "head isnt in": 0.040421785882795935,
  "helmet on": 0.03193426938614354,
  "ive bike": 0.028857649784607295,
  "to protect": 0.018051831093644947,
  "re helmets": 0.03193426938614354,
  "isnt": 0.010810011147786389,
  "usa friapr gmt": 0.01931776957651776,
  "say it dont": 0.037592613717245135,
  "the shell": 0.05424686533276344,
  "helmet is designed": 0.037592613717245135,