{
  "virtaully": 0.058292344055221886,
  "former ninjaite": 0.04115278582039777,
  "i was drinking": 0.04115278582039777,
  "sort": 0.019936073561311538,
  "genetic thing with": 0.058292344055221886,
  "good": 0.010228232819432937,
  "picture of": 0.03372548457456721,
  "dennie writes is": 0.06267935152712027,
  "year": 0.01628853071040184,
  "answered": 0.030966469918916124,
  "thier": 0.03791971225225858,
  "picture": 0.026170990794248297,
  "wave at each": 0.04404366178556052,
  "dod go": 0.041367352603155244,
  "thier mothers": 0.058292344055221886,
  "it a genetic": 0.058292344055221886,
  "seem magnetically attracted": 0.058292344055221886,
  "motorcycles of": 0.05249303562563862,
  "in article": 0.005427329756185242,
  "mothers": 0.034788723379878164,
  "gmt": 0.0010406953421941288,
  "matt": 0.031008805286959137,
  "sort often to": 0.058292344055221886,
  "question ed": 0.06267935152712027,
  "biker": 0.03494500573804507,
  "good reasons": 0.03902321470254199,
  "matt dennie writes": 0.05249303562563862,
  "otherapr gmt sun": 0.058292344055221886,
  "to motorcycles": 0.04283445142630287,
  "with a biker": 0.04115278582039777,
  "drinking last night": 0.04115278582039777,
  "virtaully any": 0.058292344055221886,
  "writes is": 0.033045609583296096,
  "night with a": 0.039998851916638566,
  "genetic": 0.03831132873148699,
  "you just answered": 0.058292344055221886,
  "lasereastsuncom in": 0.04158944956398607,
  "seem magnetically": 0.058292344055221886,
  "otherapr": 0.058292344055221886,
  "boys or what": 0.058292344055221886,
  "rtp ncworld": 0.04158944956398607,
  "with little boys": 0.058292344055221886,
  "answered your": 0.05249303562563862,
  "rtp": 0.03933201320994346,
  "answered your own": 0.05572610919377781,
  "old boys": 0.05133910172187942,
  "each otherapr gmt": 0.058292344055221886,
  "picture of you": 0.04158944956398607,
  "magnetically attracted": 0.058292344055221886,
  "year old boys": 0.05390533658332349,
  "sort often": 0.058292344055221886,
  "dismay": 0.05249303562563862,
  "dennie writes": 0.05249303562563862,
  "dod go on": 0.04158944956398607,
  "article": 0.004989919962743534,
  "ncworld": 0.04158944956398607,
  "dead": 0.02166641126176171,
  "year old": 0.0335327047803602,
  "sun microsystems": 0.031313357491669254,
  "magnetically attracted to": 0.058292344055221886,
  "motorcycles": 0.035269646841763744,
  "dennie": 0.05133910172187942,
  "youll": 0.02346135071829419,
  "microsystems rtp": 0.04158944956398607,
  "in article matt": 0.042565086778082635,
  "a genetic": 0.04750279916763692,
  "each otherapr": 0.058292344055221886,
  "to wave": 0.04341022217444038,
  "of thier mothers": 0.058292344055221886,
  "lasereastsuncom": 0.04158944956398607,
  "own question": 0.05036346450778285,
  "night": 0.021363162175078814,
  "genetic thing": 0.058292344055221886,
  "ninjaite": 0.04115278582039777,
  "virtaully any sort": 0.058292344055221886,
  "green former ninjaite": 0.04115278582039777,
  "grateful": 0.034487280031844904,
  "her the grateful": 0.04158944956398607,
  "to the dismay": 0.058292344055221886,
  "the grateful": 0.04115278582039777,
  "wave": 0.03109433515510295,
  "microsystems": 0.030401715907979774,
  "wave at": 0.04404366178556052,
  "said dod": 0.04158944956398607,
  "reasons to": 0.03831132873148699,
  "the grateful dead": 0.04115278582039777,
  "motorcycles of virtaully": 0.058292344055221886,
  "your own question": 0.05249303562563862,
  "boys": 0.068540521158897,
  "thier mothers i": 0.06267935152712027,
  "the dismay": 0.058292344055221886,
  "know her youll": 0.04158944956398607,
  "of thier": 0.04750279916763692,
  "microsystems rtp ncworld": 0.04158944956398607,
  "re good reasons": 0.044385859388536945,
  "rtp ncworld lasereastsuncom": 0.04158944956398607,
  "dismay of": 0.058292344055221886,
  "him a picture": 0.04158944956398607,
  "four year": 0.05390533658332349,
  "boys seem magnetically": 0.058292344055221886,
  "dod": 0.02195437356011107,
  "of virtaully": 0.058292344055221886,
  "youll like": 0.040945255296201626,
  "attracted to motorcycles": 0.058292344055221886,
  "green": 0.026310976903448413,
  "question": 0.013894784869933625,
  "boys or": 0.05249303562563862,
  "writes is it": 0.040549556834294447,
  "sun": 0.021923969431550026,
  "attracted": 0.045976457035884453,
  "her youll": 0.04158944956398607,
  "i said dod": 0.04158944956398607,
  "drinking": 0.03434177675194175,
  "boys seem": 0.058292344055221886,
  "ed green": 0.03791971225225858,
  "gmt sun": 0.03372548457456721,
  "dismay of thier": 0.058292344055221886,
  "good reasons to": 0.041367352603155244,
  "mothers i": 0.06267935152712027,
  "last night": 0.028179108150122166,
  "was drinking": 0.04074431416762833,
  "at each otherapr": 0.058292344055221886,
  "drinking last": 0.04115278582039777,
  "and four year": 0.058292344055221886,
  "dead it seemed": 0.04158944956398607,
  "a picture": 0.03406043648250609,
  "grateful dead it": 0.04158944956398607,
  "grateful dead": 0.040549556834294447,
  "biker and i": 0.04158944956398607,
  "writes": 0.004050792940143762,
  "dead it": 0.03917573085177655,
  "question ed green": 0.06267935152712027,
  "otherapr gmt": 0.058292344055221886,
  "a biker": 0.03933201320994346,
  "reasons": 0.02277777682824697,
  "any sort": 0.03698034513125686,
  "reasons to wave": 0.04404366178556052,
  "sun microsystems rtp": 0.04158944956398607,
  "gmt sun microsystems": 0.035438433215701476,
  "night with": 0.0375509216945119,
  "youll like her": 0.04158944956398607,
  "mothers i think": 0.06267935152712027,
  "re good": 0.03666116251336514,
  "magnetically": 0.058292344055221886,
  "ninjaite i was": 0.04115278582039777,
  "just answered": 0.058292344055221886,
  "green former": 0.04115278582039777,
  "ncworld lasereastsuncom": 0.04158944956398607,
  "attracted to": 0.049518329111425105,
  "ninjaite i": 0.04115278582039777,
  "article matt": 0.042565086778082635,
  "matt dennie": 0.05133910172187942,
  "biker and": 0.04074431416762833,
  "little boys": 0.04750279916763692,
  "article matt dennie": 0.05249303562563862,
  "ncworld lasereastsuncom in": 0.04158944956398607,
  "lasereastsuncom in article": 0.04158944956398607
}