{
  "for pitchers umps": 0.03765527582237644,
  "and instruct": 0.033478042785615565,
  "re game": 0.027358506996892747,
  "time only": 0.030842502175121477,
  "matter": 0.011226322330199313,
  "dust": 0.020503718763377008,
  "update": 0.016912609984514455,
  "them to pitch": 0.03765527582237644,
  "downseconds": 0.03765527582237644,
  "only in extreme": 0.03765527582237644,
  "the sign": 0.0266652691383606,
  "to hell": 0.020588217382330277,
  "go to hell": 0.023266722081242364,
  "was re braves": 0.02711311338040008,
  "that matter": 0.01855306851877843,
  "pitches": 0.02234975608574089,
  "instruct the pitcher": 0.03765527582237644,
  "minute for warmups": 0.03765527582237644,
  "the pitcher": 0.02459829025399185,
  "get situated": 0.03765527582237644,
  "time out just": 0.03765527582237644,
  "required to call": 0.03765527582237644,
  "feint withinseconds": 0.03765527582237644,
  "count downseconds": 0.03765527582237644,
  "to get situated": 0.03765527582237644,
  "or feint withinseconds": 0.03765527582237644,
  "system tueapr": 0.028900199423159533,
  "and receive": 0.02711311338040008,
  "eyes should": 0.03765527582237644,
  "the box": 0.02014512302394263,
  "maine system": 0.026264658812665445,
  "pitch the same": 0.03765527582237644,
  "the pitchers": 0.026882601510375616,
  "a ball": 0.024477572769905993,
  "any size": 0.02790261666853029,
  "update umpires are": 0.03765527582237644,
  "pitch im": 0.03765527582237644,
  "to count downseconds": 0.03765527582237644,
  "in the box": 0.025571420954133298,
  "a player": 0.02104140566090487,
  "pitches and": 0.029748653990894172,
  "box and receive": 0.03765527582237644,
  "tueapr edt": 0.022780663634436718,
  "or a ball": 0.033478042785615565,
  "receive a pitch": 0.03765527582237644,
  "matter up": 0.03765527582237644,
  "umps should tell": 0.03765527582237644,
  "the minute": 0.02590226269173645,
  "should an umpire": 0.03765527582237644,
  "pitchers umps": 0.03765527582237644,
  "warmups": 0.033478042785615565,
  "asks": 0.01961370879437929,
  "ball will": 0.03765527582237644,
  "batter hasseconds to": 0.03765527582237644,
  "step": 0.015794465990025663,
  "i think umpires": 0.03765527582237644,
  "are not required": 0.02790261666853029,
  "to call time": 0.03765527582237644,
  "size clock for": 0.03765527582237644,
  "the batter hasseconds": 0.03765527582237644,
  "tueapr": 0.008588961139651853,
  "warmups but i": 0.03765527582237644,
  "penobscot hall university": 0.030842502175121477,
  "feint": 0.03501973521188235,
  "robbins": 0.02790261666853029,
  "edt re": 0.020588217382330277,
  "ball will be": 0.03765527582237644,
  "re game length": 0.027358506996892747,
  "size clock": 0.03501973521188235,
  "cases like": 0.028206961564627386,
  "the batter": 0.0252670760580362,
  "against putting": 0.03765527582237644,
  "or hitters": 0.03765527582237644,
  "not required": 0.02459829025399185,
  "situated": 0.02853780330223054,
  "for time": 0.028900199423159533,
  "think umpires": 0.03765527582237644,
  "call": 0.01994403304867119,
  "eyes should an": 0.03765527582237644,
  "ryan robbins": 0.028900199423159533,
  "step out to": 0.03765527582237644,
  "braves": 0.018478754465269035,
  "hitters eyes should": 0.03765527582237644,
  "umpires": 0.05024715342418763,
  "tell hitters": 0.03765527582237644,
  "minute": 0.017216954880611552,
  "penobscot hall": 0.030842502175121477,
  "a giant": 0.025571420954133298,
  "time": 0.0179782692071545,
  "pitch or feint": 0.03501973521188235,
  "pitch": 0.057799113699621964,
  "if they step": 0.03765527582237644,
  "pitchers or": 0.03765527582237644,
  "for pitchers": 0.030842502175121477,
  "pitchers umps should": 0.03765527582237644,
  "umpire": 0.025416204244930806,
  "count": 0.016230220297018073,
  "minute for": 0.033478042785615565,
  "clock": 0.03314190187684746,
  "university of maine": 0.0518045253834729,
  "cases": 0.013995290012219141,
  "instruct": 0.025733244583102104,
  "pitcher to pitch": 0.030842502175121477,
  "braves update": 0.025571420954133298,
  "situated in the": 0.03765527582237644,
  "umpires are": 0.03765527582237644,
  "receive a": 0.023629118202171354,
  "hell if": 0.028900199423159533,
  "sign or": 0.030256377917223156,
  "extreme cases": 0.030256377917223156,
  "hasseconds to": 0.03765527582237644,
  "hall university": 0.029748653990894172,
  "time out": 0.026264658812665445,
  "hell": 0.012413573201971416,
  "goes for pitchers": 0.03765527582237644,
  "of maine system": 0.026264658812665445,
  "a player asks": 0.03765527582237644,
  "call time": 0.0700394704237647,
  "step out": 0.02790261666853029,
  "whatever and instruct": 0.03765527582237644,
  "pitcher to": 0.027358506996892747,
  "or any size": 0.03765527582237644,
  "call time out": 0.03765527582237644,
  "because a player": 0.03765527582237644,
  "asks for": 0.0266652691383606,
  "player asks": 0.03765527582237644,
  "umpires should": 0.03501973521188235,
  "system": 0.006685810358163984,
  "ball": 0.01714718629251955,
  "in extreme cases": 0.033478042785615565,
  "putting a giant": 0.03765527582237644,
  "re braves update": 0.025571420954133298,
  "sign or whatever": 0.03765527582237644,
  "braves update umpires": 0.03765527582237644,
  "cases like dust": 0.03765527582237644,
  "hitters eyes": 0.03765527582237644,
  "time the": 0.016707031196414545,
  "clock for": 0.03238419460138826,
  "any size clock": 0.03765527582237644,
  "extreme": 0.018478754465269035,
  "box and": 0.02202457671905586,
  "pitch or": 0.02711311338040008,
  "warmups but": 0.03765527582237644,
  "game": 0.011533399731889268,
  "maine ": 0.06051275583444631,
  "maine system tueapr": 0.03153574003365362,
  "player": 0.015029258512156944,
  "clock or": 0.033478042785615565,
  "umpire call": 0.03765527582237644,
  "umpire call time": 0.03765527582237644,
  "penobscot": 0.030842502175121477,
  "hitters": 0.04636254792026375,
  "asks for time": 0.03765527582237644,
  "to call": 0.01728802762970719,
  "of maine": 0.05146648916620421,
  "system tueapr edt": 0.03153574003365362,
  "game length was": 0.02711311338040008,
  "in the pitchers": 0.03765527582237644,
  "eyes": 0.01648286326054717,
  "length was re": 0.02711311338040008,
  "giant clock": 0.03765527582237644,
  "required": 0.01412575444183427,
  "like dust": 0.03501973521188235,
  "umps": 0.027620837306729065,
  "length": 0.017586398791081693,
  "size": 0.013876459048325207,
  "feint withinseconds or": 0.03765527582237644,
  "clock or any": 0.03765527582237644,
  "get the sign": 0.03765527582237644,
  "pitch im against": 0.03765527582237644,
  "be ryan robbins": 0.03765527582237644,
  "and the minute": 0.03765527582237644,
  "batter hasseconds": 0.03765527582237644,
  "pitchers": 0.0405218750021416,
  "should be ryan": 0.03765527582237644,
  "situated in": 0.033478042785615565,
  "call time the": 0.03765527582237644,
  "an umpire": 0.03153574003365362,
  "time only in": 0.03765527582237644,
  "pitches and the": 0.03765527582237644,
  "university": 0.007423240707475412,
  "edt re game": 0.03765527582237644,
  "re braves": 0.022857480012069872,
  "hitters to go": 0.03765527582237644,
  "ryan robbins penobscot": 0.030842502175121477,
  "edt": 0.013995290012219141,
  "to pitch": 0.05146648916620421,
  "an umpire call": 0.03765527582237644,
  "putting": 0.015381765729283434,
  "clock for that": 0.03765527582237644,
  "ryan": 0.01741569415264865,
  "between pitches": 0.027620837306729065,
  "hall university of": 0.029748653990894172,
  "sign": 0.016511999658819297,
  "maine": 0.0460318626583646,
  "withinseconds": 0.03501973521188235,
  "hell if they": 0.03501973521188235,
  "pitch the": 0.028900199423159533,
  "umps should": 0.03765527582237644,
  "time the batter": 0.03765527582237644,
  "receive": 0.01643957306197255,
  "dust in": 0.030256377917223156,
  "player asks for": 0.03765527582237644,
  "hall": 0.01692889386965514,
  "game length": 0.026459690350260693,
  "count downseconds between": 0.03765527582237644,