{
  "nntppostinghost": 0.01591378265678915,
  "wedapr": 0.024838153959723993,
  "i dony": 0.09255455646060749,
  "arocha broke his": 0.08607654542733698,
  "trying to field": 0.08607654542733698,
  "ball he was": 0.08607654542733698,
  "foundation wedapr": 0.09255455646060749,
  "foundation wedapr gmt": 0.09255455646060749,
  "dony": 0.09255455646060749,
  "dony know about": 0.09255455646060749,
  "game and": 0.05103445125976342,
  "his finger": 0.07103506961019586,
  "jeffries or": 0.08228715189361582,
  "finger trying": 0.08607654542733698,
  "sender": 0.0061154536982861284,
  "wedapr gmt in": 0.035818689843761804,
  "cleveland clinic": 0.07959853439406646,
  "or arocha": 0.08228715189361582,
  "dony know": 0.09255455646060749,
  "finger": 0.04637098241752989,
  "article": 0.007368293029097929,
  "clinic foundation": 0.07959853439406646,
  "status": 0.0409521179759136,
  "arocha arocha broke": 0.08607654542733698,
  "a ground ball": 0.08228715189361582,
  "the cleveland clinic": 0.07959853439406646,
  "know about jefferies": 0.08607654542733698,
  "of jeffries": 0.08228715189361582,
  "wounded": 0.0549344472014005,
  "after the game": 0.06789046926794153,
  "status of jeffries": 0.08228715189361582,
  "require": 0.03642041478208664,
  "clinic foundation wedapr": 0.09255455646060749,
  "in article writes": 0.025978175290470983,
  "re wounded redbirds": 0.09255455646060749,
  "jefferies ": 0.17215309085467395,
  "may require": 0.06503643515998656,
  "gmt in": 0.016019560892982256,
  "nntppostinghost satchmobioriccforg the": 0.08607654542733698,
  "writes": 0.005981544715352471,
  "nntppostinghost satchmobioriccforg": 0.08607654542733698,
  "field a ground": 0.08607654542733698,
  "the status": 0.05339890466596801,
  "ball": 0.04214682238254804,
  "sender nntppostinghost": 0.027866162216204433,
  "article writes does": 0.06325087219958742,
  "in article": 0.008014187864273534,
  "jeffries or arocha": 0.08228715189361582,
  "dl after the": 0.08607654542733698,
  "arocha": 0.15919706878813292,
  "re wounded": 0.08607654542733698,
  "game and may": 0.08607654542733698,
  "the game": 0.037014375384657024,
  "gmt": 0.0015367277015576855,
  "status of": 0.0536864902609844,
  "may require surgery": 0.08607654542733698,
  "surgery i dony": 0.09255455646060749,
  "cleveland": 0.03864501444384328,
  "jeffries": 0.07751308064346636,
  "or arocha arocha": 0.08607654542733698,
  "redbirds sender nntppostinghost": 0.09255455646060749,
  "surgery": 0.05125698068680752,
  "about jefferies": 0.08228715189361582,
  "the dl": 0.06175234275963246,
  "dl": 0.05784827546337098,
  "wounded redbirds sender": 0.08607654542733698,
  "require surgery": 0.08228715189361582,
  "know the status": 0.08228715189361582,
  "to field": 0.06933112982707479,
  "arocha arocha": 0.08607654542733698,
  "satchmobioriccforg": 0.08607654542733698,
  "clinic": 0.05271642676863259,
  "ground": 0.0364665669469519,
  "broke": 0.04637098241752989,
  "on the dl": 0.06410107573422037,
  "foundation": 0.04439295277371237,
  "satchmobioriccforg the": 0.08607654542733698,
  "finger trying to": 0.08607654542733698,
  "ground ball": 0.07959853439406646,
  "ball he": 0.07959853439406646,
  "and may require": 0.07436848030121204,
  "writes does anyone": 0.0505002604762125,
  "writes does": 0.0471357489432087,
  "cleveland clinic foundation": 0.07959853439406646,
  "dl after": 0.08607654542733698,
  "broke his": 0.08607654542733698,
  "the cleveland": 0.06503643515998656,
  "jefferies": 0.07436848030121204,
  "satchmobioriccforg the cleveland": 0.08607654542733698,
  "field a": 0.07201974732662414,
  "broke his finger": 0.08607654542733698,
  "gmt in article": 0.01700942927568811,
  "wounded redbirds": 0.08607654542733698,
  "article writes": 0.025963125698825154,
  "wedapr gmt": 0.02585845170742762,
  "game": 0.02834844980828857,
  "a ground": 0.06554173629335362,
  "sender nntppostinghost satchmobioriccforg": 0.08607654542733698,
  "field": 0.03588366665978873,
  "redbirds": 0.07751308064346636,
  "require surgery i": 0.09255455646060749,
  "arocha broke": 0.08607654542733698,
  "ground ball he": 0.08607654542733698,
  "surgery i": 0.09255455646060749,
  "redbirds sender": 0.08607654542733698
}