{
  "wedapr": 0.04921634210537903,
  "ticket info": 0.15021440874179534,
  "gmt hi does": 0.14488696295565123,
  "manager ulowell umasslowell": 0.13898967163864134,
  "gmt": 0.003044997482716155,
  "the for ticket": 0.17055908075416773,
  "computer science": 0.05805267277104395,
  "umasslowell": 0.1345237076235138,
  "ticket info for": 0.17055908075416773,
  "re fenway sender": 0.18339513965342596,
  "for fenway": 0.17055908075416773,
  "thanpeople or more": 0.18339513965342596,
  "thanpeople or": 0.18339513965342596,
  "ticket": 0.0945842036238567,
  "info for fenway": 0.17055908075416773,
  "sender": 0.012117658254011402,
  "ulowell umasslowell": 0.13898967163864134,
  "news manager ulowell": 0.12168764872425553,
  "ulowell": 0.12103780946849126,
  "re fenway": 0.15772302185490947,
  "fenway less thanpeople": 0.18339513965342596,
  "more steve": 0.18339513965342596,
  "ulowell umasslowell computer": 0.13898967163864134,
  "less thanpeople": 0.16305046764105358,
  "sender news manager": 0.10885158982499728,
  "umasslowell computer science": 0.13737834984253708,
  "fenway": 0.2815093499367021,
  "science wedapr gmt": 0.14488696295565123,
  "science wedapr": 0.14488696295565123,
  "gmt hi": 0.0837674108841582,
  "manager ulowell": 0.12168764872425553,
  "news": 0.02842793524090229,
  "fenway less": 0.18339513965342596,
  "umasslowell computer": 0.13737834984253708,
  "fenway sender": 0.18339513965342596,
  "info": 0.0549083899494082,
  "wedapr gmt": 0.05123804319805103,
  "for ticket": 0.17055908075416773,
  "fenway sender news": 0.18339513965342596,
  "or more steve": 0.18339513965342596,
  "wedapr gmt hi": 0.12306001857895407,
  "science": 0.047073372450141746,
  "info for": 0.11921484515713474,
  "news manager": 0.09568776097945383,
  "for ticket info": 0.17055908075416773,
  "computer science wedapr": 0.14488696295565123,
  "computer": 0.03783615710764514,
  "manager": 0.06887386389532443,
  "thanpeople": 0.15359073386760927,
  "steve ": 0.21905012943410104,
  "steve": 0.060925061535285985,
  "sender news": 0.05671835207400584
}