{
  "article ryan cousineau": 0.06985621428218898,
  "boom dog": 0.06312610890382846,
  "sentence says": 0.07405267525759733,
  "ca": 0.028165874944583245,
  "attack sender da": 0.08842265661861609,
  "sender da news": 0.06880458003525698,
  "francisco": 0.04195831119828757,
  "nntppostinghost seahuntimatcom seahunt": 0.07104845885919366,
  "interestingly": 0.05505060645537173,
  "gmt in article": 0.016250079754452033,
  "never happened": 0.06312610890382846,
  "friapr": 0.019747149272093364,
  "nelson": 0.04814712531042994,
  "in article": 0.007656411620332752,
  "gmt": 0.0014681237863095747,
  "ryan cousineau writes": 0.0662359901026518,
  "news nntppostinghost": 0.03779871980629003,
  "cousineau writes": 0.0662359901026518,
  "bike": 0.06843928238004487,
  "nntppostinghost seahuntimatcom": 0.07104845885919366,
  "article ryan": 0.05835751527945114,
  "nelson internet dod": 0.06880458003525698,
  "bike did move": 0.08842265661861609,
  "writes interestingly": 0.07604502839433136,
  "nelson internet": 0.06880458003525698,
  "happened": 0.029754058740584094,
  "of course michael": 0.08223384250647373,
  "re boom dog": 0.06366740017004661,
  "course michael": 0.08223384250647373,
  "internet dod": 0.06880458003525698,
  "dod ": 0.09837300690379577,
  "in article ryan": 0.05835751527945114,
  "friapr gmt in": 0.02965457502135872,
  "course michael michael": 0.08842265661861609,
  "article": 0.0070393513760132,
  "cousineau writes interestingly": 0.08842265661861609,
  "michael nelson": 0.0662359901026518,
  "seahunt": 0.06880458003525698,
  "da news": 0.06880458003525698,
  "cousineau": 0.0608240632850597,
  "michael michael": 0.05720383910552252,
  "dog attack": 0.06366740017004661,
  "boom": 0.052642896036183315,
  "news nntppostinghost seahuntimatcom": 0.07104845885919366,
  "moved off course": 0.08223384250647373,
  "ca friapr": 0.06004717599050943,
  "san": 0.03159452486100975,
  "negativeimpaired the": 0.08842265661861609,
  "francisco ca": 0.0608240632850597,
  "dog": 0.04469194411905438,
  "ca friapr gmt": 0.06004717599050943,
  "interestingly the": 0.06880458003525698,
  "did move": 0.07405267525759733,
  "ryan": 0.04089578180488031,
  "that the bike": 0.1420969177183873,
  "attack": 0.03536194791212769,
  "of the negativeimpaired": 0.08842265661861609,
  "the bike": 0.08655520957029811,
  "san francisco ca": 0.0616750470333126,
  "sender": 0.005842442372469783,
  "attack sender": 0.06880458003525698,
  "sentence": 0.04462556038255869,
  "bike never moved": 0.08223384250647373,
  "nntppostinghost": 0.015203345931039634,
  "moved off": 0.07405267525759733,
  "move": 0.03160990569414766,
  "da": 0.05101502499338015,
  "re boom": 0.05899554174357744,
  "francisco ca friapr": 0.07861361832693654,
  "seahuntimatcom seahunt": 0.07104845885919366,
  "interestingly the one": 0.08223384250647373,
  "moved": 0.039752670426065194,
  "da news nntppostinghost": 0.07104845885919366,
  "internet dod ": 0.06880458003525698,
  "move off": 0.08842265661861609,
  "writes interestingly the": 0.08842265661861609,
  "sentence says i": 0.08842265661861609,
  "michael michael nelson": 0.06880458003525698,
  "ryan cousineau": 0.0608240632850597,
  "the negativeimpaired": 0.08842265661861609,
  "michael": 0.057079914369325996,
  "negativeimpaired": 0.08842265661861609,
  "dod": 0.03097134841515669,
  "above sentence": 0.07604502839433136,
  "bike never": 0.08223384250647373,
  "seahuntimatcom": 0.06880458003525698,
  "happened was": 0.06552132306985237,
  "internet": 0.02490519135463364,
  "never moved": 0.08223384250647373,
  "the above sentence": 0.07604502839433136,
  "gmt in": 0.015304401924545548,
  "writes": 0.005714511469131379,
  "seahuntimatcom seahunt san": 0.07104845885919366,
  "sender da": 0.06880458003525698,
  "seahunt san francisco": 0.06880458003525698,
  "news": 0.013706325919720746,
  "seahunt san": 0.06880458003525698,
  "michael nelson internet": 0.06880458003525698,
  "bike did": 0.08223384250647373,
  "that never happened": 0.07604502839433136,
  "negativeimpaired the above": 0.08842265661861609,
  "friapr gmt": 0.020548531976873542,
  "dog attack sender": 0.07242480421479418,
  "happened was that": 0.07405267525759733,
  "san francisco": 0.04294274411141286,
  "boom dog attack": 0.06366740017004661,
  "move off course": 0.08842265661861609
}