{
  "traffic congestion": 0.016488249536735756,
  "with finding": 0.01854557592000937,
  "clog": 0.015531647245039143,
  "one must pay": 0.016488249536735756,
  "taking longer": 0.014901549423651104,
  "nyc there are": 0.016488249536735756,
  "d castro": 0.013892192680705996,
  "year": 0.004819452906823016,
  "dod nyc": 0.015531647245039143,
  "him forever": 0.01854557592000937,
  "few hundred k": 0.01854557592000937,
  "not ny": 0.01854557592000937,
  "s a year": 0.01854557592000937,
  "friapr": 0.004141724191899732,
  "since i live": 0.015531647245039143,
  "motos clog up": 0.01854557592000937,
  "arriving": 0.012444271541691986,
  "beleive": 0.01043558839138328,
  "money out": 0.014651490635964732,
  "hundred k s": 0.01854557592000937,
  "castro writes hello": 0.01724754749199449,
  "than the seconds": 0.015949519063979612,
  "based simply": 0.01724754749199449,
  "signals flash since": 0.016488249536735756,
  "must pay": 0.012305492567621347,
  "mario realized": 0.01854557592000937,
  "cager": 0.01347432086176553,
  "hazards": 0.013353462207949853,
  "transaction taking": 0.016488249536735756,
  "make the transaction": 0.015949519063979612,
  "reaching consensus": 0.01854557592000937,
  "do thisto warn": 0.015949519063979612,
  "castro": 0.02422977654232156,
  "commute": 0.014651490635964732,
  "booths but then": 0.01854557592000937,
  "a toll": 0.015190221108720878,
  "bike i": 0.012373596770188528,
  "motos clog": 0.01854557592000937,
  "longer": 0.006337434931356942,
  "also notice": 0.01443092315346214,
  "flashing anyone flashing": 0.015949519063979612,
  "back turn signals": 0.016488249536735756,
  "dennie": 0.015190221108720878,
  "today phone": 0.015531647245039143,
  "bad he wont": 0.01854557592000937,
  "dennie internet": 0.01854557592000937,
  "i live": 0.009611709582058686,
  "the fact": 0.005866194976359595,
  "tolls one": 0.016488249536735756,
  "rochester ny": 0.01211488827116078,
  "turn signals flash": 0.016488249536735756,
  "usa": 0.008689475719032365,
  "route just": 0.016488249536735756,
  "money out of": 0.014901549423651104,
  "tend to": 0.01605455596860836,
  "york new": 0.01443092315346214,
  "once considered eliminating": 0.01854557592000937,
  "of him forever": 0.01854557592000937,
  "anyone flashing": 0.015949519063979612,
  "based": 0.005630417995622267,
  "maier ": 0.03449509498398898,
  "a toll booth": 0.015949519063979612,
  "foolishness of": 0.016488249536735756,
  "eliminating tolls for": 0.01854557592000937,
  "corporation rochester": 0.01854557592000937,
  "live in nj": 0.016488249536735756,
  "foolishness of trading": 0.01854557592000937,
  "paying the": 0.013132894725447262,
  "thought we": 0.013132894725447262,
  "the same transaction": 0.016488249536735756,
  "rob castro": 0.014901549423651104,
  "nyc new york": 0.015531647245039143,
  "booth i switch": 0.015949519063979612,
  "in robert d": 0.01854557592000937,
  "others tend": 0.015949519063979612,
  "changerpocket making": 0.016488249536735756,
  "for motor": 0.01724754749199449,
  "up toll booths": 0.01854557592000937,
  "job i": 0.013603520995636225,
  "goodbad": 0.014233618817024264,
  "robert d castro": 0.013892192680705996,
  "flash": 0.010339533532979627,
  "bike": 0.007177153208394219,
  "cycles": 0.011459078478214871,
  "confused": 0.008863021622185115,
  "rc tm beleive": 0.01854557592000937,
  "message": 0.0051011789733726,
  "getting money": 0.015949519063979612,
  "be rid": 0.01854557592000937,
  "phone": 0.005484753989250858,
  "in nj": 0.014233618817024264,
  "booths": 0.01854557592000937,
  "toll booth i": 0.015949519063979612,
  "front": 0.006659079272713469,
  "thisto warn other": 0.015949519063979612,
  "on route": 0.015949519063979612,
  "oo oo": 0.16866162401093557,
  "consensus in": 0.015190221108720878,
  "gloves off getting": 0.016488249536735756,
  "today you live": 0.015531647245039143,
  "ny state": 0.015190221108720878,
  "get the message": 0.01405513533424463,
  "coin changerpocket making": 0.016488249536735756,
  "on my bike": 0.012444271541691986,
  "of paying": 0.014233618817024264,
  "norman": 0.009978701428430001,
  "i do thisto": 0.015949519063979612,
  "tolls for": 0.01724754749199449,
  "changerpocket making transaction": 0.016488249536735756,
  "court": 0.007466545840220164,
  "toll": 0.03691647770286404,
  "flash since i": 0.016488249536735756,
  "year for some": 0.01854557592000937,
  "i switch": 0.013132894725447262,
  "toll i": 0.016488249536735756,
  "pay on": 0.014651490635964732,
  "the toll": 0.015949519063979612,
  "live in": 0.007663289416307682,
  "cagers tend to": 0.015949519063979612,
  "flash since": 0.016488249536735756,
  "castro writes": 0.01405513533424463,
  "goodbad thing": 0.015949519063979612,
  "court justice job": 0.01854557592000937,
  "email": 0.003911868740600217,
  "writes hello": 0.010182452102304156,
  "year for": 0.011182606570338347,
  "gloves back on": 0.016488249536735756,
  "nj and": 0.014651490635964732,
  "job": 0.006569430605186431,
  "the message": 0.008642454139682525,
  "curious oo oo": 0.01724754749199449,
  "tm beleive": 0.01854557592000937,
  "that motos clog": 0.01854557592000937,
  "email live for": 0.015531647245039143,
  "i thought": 0.006688830882755265,
  "of coin changerpocket": 0.016488249536735756,
  "thisto warn": 0.015949519063979612,
  "trading a few": 0.01854557592000937,
  "little more time": 0.016488249536735756,
  "corporation": 0.006326419257381162,
  "front and back": 0.013742299969706865,
  "route": 0.009474064522146839,
  "clog up": 0.01724754749199449,
  "internet xerox corporation": 0.01854557592000937,
  "anyone flashing sender": 0.015949519063979612,
  "realized": 0.009830294365407265,
  "nj": 0.00836190680217567,
  "nyc there": 0.016488249536735756,
  "a number": 0.007293116771240464,
  "curious oo": 0.016488249536735756,
  "pay on route": 0.016488249536735756,
  "congestion": 0.014901549423651104,
  "writes hello all": 0.014651490635964732,
  "live for today": 0.015531647245039143,
  "beleive it or": 0.016488249536735756,
  "both front": 0.015949519063979612,
  "ny": 0.014549604220182654,
  "forever matt dennie": 0.01854557592000937,
  "motorists": 0.015190221108720878,
  "do this cagers": 0.016488249536735756,
  "congestion too bad": 0.01854557592000937,
  "norman maier": 0.01854557592000937,
  "consensus": 0.01043558839138328,
  "motor cycles": 0.01854557592000937,
  "arriving at a": 0.015190221108720878,
  "pay": 0.006051132201917483,
  "cager takes": 0.016488249536735756,
  "in robert": 0.01443092315346214,
  "tm": 0.008927975850626857,
  "cager takes to": 0.016488249536735756,
  "norman maier ": 0.01854557592000937,
  "oo oo oo": 0.16709243219592967,
  "castro email live": 0.015531647245039143,
  "in a group": 0.01443092315346214,
  "nyc new": 0.015531647245039143,
  "nyc": 0.019007579790197383,
  "often is confused": 0.01854557592000937,
  "time": 0.0029514886401258637,
  "tend to get": 0.014233618817024264,
  "oo rob": 0.015531647245039143,
  "relief in": 0.016488249536735756,
  "sender xerox": 0.014901549423651104,
  "sumpreme": 0.01854557592000937,
  "eliminating tolls": 0.01854557592000937,
  "today phone for": 0.015531647245039143,
  "are a number": 0.01114624311367711,
  "gloves back": 0.016488249536735756,
  "the transaction": 0.013353462207949853,
  "switch the hazards": 0.015949519063979612,
  "signals": 0.009549281828748589,
  "relief in traffic": 0.01854557592000937,
  "time than the": 0.016488249536735756,
  "sumpreme court": 0.01854557592000937,
  "justice job i": 0.01854557592000937,
  "tolls": 0.029302981271929464,
  "finding the right": 0.01724754749199449,
  "a goodbad": 0.015949519063979612,
  "usa reaching consensus": 0.01854557592000937,
  "question is this": 0.01284422304037749,
  "money": 0.00578220515207991,
  "putting gloves": 0.016488249536735756,
  "this a goodbad": 0.015949519063979612,
  "internet": 0.00522356073355612,
  "and back turn": 0.016488249536735756,
  "any others tend": 0.016488249536735756,