{
  "nntppostinghost": 0.010382772830953898,
  "re nl": 0.0505725587125055,
  "minnesota": 0.02921554727395402,
  "fisk ect": 0.06038620452003051,
  "statement or not": 0.06038620452003051,
  "pitchedruns world": 0.045764891881016054,
  "factor": 0.027869626512314845,
  "theworld": 0.0434801757258855,
  "but al": 0.06038620452003051,
  "champion": 0.03552317132548344,
  "jack morrisinnings": 0.045764891881016054,
  "take the sutcliff": 0.06038620452003051,
  "my employer": 0.02944002271982424,
  "anderson disclaimer": 0.045234334704250014,
  "minnesota twins apr": 0.04770668292442175,
  "else cextwins": 0.045764891881016054,
  "longer make sure": 0.06038620452003051,
  "russ": 0.06986524721206544,
  "russ anderson disclaimer": 0.045234334704250014,
  "al games sure": 0.06038620452003051,
  "sender": 0.003989960644613511,
  "apr": 0.008011120050543533,
  "article john": 0.026550374734084045,
  "vs al originator": 0.06038620452003051,
  "john": 0.016568251443674867,
  "account russ": 0.06038620452003051,
  "cdt in article": 0.03888400619920025,
  "pitchedruns": 0.045764891881016054,
  "a lot longer": 0.051933190122958,
  "dont": 0.007430476089371739,
  "dont know if": 0.02814067384506383,
  "champion minnesota twins": 0.046346051513969255,
  "statement": 0.020949017165735665,
  "into account russ": 0.06038620452003051,
  "else cextwins jack": 0.045764891881016054,
  "lot longer make": 0.06038620452003051,
  "a valid": 0.03242908574764897,
  "minnesota twins": 0.04182204331439988,
  "length i": 0.056159697321494256,
  "sutcliff fisk ect": 0.06038620452003051,
  "sender russ": 0.045764891881016054,
  "reflect": 0.028963694797483074,
  "cextwins": 0.045764891881016054,
  "dont know": 0.01712361685364556,
  "disclaimer": 0.021160960052108678,
  "twins apr cdt": 0.04770668292442175,
  "al games": 0.056159697321494256,
  "into account": 0.03502716132881299,
  "world series mvp": 0.045764891881016054,
  "about game length": 0.06038620452003051,
  "valid": 0.026432884375145765,
  "writes how about": 0.04028963826390655,
  "al": 0.04581717419044031,
  "how about game": 0.06038620452003051,
  "anderson": 0.060421678669595545,
  "length": 0.028202578549112716,
  "vs al": 0.056159697321494256,
  "lot": 0.015069790393153678,
  "but al games": 0.06038620452003051,
  "al originator sender": 0.06038620452003051,
  "russ anderson": 0.08552397296815656,
  "writes": 0.0039025931984311858,
  "about game": 0.06038620452003051,
  "games": 0.020911261249589808,
  "cextwins jack": 0.045764891881016054,
  "morrisinnings pitchedruns": 0.045764891881016054,
  "not reflect": 0.03804741399484974,
  "ect": 0.049460841902786275,
  "nntppostinghost theworld": 0.046346051513969255,
  "account russ anderson": 0.06038620452003051,
  "vs": 0.021160960052108678,
  "champion minnesota": 0.045764891881016054,
  "originator sender": 0.025751005684560582,
  "series mvp ": 0.045764891881016054,
  "in article john": 0.02669441830581231,
  "the sutcliff fisk": 0.06038620452003051,
  "upon my employer": 0.045764891881016054,
  "cextwins jack morrisinnings": 0.045764891881016054,
  "i dont": 0.011131585228951727,
  "apr cdt in": 0.0434801757258855,
  "fisk ect factor": 0.06038620452003051,
  "valid statement or": 0.06038620452003051,
  "series": 0.022443666300083136,
  "al originator": 0.06038620452003051,
  "a lot": 0.01568861176488171,
  "games sure": 0.06038620452003051,
  "morrisinnings pitchedruns world": 0.045764891881016054,
  "sender russ anderson": 0.045764891881016054,
  "theworld champion minnesota": 0.045764891881016054,
  "anderson disclaimer any": 0.045234334704250014,
  "valid statement": 0.06038620452003051,
  "ect factor": 0.06038620452003051,
  "series mvp": 0.04429439153457161,
  "game length": 0.04243230830560099,
  "anderson nntppostinghost theworld": 0.046346051513969255,
  "fisk": 0.046988493682614534,
  "lot longer": 0.051933190122958,
  "games sure seem": 0.06038620452003051,
  "mvp": 0.035220750952682386,
  "nl": 0.03274840273251065,
  "reflect upon my": 0.045764891881016054,
  "any statements": 0.043873703293797514,
  "nl vs al": 0.056159697321494256,
  "last a lot": 0.06038620452003051,
  "morrisinnings": 0.045764891881016054,
  "longer make": 0.06038620452003051,
  "bratt writes how": 0.06038620452003051,
  "do not reflect": 0.039253668527349246,
  "statement or": 0.048520898733107866,
  "mvp ": 0.09046866940850003,
  "length i dont": 0.06038620452003051,
  "bratt": 0.048520898733107866,
  "writes how": 0.03281432295265831,
  "world series": 0.036177107486176106,
  "cdt": 0.027148165169020137,
  "nl vs": 0.05368734910132253,
  "not but al": 0.06038620452003051,
  "ect factor into": 0.06038620452003051,
  "anderson nntppostinghost": 0.046346051513969255,
  "twins": 0.03641165797902852,
  "russ anderson nntppostinghost": 0.046346051513969255,
  "nntppostinghost theworld champion": 0.046346051513969255,
  "jack morrisinnings pitchedruns": 0.045764891881016054,
  "statements": 0.02536789239924098,
  "disclaimer any statements": 0.045234334704250014,
  "factor into": 0.06038620452003051,
  "a valid statement": 0.06038620452003051,
  "article": 0.004807361915326088,
  "re nl vs": 0.05368734910132253,
  "factor into account": 0.06038620452003051,
  "longer": 0.020635306422832973,
  "apr cdt": 0.03562740567523527,
  "article john bratt": 0.051933190122958,
  "cdt in": 0.038707252925582865,
  "employer or anyone": 0.04474626941355772,
  "account": 0.020302788867831448,
  "is a valid": 0.04028963826390655,
  "sutcliff": 0.06038620452003051,
  "twins apr": 0.04770668292442175,
  "anyone else cextwins": 0.045764891881016054,
  "sutcliff fisk": 0.06038620452003051,
  "disclaimer any": 0.0434801757258855,
  "game": 0.018495634935895594,
  "theworld champion": 0.045764891881016054,
  "originator": 0.023040574087748768,
  "bratt writes": 0.0505725587125055,
  "employer or": 0.03678132030717752,
  "the sutcliff": 0.06038620452003051,
  "employer": 0.026550374734084045,
  "game length i": 0.06038620452003051,
  "in article": 0.0052287689114467574,
  "jack": 0.025407105145157385,
  "statements are": 0.04006788433603536,
  "originator sender russ": 0.046346051513969255,
  "pitchedruns world series": 0.045764891881016054,
  "john bratt writes": 0.0505725587125055,
  "reflect upon": 0.045234334704250014,
  "statements are my": 0.045234334704250014,
  "john bratt": 0.048520898733107866
}