{
  "technologyelectricmonkmitedu": 0.02719311353721607,
  "dead": 0.011223911407732295,
  "feet": 0.015631275751589315,
  "drives": 0.013349032996726184,
  "dave": 0.011757943785369571,
  "most impressive": 0.024920499830462156,
  "of years ago": 0.02063088402833042,
  "a house": 0.01945260861551764,
  "circaat wrigley": 0.02886795164792424,
  "remember": 0.009137519335054222,
  "boell": 0.026595337941170322,
  "he threw": 0.02460800743766109,
  "overfeet": 0.02886795164792424,
  "incaviglia which": 0.02886795164792424,
  "watch out": 0.02006278002415325,
  "leftfield": 0.02886795164792424,
  "clemens nonchalantly motioned": 0.02886795164792424,
  "upset": 0.01697032695925463,
  "motioned for": 0.026595337941170322,
  "leftfield standard someor": 0.02886795164792424,
  "connect watch out": 0.02886795164792424,
  "clemens sorry val": 0.02886795164792424,
  "ago": 0.00939485763225515,
  "whiffed": 0.02886795164792424,
  "crap out": 0.024920499830462156,
  "literally": 0.017504883114154646,
  "house on": 0.02460800743766109,
  "didnt even turn": 0.02886795164792424,
  "or not roger": 0.02886795164792424,
  "most impressive hrs": 0.02792473173824627,
  "best homerunsapr": 0.03019734544500019,
  "he did connect": 0.02886795164792424,
  "green": 0.013629948690966719,
  "clemens": 0.04058862606282423,
  "writes": 0.004196887111755505,
  "standard": 0.009965685737154258,
  "homerunsapr gmt": 0.03246995915175411,
  "ball hit the": 0.02886795164792424,
  "literally at inkys": 0.02886795164792424,
  "he hit circaat": 0.02886795164792424,
  "roof he": 0.02886795164792424,
  "field and hit": 0.02886795164792424,
  "years": 0.008081816430297362,
  "and hit": 0.02248791837233305,
  "a ball": 0.02110689061798451,
  "the most impressive": 0.025652118031492352,
  "years ago": 0.012985371036584597,
  "the ground": 0.014712252915018304,
  "came from dave": 0.02792473173824627,
  "technologyelectricmonkmitedu in": 0.02719311353721607,
  "the leftfield standard": 0.02886795164792424,
  "in article dan": 0.018938371004065282,
  "massachusetts institute of": 0.018102658710200396,
  "the ground total": 0.02886795164792424,
  "across the street": 0.023817312169408997,
  "ballhe didnt even": 0.02886795164792424,
  "hrs ive ever": 0.02792473173824627,
  "was literally": 0.02526594414409437,
  "donald": 0.01945260861551764,
  "ago he": 0.02460800743766109,
  "wrigley": 0.024060289127290052,
  "street in": 0.02526594414409437,
  "total": 0.012167131317410264,
  "green monster": 0.02886795164792424,
  "in dead center": 0.02886795164792424,
  "someor so": 0.026089925876162916,
  "in article donald": 0.02460800743766109,
  "kingman": 0.02233539373090717,
  "dead center": 0.02886795164792424,
  "amazing shot": 0.02886795164792424,
  "ballhe didnt": 0.02886795164792424,
  "ground total": 0.02886795164792424,
  "the swing": 0.026595337941170322,
  "amazing shot charles": 0.03246995915175411,
  "threw a ball": 0.02886795164792424,
  "dan swartzendruber": 0.02886795164792424,
  "absolutely hammered": 0.02886795164792424,
  "re best homerunsapr": 0.03019734544500019,
  "from dave kingman": 0.02792473173824627,
  "hrs": 0.02299333043734045,
  "ball hit": 0.02886795164792424,
  "the ball hit": 0.02886795164792424,
  "couple of": 0.011545972209439032,
  "even turn": 0.02886795164792424,
  "in dead": 0.02719311353721607,
  "swing clemens": 0.02886795164792424,
  "street": 0.013144048219738202,
  "an amazing": 0.02299333043734045,
  "dan swartzendruber writes": 0.02886795164792424,
  "of years": 0.016485705633061808,
  "didnt even": 0.01863550765937343,
  "article dan": 0.01888591086850318,
  "the lights": 0.022647886123708237,
  "lot but when": 0.02886795164792424,
  "lights": 0.016175489317078698,
  "charles ": 0.04718221206677241,
  "literally at": 0.02886795164792424,
  "charles": 0.014225629947417408,
  "crap": 0.016130265310087433,
  "swartzendruber writes in": 0.03019734544500019,
  "feet about": 0.02886795164792424,
  "and his infamous": 0.02792473173824627,
  "wrigley field": 0.026089925876162916,
  "an amazing shot": 0.02886795164792424,
  "p": 0.011635959017992303,
  "dave kingman": 0.02248791837233305,
  "ground": 0.012793189060078206,
  "incaviglia": 0.02719311353721607,
  "roger clemens sorry": 0.02886795164792424,
  "writes id have": 0.02886795164792424,
  "hit circaat wrigley": 0.02886795164792424,
  "neck and": 0.024920499830462156,
  "in article": 0.005623069517883726,
  "nonchalantly motioned": 0.02886795164792424,
  "swing": 0.01945260861551764,
  "someor": 0.026089925876162916,
  "massachusetts institute": 0.018102658710200396,
  "article": 0.005169884289268711,
  "he absolutely hammered": 0.02886795164792424,
  "ive": 0.0068094898551770144,
  "infamous moonraker": 0.02792473173824627,
  "threw": 0.017149208874829826,
  "monster overfeet": 0.02886795164792424,
  "institute": 0.009901229360235771,
  "swing clemens nonchalantly": 0.02886795164792424,
  "he whiffed": 0.02886795164792424,
  "hit the lights": 0.02886795164792424,
  "lights in": 0.0243227242344164,
  "on the roof": 0.02299333043734045,
  "dave kingman and": 0.02792473173824627,
  "roof he whiffed": 0.02886795164792424,
  "a couple": 0.010866921520496666,
  "house": 0.011223911407732295,
  "lot but": 0.02299333043734045,
  "article dan swartzendruber": 0.03019734544500019,
  "kingman and his": 0.02792473173824627,
  "motioned": 0.026595337941170322,
  "new ballhe": 0.02886795164792424,
  "writes in": 0.006710264748161189,
  "of technologyelectricmonkmitedu": 0.02719311353721607,
  "val a couple": 0.02886795164792424,
  "hit": 0.03580268142977094,
  "watch": 0.012705111544440343,
  "about the green": 0.02886795164792424,
  "massachusetts": 0.015536234647086849,
  "val a": 0.02886795164792424,
  "institute of technologyelectricmonkmitedu": 0.02719311353721607,
  "impressive hrs": 0.02792473173824627,
  "incaviglia which was": 0.02886795164792424,
  "absolutely": 0.013054947939807172,
  "donald p boell": 0.02792473173824627,
  "hit the": 0.016460772520323384,
  "field and": 0.02100599993383122,
  "to incaviglia": 0.02886795164792424,
  "shot charles": 0.03246995915175411,
  "roof": 0.01904587861987837,
  "p boell": 0.02792473173824627,
  "hit circaat": 0.02886795164792424,
  "center": 0.009599749553537871,
  "hit a house": 0.02886795164792424,
  "clemens sorry": 0.02886795164792424,
  "ball": 0.029571868819230435,
  "val": 0.023180735072881268,
  "inkys": 0.02886795164792424,
  "a lot": 0.008435843703083937,
  "boell writes": 0.02792473173824627,
  "roger clemens": 0.0243227242344164,
  "at inkys": 0.02886795164792424,
  "ive ever see": 0.02792473173824627,
  "connect watch": 0.02886795164792424,
  "even get upset": 0.02886795164792424,
  "i remember": 0.013925723706443115,
  "upset the": 0.024920499830462156,
  "upset the ball": 0.02886795164792424,
  "someor so feet": 0.02886795164792424,
  "couple of years": 0.018587642743238503,
  "hammered": 0.026089925876162916,
  "lot": 0.008103100408121977,
  "best homerunsapr gmt": 0.03246995915175411,
  "total truly an": 0.02886795164792424,
  "turn around to": 0.026595337941170322,
  "circaat wrigley field": 0.02886795164792424,
  "swartzendruber writes": 0.02886795164792424,
  "circaat": 0.02886795164792424,
  "center field and": 0.02886795164792424,
  "the green monster": 0.02886795164792424,
  "new ballhe didnt": 0.02886795164792424,
  "the swing clemens": 0.02886795164792424,
  "article donald p": 0.02792473173824627,
  "homerunsapr gmt massachusetts": 0.03246995915175411,
  "writes id": 0.02063088402833042,
  "article donald": 0.02460800743766109,
  "boell writes id": 0.02886795164792424,
  "didnt": 0.007936576108624104,
  "get upset": 0.02526594414409437,
  "absolutely hammered the": 0.02886795164792424,
  "moonraker drives i": 0.02886795164792424,
  "the crap": 0.02205011052766248,
  "sorry val": 0.02886795164792424,
  "motioned for a": 0.02886795164792424,
  "which was literally": 0.02886795164792424,
  "his infamous": 0.026595337941170322,