{
  "on jt snowapr": 0.044014833516822234,
  "a star receiver": 0.044014833516822234,
  "rams and": 0.04093417938100025,
  "has info": 0.04093417938100025,
  "personality": 0.025394145774482565,
  "heard of": 0.018518956639136937,
  "angeles in": 0.036051458098030884,
  "casender world mizaruscedu": 0.039132112233852864,
  "a radio": 0.0278477839180383,
  "night": 0.015001687216277567,
  "of times": 0.024595065283635472,
  "times for the": 0.039132112233852864,
  "usc": 0.02796630946062568,
  "la": 0.018254576846753915,
  "angeles casender": 0.02596842013661593,
  "season thanks michael": 0.044014833516822234,
  "angeles and": 0.03424939095088348,
  "jt came": 0.044014833516822234,
  "delivered the winning": 0.044014833516822234,
  "days two": 0.044014833516822234,
  "also delivered": 0.044014833516822234,
  "couple of": 0.01565120677279513,
  "the california angeles": 0.044014833516822234,
  "organization i": 0.036051458098030884,
  "los angeles": 0.0388089179934797,
  "on the young": 0.036051458098030884,
  "of the extraordiary": 0.044014833516822234,
  "from the yankees": 0.044014833516822234,
  "radio personality": 0.044014833516822234,
  "has also delivered": 0.044014833516822234,
  "that his father": 0.03686177612822623,
  "michael from usc": 0.044014833516822234,
  "delivered the": 0.03785352524517828,
  "his father": 0.027619813720760295,
  "hit a": 0.026903066398110864,
  "extraordiary": 0.044014833516822234,
  "days": 0.014344508087334023,
  "a radio personality": 0.044014833516822234,
  "rookie jt snow": 0.044014833516822234,
  "los angeles and": 0.03424939095088348,
  "jt snow of": 0.044014833516822234,
  "he has hit": 0.044014833516822234,
  "mizaruscedu im": 0.044014833516822234,
  "season": 0.01743077035569121,
  "last night": 0.01978799594541912,
  "runs in": 0.027732337311801587,
  "than the fact": 0.03424939095088348,
  "couple": 0.014115136961929543,
  "and jt": 0.04093417938100025,
  "yankees": 0.025744283009385298,
  "california los": 0.024595065283635472,
  "in three days": 0.03785352524517828,
  "this young season": 0.044014833516822234,
  "the young": 0.026628064603808253,
  "three days": 0.0258177465736129,
  "exploits he has": 0.044014833516822234,
  "mizaruscedu im sure": 0.044014833516822234,
  "info on jt": 0.044014833516822234,
  "his exploits": 0.04093417938100025,
  "southern": 0.020313861102309486,
  "info": 0.026356027175715935,
  "i dont": 0.008113688789102591,
  "hit four": 0.044014833516822234,
  "the california": 0.03142277420990572,
  "casender": 0.0258177465736129,
  "by rookie": 0.044014833516822234,
  "hit": 0.03235501581060781,
  "jt if anyone": 0.044014833516822234,
  "the young fenomplease": 0.044014833516822234,
  "have heard": 0.01960122710197535,
  "the extraordiary": 0.044014833516822234,
  "winning hit a": 0.044014833516822234,
  "runs": 0.01699290820528628,
  "the fact": 0.013922436077226772,
  "days two last": 0.044014833516822234,
  "young fenomplease post": 0.044014833516822234,
  "extraordiary start by": 0.044014833516822234,
  "post": 0.011487991078742673,
  "background on the": 0.044014833516822234,
  "angeles casender world": 0.03335752119327392,
  "world mizaruscedu": 0.039132112233852864,
  "exploits he": 0.044014833516822234,
  "jt snowapr university": 0.044014833516822234,
  "now a radio": 0.044014833516822234,
  "organization i dont": 0.04093417938100025,
  "following his exploits": 0.044014833516822234,
  "personality in los": 0.044014833516822234,
  "young fenomplease": 0.044014833516822234,
  "fenomplease post by": 0.044014833516822234,
  "los angeles casender": 0.02596842013661593,
  "from usc": 0.044014833516822234,
  "young": 0.03309618566784383,
  "in this young": 0.044014833516822234,
  "times": 0.012910346217930673,
  "has hit": 0.039132112233852864,
  "runs in three": 0.044014833516822234,
  "university": 0.004338471791257852,
  "anyone has info": 0.044014833516822234,
  "young season": 0.04093417938100025,
  "you have heard": 0.036051458098030884,
  "dont know much": 0.028213286576869286,
  "la rams and": 0.044014833516822234,
  "start by rookie": 0.044014833516822234,
  "snowapr university of": 0.044014833516822234,
  "the la": 0.029205035693821327,
  "dont": 0.0054159914606976235,
  "of southern": 0.02312380966885594,
  "info on": 0.02008374434887073,
  "dont know": 0.012481214062212764,
  "night he": 0.032970803962208896,
  "info and": 0.02989014982638692,
  "the yankees organization": 0.044014833516822234,
  "snow of the": 0.044014833516822234,
  "angeles other than": 0.044014833516822234,
  "couple of times": 0.029205035693821327,
  "start": 0.012429917349145338,
  "organization": 0.017375004951015263,
  "snow of": 0.04093417938100025,
  "winning": 0.020861561726415918,
  "heard of the": 0.027619813720760295,
  "in los angeles": 0.02953440445894898,
  "hit a couple": 0.044014833516822234,
  "night he has": 0.044014833516822234,
  "info and background": 0.044014833516822234,
  "yankees organization": 0.044014833516822234,
  "fact that his": 0.04093417938100025,
  "angeles": 0.07713452682599661,
  "with the la": 0.03785352524517828,
  "heard": 0.01201958355820813,
  "father": 0.019637958256863767,
  "jt came from": 0.044014833516822234,
  "the yankees": 0.027619813720760295,
  "mizaruscedu": 0.03686177612822623,
  "times for": 0.03142277420990572,
  "a couple": 0.014730715838895483,
  "snowapr university": 0.044014833516822234,
  "much about jt": 0.044014833516822234,
  "of southern california": 0.02426971682130972,
  "post by": 0.032285689829643305,
  "exploits": 0.03335752119327392,
  "california": 0.028337370266225084,
  "angeles in this": 0.044014833516822234,
  "a star": 0.03048362268249591,
  "background on": 0.03686177612822623,
  "fenomplease post": 0.044014833516822234,
  "southern california": 0.02363720027828636,
  "was a star": 0.044014833516822234,
  "thanks michael": 0.035366343965465286,
  "receiver with": 0.039132112233852864,
  "star receiver with": 0.044014833516822234,
  "the winning": 0.030700467856582276,
  "the extraordiary start": 0.044014833516822234,
  "michael": 0.01420655646525447,
  "post by the": 0.03686177612822623,
  "yankees organization i": 0.044014833516822234,
  "star": 0.020466756332164292,
  "home runs": 0.030079303668248236,
  "father was a": 0.03378112199240425,
  "hit four home": 0.044014833516822234,
  "la rams": 0.044014833516822234,
  "fact": 0.010493884791518223,
  "for the angeles": 0.044014833516822234,
  "start by": 0.032285689829643305,
  "in los": 0.029366669667914107,
  "delivered": 0.025007428543417545,
  "four home runs": 0.044014833516822234,
  "angeles other": 0.044014833516822234,
  "winning hit": 0.044014833516822234,
  "university of southern": 0.023917995396604278,
  "the angeles": 0.044014833516822234,
  "angeles and jt": 0.044014833516822234,
  "father was": 0.030700467856582276,
  "rams and is": 0.044014833516822234,
  "jt if": 0.044014833516822234,
  "jt snowapr": 0.044014833516822234,
  "receiver": 0.024595065283635472,
  "michael from": 0.039132112233852864,
  "rookie jt": 0.044014833516822234,
  "radio personality in": 0.044014833516822234,
  "extraordiary start": 0.044014833516822234,
  "on jt": 0.044014833516822234,
  "jt snow": 0.036051458098030884,
  "of the california": 0.039132112233852864,
  "the la rams": 0.044014833516822234,
  "jt": 0.1228018714263291,
  "university of": 0.007017783149236013,
  "california los angeles": 0.024595065283635472,
  "fact that": 0.014492669955189986,
  "rookie": 0.026369091678812802,
  "california angeles other": 0.044014833516822234,
  "radio": 0.015843304280363645,
  "by rookie jt": 0.044014833516822234,
  "season thanks": 0.04093417938100025,
  "about jt": 0.044014833516822234,
  "los": 0.03729979801365446,
  "personality in": 0.039132112233852864,
  "usc ": 0.06671504238654784,
  "snow": 0.02426971682130972,
  "and background": 0.03169221697353432,
  "two last night": 0.044014833516822234,
  "snowapr": 0.044014833516822234,