{
  "halfanhour by cutting": 0.06351855421189695,
  "shortened by halfanhour": 0.1270371084237939,
  "game": 0.041838401786025894,
  "be shortened": 0.1270371084237939,
  "equal": 0.030794884361115913,
  "system": 0.012126676718600881,
  "timeouts and": 0.06072224312149582,
  "time is actually": 0.06351855421189695,
  "equal its": 0.06351855421189695,
  "update": 0.030675975351222767,
  "done a study": 0.05873822882872491,
  "wasted": 0.040062020545261395,
  "determine how much": 0.06351855421189695,
  "ron graham": 0.05873822882872491,
  "warmup pitches": 0.06351855421189695,
  "sender": 0.0045127830739076944,
  "apr": 0.00906085302268372,
  "halfanhour has": 0.06351855421189695,
  "batters box": 0.0524189824020066,
  "clark": 0.03452067407816615,
  "actually wasted": 0.06351855421189695,
  "weeknight game can": 0.06351855421189695,
  "the batters box": 0.05487880960158407,
  "sort": 0.021723445673704985,
  "cutting out": 0.055941917738323785,
  "pitches": 0.040537833452067955,
  "re braves update": 0.0463812669719797,
  "usenet": 0.014053557128277328,
  "games heather": 0.06829887959506899,
  "wasted say": 0.06351855421189695,
  "graham": 0.035635442019934536,
  "warmup": 0.053145606647922644,
  "clark university apr": 0.05116159235515174,
  "heather": 0.049622671311605464,
  "halfanhour by": 0.06351855421189695,
  "university apr gmt": 0.0487594772222675,
  "study to determine": 0.06351855421189695,
  "usenet news": 0.016578718970294996,
  "clark university": 0.0487594772222675,
  "by halfanhour": 0.1270371084237939,
  "much time": 0.04091755605333021,
  "gmt ron": 0.055941917738323785,
  "graham writes i": 0.05873822882872491,
  "length was re": 0.049177578062380836,
  "shortened": 0.10352334163429838,
  "the batters": 0.049177578062380836,
  "re game": 0.049622671311605464,
  "length": 0.03189808884175507,
  "study": 0.025836955556547914,
  "braves update sender": 0.05060957368154114,
  "writes": 0.004413967479604927,
  "update sender usenet": 0.0487594772222675,
  "commerical timeouts and": 0.06829887959506899,
  "time is": 0.03607247384015928,
  "and that sort": 0.053145606647922644,
  "timeouts and that": 0.06351855421189695,
  "box commerical": 0.06829887959506899,
  "system clark university": 0.05009848421841203,
  "ron graham writes": 0.06072224312149582,
  "these as games": 0.06351855421189695,
  "news system": 0.01886039754497219,
  "weeknight": 0.06072224312149582,
  "time": 0.010869620233291112,
  "wasted say in": 0.06351855421189695,
  "news system clark": 0.049622671311605464,
  "warmup pitches dawdling": 0.06351855421189695,
  "sender usenet news": 0.016871072083880154,
  "university": 0.006732111400227701,
  "shortened by": 0.11747645765744982,
  "writes i think": 0.03909814508060513,
  "can be shortened": 0.1270371084237939,
  "pitches dawdling outside": 0.06351855421189695,
  "gmt": 0.001133999062528775,
  "gmt ron graham": 0.06351855421189695,
  "outside the batters": 0.06351855421189695,
  "halfanhour has anybody": 0.06351855421189695,
  "batters box commerical": 0.06829887959506899,
  "that sort": 0.04118284074869432,
  "re game length": 0.049622671311605464,
  "pitches dawdling": 0.06351855421189695,
  "is actually wasted": 0.06351855421189695,
  "dawdling": 0.05719930778517863,
  "apr gmt": 0.010374154747235133,
  "system clark": 0.049622671311605464,
  "batters": 0.0420460348380323,
  "graham writes": 0.04799240387667974,
  "university apr": 0.04763865701883457,
  "to determine": 0.032839130929533396,
  "timeouts": 0.0524189824020066,
  "usenet news system": 0.019719342372484953,
  "a weeknight game": 0.06351855421189695,
  "weeknight game": 0.06351855421189695,
  "a weeknight": 0.06351855421189695,
  "game length": 0.04799240387667974,
  "braves": 0.03351663740941901,
  "dawdling outside": 0.06351855421189695,
  "study to": 0.05176167081714919,
  "game can": 0.05873822882872491,
  "equal its not": 0.06351855421189695,
  "a study": 0.03890108733961164,
  "sort of": 0.02298244537203737,
  "ron": 0.0301375727762585,
  "being equal": 0.0524189824020066,
  "game length was": 0.049177578062380836,
  "games": 0.023651357551260195,
  "as games heather": 0.06829887959506899,
  "as games": 0.05719930778517863,
  "sender usenet": 0.015383307894086155,
  "commerical timeouts": 0.06829887959506899,
  "box commerical timeouts": 0.06829887959506899,
  "if a weeknight": 0.06351855421189695,
  "game can be": 0.06351855421189695,
  "dawdling outside the": 0.06351855421189695,
  "out warmup pitches": 0.06351855421189695,
  "apr gmt ron": 0.06351855421189695,
  "commerical": 0.05009848421841203,
  "games heather ": 0.06829887959506899,
  "by cutting": 0.0524189824020066,
  "cutting": 0.037114130787834224,
  "writes i": 0.018265191249708032,
  "braves update": 0.0463812669719797,
  "heather ": 0.10791580689110575,
  "how much time": 0.055941917738323785,
  "out warmup": 0.06351855421189695,
  "sort of thing": 0.037114130787834224,
  "box": 0.022163712221420943,
  "halfanhour": 0.1270371084237939,
  "news": 0.010586955193163612,
  "else being equal": 0.05873822882872491,
  "re braves": 0.04145873960809915,
  "update sender": 0.0443972526792088,
  "cutting out warmup": 0.06351855421189695,
  "determine": 0.03011036740873425,
  "determine how": 0.0487594772222675,
  "was re braves": 0.049177578062380836,
  "length was": 0.0487594772222675
}