{
  "wheelies": 0.024466936202387435,
  "jorg": 0.02882650877646724,
  "graeme harrison writes": 0.03493938592308291,
  "the real question": 0.02593667345753384,
  "lead wing if": 0.03654837444732165,
  "ways pretty": 0.03929895849716271,
  "the throttle": 0.026075924726626183,
  "in graeme harrison": 0.03929895849716271,
  "once jorg klinger": 0.03929895849716271,
  "winnipeg": 0.0198928111629494,
  "university of manitoba": 0.02593667345753384,
  "question is can": 0.030161716064646654,
  "intimidating": 0.028552727540407906,
  "real question is": 0.027614676833803815,
  "ccuumanitobaca university": 0.027614676833803815,
  "do a wheelie": 0.05406583403116418,
  "jorg klinger if": 0.03104720634763955,
  "an early pre": 0.03929895849716271,
  "of manitoba": 0.02530546435186048,
  "in graeme": 0.03929895849716271,
  "who arch eng": 0.03104720634763955,
  "services lost horizons": 0.03104720634763955,
  "nntppostinghost": 0.006757042636017616,
  "early": 0.01376504374006964,
  "ride a": 0.028056048401701533,
  "real good": 0.02703291701558209,
  "nntppostinghost ccuumanitobaca": 0.027614676833803815,
  "on an early": 0.03654837444732165,
  "so how high": 0.03654837444732165,
  "manitoba": 0.022921441096190123,
  "a wheelie": 0.05406583403116418,
  "and wheelies sender": 0.029783501065423143,
  "chopping the": 0.03929895849716271,
  "was real good": 0.03929895849716271,
  "the ground": 0.017806496583653107,
  "wheel be": 0.03654837444732165,
  "apr is it": 0.03654837444732165,
  "anonymous squidonk ": 0.031577092826308294,
  "ca the embalmer": 0.03104720634763955,
  "guy around here": 0.03929895849716271,
  "services": 0.012991961459712516,
  "with a hannigan": 0.03929895849716271,
  "real": 0.020109022386972965,
  "fairing wing": 0.03929895849716271,
  "with shaftdrive": 0.027411132014805602,
  "hannigan he would": 0.03929895849716271,
  "the front wheel": 0.02721752025222849,
  "be i guess": 0.03929895849716271,
  "wing if": 0.03654837444732165,
  "pm apr is": 0.03654837444732165,
  "manitoba winnipeg canada": 0.028056048401701533,
  "winnipeg canada": 0.028056048401701533,
  "university of": 0.0062658778118178686,
  "squidonk": 0.031577092826308294,
  "eng services": 0.03104720634763955,
  "pretty intimidating": 0.03929895849716271,
  "new who arch": 0.03104720634763955,
  "wheelies sender nntppostinghost": 0.03218880187324186,
  "lost": 0.014021573644669745,
  "anonymous": 0.017068328255576595,
  "once jorg": 0.03929895849716271,
  "ccuumanitobaca": 0.027614676833803815,
  "chopping the throttle": 0.03929895849716271,
  "real question": 0.025423928491343343,
  "a lead wing": 0.03654837444732165,
  "eng services lost": 0.03104720634763955,
  "manitoba winnipeg": 0.025546038247957443,
  "intimidating sight": 0.03929895849716271,
  "harrison there was": 0.03929895849716271,
  "lost horizons i": 0.03104720634763955,
  "apr": 0.0052135860646394415,
  "recmotorcycles pm apr": 0.03654837444732165,
  "university": 0.003873635527908796,
  "virago ive seen": 0.03654837444732165,
  "guess you wouldnt": 0.03929895849716271,
  "pre": 0.024660547964964547,
  "was a guy": 0.03493938592308291,
  "ground graeme": 0.03929895849716271,
  "but the real": 0.03104720634763955,
  "wing if so": 0.03654837444732165,
  "monapr": 0.010374642249062484,
  "the embalmer anonymous": 0.03104720634763955,
  "would the front": 0.03654837444732165,
  "eng": 0.023051559440725802,
  "winnipeg canada monapr": 0.03929895849716271,
  "pre fairing wing": 0.03929895849716271,
  "pm apr": 0.027829229299162053,
  "sight": 0.021145343503101665,
  "question": 0.00871180956130759,
  "em but": 0.02882650877646724,
  "embalmer anonymous": 0.03104720634763955,
  "seen em": 0.03654837444732165,
  "guess you": 0.02385522715545387,
  "em": 0.018519426898631165,
  "pretty intimidating sight": 0.03929895849716271,
  "high": 0.011072204097531409,
  "motorcycle with": 0.02721752025222849,
  "arch eng": 0.03104720634763955,
  "sender nntppostinghost ccuumanitobaca": 0.028056048401701533,
  "he was real": 0.03929895849716271,
  "chopping": 0.03104720634763955,
  "wheelie on": 0.054822264029611205,
  "klinger": 0.0291205880310455,
  "front": 0.014110906077892827,
  "shaftdrives and": 0.02456256140706625,
  "motorcycle": 0.018604768982841337,
  "harrison writes": 0.033797790397480605,
  "horizons": 0.0291205880310455,
  "the front": 0.018456603623961797,
  "arch": 0.028296622297798498,
  "nntppostinghost ccuumanitobaca university": 0.027614676833803815,
  "ca the": 0.026370003981204444,
  "a guy": 0.021064355917263543,
  "canada monapr gmt": 0.025190434443633287,
  "virago": 0.028296622297798498,
  "sight he": 0.03929895849716271,
  "the real": 0.015217904575559098,
  "man ca": 0.03104720634763955,
  "guess": 0.01187138984537035,
  "the embalmer": 0.03104720634763955,
  "ca": 0.012518166642036999,
  "of manitoba winnipeg": 0.025546038247957443,
  "good": 0.006412939624882556,
  "intimidating sight he": 0.03929895849716271,
  "front wheel": 0.02593667345753384,
  "guy around": 0.03929895849716271,
  "hannigan": 0.033797790397480605,
  "was real": 0.030579813349003105,
  "up and ride": 0.03929895849716271,
  "shaftdrive mike": 0.0329123001144877,
  "pm": 0.01949565458137407,
  "umanitoba man": 0.03104720634763955,
  "away with chopping": 0.03929895849716271,
  "on a motorcycle": 0.025672025146031178,
  "with shaftdrive mike": 0.0329123001144877,
  "gmt": 0.0006524994605820332,
  "a ways pretty": 0.03929895849716271,
  "canada monapr": 0.025190434443633287,
  "apr is": 0.03654837444732165,
  "off the ground": 0.02593667345753384,
  "terry virago": 0.0329123001144877,
  "high would the": 0.03654837444732165,
  "wheelie": 0.0533752675471195,
  "and wheelies": 0.024660547964964547,
  "writes recmotorcycles": 0.03654837444732165,
  "graeme": 0.055658458598324106,
  "early pre fairing": 0.03929895849716271,
  "fairing": 0.028552727540407906,
  "lead": 0.015396388683825276,
  "wheel": 0.01952274174435185,
  "writes recmotorcycles pm": 0.03654837444732165,
  "shaftdrive mike terry": 0.0329123001144877,
  "recmotorcycles": 0.022061635394568724,
  "who arch": 0.03104720634763955,
  "ground": 0.015483820092554971,
  "ride": 0.017039149786111284,
  "the ground graeme": 0.03929895849716271,
  "a motorcycle": 0.022113508734121712,
  "gmt in graeme": 0.03929895849716271,
  "a lead": 0.02456256140706625,
  "and ride": 0.029783501065423143,
  "am umanitoba": 0.03104720634763955,
  "with chopping": 0.03929895849716271,
  "ways pretty intimidating": 0.03929895849716271,
  "re shaftdrives": 0.024660547964964547,
  "terry virago ive": 0.03654837444732165,
  "pre fairing": 0.03929895849716271,
  "mike terry": 0.030161716064646654,
  "umanitoba man ca": 0.03104720634763955,
  "how high": 0.03218880187324186,
  "horizons i think": 0.03104720634763955,
  "an early": 0.024466936202387435,
  "umanitoba": 0.03104720634763955,
  "throttle more": 0.03654837444732165,
  "recmotorcycles pm": 0.03654837444732165,
  "canada": 0.012950244870866932,
  "harrison writes recmotorcycles": 0.03654837444732165,
  "ways": 0.014188098244269079,
  "wheelie on a": 0.054822264029611205,
  "embalmer anonymous squidonk": 0.031577092826308294,
  "a ways": 0.03654837444732165,
  "pretty": 0.011395223343340772,
  "throttle more than": 0.03654837444732165,
  "klinger if": 0.03104720634763955,
  "jorg klinger": 0.0291205880310455,
  "early pre": 0.03929895849716271,
  "harrison": 0.05765301755293448,
  "ive seen": 0.01568529757419554,
  "mike terry virago": 0.0329123001144877,
  "em but the": 0.03654837444732165,
  "terry": 0.021622977162823392,
  "ground graeme harrison": 0.03929895849716271,
  "i am umanitoba": 0.03104720634763955,
  "sender": 0.0025966410544310146,
  "lead wing": 0.03654837444732165,
  "monapr gmt": 0.010846103166013392,
  "sender nntppostinghost": 0.011832060941007439,
  "fairing wing with": 0.03929895849716271,
  "on a lead": 0.03654837444732165,
  "klinger if you": 0.03104720634763955,
  "monapr gmt in": 0.015454461729533365,