{
  "wheelies": 0.04252184774483886,
  "chain wax": 0.097518954444535,
  "official dod": 0.06072224312149582,
  "post": 0.01782619305322139,
  "wax as": 0.06351855421189695,
  "re maxima chain": 0.049177578062380836,
  "wax wheelies": 0.06829887959506899,
  "thuapr gmt john": 0.06072224312149582,
  "recheck them": 0.06829887959506899,
  "party": 0.028985475640650456,
  "nominate": 0.05487880960158407,
  "recheck": 0.06351855421189695,
  "official tm dod": 0.06072224312149582,
  "it erc": 0.06829887959506899,
  "ps": 0.026074791253590458,
  "plenty": 0.032148900180864554,
  "nominate maxima chain": 0.06351855421189695,
  "offocially nominate maxima": 0.06351855421189695,
  "gmt": 0.001133999062528775,
  "the annoying": 0.048365281264750606,
  "productsofchoice list": 0.06829887959506899,
  "r daker writes": 0.05487880960158407,
  "nntppostinghost ursa": 0.05176167081714919,
  "erc": 0.05009848421841203,
  "the faq": 0.03308546253368567,
  "please post": 0.03551549896674923,
  "ursa calvin": 0.05176167081714919,
  "another official": 0.06072224312149582,
  "pseudouser nntppostinghost ursa": 0.05176167081714919,
  "wax as another": 0.06351855421189695,
  "maybe ill": 0.049622671311605464,
  "tm dod product": 0.06351855421189695,
  "ill": 0.019054375849543757,
  "list if so": 0.05873822882872491,
  "college thuapr gmt": 0.05116159235515174,
  "choice is": 0.043032937207967976,
  "john r daker": 0.05009848421841203,
  "daker": 0.04461620921930936,
  "got plenty": 0.06072224312149582,
  "tm dod": 0.06072224312149582,
  "post it": 0.03825261182479594,
  "chain wax as": 0.06351855421189695,
  "faq": 0.027224139116001186,
  "choice": 0.025536747360291812,
  "ps if": 0.04799240387667974,
  "john": 0.01873926370181157,
  "choice is there": 0.05719930778517863,
  "sender the": 0.026841864599178214,
  "i got plenty": 0.06829887959506899,
  "go recheck": 0.06829887959506899,
  "r daker": 0.04461620921930936,
  "erc ps if": 0.06829887959506899,
  "of choice": 0.04145873960809915,
  "college": 0.02077743738715749,
  "annoying news": 0.049177578062380836,
  "like to offocially": 0.06351855421189695,
  "r": 0.0227357748626675,
  "pseudouser": 0.04339599743890192,
  "tm": 0.03287958002920511,
  "appropriate party": 0.06829887959506899,
  "dod productsofchoice": 0.06829887959506899,
  "nntppostinghost ursa calvin": 0.05176167081714919,
  "dod product": 0.06351855421189695,
  "ill go recheck": 0.06829887959506899,
  "news pseudouser nntppostinghost": 0.049177578062380836,
  "re maxima": 0.049177578062380836,
  "party please": 0.06351855421189695,
  "maxima chain": 0.09835515612476167,
  "ursa calvin college": 0.05176167081714919,
  "product of choice": 0.06351855421189695,
  "calvin": 0.04339599743890192,
  "faq keep": 0.06829887959506899,
  "daker writes": 0.05487880960158407,
  "sender": 0.0045127830739076944,
  "dod productsofchoice list": 0.06829887959506899,
  "list if": 0.044842345928433426,
  "maxima chain wax": 0.09835515612476167,
  "wheelies sender the": 0.06351855421189695,
  "list": 0.020192576647096904,
  "productsofchoice list if": 0.06829887959506899,
  "nntppostinghost": 0.011743274098458201,
  "product of": 0.04418503434357601,
  "in the faq": 0.043584955881578576,
  "productsofchoice": 0.06829887959506899,
  "plenty maybe": 0.06829887959506899,
  "gmt john r": 0.06351855421189695,
  "chain wax wheelies": 0.06829887959506899,
  "thuapr gmt": 0.017636740216356625,
  "there an official": 0.06351855421189695,
  "product": 0.027497486059845293,
  "another official tm": 0.06351855421189695,
  "writes i would": 0.03919882645592342,
  "maxima": 0.08968469185686685,
  "annoying": 0.03522446203922939,
  "as another official": 0.06351855421189695,
  "offocially nominate": 0.06351855421189695,
  "john r": 0.044842345928433426,
  "chain": 0.07227446134031636,
  "thuapr": 0.0168195014251619,
  "official dod productsofchoice": 0.06829887959506899,
  "nominate maxima": 0.06351855421189695,
  "wheelies sender": 0.05116159235515174,
  "offocially": 0.06351855421189695,
  "dod": 0.047845393413759305,
  "dod product of": 0.06351855421189695,
  "ps if its": 0.06829887959506899,
  "wax wheelies sender": 0.06829887959506899,
  "the appropriate party": 0.06829887959506899,
  "ill go": 0.0458292482983691,
  "it erc ps": 0.06829887959506899,
  "sender the annoying": 0.049177578062380836,
  "annoying news pseudouser": 0.049177578062380836,
  "writes": 0.004413967479604927,
  "ursa": 0.05060957368154114,
  "news": 0.010586955193163612,
  "erc ps": 0.06829887959506899,
  "writes i": 0.018265191249708032,
  "the annoying news": 0.049177578062380836,
  "to offocially": 0.06351855421189695,
  "gmt john": 0.0463812669719797,
  "official": 0.05564193969863764,
  "pseudouser nntppostinghost": 0.049177578062380836,
  "faq keep them": 0.06829887959506899,
  "calvin college": 0.0487594772222675,
  "recheck them now": 0.06829887959506899,
  "an official dod": 0.06829887959506899,
  "news pseudouser": 0.049177578062380836,
  "plenty maybe ill": 0.06829887959506899,
  "calvin college thuapr": 0.06072224312149582,
  "official tm": 0.06072224312149582,
  "an official": 0.040537833452067955,
  "party please post": 0.06829887959506899,
  "post it erc": 0.06829887959506899,
  "to offocially nominate": 0.06351855421189695,
  "wax": 0.0829174792161983,
  "daker writes i": 0.06072224312149582,
  "college thuapr": 0.05116159235515174
}