{
  "wrote and": 0.04142201525070573,
  "dod im": 0.050696685596220904,
  "nra ": 0.09873690034346311,
  "tappits": 0.04736563923946244,
  "shim": 0.0441573267351012,
  "rohnert park": 0.050696685596220904,
  "nra": 0.03080922453912299,
  "version jeff nichols": 0.05894843774574406,
  "homevalley": 0.050696685596220904,
  "im the nra": 0.049368450171731554,
  "tin": 0.018256418238142474,
  "shims": 0.049368450171731554,
  "adjust": 0.03317026310118257,
  "jeff nichols": 0.052409078884624365,
  "ama": 0.030256285569523606,
  "a thinner shim": 0.052409078884624365,
  "valves recede": 0.05894843774574406,
  "hewlett packard": 0.0355447137414326,
  "thuapr gmt hewlettpackardsantarosasystmsdivrohnertparkca": 0.05894843774574406,
  "clearance": 0.03911388708993928,
  "fax": 0.01809868826329525,
  "f": 0.02284065149512652,
  "gmt": 0.0009787491908730497,
  "speaking of shims": 0.052409078884624365,
  "clearance of the": 0.048283202809862785,
  "valves get smaller": 0.052409078884624365,
  "speaking": 0.02509739395800704,
  "ca": 0.0187772499630555,
  "recede": 0.05894843774574406,
  "park": 0.026106456219168427,
  "ama dod im": 0.050696685596220904,
  "park ca law": 0.050696685596220904,
  "version": 0.015145872874658625,
  "the shimscams": 0.05894843774574406,
  "the clearance": 0.052409078884624365,
  "m work hewlett": 0.050696685596220904,
  "of shims": 0.049368450171731554,
  "wrote and speaking": 0.05894843774574406,
  "drive seca": 0.049368450171731554,
  "faster than": 0.029366215724458345,
  "the cylinder": 0.04142201525070573,
  "ball m": 0.049368450171731554,
  "speaking of": 0.032163856374730584,
  "law": 0.01760884808070934,
  "smaller ie need": 0.052409078884624365,
  "drive": 0.016988587500173607,
  "dod im the": 0.050696685596220904,
  "hewlettpackardsantarosasystmsdivrohnertparkca": 0.050696685596220904,
  "valves": 0.08284403050141145,
  "ca law": 0.050696685596220904,
  "adjust my": 0.046570809521459325,
  "would the clearance": 0.052409078884624365,
  "wear": 0.029083676812321897,
  "gmt hewlettpackardsantarosasystmsdivrohnertparkca": 0.050696685596220904,
  "packard": 0.03438216164428518,
  "tappits sender": 0.054822561670982484,
  "recede into the": 0.05894843774574406,
  "help me adjust": 0.04736563923946244,
  "hewlettpackardsantarosasystmsdivrohnertparkca xnewsreader tin": 0.050696685596220904,
  "the valves recede": 0.05894843774574406,
  "rohnert park ca": 0.050696685596220904,
  "of a thinner": 0.052409078884624365,
  "because the valves": 0.05894843774574406,
  "faster": 0.022994540654807074,
  "thinner": 0.046570809521459325,
  "my tappits": 0.04736563923946244,
  "packard fax": 0.049368450171731554,
  "wear down": 0.054822561670982484,
  "work hewlett packard": 0.050696685596220904,
  "down frank ball": 0.05894843774574406,
  "thuapr gmt": 0.015222186496260181,
  "nichols wrote": 0.054822561670982484,
  "me adjust": 0.04736563923946244,
  "wrote": 0.015287831323888027,
  "shimscams": 0.05894843774574406,
  "sender news": 0.01823089888093045,
  "smaller ie": 0.052409078884624365,
  "ama dod": 0.03890501018630076,
  "work hewlett": 0.050696685596220904,
  "administrator thuapr gmt": 0.049368450171731554,
  "work": 0.01210903669515464,
  "shim because": 0.05894843774574406,
  "version jeff": 0.050696685596220904,
  "shims why": 0.052409078884624365,
  "frank ball": 0.044675251598134715,
  "tin version": 0.019599056527185976,
  "administrator": 0.023022953028334802,
  "cylinder head": 0.046570809521459325,
  "of the valves": 0.052409078884624365,
  "fax homevalley house": 0.050696685596220904,
  "recede into": 0.05894843774574406,
  "valves get": 0.052409078884624365,
  "thinner shim because": 0.05894843774574406,
  "tin version jeff": 0.050696685596220904,
  "law ama": 0.050696685596220904,
  "hewlett": 0.03531574778412429,
  "hewlettpackardsantarosasystmsdivrohnertparkca xnewsreader": 0.050696685596220904,
  "cylinder": 0.03401001666225343,
  "m work": 0.049368450171731554,
  "cylinder head faster": 0.05894843774574406,
  "sender": 0.003894961581646522,
  "seca f": 0.049368450171731554,
  "faster than the": 0.03699082194744682,
  "seca f rohnert": 0.050696685596220904,
  "m": 0.02021464183869042,
  "seca": 0.04028478169854675,
  "administrator thuapr": 0.049368450171731554,
  "the valves": 0.09656640561972557,
  "shims why would": 0.052409078884624365,
  "into the cylinder": 0.05894843774574406,
  "xnewsreader": 0.017461588520139362,
  "the shimscams wear": 0.05894843774574406,
  "drive seca f": 0.049368450171731554,
  "xnewsreader tin version": 0.020030938794746028,
  "than the shimscams": 0.05894843774574406,
  "house drive": 0.049368450171731554,
  "head": 0.020552780471076348,
  "head faster": 0.05894843774574406,
  "the nra": 0.03438216164428518,
  "rohnert": 0.050696685596220904,
  "head faster than": 0.05894843774574406,
  "clearance of": 0.046570809521459325,
  "xnewsreader tin": 0.018791222694712076,
  "sender news administrator": 0.027008104322994945,
  "house drive seca": 0.049368450171731554,
  "and speaking": 0.048283202809862785,
  "nichols wrote and": 0.05894843774574406,
  "tappits sender news": 0.054822561670982484,
  "thuapr": 0.014516831587193307,
  "the cylinder head": 0.049368450171731554,
  "gmt hewlettpackardsantarosasystmsdivrohnertparkca xnewsreader": 0.050696685596220904,
  "adjust my tappits": 0.04736563923946244,
  "shim because the": 0.05894843774574406,
  "dod": 0.02064756561010446,
  "ball m work": 0.049368450171731554,
  "shimscams wear": 0.05894843774574406,
  "down frank": 0.05894843774574406,
  "fax homevalley": 0.050696685596220904,
  "jeff nichols wrote": 0.05894843774574406,
  "ball": 0.026843511874599053,
  "news administrator thuapr": 0.049368450171731554,
  "homevalley house drive": 0.050696685596220904,
  "a thinner": 0.048283202809862785,
  "frank": 0.02172326624827101,
  "thinner shim": 0.052409078884624365,
  "jeff": 0.025240339649696766,
  "news": 0.009137550613147164,
  "get smaller": 0.050696685596220904,
  "f rohnert": 0.050696685596220904,
  "my tappits sender": 0.054822561670982484,
  "hewlett packard fax": 0.049368450171731554,
  "shimscams wear down": 0.05894843774574406,
  "frank ball m": 0.049368450171731554,
  "valves recede into": 0.05894843774574406,
  "smaller": 0.026870629830169655,
  "park ca": 0.0411166980222084,
  "homevalley house": 0.050696685596220904,
  "wear down frank": 0.05894843774574406,
  "f rohnert park": 0.050696685596220904,
  "ca law ama": 0.050696685596220904,
  "packard fax homevalley": 0.050696685596220904,
  "nichols": 0.03286494587268524,
  "house": 0.020376743924752083,
  "news administrator": 0.026450904923457405,
  "law ama dod": 0.050696685596220904
}