{
  "ive": 0.014128533372986321,
  "sidestand cutout": 0.06736964313799322,
  "former ninjaite": 0.04423224598382889,
  "i was drinking": 0.04423224598382889,
  "that insisted sidestand": 0.06736964313799322,
  "night with a": 0.042991963284550294,
  "picture of": 0.03624916029103143,
  "switches": 0.03706796085055439,
  "curse": 0.04520572111063619,
  "picture": 0.028129364255042387,
  "that insisted": 0.05413215913081421,
  "dod go": 0.04446286878434373,
  "kyle cassidy": 0.056421085910550346,
  "like a curse": 0.06736964313799322,
  "ninjaite i": 0.04423224598382889,
  "there with tachometers": 0.06736964313799322,
  "insisted": 0.04338079603176082,
  "in article": 0.0058334564726344774,
  "riding": 0.031059860282882212,
  "gmt": 0.0011185705038549141,
  "youll like": 0.04400918596462487,
  "riding with my": 0.06736964313799322,
  "insisted sidestand": 0.06736964313799322,
  "stand down": 0.06736964313799322,
  "the honapr": 0.06736964313799322,
  "oops and": 0.06736964313799322,
  "tachometers something": 0.06736964313799322,
  "honapr gmt sun": 0.06736964313799322,
  "sun microsystems rtp": 0.04470158524564489,
  "tachometers": 0.06736964313799322,
  "with a biker": 0.04423224598382889,
  "the pastmiles": 0.06736964313799322,
  "happened on": 0.049921008053220854,
  "kyle cassidy writes": 0.05989609015385642,
  "drinking last night": 0.04423224598382889,
  "happened": 0.022669759040445023,
  "gmt sun": 0.03624916029103143,
  "lasereastsuncom in": 0.04470158524564489,
  "cassidy": 0.05322378231023923,
  "rtp": 0.04227522508279637,
  "stand down oops": 0.06736964313799322,
  "with my side": 0.06736964313799322,
  "picture of you": 0.04470158524564489,
  "side": 0.022085789232017764,
  "biker and": 0.0437932084250699,
  "lasereastsuncom in article": 0.04470158524564489,
  "dod go on": 0.04470158524564489,
  "article": 0.005363315334105295,
  "ncworld": 0.04470158524564489,
  "cutout switches": 0.06736964313799322,
  "night with": 0.04036085461042776,
  "switches were": 0.06736964313799322,
  "rtp ncworld": 0.04470158524564489,
  "sun microsystems": 0.03365653390261049,
  "sidestand cutout switches": 0.06736964313799322,
  "cutout switches were": 0.06736964313799322,
  "funny": 0.030709291234479606,
  "for the pastmiles": 0.06736964313799322,
  "microsystems rtp": 0.04470158524564489,
  "microsystems": 0.03267667424122996,
  "ncworld lasereastsuncom": 0.04470158524564489,
  "the pastmiles ive": 0.06736964313799322,
  "stand": 0.026679750544425323,
  "writes and": 0.034633695142262486,
  "a curse": 0.05322378231023923,
  "god ed": 0.06736964313799322,
  "it that insisted": 0.06736964313799322,
  "funny thing happened": 0.06265435619540856,
  "grateful": 0.03706796085055439,
  "side stand": 0.05793906925282389,
  "side stand down": 0.06736964313799322,
  "the grateful": 0.04423224598382889,
  "said dod": 0.04470158524564489,
  "down oops": 0.06736964313799322,
  "the grateful dead": 0.04423224598382889,
  "youll": 0.025216961996533893,
  "a biker": 0.04227522508279637,
  "know her youll": 0.04470158524564489,
  "god ed green": 0.06736964313799322,
  "microsystems rtp ncworld": 0.04470158524564489,
  "thing happened": 0.04894753292641355,
  "green": 0.02827982551527108,
  "rtp ncworld lasereastsuncom": 0.04470158524564489,
  "in article kyle": 0.05989609015385642,
  "him a picture": 0.04470158524564489,
  "drinking last": 0.04423224598382889,
  "ive been riding": 0.06265435619540856,
  "youll like her": 0.04470158524564489,
  "last night": 0.03028774889604967,
  "pastmiles ive": 0.06736964313799322,
  "honapr": 0.06736964313799322,
  "from god": 0.03866550908917616,
  "god": 0.018377015127573983,
  "my side": 0.05518080321127176,
  "oops": 0.03809028876245464,
  "happened on the": 0.056421085910550346,
  "curse from": 0.06265435619540856,
  "cassidy writes and": 0.06736964313799322,
  "ive been": 0.02721567488356215,
  "oops and who": 0.06736964313799322,
  "her youll": 0.04470158524564489,
  "i said dod": 0.04470158524564489,
  "drinking": 0.03691156957011426,
  "my side stand": 0.06736964313799322,
  "honapr gmt": 0.06736964313799322,
  "lasereastsuncom": 0.04470158524564489,
  "kyle": 0.04699051202538103,
  "biker and i": 0.04470158524564489,
  "pastmiles": 0.06736964313799322,
  "insisted sidestand cutout": 0.06736964313799322,
  "dod": 0.023597217840119384,
  "was drinking": 0.0437932084250699,
  "a picture": 0.036609176627455525,
  "re funny": 0.06736964313799322,
  "cassidy writes": 0.05989609015385642,
  "dead it seemed": 0.04470158524564489,
  "biker": 0.037559938140211704,
  "pastmiles ive been": 0.06736964313799322,
  "curse from god": 0.06736964313799322,
  "writes": 0.004353913500290575,
  "sun": 0.023564538572686422,
  "dead it": 0.04210724812639929,
  "to the honapr": 0.06736964313799322,
  "ninjaite": 0.04423224598382889,
  "sidestand": 0.05989609015385642,
  "her the grateful": 0.04470158524564489,
  "cutout": 0.05413215913081421,
  "gmt sun microsystems": 0.03809028876245464,
  "dead": 0.023287707342573807,
  "green former ninjaite": 0.04423224598382889,
  "article kyle": 0.05989609015385642,
  "tachometers something like": 0.06736964313799322,
  "funny thing": 0.048096082974345485,
  "riding with": 0.04520572111063619,
  "grateful dead it": 0.04470158524564489,
  "ninjaite i was": 0.04423224598382889,
  "article kyle cassidy": 0.05989609015385642,
  "green former": 0.04423224598382889,
  "writes and i": 0.04941687218822955,
  "grateful dead": 0.043583877413731445,
  "switches were right": 0.06736964313799322,
  "with tachometers": 0.06736964313799322,
  "night": 0.022961766147363623,
  "been riding": 0.05518080321127176,
  "the honapr gmt": 0.06736964313799322,
  "ed green": 0.04075724174052283,
  "ncworld lasereastsuncom in": 0.04470158524564489
}