{
  "to the spirit": 0.02975333190713816,
  "with shaftdrives": 0.03823682448372588,
  "stiel": 0.03823682448372588,
  "innefective in": 0.03823682448372588,
  "burn or": 0.03399507819543202,
  "revolutions and": 0.03556058054333999,
  "beguile burn": 0.03823682448372588,
  "only strange meanings": 0.03823682448372588,
  "meanings": 0.024295056481238527,
  "in article": 0.0033108807006844336,
  "beguile": 0.11471047345117766,
  "article the mxcrew": 0.03823682448372588,
  "mxcrew wrote": 0.03556058054333999,
  "question but": 0.022626587928380126,
  "shaftdrives": 0.04779741679212892,
  "campaign": 0.03937696136333395,
  "of this list": 0.028978541577168466,
  "you americans": 0.028978541577168466,
  "hoax hoodwink": 0.03823682448372588,
  "bamboozle beat beguile": 0.03823682448372588,
  "or flame": 0.0328843366029541,
  "crusade of": 0.03823682448372588,
  "apr recmotorcycles": 0.028333545111287516,
  "cannot do wheelies": 0.03823682448372588,
  "strahl": 0.03823682448372588,
  "hoax hoodwink drive": 0.03823682448372588,
  "drive may": 0.03202277848977182,
  "wheelies apr": 0.02729777682327717,
  "list wheel": 0.03823682448372588,
  "hoax": 0.027781032201477963,
  "stafford minnesota state": 0.026481911596762855,
  "swing either": 0.03823682448372588,
  "revolution swing": 0.03823682448372588,
  "state university winona": 0.026481911596762855,
  "do you americans": 0.03823682448372588,
  "revolution swing crusaders": 0.03823682448372588,
  "americans mean with": 0.03823682448372588,
  "my stupid question": 0.03823682448372588,
  "spirit": 0.0177800006746601,
  "stupid": 0.014897035626443981,
  "wheelies apr recmotorcycles": 0.031318834255046134,
  "standard disclaimers apply": 0.02337138972808859,
  "deceive hoax hoodwink": 0.03823682448372588,
  "state university": 0.024066568267798627,
  "wrote": 0.009916431129008451,
  "crusaders of beguile": 0.03823682448372588,
  "drive campaign crusade": 0.03823682448372588,
  "are innefective": 0.03823682448372588,
  "drives cannot": 0.03399507819543202,
  "beguile burn or": 0.03823682448372588,
  "welle deichsel schacht": 0.03823682448372588,
  "americans mean": 0.03823682448372588,
  "crusade push": 0.03823682448372588,
  "winona state": 0.028047413944670828,
  "pfeil strahl": 0.03823682448372588,
  "stafford minnesota": 0.026481911596762855,
  "push so shaft": 0.03823682448372588,
  "beat beguile": 0.03823682448372588,
  "schacht": 0.03823682448372588,
  "mxcrew": 0.03556058054333999,
  "flame deceive": 0.03823682448372588,
  "drives": 0.01571990372201346,
  "university nntppostinghost staffordwinonamsusedu": 0.028047413944670828,
  "world winona state": 0.02864259031466024,
  "beguile efforts": 0.03823682448372588,
  "to decieve": 0.03823682448372588,
  "university": 0.007537885351606306,
  "decieve": 0.03556058054333999,
  "innefective in revolutions": 0.03823682448372588,
  "bamboozle": 0.03823682448372588,
  "staffordwinonamsusedu in": 0.028333545111287516,
  "apply ": 0.04924306576578256,
  "campaign crusade push": 0.03823682448372588,
  "push so": 0.03823682448372588,
  "winona": 0.05296382319352571,
  "therefore shaft": 0.03823682448372588,
  "john": 0.010491093578234278,
  "flame deceive hoax": 0.03823682448372588,
  "article": 0.0030440438382759783,
  "like schaft stiel": 0.03823682448372588,
  "recmotorcycles world winona": 0.02864259031466024,
  "crusaders": 0.0328843366029541,
  "true to the": 0.030723657885056717,
  "bamboozle beat": 0.03823682448372588,
  "true": 0.009886325683216823,
  "question": 0.008476355248839818,
  "only strange": 0.03556058054333999,
  "shaft": 0.06298180798413613,
  "list wheel revolution": 0.03823682448372588,
  "stiel pfeil": 0.03823682448372588,
  "mxcrew wrote sorry": 0.03823682448372588,
  "stupid question but": 0.02975333190713816,
  "deichsel": 0.03823682448372588,
  "beguile are": 0.03823682448372588,
  "apply": 0.015065338468431866,
  "swing": 0.04581502415237746,
  "shaft drive": 0.028978541577168466,
  "standard": 0.011735653088154628,
  "campaign crusade": 0.03823682448372588,
  "true to": 0.024736795288874604,
  "shaftdrives and": 0.02389870839606446,
  "stupid question": 0.028047413944670828,
  "strange": 0.017028093042256578,
  "wheel revolution swing": 0.03823682448372588,
  "of beguile efforts": 0.03823682448372588,
  "disclaimers": 0.02034211796546474,
  "campaign to": 0.026868334216673985,
  "efforts where are": 0.03823682448372588,
  "spirit of": 0.02305603053498331,
  "recmotorcycles": 0.0214653749784993,
  "wheelies john stafford": 0.03823682448372588,
  "strange meanings": 0.03823682448372588,
  "minnesota": 0.01849941989547668,
  "wheelies": 0.04761133531275393,
  "shaftdrives my dictionary": 0.03823682448372588,
  "all standard": 0.024295056481238527,
  "recmotorcycles world": 0.02864259031466024,
  "deceive hoax": 0.03823682448372588,
  "cannot swing": 0.03823682448372588,
  "crusade push so": 0.03823682448372588,
  "revolutions and they": 0.03823682448372588,
  "apr": 0.0050726783331627,
  "crusade of beguile": 0.03823682448372588,
  "hoodwink drive": 0.03823682448372588,
  "where are true": 0.03823682448372588,
  "john stafford minnesota": 0.026670290609000048,
  "be a campaign": 0.03823682448372588,
  "beguile are innefective": 0.03823682448372588,
  "state university nntppostinghost": 0.026670290609000048,
  "beat beguile burn": 0.03823682448372588,
  "and wheelies apr": 0.02729777682327717,
  "disclaimers apply": 0.022981057230515738,
  "swing crusaders": 0.03823682448372588,
  "and wheelies": 0.023994046668614155,
  "wheelies john": 0.03823682448372588,
  "drive may be": 0.03556058054333999,
  "crusade": 0.05459555364655434,
  "deceive": 0.02729777682327717,
  "efforts": 0.01866576578789487,
  "my dictionary": 0.029346534549385937,
  "wheel": 0.018995100075585587,
  "swing either therefore": 0.03823682448372588,
  "winona state university": 0.028047413944670828,
  "beat": 0.01679682608634512,
  "of beguile": 0.07647364896745176,
  "university winona": 0.026481911596762855,
  "shaftdrives my": 0.03823682448372588,
  "meanings like": 0.03823682448372588,
  "push": 0.018739310942221876,
  "disclaimers apply ": 0.02462153288289128,
  "welle deichsel": 0.03823682448372588,
  "schaft stiel": 0.03823682448372588,
  "shaftdrives and wheelies": 0.024091798822993657,
  "stiel pfeil strahl": 0.03823682448372588,
  "wrote sorry for": 0.03556058054333999,
  "in revolutions": 0.03823682448372588,
  "article the": 0.021038572374638978,
  "schaft": 0.03823682448372588,
  "do wheelies": 0.029346534549385937,
  "strahl welle": 0.03823682448372588,
  "so shaft drive": 0.03823682448372588,
  "winona all standard": 0.026868334216673985,
  "shaft bamboozle": 0.03823682448372588,
  "efforts where": 0.03823682448372588,
  "so shaft": 0.03823682448372588,
  "decieve or a": 0.03823682448372588,
  "a campaign": 0.030723657885056717,
  "strange meanings like": 0.03823682448372588,
  "either therefore shaft": 0.03823682448372588,
  "this list wheel": 0.03823682448372588,
  "pfeil strahl welle": 0.03823682448372588,
  "university winona all": 0.026868334216673985,
  "john stafford": 0.02613066920986816,
  "drive campaign": 0.03823682448372588,
  "meanings like schaft": 0.03823682448372588,
  "staffordwinonamsusedu in article": 0.028333545111287516,
  "a crusade": 0.03823682448372588,
  "campaign to decieve": 0.03823682448372588,
  "flame": 0.016358729162828458,
  "the mxcrew wrote": 0.03556058054333999,
  "apr recmotorcycles world": 0.02864259031466024,
  "wrote sorry": 0.0328843366029541,
  "like schaft": 0.03823682448372588,
  "pfeil": 0.03823682448372588,
  "shaft drives": 0.03556058054333999,
  "minnesota state": 0.026302297636782577,
  "strahl welle deichsel": 0.03823682448372588,
  "schaft stiel pfeil": 0.03823682448372588,
  "therefore shaft drives": 0.03823682448372588,
  "dictionary knows": 0.03823682448372588,
  "winona all": 0.026868334216673985,
  "list": 0.011304724377718343,
  "nntppostinghost": 0.006574419862071194,