{
  "male body is": 0.03709115184001874,
  "dod seca": 0.02886184630692428,
  "objective": 0.014882952801105276,
  "for newused motorcycles": 0.06595299814694303,
  "an idiots guide": 0.03297649907347151,
  "love to": 0.01810649190660963,
  "a beautiful": 0.025188328505382235,
  "to motorcycles": 0.02534772781032155,
  "it cliff": 0.03297649907347151,
  "give advice": 0.03297649907347151,
  "a pricing guide": 0.03297649907347151,
  "rvs in": 0.03709115184001874,
  "hairy": 0.027784385361411992,
  "advice is there": 0.03709115184001874,
  "tem": 0.031899038127959224,
  "info": 0.01110506763021739,
  "reading it": 0.025514213812459503,
  "motos ask": 0.03709115184001874,
  "which includes": 0.021633719686291804,
  "there a buying": 0.03297649907347151,
  "body is": 0.0487051697350026,
  "the male body": 0.03709115184001874,
  "reading it cliff": 0.03709115184001874,
  "motorcycle camping": 0.03297649907347151,
  "talking": 0.012027167785686797,
  "of day": 0.029803098847302208,
  "talking with dealers": 0.03709115184001874,
  "of art": 0.02886184630692428,
  "etc cycle": 0.03709115184001874,
  "country motorcycle": 0.03297649907347151,
  "motorcycles": 0.06261353034829968,
  "miscbuying info needed": 0.03709115184001874,
  "cycle": 0.019160471155441786,
  "monapr gmt": 0.010236771527473315,
  "cross": 0.01728490827936505,
  "the female": 0.030380442217441756,
  "camping": 0.02587118077801877,
  "guide to": 0.021633719686291804,
  "newused motorcycles that": 0.03297649907347151,
  "there any booksarticles": 0.03297649907347151,
  "advice is": 0.024479556971155537,
  "weston dod": 0.031899038127959224,
  "objective try": 0.03709115184001874,
  "reliability": 0.020920784373590608,
  "is lumpy": 0.03709115184001874,
  "book which includes": 0.03709115184001874,
  "of virginia": 0.018130121753775416,
  "lists reliability how": 0.03297649907347151,
  "art": 0.017479009657135034,
  "gmt in article": 0.006816512855800105,
  "country motorcycle camping": 0.03297649907347151,
  "day": 0.009549120640020118,
  "that hang": 0.03297649907347151,
  "that lists reliability": 0.03297649907347151,
  "university": 0.0036560155544307737,
  "monapr": 0.009791797178890435,
  "the light": 0.01955507982831754,
  "puts one out": 0.03709115184001874,
  "motorcycles youre reading": 0.03709115184001874,
  "article writes is": 0.02694864172353106,
  "that lists": 0.030380442217441756,
  "process what": 0.02886184630692428,
  "includes": 0.013999699202447877,
  "lists reliability": 0.03297649907347151,
  "in article writes": 0.01041072942352208,
  "with rvs": 0.03709115184001874,
  "seca": 0.02534772781032155,
  "the male": 0.02748459993941373,
  "process what to": 0.03297649907347151,
  "hang out": 0.02846723763404853,
  "the bigger banks": 0.03709115184001874,
  "cliff": 0.022082413318548808,
  "on riding": 0.02694864172353106,
  "motorcycles blue book": 0.03297649907347151,
  "male": 0.01796776055200158,
  "on riding cross": 0.03297649907347151,
  "the bigger": 0.025035437140137836,
  "lumpy and hairy": 0.03709115184001874,
  "motorcycles blue": 0.03297649907347151,
  "lists": 0.017855951701253713,
  "work of art": 0.031899038127959224,
  "camping etc couldnt": 0.03709115184001874,
  "dod": 0.012991726676020785,
  "banks": 0.01781214630888221,
  "article writes": 0.010404698313761392,
  "dealers and the": 0.03709115184001874,
  "world puts": 0.03709115184001874,
  "motorcycle camping etc": 0.03297649907347151,
  "very objective": 0.031899038127959224,
  "weston dod seca": 0.031899038127959224,
  "miscbuying": 0.03297649907347151,
  "country": 0.012262075984447769,
  "a beautiful work": 0.03709115184001874,
  "virginia monapr": 0.026706924415899707,
  "camping etc": 0.03297649907347151,
  "female body": 0.03709115184001874,
  "youre reading": 0.031899038127959224,
  "cross country motorcycle": 0.03297649907347151,
  "dealers and": 0.02377524149736176,
  "lumpy and": 0.03709115184001874,
  "reliability how": 0.03297649907347151,
  "the female body": 0.03709115184001874,
  "day ": 0.052959731814447845,
  "we love": 0.02811027066848926,
  "pricing": 0.022082413318548808,
  "dod seca ii": 0.031063294490078285,
  "tem the": 0.03449509498398898,
  "banks have a": 0.03709115184001874,
  "weston": 0.029302981271929464,
  "riding cross": 0.03297649907347151,
  "female": 0.020279779668737317,
  "booksarticles": 0.031899038127959224,
  "which includes motos": 0.03709115184001874,
  "sender university of": 0.013451695625962877,
  "beautiful work": 0.03709115184001874,
  "seca ii tem": 0.03297649907347151,
  "blue book most": 0.03709115184001874,
  "buying process what": 0.03297649907347151,
  "book most": 0.03449509498398898,
  "newused": 0.06379807625591845,
  "book which": 0.02694864172353106,
  "gmt in": 0.006419824028273788,
  "info needed": 0.024479556971155537,
  "includes motos": 0.03709115184001874,
  "hang": 0.019732616303578154,
  "guide": 0.05298822174656458,
  "booksarticles on riding": 0.03297649907347151,
  "about the buying": 0.03297649907347151,
  "motorcycles that lists": 0.03297649907347151,
  "bigger banks": 0.03709115184001874,
  "info needed sender": 0.027784385361411992,
  "ii tem": 0.03297649907347151,
  "beautiful work of": 0.03709115184001874,
  "light of": 0.021343239407842832,
  "gmt": 0.0006158421875156268,
  "an idiots": 0.03297649907347151,
  "ii tem the": 0.03709115184001874,
  "guide for": 0.048959113942311075,
  "have a blue": 0.03449509498398898,
  "to give advice": 0.03449509498398898,
  "objective try talking": 0.03709115184001874,
  "virginia monapr gmt": 0.026706924415899707,
  "dealers": 0.018349779907638742,
  "body": 0.0266889755622266,
  "work of": 0.016890299606489294,
  "female body is": 0.03709115184001874,
  "guide for newused": 0.06595299814694303,
  "rvs": 0.03449509498398898,
  "pricing guide for": 0.03297649907347151,
  "art while the": 0.03709115184001874,
  "reading": 0.012357279837769778,
  "cliff weston dod": 0.031899038127959224,
  "idiots guide to": 0.03297649907347151,
  "writes is there": 0.022592271649352482,
  "of virginia monapr": 0.026706924415899707,
  "bigger banks have": 0.03709115184001874,
  "tem the female": 0.03709115184001874,
  "the buying": 0.030380442217441756,
  "pricing guide": 0.03297649907347151,
  "book": 0.023447619218198257,
  "advice": 0.0145314230274306,
  "a buying guide": 0.03297649907347151,
  "bigger": 0.017662740582188197,
  "buying": 0.030154320295920325,
  "the buying process": 0.03297649907347151,
  "motos": 0.031063294490078285,
  "guide to motorcycles": 0.03297649907347151,
  "not very objective": 0.03449509498398898,
  "for etc cycle": 0.03709115184001874,
  "any booksarticles": 0.03297649907347151,
  "buying guide for": 0.03297649907347151,
  "motorcycle": 0.017559557242232276,
  "ii": 0.013590170487052675,
  "reliability how to": 0.03297649907347151,
  "while the male": 0.03709115184001874,
  "body is lumpy": 0.03709115184001874,
  "with dealers": 0.03449509498398898,
  "talking with": 0.024747193540377056,
  "virginia": 0.015804336232008696,
  "monapr gmt in": 0.014586233542480929,
  "re miscbuying info": 0.03709115184001874,
  "a pricing": 0.03297649907347151,
  "booksarticles on": 0.03297649907347151,
  "light of day": 0.03709115184001874,
  "university of virginia": 0.018349779907638742,
  "male body": 0.03709115184001874,
  "there an idiots": 0.03297649907347151,
  "needed sender university": 0.03297649907347151,
  "there a pricing": 0.03297649907347151,
  "newused motorcycles blue": 0.03297649907347151,
  "a blue book": 0.031899038127959224,
  "seca ii": 0.031063294490078285,
  "article": 0.002952836532260219,
  "idiots guide": 0.03297649907347151,
  "cycle world": 0.029302981271929464,
  "buying guide": 0.031899038127959224,
  "riding": 0.017100372515294702,
  "cliff weston": 0.031899038127959224,
  "re miscbuying": 0.03709115184001874,
  "sender": 0.0024507623435079244,
  "light": 0.013076851211891782,
  "love": 0.012145177496049877,
  "by the light": 0.03709115184001874,