{
  "mailtonews gatewaysender": 0.013096987457896246,
  "version was": 0.014841601498750953,
  "package": 0.00849553480213173,
  "questions about": 0.010872946961980287,
  "install went seemingly": 0.021575898782756,
  "an advertisement": 0.016559373525688363,
  "csutexasedu hiyas all": 0.021575898782756,
  "in the package": 0.01767228338138769,
  "my windowssystem directory": 0.021575898782756,
  "i moved": 0.015049248949305039,
  "install": 0.019475448966147117,
  "still didnt load": 0.021575898782756,
  "back desktop": 0.021575898782756,
  "desktopmay": 0.021575898782756,
  "bigger older": 0.021575898782756,
  "directory and the": 0.020065774206372677,
  "time and": 0.008857531795466368,
  "files before": 0.021575898782756,
  "of cpalettedll": 0.043151797565512,
  "though the install": 0.021575898782756,
  "getting animated desktop": 0.021575898782756,
  "genie kuby": 0.021575898782756,
  "twenty": 0.012729617714027417,
  "directory outside my": 0.021575898782756,
  "load no": 0.021575898782756,
  "dated": 0.027537335960038753,
  "csutexasedu": 0.012198850649413581,
  "waste of time": 0.013830042439641808,
  "ignorant": 0.010889025627116718,
  "for windows": 0.009494902171689414,
  "software was incompatible": 0.021575898782756,
  "nice": 0.006908773060605222,
  "of dll files": 0.021575898782756,
  "kuby": 0.021575898782756,
  "experience with the": 0.013768667980019376,
  "their support": 0.017045525053606028,
  "would load": 0.019182407957771014,
  "older cpalettedll in": 0.021575898782756,
  "animated desktop for": 0.021575898782756,
  "reason i had": 0.021575898782756,
  "twenty million": 0.021575898782756,
  "animator": 0.034091050107212056,
  "sb i": 0.021575898782756,
  "with the installation": 0.019182407957771014,
  "windows": 0.024329633331493215,
  "package the main": 0.021575898782756,
  "install it i": 0.021575898782756,
  "the function": 0.013539124372921714,
  "incompatible": 0.01265575812432005,
  "extremely ignorant regarding": 0.021575898782756,
  "waste of": 0.0121122704127044,
  "load": 0.02977928111482049,
  "windowssystem directory when": 0.021575898782756,
  "bigger older version": 0.021575898782756,
  "utexas": 0.012767508221024952,
  "boyfriend i": 0.021575898782756,
  "occur": 0.010011045411511543,
  "extremely": 0.009564071449063226,
  "called deltapoint": 0.021575898782756,
  "animator i": 0.021575898782756,
  "problem and": 0.01216960659640238,
  "dll files": 0.043151797565512,
  "dll": 0.03197554764193232,
  "regarding the workings": 0.021575898782756,
  "learned some of": 0.020065774206372677,
  "support line although": 0.021575898782756,
  "the older cpalettedll": 0.021575898782756,
  "me twenty": 0.021575898782756,
  "loaded and": 0.015278792556402698,
  "windows as": 0.015278792556402698,
  "portal aol": 0.021575898782756,
  "editor loaded": 0.021575898782756,
  "folks on": 0.015676007277086696,
  "the problem": 0.006719855067558784,
  "didnt": 0.010547519447191076,
  "ideas": 0.007876860525322917,
  "although nice": 0.021575898782756,
  "install went": 0.021575898782756,
  "directory and": 0.014094445178213197,
  "animators editor loaded": 0.021575898782756,
  "decided to": 0.009511989704284242,
  "editor": 0.010179147983508533,
  "function": 0.008961606471433006,
  "went seemingly": 0.021575898782756,
  "occur or": 0.021575898782756,
  "fooling around with": 0.019182407957771014,
  "a directory": 0.014841601498750953,
  "the software": 0.03242937986062548,
  "the main application": 0.021575898782756,
  "wix darla genie": 0.021575898782756,
  "reason i": 0.01129594481479283,
  "still didnt": 0.018555649629989353,
  "system concluded that": 0.021575898782756,
  "problem and after": 0.021575898782756,
  "editor loaded and": 0.021575898782756,
  "software it didnt": 0.021575898782756,
  "deltapoint with the": 0.021575898782756,
  "outside my path": 0.021575898782756,
  "my windowssystem": 0.021575898782756,
  "versions of dll": 0.021575898782756,
  "files": 0.01459435353925574,
  "aol": 0.015049248949305039,
  "the one supplied": 0.021575898782756,
  "my windows directory": 0.017045525053606028,
  "load does anyone": 0.021575898782756,
  "supplied with desktop": 0.021575898782756,
  "moved the bigger": 0.021575898782756,
  "for some reason": 0.011821352345984307,
  "dll files before": 0.021575898782756,
  "cpalettedll to": 0.021575898782756,
  "experience with": 0.010374017396039964,
  "cpalettedll one dated": 0.021575898782756,
  "different versions": 0.0158263185439428,
  "gift from my": 0.021575898782756,
  "the older": 0.012845325394449962,
  "hadversions of cpalettedll": 0.021575898782756,
  "ideas as": 0.016788917132786022,
  "didother": 0.021575898782756,
  "cpalettedll one": 0.021575898782756,
  "wants after installing": 0.021575898782756,
  "one supplied": 0.021575898782756,
  "loaded": 0.010250197189584264,
  "the workings": 0.017336443120326124,
  "directory when i": 0.020065774206372677,
  "animators editor": 0.021575898782756,
  "older cpalettedll": 0.021575898782756,
  "version": 0.011087174914782786,
  "cpalettedll to a": 0.021575898782756,
  "one dated": 0.021575898782756,
  "learned": 0.009989580713378621,
  "deltapoints": 0.021575898782756,
  "ignorant regarding the": 0.021575898782756,
  "gotten an advertisement": 0.021575898782756,
  "folks on their": 0.021575898782756,
  "boyfriend": 0.017336443120326124,
  "csutexasedu hiyas": 0.021575898782756,
  "the install": 0.01767228338138769,
  "bigger": 0.010274404652383985,
  "animated desktopmay": 0.021575898782756,
  "boyfriend i couldnt": 0.021575898782756,
  "and smaller": 0.019182407957771014,
  "as a gift": 0.018555649629989353,
  "it didnt load": 0.021575898782756,
  "utexas mailtonews gatewaysender": 0.013096987457896246,
  "animated desktop": 0.021575898782756,
  "that the software": 0.016788917132786022,
  "getting animated": 0.021575898782756,
  "hiyas": 0.021575898782756,
  "energy the": 0.016788917132786022,
  "version of": 0.008437150939049542,
  "version of cpalettedll": 0.021575898782756,
  "with desktop animator": 0.021575898782756,
  "desktop for": 0.015676007277086696,
  "desktop animator": 0.043151797565512,
  "darla genie": 0.021575898782756,
  "and the newer": 0.020065774206372677,
  "path": 0.009835001767905234,
  "load no part": 0.021575898782756,
  "applications in": 0.014942952295341134,
  "time": 0.003433758025767345,
  "windows directory and": 0.016351726075134278,
  "animator i moved": 0.021575898782756,
  "cpallette in": 0.021575898782756,
  "asking me twenty": 0.021575898782756,
  "troubleshooting darla portal": 0.021575898782756,
  "animated": 0.02912619484277474,
  "desktop animator i": 0.021575898782756,
  "kuby ljj jj": 0.021575898782756,
  "main application": 0.021575898782756,
  "some fooling": 0.021575898782756,
  "newer": 0.010841141298753373,
  "advertisement": 0.014744756700121686,
  "line although nice": 0.021575898782756,
  "of windows dll": 0.021575898782756,
  "incompatible with of": 0.021575898782756,
  "concluded": 0.0121122704127044,
  "my windows": 0.014477649244582835,
  "load even": 0.021575898782756,
  "sb": 0.013187777646132779,
  "desktop animator decided": 0.021575898782756,
  "with my list": 0.021575898782756,
  "software was": 0.016162158805004365,
  "moved": 0.009699998012460354,
  "desktopmay utexas": 0.021575898782756,
  "folks": 0.008111810212706821,
  "problem": 0.004643632428865446,
  "experience": 0.007238994344226698,
  "i hadversions": 0.021575898782756,
  "on their support": 0.021575898782756,
  "cpalettedll in my": 0.021575898782756,
  "windows after my": 0.021575898782756,
  "the sb": 0.015535400477222707,
  "the applications": 0.01456309742138737,
  "a gift": 0.015049248949305039,
  "animated desktopmay utexas": 0.021575898782756,
  "ljj jj": 0.021575898782756,
  "windows after": 0.01767228338138769,
  "cpalettedll in": 0.021575898782756,
  "version was the": 0.020065774206372677,
  "different questions": 0.020065774206372677,
  "questions about my": 0.018555649629989353,