{
  "post mentioned how": 0.020893117175706757,
  "challenge to microsoft": 0.011900121654522547,
  "debated that": 0.019430781351740627,
  "to accept": 0.00996108436918337,
  "the attacks": 0.014915873833816005,
  "make money": 0.013110671069981152,
  "highly technical": 0.01711303390729314,
  "life": 0.005805595099958371,
  "emphasized and": 0.019430781351740627,
  "products": 0.00818542183190711,
  "prices and": 0.015325485678628152,
  "job done on": 0.020893117175706757,
  "suite of mostly": 0.020893117175706757,
  "emphasized": 0.014278150475434289,
  "on this group": 0.013939874842364289,
  "applications that exist": 0.020893117175706757,
  "success they": 0.019430781351740627,
  "positive about": 0.017968445527774497,
  "suite of": 0.01678782150259428,
  "a computer": 0.010591847296832557,
  "measure of": 0.012639904084086195,
  "positive about ms": 0.020893117175706757,
  "administrative business": 0.020893117175706757,
  "number of people": 0.012255259449499794,
  "people dont": 0.01181281107190049,
  "highly technical look": 0.019430781351740627,
  "windows again": 0.019430781351740627,
  "not stock": 0.019430781351740627,
  "a great": 0.007881479009275657,
  "long term success": 0.041786234351413515,
  "configure": 0.012557159963509652,
  "ms products": 0.01678782150259428,
  "off the server": 0.020893117175706757,
  "buttons and get": 0.019430781351740627,
  "real": 0.005345436330714332,
  "to be considered": 0.013717595273465921,
  "the original post": 0.015179931097432051,
  "get their job": 0.020893117175706757,
  "ls": 0.013453538009849875,
  "office of": 0.010723746784134949,
  "windows": 0.017669781169549655,
  "with a complete": 0.020893117175706757,
  "you call": 0.011471370089937592,
  "ms windows applications": 0.01857536973125927,
  "complete suite": 0.020893117175706757,
  "to load": 0.012119102231909979,
  "mostly ms windows": 0.020893117175706757,
  "that exist": 0.015179931097432051,
  "suite": 0.011545402410214532,
  "load": 0.009612299600353447,
  "auck and": 0.019430781351740627,
  "measure of their": 0.020893117175706757,
  "sales": 0.020588426246576905,
  "nntppostinghost diladpuncedu unc": 0.016506109703808367,
  "pick windows again": 0.020893117175706757,
  "success the original": 0.020893117175706757,
  "a large number": 0.024238204463819957,
  "function on a": 0.020893117175706757,
  "frimay": 0.012639904084086195,
  "great job": 0.016506109703808367,
  "life like": 0.015834266389212304,
  "novell network": 0.015834266389212304,
  "original post mentioned": 0.020893117175706757,
  "network": 0.006502595082338687,
  "in the real": 0.011900121654522547,
  "short": 0.007267930923924499,
  "point that": 0.011520435199988788,
  "attackers or": 0.019430781351740627,
  "success": 0.028717478014323738,
  "server it does": 0.020893117175706757,
  "diladpuncedu": 0.016506109703808367,
  "of business": 0.012220387504455045,
  "pick windows": 0.020893117175706757,
  "debaters": 0.019430781351740627,
  "that the attacks": 0.01857536973125927,
  "term or long": 0.020893117175706757,
  "supporters": 0.010624057153648565,
  "a different story": 0.014795286462845648,
  "point that the": 0.01678782150259428,
  "challenge": 0.009996944234939848,
  "about ms": 0.017968445527774497,
  "long term": 0.023403496686056586,
  "would pick windows": 0.020893117175706757,
  "function": 0.008678011329931961,
  "piece": 0.00907430109790148,
  "a complete suite": 0.020893117175706757,
  "hardware": 0.0075505877192061,
  "piece of": 0.009632488315577394,
  "ms keep doing": 0.020893117175706757,
  "a large": 0.016711131502777643,
  "running all": 0.01625762228681178,
  "debaters as you": 0.019430781351740627,
  "runningpcs loaded with": 0.020893117175706757,
  "the multitudes": 0.020893117175706757,
  "measure": 0.009632488315577394,
  "reasonably priced": 0.015834266389212304,
  "windows applications": 0.015043773879842239,
  "ms i": 0.020893117175706757,
  "a novell": 0.01548183161144191,
  "debated": 0.014795286462845648,
  "considered and": 0.01678782150259428,
  "ls l": 0.017497678541879537,
  "want to push": 0.019430781351740627,
  "want to grep": 0.019430781351740627,
  "people attacking": 0.019430781351740627,
  "or debaters": 0.019430781351740627,
  "products they definitely": 0.020893117175706757,
  "software off": 0.017497678541879537,
  "the real": 0.008090531546499774,
  "post": 0.005453160322187977,
  "function on": 0.01603534271791341,
  "frimay gmt this": 0.020893117175706757,
  "windows applications in": 0.020893117175706757,
  "all software": 0.015325485678628152,
  "good": 0.003409410939810979,
  "multitudes": 0.01711303390729314,
  "job flame": 0.020893117175706757,
  "think a large": 0.019430781351740627,
  "job quite well": 0.020893117175706757,
  "windows again again": 0.020893117175706757,
  "job": 0.022203012298541477,
  "novell network running": 0.01857536973125927,
  "exist to": 0.014795286462845648,
  "l they just": 0.019430781351740627,
  "repeat to ms": 0.020893117175706757,
  "dont want": 0.00810523338049997,
  "runningpcs": 0.020893117175706757,
  "dont want to": 0.008845802793059352,
  "a reasonably priced": 0.019430781351740627,
  "or long": 0.01711303390729314,
  "life like it": 0.020893117175706757,
  "be considered": 0.009812371546916398,
  "windows does": 0.014681220595186839,
  "call them are": 0.01678782150259428,
  "accept anything": 0.01678782150259428,
  "push the": 0.013058576950592182,
  "office": 0.007490945453513579,
  "other things": 0.010033424186648838,
  "repeat": 0.009868335163653588,
  "push": 0.010239412519062163,
  "of mostly ms": 0.020893117175706757,
  "are a large": 0.01711303390729314,
  "to load configure": 0.020893117175706757,
  "mentioned": 0.007458123111676182,
  "need a computer": 0.019430781351740627,
  "exist to run": 0.020893117175706757,
  "dave": 0.00756576551590236,
  "them are highly": 0.019430781351740627,
  "load configure": 0.020893117175706757,
  "technical look": 0.019430781351740627,
  "to microsoft supporters": 0.012054183120798685,
  "ms i was": 0.020893117175706757,
  "loaded with": 0.01401949578747578,
  "success i": 0.01603534271791341,
  "are highly": 0.014371930565246174,
  "buttons": 0.012086392977614694,
  "attackers": 0.014371930565246174,
  "particular product": 0.019430781351740627,
  "case": 0.004857457978360591,
  "computer smart": 0.020893117175706757,
  "in ms case": 0.020893117175706757,
  "over emphasized": 0.020893117175706757,
  "applications in": 0.01447007405814679,
  "real world": 0.01101520319443203,
  "purpose of": 0.009902640060007555,
  "attacks are over": 0.020893117175706757,
  "can be measures": 0.020893117175706757,
  "things": 0.004678553755380707,
  "attacking ms": 0.020893117175706757,
  "priced piece of": 0.020893117175706757,
  "considered": 0.007225375314507244,
  "success they can": 0.020893117175706757,
  "make a point": 0.015043773879842239,
  "priced piece": 0.020893117175706757,
  "sender nntppostinghost": 0.006290462778763448,
  "good measure": 0.01711303390729314,
  "nntppostinghost": 0.003592351781173922,
  "money": 0.0065141298548748346,
  "positive": 0.009304379953469312,
  "technical": 0.00789478949280575,
  "in ms": 0.017497678541879537,
  "buttons and": 0.015179931097432051,
  "sales of a": 0.020893117175706757,
  "i repeat": 0.013392382868767065,
  "ms and": 0.033012219407616734,
  "case they are": 0.017497678541879537,
  "push the buttons": 0.01857536973125927,
  "things to be": 0.014681220595186839,
  "and the multitudes": 0.020893117175706757,
  "pick": 0.008469324014666922,
  "at the sales": 0.01857536973125927,
  "number": 0.010651178960576786,
  "large": 0.012794287960651716,
  "supporters sender": 0.013939874842364289,
  "measures": 0.021280696780267217,
  "of information technology": 0.01548183161144191,
  "hardware that does": 0.020893117175706757,
  "story i": 0.01333295063887952,
  "guy": 0.007212452121623946,
  "dave l": 0.015325485678628152,
  "computer": 0.0043104482780861545,