{
  "satmay gmt hi": 0.11207972471420138,
  "what microsoft": 0.11207972471420138,
  "the dosupgrade": 0.13382888569304058,
  "computer science": 0.04236276121130235,
  "na satmay": 0.12446203190168997,
  "number never answered": 0.13382888569304058,
  "email ": 0.11585314712482248,
  "stanford": 0.061315696300853394,
  "answered": 0.06611759793498308,
  "call": 0.03544108575540894,
  "manual": 0.05306738691874418,
  "sender": 0.00884261548265697,
  "department stanford university": 0.08096370994401159,
  "dosupgrade": 0.13382888569304058,
  "sender computer science": 0.07566584389298424,
  "university": 0.013191299365311037,
  "number sender computer": 0.13382888569304058,
  "number never": 0.13382888569304058,
  "gmt": 0.0022220251900901674,
  "microsoft": 0.11368227175079997,
  "bbs number is": 0.11898277368401208,
  "number is i": 0.11207972471420138,
  "gmt hi": 0.061127570104656,
  "sender computer": 0.0747822930921349,
  "dosupgrade manual but": 0.13382888569304058,
  "manual but that": 0.13382888569304058,
  "me what microsoft": 0.13382888569304058,
  "but that number": 0.13382888569304058,
  "on the dosupgrade": 0.13382888569304058,
  "computer science department": 0.06411192219014154,
  "bbs": 0.10479652885026186,
  "the dosupgrade manual": 0.13382888569304058,
  "gmt hi can": 0.10753280259769851,
  "department": 0.03900983591068627,
  "call thanks": 0.11509517811033936,
  "email": 0.028228890641628597,
  "bbs number": 0.1963318976126958,
  "computer": 0.02761016870017348,
  "university na": 0.08364547938622562,
  "never answered": 0.11898277368401208,
  "number": 0.10233767893202832,
  "satmay gmt": 0.07018658567530633,
  "the call": 0.08017629226666055,
  "that number": 0.09033056373536219,
  "university na satmay": 0.13382888569304058,
  "answered the": 0.09403916975835895,
  "na satmay gmt": 0.12446203190168997,
  "what microsoft bbs": 0.13382888569304058,
  "stanford university": 0.06695375203928156,
  "department stanford": 0.08096370994401159,
  "dosupgrade manual": 0.13382888569304058,
  "manual but": 0.10271287092285078,
  "stanford university na": 0.11898277368401208,
  "microsoft bbs number": 0.26765777138608116,
  "science department": 0.06411192219014154,
  "science": 0.034350839355508846,
  "call thanks please": 0.13382888569304058,
  "satmay": 0.0679478407849169,
  "please email": 0.054324529091847616,
  "microsoft bbs": 0.2301903562206787,
  "number is": 0.07302064690479376,
  "answered the call": 0.13382888569304058,
  "thanks please email": 0.11509517811033936,
  "number sender": 0.12446203190168997,
  "bbs number sender": 0.12446203190168997,
  "science department stanford": 0.08179986404831006
}