{
  "specific configuration path": 0.022910921295335965,
  "include": 0.008210820022626035,
  "to include": 0.012875496822320056,
  "select your name": 0.022910921295335965,
  "your hard drive": 0.0201780549056143,
  "writes peter": 0.017738181141903536,
  "install": 0.011118446611270556,
  "menuing system": 0.022910921295335965,
  "a menuing": 0.022910921295335965,
  "ron and as": 0.024635168013146774,
  "environment variables or": 0.02190230162342511,
  "megs": 0.015521830584963574,
  "completely": 0.008907393784471937,
  "setup deleted finally": 0.022910921295335965,
  "use batch files": 0.022910921295335965,
  "use batch": 0.022910921295335965,
  "drive": 0.007099708209027777,
  "name the menu": 0.022910921295335965,
  "completely in": 0.018453808187803487,
  "happen": 0.008258528157030444,
  "be saving": 0.022910921295335965,
  "disk space if": 0.022910921295335965,
  "your personal sections": 0.022910921295335965,
  "choice": 0.009211015838911226,
  "drive and": 0.013105991425510864,
  "eg cwinwife": 0.022910921295335965,
  "each user": 0.018670254399220477,
  "gmt ron a": 0.024635168013146774,
  "windows": 0.02083451809543915,
  "deleted": 0.008693554105038569,
  "configsys and": 0.018907344398733723,
  "space if": 0.0201780549056143,
  "goudswaard preferred": 0.021186674577525155,
  "specific": 0.02720649218956988,
  "goudswaards": 0.021186674577525155,
  "fraser university burnaby": 0.015458850963112105,
  "setup n": 0.024635168013146774,
  "select your": 0.01979459550305893,
  "path then": 0.022910921295335965,
  "ron and": 0.018670254399220477,
  "and your specific": 0.022910921295335965,
  "jump": 0.01225523333050853,
  "user": 0.008871919925717816,
  "multisetups": 0.022910921295335965,
  "with a menu": 0.01979459550305893,
  "canada satmay gmt": 0.024635168013146774,
  "and use batch": 0.022910921295335965,
  "menu choice for": 0.022910921295335965,
  "multi setup": 0.022910921295335965,
  "decide to": 0.013333439699042287,
  "solution multisetups on": 0.022910921295335965,
  "standalone": 0.03325602843988459,
  "personal": 0.008335397149876649,
  "running the new": 0.022910921295335965,
  "preferred": 0.012644417849950164,
  "excellent": 0.00975602818415553,
  "cwinmastr and": 0.022910921295335965,
  "cwinwife": 0.022910921295335965,
  "sections": 0.01358379672834499,
  "use dosto jump": 0.024635168013146774,
  "cwinwife you could": 0.022910921295335965,
  "path then running": 0.022910921295335965,
  "standalone configuration": 0.024635168013146774,
  "a menu": 0.033459122939985354,
  "university burnaby": 0.015458850963112105,
  "of disk space": 0.01758737362494723,
  "stuff delete if": 0.022910921295335965,
  "a technique peter": 0.024635168013146774,
  "preferred theres": 0.021186674577525155,
  "fancy": 0.013469405899385231,
  "dos if": 0.01979459550305893,
  "on dos": 0.016729561469992677,
  "get fancy": 0.022910921295335965,
  "solution": 0.009731027348699057,
  "environment": 0.010349090431531146,
  "copy ron excellent": 0.024635168013146774,
  "you decide": 0.014954022992971085,
  "on your hard": 0.0201780549056143,
  "easy": 0.008300161968860104,
  "space": 0.007380584093161575,
  "hudson": 0.014102564767879959,
  "path": 0.03368855083185449,
  "simon": 0.012664560163961655,
  "setup to provide": 0.022910921295335965,
  "in more thandirectory": 0.024635168013146774,
  "install windows": 0.0201780549056143,
  "your specific configuration": 0.022910921295335965,
  "other stuff": 0.015720941798081825,
  "n": 0.009383360825377766,
  "fancy and use": 0.022910921295335965,
  "megs of": 0.018453808187803487,
  "technique peter goudswaard": 0.024635168013146774,
  "bc canada satmay": 0.024635168013146774,
  "thandirectory on": 0.024635168013146774,
  "a specific copy": 0.024635168013146774,
  "standalone easy sender": 0.022910921295335965,
  "comment on": 0.01303457325167397,
  "wrote setup deleted": 0.022910921295335965,
  "provide": 0.008331851087709433,
  "the setup": 0.016946007681409667,
  "autoexecbat thus setting": 0.022910921295335965,
  "canada satmay": 0.024635168013146774,
  "fancy and": 0.01979459550305893,
  "you happen": 0.016174478009012058,
  "megs of disk": 0.024635168013146774,
  "suggestion ron and": 0.024635168013146774,
  "a hudson writes": 0.024635168013146774,
  "bc": 0.011333905498924214,
  "many megs": 0.024635168013146774,
  "or a menuing": 0.022910921295335965,
  "could get fancy": 0.022910921295335965,
  "must simply": 0.01979459550305893,
  "change": 0.007392700835038682,
  "select": 0.011859550010534181,
  "solution multisetups": 0.022910921295335965,
  "finally in": 0.019462427859714346,
  "gift like": 0.021186674577525155,
  "provide a menu": 0.022910921295335965,
  "menu with": 0.01979459550305893,
  "goudswaards observation": 0.021186674577525155,
  "present goudswaards": 0.021186674577525155,
  "satmay gmt": 0.012919918756150915,
  "specific copy for": 0.024635168013146774,
  "use your personal": 0.022910921295335965,
  "new msdos": 0.022910921295335965,
  "setup n and": 0.024635168013146774,
  "hudson writes peter": 0.024635168013146774,
  "version of": 0.009633463385631194,
  "and autoexecbat": 0.019462427859714346,
  "person using the": 0.022910921295335965,
  "technique": 0.012705340785294183,
  "be running": 0.015337482395526453,
  "your windows copy": 0.022910921295335965,
  "change the": 0.01065407133225834,
  "observation": 0.012604616005804788,
  "cwinwife you": 0.022910921295335965,
  "delete if": 0.022910921295335965,
  "running": 0.015190106343977623,
  "a hudson": 0.024635168013146774,
  "of disk": 0.016628014219942294,
  "configuration path": 0.022910921295335965,
  "hard": 0.006749789478953222,
  "path to include": 0.022910921295335965,
  "if you happen": 0.01731069294059344,
  "thandirectory on your": 0.024635168013146774,
  "excellent suggestion": 0.024635168013146774,
  "dos if you": 0.02190230162342511,
  "hard drive and": 0.016628014219942294,
  "multi": 0.015521830584963574,
  "windows copy": 0.02190230162342511,
  "person": 0.007014800232984348,
  "gift like the": 0.021186674577525155,
  "msdos you": 0.02190230162342511,
  "person using": 0.01979459550305893,
  "copy ron": 0.022910921295335965,
  "the machine power": 0.022910921295335965,
  "the setup n": 0.024635168013146774,
  "ron a": 0.022910921295335965,
  "could use multi": 0.022910921295335965,
  "order": 0.006930676711742931,
  "saving yourself many": 0.024635168013146774,
  "stuff delete": 0.021186674577525155,
  "use multi setup": 0.022910921295335965,
  "version": 0.006329618514782709,
  "finally": 0.008998356832776463,
  "jump to a": 0.022910921295335965,
  "setup to": 0.019462427859714346,
  "a further comment": 0.024635168013146774,
  "n and": 0.017898724726822867,
  "dos": 0.008925322238215593,
  "system to": 0.013441611619290392,
  "decide to install": 0.022910921295335965,
  "deleted finally in": 0.022910921295335965,
  "configuration": 0.02383756095984308,
  "order to run": 0.022910921295335965,
  "machine power up": 0.022910921295335965,
  "deleted finally": 0.022910921295335965,
  "ron excellent": 0.024635168013146774,
  "choice for each": 0.022910921295335965,
  "preferred theres no": 0.021186674577525155,
  "sender simon": 0.015458850963112105,
  "menu with a": 0.022910921295335965,
  "batch": 0.014806203539063622,
  "using the machine": 0.022910921295335965,
  "satmay": 0.012507811487770774,
  "thus setting": 0.021186674577525155,
  "and a technique": 0.024635168013146774,
  "running the": 0.013765894748303437,
  "simply change": 0.0201780549056143,
  "configsys": 0.014666677502618238,
  "use multi": 0.022910921295335965,
  "path eg": 0.022910921295335965,
  "power up select": 0.022910921295335965,
  "writes peter goudswaard": 0.024635168013146774,
  "saving yourself": 0.024635168013146774,
  "variables or": 0.02190230162342511,
  "order to": 0.008943380845212618,
  "cwinmastr": 0.022910921295335965,
  "configuration path eg": 0.022910921295335965,
  "windows copy ron": 0.022910921295335965,