{
  "multitasking with": 0.020650651033015825,
  "challenge to microsoft": 0.012647214493819928,
  "msw machines will": 0.020650651033015825,
  "durham nc": 0.015724138527777664,
  "bollacker duke": 0.019096509372567516,
  "independent": 0.009161942559017486,
  "tin": 0.006876857094188197,
  "all respecets": 0.020650651033015825,
  "competition thats": 0.019741536440845052,
  "article kurt": 0.034084091696372006,
  "is trivially": 0.03819301874513503,
  "listed i have": 0.020650651033015825,
  "have been independent": 0.019741536440845052,
  "duke university": 0.01343344066335618,
  "do you pick": 0.020650651033015825,
  "incorrect do you": 0.019741536440845052,
  "tim": 0.01840468559114115,
  "your opinion": 0.011415141672449742,
  "bollacker writes none": 0.019741536440845052,
  "independent studies to": 0.019741536440845052,
  "prpoer setup": 0.020650651033015825,
  "applications and": 0.013824367540362408,
  "sender altfanbillgatescomposmswindowsadvocacycomposmswindowsmiscnntppostinghost": 0.020650651033015825,
  "gmt sender": 0.004031457456905499,
  "pick your": 0.016828345893467784,
  "glove kurt d": 0.02220479269346413,
  "the glove": 0.016828345893467784,
  "objective i": 0.017841765453429796,
  "inferior if you": 0.020650651033015825,
  "objective i believe": 0.02220479269346413,
  "can run msw": 0.019741536440845052,
  "easy to learn": 0.01628762379298149,
  "glauert": 0.039483072881690104,
  "to the osguis": 0.019741536440845052,
  "glove": 0.01410856418977753,
  "competition": 0.034581817980855925,
  "tim glauert": 0.039483072881690104,
  "article": 0.003535458987055957,
  "that is objectively": 0.03719237501726862,
  "objectively": 0.04846213337179137,
  "as msw machines": 0.020650651033015825,
  "multitasking unixx": 0.019741536440845052,
  "use more stable": 0.019741536440845052,
  "the fact": 0.0070236504873901874,
  "run msw applications": 0.019741536440845052,
  "osguis": 0.019741536440845052,
  "true": 0.0057411622241102175,
  "multitasking nextstep easier": 0.019741536440845052,
  "learn use and": 0.019741536440845052,
  "system os": 0.019096509372567516,
  "incorrect": 0.011378977138974667,
  "bollacker writes tim": 0.020650651033015825,
  "writes none": 0.018187394780396746,
  "to learn": 0.03111136467749654,
  "msw machines as": 0.020650651033015825,
  "has more stable": 0.019741536440845052,
  "os": 0.018102553741487473,
  "unixxwindows pick": 0.020650651033015825,
  "glove kurt": 0.02220479269346413,
  "as being objectively": 0.019741536440845052,
  "osguis that": 0.019741536440845052,
  "stable": 0.03419095947766793,
  "objective": 0.01781949954213053,
  "your objective assesment": 0.020650651033015825,
  "tin version tim": 0.02220479269346413,
  "os nextstep unixxwindows": 0.020650651033015825,
  "interoperability is": 0.020650651033015825,
  "supporters": 0.011291038320245337,
  "and program": 0.016828345893467784,
  "exchange": 0.01082547920639277,
  "inferior no it": 0.019741536440845052,
  "challenge": 0.010624555083770153,
  "is your opinion": 0.01613293125601523,
  "listed": 0.010152598954261969,
  "it is technically": 0.017841765453429796,
  "machines will amongst": 0.020650651033015825,
  "it is objectively": 0.019096509372567516,
  "flavor": 0.013878397925068823,
  "easy": 0.007481311909151933,
  "is technically": 0.016453785165523465,
  "trivially": 0.03365669178693557,
  "opinion": 0.007285168208748394,
  "the prpoer setup": 0.020650651033015825,
  "being objectively": 0.019741536440845052,
  "apple": 0.008433408376003692,
  "favorite flavor": 0.020650651033015825,
  "osguis that i": 0.019741536440845052,
  "am incorrect": 0.019096509372567516,
  "as easy": 0.015079111459500128,
  "this criterion": 0.019096509372567516,
  "supporters may gmt": 0.015852296406342573,
  "bollacker duke university": 0.019096509372567516,
  "criteria are": 0.017542367712119207,
  "issue by": 0.018187394780396746,
  "kurt d": 0.019096509372567516,
  "so interoperability": 0.020650651033015825,
  "pick up the": 0.014233160268599976,
  "chosen for your": 0.020650651033015825,
  "technically inferior to": 0.019741536440845052,
  "changes the fact": 0.01859618750863431,
  "wrote in article": 0.021485873331517753,
  "sender altfanbillgatescomposmswindowsadvocacycomposmswindowsmiscnntppostinghost mcdukeedu": 0.02220479269346413,
  "multitasking unixx as": 0.019741536440845052,
  "what criteria": 0.01859618750863431,
  "nextstep unixxwindows": 0.020650651033015825,
  "it is inferior": 0.019741536440845052,
  "writes tim glauert": 0.020650651033015825,
  "have you chosen": 0.020650651033015825,
  "inferior to make": 0.020650651033015825,
  "competition do": 0.019741536440845052,
  "as a product": 0.019741536440845052,
  "durham": 0.013024647935118617,
  "writes tim": 0.016633253119948434,
  "university medical center": 0.017042045848186003,
  "trivially false": 0.020650651033015825,
  "flavor in": 0.020650651033015825,
  "writes none of": 0.018187394780396746,
  "well as msw": 0.020650651033015825,
  "objectively inferior no": 0.019741536440845052,
  "glauert wrote in": 0.04130130206603165,
  "assesment are": 0.020650651033015825,
  "easier": 0.009364326891699115,
  "to microsoft supporters": 0.012810947980400396,
  "center": 0.006564851152083074,
  "bollacker writes": 0.034084091696372006,
  "machines as well": 0.019096509372567516,
  "which is trivially": 0.04130130206603165,
  "up the glove": 0.020650651033015825,
  "being objectively inferior": 0.019741536440845052,
  "trivially true": 0.019741536440845052,
  "setup all": 0.019741536440845052,
  "medical center durham": 0.018187394780396746,
  "sender": 0.001467160416404968,
  "more stable": 0.04717241558333299,
  "with msw machines": 0.020650651033015825,
  "program more": 0.019096509372567516,
  "pick your favorite": 0.020650651033015825,
  "msw applications": 0.019741536440845052,
  "enough is inferior": 0.020650651033015825,
  "false or do": 0.020650651033015825,
  "objectively inferior": 0.07136706181371918,
  "inferior to": 0.07539555729750064,
  "version tim glauert": 0.02220479269346413,
  "will exchange": 0.019741536440845052,
  "criteria have": 0.020650651033015825,
  "themselves so interoperability": 0.020650651033015825,
  "pick": 0.0180020609100992,
  "multitasking nextstep": 0.019741536440845052,
  "competition apple": 0.020650651033015825,
  "kurt": 0.04016712046117048,
  "easier to": 0.01120641875077707,
  "is trivially false": 0.020650651033015825,
  "competition apple system": 0.020650651033015825,
  "os can": 0.016828345893467784,
  "microsoft supporters may": 0.015852296406342573,
  "else what criteria": 0.020650651033015825,
  "objective assesment are": 0.020650651033015825,
  "say briefly systemeasier": 0.02220479269346413,
  "true that": 0.011508190396455915,
  "interoperability is not": 0.020650651033015825,
  "by this criterion": 0.019741536440845052,
  "respects which is": 0.020650651033015825,
  "re challenge": 0.01271128035131781,
  "microsoft supporters": 0.012810947980400396,
  "inferior to the": 0.017542367712119207,
  "that effect os": 0.019741536440845052,
  "learn and": 0.031704592812685145,
  "learn use": 0.019741536440845052,
  "criteria are themselves": 0.020650651033015825,
  "fact that": 0.007311324528963557,
  "d bollacker": 0.019096509372567516,
  "opinion that": 0.013345501844626852,
  "is objectively": 0.04717241558333299,
  "to microsoft": 0.012407824414390093,
  "exchange data": 0.020650651033015825,
  "criterion it is": 0.019741536440845052,
  "flavor in other": 0.020650651033015825,
  "criterion it": 0.019741536440845052,
  "in article": 0.0038453726523644317,
  "inferior in": 0.04130130206603165,
  "may gmt": 0.007542043914052317,
  "you pick": 0.01498758232380449,
  "program more stable": 0.019741536440845052,
  "challenge to": 0.01224369122151275,
  "favorite flavor in": 0.020650651033015825,
  "incorrect do": 0.019741536440845052,
  "the prpoer": 0.020650651033015825,
  "unixx": 0.016453785165523465,