{
  "to superencrypt": 0.0308515188202025,
  "incsoltiscom how": 0.0308515188202025,
  "the clipper": 0.013951363002503428,
  "handle superencrypted": 0.0308515188202025,
  "government": 0.008224323750181204,
  "keys out of": 0.025837693547822123,
  "blank": 0.01704835122255978,
  "stream of tripledes": 0.0308515188202025,
  "technique they": 0.025837693547822123,
  "encryption": 0.0483475382968719,
  "really trust crypto": 0.02869218180911233,
  "draw a blank": 0.026532844798022155,
  "use the warrant": 0.027429050631205276,
  "find that": 0.01479765092457079,
  "nobodys going to": 0.02869218180911233,
  "scheme": 0.014440745739008333,
  "dont": 0.0037962556967506703,
  "the clipper doesnt": 0.0308515188202025,
  "theyll": 0.014253773746091656,
  "that prefix": 0.027429050631205276,
  "an illegal cipherapr": 0.027429050631205276,
  "they can start": 0.027429050631205276,
  "doesnt impose": 0.0308515188202025,
  "encrypted traffic that": 0.0308515188202025,
  "to detect": 0.018202163647160697,
  "decode the traffic": 0.026532844798022155,
  "take both keys": 0.026532844798022155,
  "sideeffects theres": 0.0308515188202025,
  "stuff mjr": 0.0308515188202025,
  "device": 0.012638313913480618,
  "of the device": 0.02221417077584181,
  "system transmits": 0.02367835653673195,
  "tell which encryption": 0.026532844798022155,
  "escrow": 0.014622589995151345,
  "key if": 0.02167881171999552,
  "normal and": 0.020470819411557005,
  "traffic if the": 0.0308515188202025,
  "keys": 0.01242098279961859,
  "which encryption method": 0.025837693547822123,
  "encryption technique": 0.026532844798022155,
  "tripledes encrypted": 0.0308515188202025,
  "classified": 0.016353199972359747,
  "method one is": 0.026532844798022155,
  "of tripledes": 0.0308515188202025,
  "i was thinking": 0.018924287055438964,
  "a tap": 0.02311037660902493,
  "trusted": 0.017799634888656,
  "traffic ie in": 0.026532844798022155,
  "classified internals": 0.02869218180911233,
  "traffic that way": 0.02869218180911233,
  "classified internals for": 0.02869218180911233,
  "internals": 0.02151901952564178,
  "bother": 0.014223674335151667,
  "any unfortunate performance": 0.0308515188202025,
  "decode the": 0.02478949343373735,
  "encryption but dont": 0.027429050631205276,
  "your traffic": 0.02478949343373735,
  "stream of": 0.02311037660902493,
  "mjr ": 0.0495789868674747,
  "performance sideeffects": 0.0308515188202025,
  "illegal": 0.012321814804063417,
  "but dont find": 0.027429050631205276,
  "unauthorized strong encryption": 0.026532844798022155,
  "important stuff": 0.027429050631205276,
  "they tap": 0.025269713620115104,
  "able to decode": 0.026532844798022155,
  "using encryption": 0.024373507786931984,
  "traffic that": 0.025269713620115104,
  "theyll assume": 0.027429050631205276,
  "government tell which": 0.026532844798022155,
  "clear the": 0.019282758487790326,
  "superencrypt a": 0.0308515188202025,
  "trust": 0.012911014851737452,
  "the government": 0.010631196282811513,
  "an unauthorized": 0.051675387095644246,
  "doesnt": 0.013728941644162098,
  "out of escrow": 0.025269713620115104,
  "has classified internals": 0.02869218180911233,
  "my ciphertext": 0.026532844798022155,
  "even bother": 0.022630156422647176,
  "technique": 0.015911361357284305,
  "cipherapr": 0.027429050631205276,
  "thinking about this": 0.025269713620115104,
  "performance": 0.01172415261389018,
  "cipherapr gmt trusted": 0.0308515188202025,
  "unauthorized strong": 0.026532844798022155,
  "clear": 0.0101301111143155,
  "warrant for the": 0.025837693547822123,
  "gmt trusted information": 0.024373507786931984,
  "transmits in clear": 0.027429050631205276,
  "serial number and": 0.02221417077584181,
  "a blank": 0.02167881171999552,
  "know nobodys": 0.02869218180911233,
  "method one": 0.026532844798022155,
  "perhaps anyone desiring": 0.02869218180911233,
  "can start": 0.020255888347734726,
  "tap to get": 0.027429050631205276,
  "trusted information": 0.022630156422647176,
  "in order": 0.010923389053174007,
  "clear the serial": 0.027429050631205276,
  "strong": 0.011321623855385486,
  "the device": 0.01731941470227825,
  "any unfortunate": 0.0308515188202025,
  "start a": 0.016731271177980518,
  "get the key": 0.02367835653673195,
  "order to accuse": 0.026532844798022155,
  "in clear": 0.02108362406652914,
  "unfortunate performance": 0.0308515188202025,
  "traffic looks normal": 0.02869218180911233,
  "device being used": 0.0233814400887434,
  "an illegal": 0.018791702586844587,
  "tap someone whos": 0.027429050631205276,
  "superencrypted traffic if": 0.0308515188202025,
  "unauthorized encryption scheme": 0.027429050631205276,
  "doesnt impose any": 0.0308515188202025,
  "really trust": 0.026532844798022155,
  "desiring to listen": 0.02869218180911233,
  "of an illegal": 0.02202530902563485,
  "trusted information systems": 0.022861022379512354,
  "to accuse": 0.0233814400887434,
  "stream": 0.016868227948762814,
  "the traffic": 0.019282758487790326,
  "get the serial": 0.0233814400887434,
  "ciphertext and draw": 0.026532844798022155,
  "was thinking": 0.01804505818414857,
  "reason": 0.008263869250424681,
  "strong encryption technique": 0.026532844798022155,
  "to decode": 0.020361500658250868,
  "start a tap": 0.027429050631205276,
  "accuse": 0.01885728953138612,
  "its an unauthorized": 0.027429050631205276,
  "clipper": 0.011309845902613193,
  "superencrypted": 0.0308515188202025,
  "crypto": 0.014330319729675786,
  "method": 0.012338125128219008,
  "system transmits in": 0.027429050631205276,
  "assume its": 0.022415225358824897,
  "possible the system": 0.027429050631205276,
  "draw a": 0.01935968251455161,
  "encryption method one": 0.026532844798022155,
  "which encryption": 0.025837693547822123,
  "unauthorized encryption": 0.027429050631205276,
  "thinking about": 0.015963283639169698,
  "sideeffects theres no": 0.0308515188202025,
  "cipherapr gmt": 0.027429050631205276,
  "using an unauthorized": 0.026532844798022155,
  "gmt": 0.0005122425671858952,
  "serial number": 0.03395009498461991,
  "systems incsoltiscom": 0.025269713620115104,
  "doesnt handle superencrypted": 0.0308515188202025,
  "assume its an": 0.02478949343373735,
  "blank i was": 0.027429050631205276,
  "transmits in": 0.027429050631205276,
  "detect use": 0.02367835653673195,
  "order to": 0.011200121806154118,
  "detect use of": 0.02367835653673195,
  "technique they would": 0.026532844798022155,
  "blank i": 0.024006582442208046,
  "serial": 0.026082927351269665,
  "systems incsoltiscom how": 0.0308515188202025,
  "handle superencrypted traffic": 0.0308515188202025,
  "number": 0.015727909119356377,
  "bother since": 0.02869218180911233,
  "draw": 0.013103564033581304,
  "superencrypt": 0.0308515188202025,
  "listen in": 0.020951039597934755,
  "first tap": 0.027429050631205276,
  "prefix": 0.024373507786931984,
  "order": 0.008679539059565915,
  "trust crypto that": 0.02869218180911233,
  "transmits": 0.02221417077584181,
  "sideeffects": 0.024373507786931984,
  "escrow run them": 0.026532844798022155,
  "the system transmits": 0.027429050631205276,
  "incsoltiscom how can": 0.0308515188202025,
  "prefix then theyll": 0.027429050631205276,
  "traffic ie": 0.026532844798022155,
  "impose any": 0.0308515188202025,
  "it to superencrypt": 0.0308515188202025,
  "how to detect": 0.022861022379512354,
  "theyll assume its": 0.027429050631205276,
  "thinking": 0.010826268749533978,
  "detect": 0.016069798794148764,
  "traffic looks": 0.02869218180911233,
  "prefix then": 0.027429050631205276,
  "of tripledes encrypted": 0.0308515188202025,
  "encrypted": 0.015180372647640397,
  "stuff": 0.009156392301765601,
  "number of the": 0.017706635003454506,
  "warrant for": 0.02367835653673195,
  "no reason": 0.014964084465609982,
  "mjr": 0.024373507786931984,
  "information systems incsoltiscom": 0.025269713620115104,
  "then theyll assume": 0.027429050631205276,
  "tripledes": 0.024373507786931984,