{
  "the content": 0.03310118528097711,
  "value threatens": 0.05088502961726551,
  "white house": 0.05082908986989975,
  "government": 0.014585679137061694,
  "inc san diego": 0.03693072771500996,
  "a sincere": 0.03975296873029167,
  "qualcomrdippold sender": 0.04864489089843588,
  "big bubba is": 0.043963687249887785,
  "government is your": 0.05471457205129836,
  "word management the": 0.05471457205129836,
  "praise is to": 0.05471457205129836,
  "gmt": 0.0009084522876611733,
  "on its face": 0.043225944749199816,
  "house wiretap": 0.047055487183232665,
  "caoriginator nntppostinghost qualcomqualcommcom": 0.04864489089843588,
  "to seek praise": 0.05471457205129836,
  "stewart writes fascinating": 0.05471457205129836,
  "penalty": 0.027031504128114628,
  "house": 0.03782644176086574,
  "bubba is": 0.043963687249887785,
  "a sincere smile": 0.05088502961726551,
  "house wiretap chip": 0.047055487183232665,
  "fascinating most": 0.05088502961726551,
  "inc san": 0.03693072771500996,
  "sender": 0.0036152129597603077,
  "smile on": 0.045822649883154154,
  "apr gmt": 0.00831078695220494,
  "nntppostinghost qualcomqualcommcom": 0.03906145965319772,
  "smile on its": 0.05088502961726551,
  "day under": 0.05088502961726551,
  "announcements was in": 0.05088502961726551,
  "disinformation sheet": 0.047055487183232665,
  "is your friend": 0.05088502961726551,
  "its face": 0.043225944749199816,
  "lot": 0.013654395715343663,
  "wiretap": 0.026538514439009966,
  "praise": 0.06364864988832564,
  "big bubba": 0.043963687249887785,
  "of the content": 0.045822649883154154,
  "san": 0.01955020322891211,
  "refuse praise": 0.05471457205129836,
  "the white house": 0.02910833454726722,
  "chip": 0.01805188389833346,
  "day": 0.014086271883344595,
  "sender qualcomm inc": 0.047055487183232665,
  "seek praise": 0.05471457205129836,
  "nice friendly": 0.05088502961726551,
  "sheet": 0.029271642846944262,
  "refuse": 0.02769606858045994,
  "qualcomqualcommcom": 0.03906145965319772,
  "the nice": 0.034617410947837664,
  "bill stewart writes": 0.043963687249887785,
  "to refuse": 0.03671403869206365,
  "the computer err": 0.05471457205129836,
  "err government": 0.05471457205129836,
  "and the nice": 0.04864489089843588,
  "sheet big": 0.04864489089843588,
  "white house announcements": 0.04864489089843588,
  "face": 0.019903600810064963,
  "the nice friendly": 0.05088502961726551,
  "management the computer": 0.05471457205129836,
  "face and the": 0.04864489089843588,
  "lot and": 0.0353968507172294,
  "to seek": 0.033561857153568554,
  "of value threatens": 0.05088502961726551,
  "qualcomrdippold sender qualcomm": 0.04864489089843588,
  "sincere smile": 0.05088502961726551,
  "is watching apr": 0.05471457205129836,
  "nice friendly word": 0.05088502961726551,
  "nntppostinghost qualcomqualcommcom bill": 0.05471457205129836,
  "gmt qualcomrdippold": 0.04864489089843588,
  "wiretap chip disinformation": 0.047055487183232665,
  "penalty of": 0.043225944749199816,
  "your friend": 0.034617410947837664,
  "law to refuse": 0.05471457205129836,
  "sheet big bubba": 0.04864489089843588,
  "friend": 0.01970448513888708,
  "re white house": 0.04146653187009189,
  "big": 0.01540645355203613,
  "qualcomm inc san": 0.03816356501508846,
  "computer err": 0.05471457205129836,
  "away a lot": 0.05088502961726551,
  "friend have": 0.04864489089843588,
  "white": 0.03769168736203902,
  "seek praise twice": 0.05471457205129836,
  "disinformation": 0.04098580603037018,
  "fascinating": 0.033561857153568554,
  "day under penalty": 0.05471457205129836,
  "gmt qualcomrdippold sender": 0.04864489089843588,
  "with a sincere": 0.04864489089843588,
  "chip disinformation sheet": 0.047055487183232665,
  "re white": 0.03975296873029167,
  "to refuse praise": 0.05471457205129836,
  "word": 0.01677571412609459,
  "diego caoriginator nntppostinghost": 0.04864489089843588,
  "watching apr": 0.05471457205129836,
  "praise twice": 0.05471457205129836,
  "nice day": 0.04199310744912131,
  "qualcomm inc": 0.03693072771500996,
  "san diego caoriginator": 0.04864489089843588,
  "of law": 0.029732314719535705,
  "word management": 0.05088502961726551,
  "san diego": 0.02581341947199125,
  "caoriginator": 0.04864489089843588,
  "writes fascinating most": 0.05471457205129836,
  "nice day under": 0.05471457205129836,
  "content": 0.02627537604680414,
  "friend have a": 0.05471457205129836,
  "bill": 0.016667435904720952,
  "a nice day": 0.04199310744912131,
  "threatens to take": 0.05088502961726551,
  "seek": 0.02681481510516832,
  "bubba is watching": 0.043963687249887785,
  "have a nice": 0.03693072771500996,
  "writes fascinating": 0.05471457205129836,
  "the computer": 0.025042538746725632,
  "apr gmt qualcomrdippold": 0.04864489089843588,
  "friendly word": 0.05088502961726551,
  "bill stewart": 0.0361107276867322,
  "nntppostinghost": 0.009407595272245519,
  "announcements": 0.03507176508174358,
  "management": 0.02509417334572142,
  "house announcements": 0.04864489089843588,
  "nice": 0.03504007552284858,
  "stewart": 0.03140237478513202,
  "law": 0.016344124185409772,
  "of the white": 0.04199310744912131,
  "watching": 0.023702814557441616,
  "praise is": 0.04864489089843588,
  "the white": 0.02581341947199125,
  "sincere smile on": 0.05088502961726551,
  "content of the": 0.03816356501508846,
  "diego caoriginator": 0.04864489089843588,
  "chip disinformation": 0.047055487183232665,
  "computer err government": 0.05471457205129836,
  "law to": 0.03630460238182209,
  "sender qualcomm": 0.047055487183232665,
  "a lot": 0.01421509574276575,
  "bubba": 0.04199310744912131,
  "qualcomqualcommcom bill stewart": 0.05471457205129836,
  "white house wiretap": 0.047055487183232665,
  "smile": 0.03630460238182209,
  "announcements was": 0.05088502961726551,
  "friendly word management": 0.05088502961726551,
  "face and": 0.03507176508174358,
  "watching apr gmt": 0.05471457205129836,
  "wiretap chip": 0.03277925761178387,
  "friendly": 0.027737765849163716,
  "caoriginator nntppostinghost": 0.04864489089843588,
  "stewart writes": 0.043225944749199816,
  "management the": 0.043225944749199816,
  "house announcements was": 0.05088502961726551,
  "err government is": 0.05471457205129836,
  "under penalty": 0.05088502961726551,
  "is to seek": 0.05088502961726551,
  "a nice": 0.025497627130334075,
  "writes": 0.0035360512958161018,
  "err": 0.03715626359633733,
  "threatens": 0.03671403869206365,
  "sincere": 0.033561857153568554,
  "is watching": 0.03975296873029167,
  "government is": 0.027532356991474462,
  "refuse praise is": 0.05471457205129836,
  "praise twice ": 0.05471457205129836,
  "disinformation sheet big": 0.04864489089843588,
  "threatens to": 0.04864489089843588,
  "computer": 0.011288135269684184,
  "lot and does": 0.05088502961726551,
  "qualcomqualcommcom bill": 0.05471457205129836,
  "content of": 0.032675986158678054,
  "qualcomm": 0.03523191721916487,
  "qualcomrdippold": 0.04864489089843588,
  "apr": 0.007258694410437234,
  "penalty of law": 0.05471457205129836,
  "diego": 0.025581977805089813,
  "fascinating most of": 0.05088502961726551
}