{
  "network traffic as": 0.020675026182223385,
  "if the net": 0.019227954824060662,
  "the fact": 0.006539766424584599,
  "and a deterministic": 0.019227954824060662,
  "suck": 0.01160653887146413,
  "t": 0.016109946669098082,
  "university department": 0.012922266126473266,
  "to suck bits": 0.019227954824060662,
  "login time": 0.019227954824060662,
  "workstation sender the": 0.020675026182223385,
  "t x": 0.018381472343667837,
  "distills": 0.020675026182223385,
  "hash function not": 0.020675026182223385,
  "lines": 0.01498868265139001,
  "delay to someones": 0.019227954824060662,
  "core": 0.010314181442641117,
  "on login": 0.018381472343667837,
  "pseudorandom information do": 0.020675026182223385,
  "could have guaranteed": 0.019227954824060662,
  "in article bennett": 0.018381472343667837,
  "to add": 0.009312985032908578,
  "off the net": 0.015320225853493664,
  "use network traffic": 0.020675026182223385,
  "as opposed": 0.010358444924166384,
  "core i": 0.020675026182223385,
  "bits off": 0.018381472343667837,
  "bs count": 0.019227954824060662,
  "bits and a": 0.019227954824060662,
  "function that distills": 0.020675026182223385,
  "bits on": 0.01693440098550511,
  "add": 0.0071563775043442844,
  "salomon": 0.016333812107735213,
  "someones login": 0.019227954824060662,
  "guaranteed good bits": 0.019227954824060662,
  "folks were": 0.01608791850511228,
  "bound": 0.010481285216489836,
  "couple of seconds": 0.020675026182223385,
  "faster it": 0.01731503054039854,
  "endall of": 0.019227954824060662,
  "login process my": 0.019227954824060662,
  "randomness": 0.015021476701842989,
  "ethernet bennett ji": 0.020675026182223385,
  "n": 0.007874970880588437,
  "writes i heard": 0.014420887824073091,
  "columbia university": 0.011351627187119873,
  "lightlyloaded ethernet bennett": 0.020675026182223385,
  "i heard": 0.017278273229645754,
  "source of pseudorandom": 0.020675026182223385,
  "that much delay": 0.019227954824060662,
  "the daily": 0.01183555540018318,
  "on reasonablyconfigured": 0.019227954824060662,
  "gmt in article": 0.003799601111688158,
  "workstation sender": 0.019227954824060662,
  "the daily news": 0.014760175777095588,
  "opposed to ten": 0.020675026182223385,
  "that folks": 0.015668981771370837,
  "university": 0.002037904286081454,
  "experiencing": 0.012822833873886096,
  "thing and pass": 0.020675026182223385,
  "of extra": 0.015668981771370837,
  "devnull should": 0.020675026182223385,
  "idle that it": 0.019227954824060662,
  "ny writes": 0.01693440098550511,
  "couple of": 0.014703638930600853,
  "approach": 0.008568360932827717,
  "lack": 0.00811011341709555,
  "before finishes": 0.019227954824060662,
  "process my approach": 0.019227954824060662,
  "solutions": 0.009787895164250557,
  "daily news": 0.013574405343680264,
  "reasonablyconfigured workstations": 0.019227954824060662,
  "seconds on a": 0.018381472343667837,
  "brothers inc": 0.016612583282316677,
  "todd": 0.011212396760191538,
  "cryptographic": 0.02398519606649407,
  "bet i know": 0.020675026182223385,
  "count devnull": 0.019227954824060662,
  "gives you timestamps": 0.020675026182223385,
  "bennett ji ": 0.020675026182223385,
  "opposed": 0.009294987657034032,
  "dd does not": 0.020675026182223385,
  "add that much": 0.019227954824060662,
  "function not a": 0.020675026182223385,
  "upper": 0.011040119048943095,
  "sounded good then": 0.019227954824060662,
  "should be sitting": 0.019227954824060662,
  "sender the daily": 0.012386316550590564,
  "bits on a": 0.01693440098550511,
  "bound on login": 0.019227954824060662,
  "compression": 0.010314181442641117,
  "a lightlyloaded": 0.020675026182223385,
  "news": 0.0032048194217301116,
  "bennett todd": 0.017780883465897936,
  "dd does": 0.020675026182223385,
  "endall": 0.018381472343667837,
  "u makes": 0.020675026182223385,
  "of core": 0.01731503054039854,
  "bits and": 0.014420887824073091,
  "my approach etherfindcompress": 0.019227954824060662,
  "faster": 0.008064891085610832,
  "process but": 0.015867959182235818,
  "along the lines": 0.013193775788786832,
  "to ten k": 0.020675026182223385,
  "that distills": 0.020675026182223385,
  "this on reasonablyconfigured": 0.019227954824060662,
  "sounded good": 0.019227954824060662,
  "as a function": 0.016612583282316677,
  "fact that it": 0.012234418107412218,
  "login process": 0.038455909648121324,
  "dd bs count": 0.020675026182223385,
  "cryptographic hash as": 0.020675026182223385,
  "lack of u": 0.020675026182223385,
  "columbia": 0.009822214008390765,
  "writes i": 0.005529128875172577,
  "the lack": 0.011190068390427972,
  "gmt": 0.00034327737800975437,
  "beall and endall": 0.019227954824060662,
  "science satapr": 0.01731503054039854,
  "finishes": 0.015487329627342384,
  "heard about": 0.011304177811175079,
  "opposed to": 0.00965599766608452,
  "source of random": 0.01693440098550511,
  "todd salomon brothers": 0.017780883465897936,
  "have guaranteed good": 0.019227954824060662,
  "department of": 0.007348289992486424,
  "science satapr gmt": 0.01731503054039854,
  "hash": 0.040723216031040795,
  "not get ten": 0.020675026182223385,
  "reasonablyconfigured": 0.019227954824060662,
  "use network": 0.020675026182223385,
  "t gives you": 0.020675026182223385,
  "of computer": 0.008015766873898527,
  "times of seconds": 0.019227954824060662,
  "to hash": 0.019227954824060662,
  "brothers inc ny": 0.017780883465897936,
  "ny": 0.00811011341709555,
  "brothers": 0.010497161206855638,
  "process my": 0.019227954824060662,
  "case of login": 0.019227954824060662,
  "have guaranteed": 0.019227954824060662,
  "that launches": 0.019227954824060662,
  "extra seconds seconds": 0.020675026182223385,
  "run faster": 0.015867959182235818,
  "unix": 0.006896590902029574,
  "a unix workstation": 0.01693440098550511,
  "function that": 0.014886740749572486,
  "a cryptographic": 0.033225166564633354,
  "fact": 0.0049292778248258865,
  "satapr gmt in": 0.009424354512460337,
  "fact that": 0.006807621586467112,
  "science": 0.005306810255339571,
  "columbia university department": 0.016333812107735213,
  "seconds to run": 0.019227954824060662,
  "salomon brothers inc": 0.017780883465897936,
  "solutions that launches": 0.019227954824060662,
  "folks": 0.007773112500276472,
  "daily news columbia": 0.015867959182235818,
  "of computer science": 0.008463492194860424,
  "k": 0.008562044187699248,
  "network traffic": 0.015867959182235818,
  "compression before finishes": 0.019227954824060662,
  "of etherfind t": 0.020675026182223385,
  "trick t": 0.020675026182223385,
  "finishes use": 0.019227954824060662,
  "the common": 0.011212396760191538,
  "article bennett todd": 0.018381472343667837,
  "bennett ji": 0.020675026182223385,
  "t x n": 0.020675026182223385,
  "good bits": 0.019227954824060662,
  "function": 0.017174853321034442,
  "case": 0.004806753824097954,
  "solution": 0.008166749465922798,
  "unix workstation": 0.015487329627342384,
  "compressor aside from": 0.020675026182223385,
  "solution and it": 0.019227954824060662,
  "it sounded good": 0.019227954824060662,
  "acceptable if its": 0.020675026182223385,
  "sender": 0.0013660825589073397,
  "pass it through": 0.020675026182223385,
  "be sitting": 0.01693440098550511,
  "the and simultaneously": 0.019227954824060662,
  "on a unix": 0.014319029443761126,
  "etherfind t": 0.020675026182223385,
  "a couple": 0.013838877092908071,
  "timestamps and the": 0.020675026182223385,
  "a compressor": 0.018381472343667837,
  "of pseudorandom": 0.020675026182223385,
  "the trick": 0.012092826048249877,
  "ethernet bennett": 0.020675026182223385,
  "function not": 0.020675026182223385,
  "compressor": 0.014527971945967768,
  "after compression": 0.019227954824060662,
  "net should be": 0.018381472343667837,
  "pass": 0.008439564337827008,
  "satapr": 0.006783267267435875,
  "heard that": 0.009542001561627628,
  "news columbia": 0.015668981771370837,
  "sounded": 0.012162421915196833,