{
  "unix sunapr": 0.06551571677050087,
  "to an unexceptionable": 0.06121097994022839,
  "a simple": 0.03472512162668079,
  "gmt": 0.0012648451082051722,
  "classified technology": 0.06121097994022839,
  "clinton": 0.0277543964603489,
  "david sternlight": 0.03867800167756809,
  "classified": 0.04037982454713446,
  "im sold": 0.06772865578936073,
  "letter to": 0.04037982454713446,
  "sold bruce": 0.07084761815942353,
  "simple way to": 0.054385570747913746,
  "quality": 0.03012988873846589,
  "encryption": 0.02984530729479977,
  "voluntary that": 0.06379922791423771,
  "isyou get high": 0.06121097994022839,
  "the clipper": 0.03444913479848923,
  "public access": 0.03134147633595997,
  "clinton chinet public": 0.07617951954834618,
  "high quality": 0.046087034891206594,
  "unexceptionable one": 0.06121097994022839,
  "classified technology if": 0.06121097994022839,
  "encryption im sold": 0.07084761815942353,
  "david sternlight writes": 0.04256838222167678,
  "writes": 0.004923271419559342,
  "writes heres a": 0.057064853011515405,
  "simple way": 0.05111723848664247,
  "sternlight writes": 0.04247162235854709,
  "high quality secure": 0.06121097994022839,
  "escrow": 0.03610654914187371,
  "public access unix": 0.0339569216548332,
  "unexceptionable one make": 0.06121097994022839,
  "an unexceptionable": 0.06121097994022839,
  "you agree": 0.04406884824145666,
  "access": 0.021563925958890333,
  "bruce ": 0.11855558406075052,
  "open letter to": 0.05141893628012925,
  "article david": 0.03183189568077045,
  "writes heres": 0.05027724393306561,
  "sunapr": 0.026321233938527477,
  "unix": 0.025411284939016662,
  "chinet public access": 0.0539458906414526,
  "agree": 0.022905710339804115,
  "key": 0.02500365009178197,
  "letter": 0.031009382706227596,
  "as long": 0.03188027513390555,
  "your key": 0.05206033327196811,
  "if you agree": 0.05644913987556512,
  "encryption im": 0.07084761815942353,
  "voluntary": 0.044813846902917565,
  "quality secure nsa": 0.06121097994022839,
  "escrow your key": 0.06121097994022839,
  "gmt in article": 0.014000068711527909,
  "chinet": 0.0539458906414526,
  "key otherwise": 0.06121097994022839,
  "re an open": 0.05927779203037526,
  "mr clinton chinet": 0.07617951954834618,
  "to convert": 0.03784408399674359,
  "proposal to an": 0.06121097994022839,
  "article": 0.006064671954719065,
  "get high quality": 0.06121097994022839,
  "long as you": 0.04578533709771982,
  "proposal to": 0.05485191399265555,
  "an open letter": 0.05644913987556512,
  "long as": 0.030987744695638253,
  "agree to": 0.0450791251803881,
  "to escrow": 0.058467326525315055,
  "in article david": 0.0320025719498117,
  "article david sternlight": 0.0468975003962668,
  "long": 0.018373367544587172,
  "heres a simple": 0.05927779203037526,
  "convert the": 0.049764233359998904,
  "make it voluntary": 0.06121097994022839,
  "isyou get": 0.06121097994022839,
  "open letter": 0.0508269282713898,
  "sternlight": 0.03844663663728134,
  "bruce": 0.035270904211082976,
  "own encryption": 0.06121097994022839,
  "im sold bruce": 0.07084761815942353,
  "isyou": 0.06018381538157821,
  "secure nsa": 0.06121097994022839,
  "own as long": 0.07084761815942353,
  "clipper proposal to": 0.06121097994022839,
  "secure": 0.032862505842027975,
  "secure nsa classified": 0.06121097994022839,
  "letter to mr": 0.058467326525315055,
  "voluntary that isyou": 0.06379922791423771,
  "gmt in": 0.013185330888839242,
  "chinet public": 0.0539458906414526,
  "access unix": 0.033893610123013854,
  "sunapr gmt in": 0.03671876020278408,
  "convert": 0.03331679622390184,
  "clinton chinet": 0.07617951954834618,
  "mr clinton": 0.05027724393306561,
  "quality secure": 0.06121097994022839,
  "sold bruce ": 0.07617951954834618,
  "unexceptionable": 0.06121097994022839,
  "that isyou": 0.06121097994022839,
  "technology if": 0.057734171296051025,
  "it voluntary": 0.06121097994022839,
  "nsa classified technology": 0.06121097994022839,
  "nsa classified": 0.06121097994022839,
  "convert the clipper": 0.06121097994022839,
  "technology if you": 0.06121097994022839,
  "way to convert": 0.057734171296051025,
  "agree to escrow": 0.06121097994022839,
  "sternlight writes heres": 0.06239675440043807,
  "david": 0.020068924938432167,
  "escrow your": 0.06121097994022839,
  "nsa": 0.035270904211082976,
  "the clipper proposal": 0.058467326525315055,
  "unix sunapr gmt": 0.06551571677050087,
  "sunapr gmt": 0.027740217087315906,
  "simple": 0.02499373093155219,
  "access unix sunapr": 0.06551571677050087,
  "public": 0.02052645477669363,
  "get high": 0.057734171296051025,
  "an open": 0.04037982454713446,
  "high": 0.021463041789060885,
  "clipper": 0.02792661949799104,
  "sold": 0.03161787640692969,
  "open": 0.024817339077214368,
  "technology": 0.022157457347710473,
  "proposal": 0.036673377724882626,
  "in article": 0.00659629308828668,
  "key otherwise you": 0.06121097994022839,
  "clipper proposal": 0.05644913987556512,
  "your own encryption": 0.06772865578936073,
  "to mr clinton": 0.058467326525315055
}