{
  "hope ive": 0.026413693085512426,
  "cloner": 0.02804052628221941,
  "the clipper": 0.014262380649056052,
  "were published": 0.02362557608757007,
  "identical": 0.015847400815693625,
  "be installed": 0.020216527005718438,
  "chips but the": 0.02804052628221941,
  "imaspdccworldieccjohnl time is": 0.03153929153275479,
  "unprogrammed but": 0.03153929153275479,
  "chip that would": 0.026413693085512426,
  "technical": 0.01191761216429913,
  "just occurred": 0.025342125452960797,
  "which clone": 0.03153929153275479,
  "requires that secret": 0.03153929153275479,
  "as bad": 0.0186633320810524,
  "reasons for keeping": 0.026413693085512426,
  "ma imaspdccworldieccjohnl time": 0.03153929153275479,
  "time is money": 0.03153929153275479,
  "secret iecc": 0.03153929153275479,
  "who programmed": 0.029331816435430123,
  "way that requires": 0.03153929153275479,
  "time": 0.005019410617284112,
  "secret keys": 0.026413693085512426,
  "requires": 0.012847263146978436,
  "occurred": 0.016162496191027713,
  "versions": 0.028413502106772032,
  "sunapr": 0.010897326152893542,
  "ive missed": 0.03153929153275479,
  "made unprogrammed": 0.03153929153275479,
  "iecc": 0.058663632870860245,
  "that secret keys": 0.03153929153275479,
  "for you john": 0.03153929153275479,
  "lot of": 0.009584971932109452,
  "escrow": 0.04484571390232722,
  "hmmn or is": 0.03153929153275479,
  "thats crypto": 0.03153929153275479,
  "keys to": 0.019017553848919354,
  "technical hack": 0.03153929153275479,
  "is another matter": 0.02362557608757007,
  "keys": 0.03809365107016785,
  "awfully complicated": 0.03153929153275479,
  "clone": 0.035010307605227706,
  "interoperate with": 0.027124341338105453,
  "a technical": 0.019144959373166803,
  "getting awfully complicated": 0.03153929153275479,
  "and then shipped": 0.03153929153275479,
  "i hope": 0.01176671183181011,
  "versions wouldnt": 0.03153929153275479,
  "chips were made": 0.03153929153275479,
  "crypto for": 0.024541761031684022,
  "lot": 0.007870845937825487,
  "official clipper": 0.02804052628221941,
  "clone versions of": 0.02804052628221941,
  "chips": 0.02670643645802633,
  "bad": 0.008672826964911487,
  "requires that": 0.02081541946273417,
  "serialized": 0.027124341338105453,
  "installed as": 0.026413693085512426,
  "hack": 0.019954622234263114,
  "houses": 0.048335832370952986,
  "no valid reasons": 0.027124341338105453,
  "you john r": 0.03153929153275479,
  "is secret": 0.046269300711272256,
  "chip": 0.010405703775790944,
  "protocol though is": 0.027124341338105453,
  "published": 0.013148999986435015,
  "today ": 0.049083522063368044,
  "clipper chips but": 0.02804052628221941,
  "the chips": 0.018196442035855343,
  "serialized and then": 0.03153929153275479,
  "to the escrow": 0.04283620198049081,
  "the chip": 0.015001212389792334,
  "then build physically": 0.027124341338105453,
  "do things": 0.01979126779353843,
  "matter i": 0.020126810837034693,
  "secret iecc sunapr": 0.03153929153275479,
  "hmmn or": 0.03153929153275479,
  "valid reasons": 0.027124341338105453,
  "two escrow houses": 0.02804052628221941,
  "for keeping": 0.021998742890863097,
  "identical clone versions": 0.027124341338105453,
  "complicated": 0.01594107560934424,
  "houses be": 0.03153929153275479,
  "houses hmmn": 0.02804052628221941,
  "escrow houses": 0.06648629199476334,
  "cryptographic": 0.018294440948806785,
  "protocol": 0.016937484275842137,
  "in their halves": 0.03153929153275479,
  "matter": 0.009402938767014073,
  "provide the": 0.017208687487117,
  "published one could": 0.027124341338105453,
  "build physically": 0.027124341338105453,
  "halves": 0.021998742890863097,
  "today": 0.009227861535132166,
  "you john": 0.024916866240780787,
  "cambridge ma imaspdccworldieccjohnl": 0.03153929153275479,
  "clone versions wouldnt": 0.03153929153275479,
  "provide the keys": 0.02804052628221941,
  "provide": 0.010666892156876408,
  "but serialized": 0.03153929153275479,
  "the algorithm": 0.01681007875159469,
  "houses hmmn or": 0.03153929153275479,
  "iecc pob cambridge": 0.03153929153275479,
  "would interoperate": 0.02804052628221941,
  "complicated but": 0.029331816435430123,
  "versions of the": 0.01941616258444167,
  "keys known": 0.03153929153275479,
  "the two escrow": 0.022914927834977047,
  "wouldnt interoperate": 0.03153929153275479,
  "r levine": 0.027124341338105453,
  "missed eg": 0.03153929153275479,
  "ive": 0.013228626788719678,
  "money steal some": 0.03153929153275479,
  "shipped": 0.0179638779116041,
  "houses be installed": 0.03153929153275479,
  "the cryptographic": 0.02337066300580722,
  "steal some": 0.03153929153275479,
  "escrow houses who": 0.03153929153275479,
  "occurred to": 0.022914927834977047,
  "a technical hack": 0.03153929153275479,
  "keys known only": 0.03153929153275479,
  "keeping it secret": 0.026413693085512426,
  "iecc pob": 0.03153929153275479,
  "hack that ive": 0.03153929153275479,
  "secret if": 0.024541761031684022,
  "which clone versions": 0.03153929153275479,
  "clone versions": 0.054248682676210906,
  "unprogrammed": 0.03153929153275479,
  "without which clone": 0.03153929153275479,
  "clipper": 0.02312395245056583,
  "houses who programmed": 0.03153929153275479,
  "crypto": 0.014649785456133527,
  "hmmn": 0.02804052628221941,
  "iecc sunapr gmt": 0.03153929153275479,
  "is money steal": 0.03153929153275479,
  "things that arent": 0.02804052628221941,
  "the cryptographic protocol": 0.027124341338105453,
  "secret keys known": 0.03153929153275479,
  "iecc sunapr": 0.03153929153275479,
  "algorithm is": 0.038555349933598375,
  "bad it just": 0.029331816435430123,
  "as i hope": 0.024541761031684022,
  "that requires": 0.019560947215259365,
  "hope ive shown": 0.027124341338105453,
  "ways": 0.011386626616419772,
  "pob cambridge": 0.03153929153275479,
  "of ways": 0.021042995781148644,
  "gmt": 0.0005236619874734789,
  "protocol though": 0.027124341338105453,
  "published one": 0.027124341338105453,
  "gmt the cryptographic": 0.03153929153275479,
  "shipped to the": 0.02804052628221941,
  "levine iecc": 0.03153929153275479,
  "escrow houses be": 0.03153929153275479,
  "hope": 0.009193400819715872,
  "cambridge": 0.013099927931171177,
  "cryptographic protocol": 0.027124341338105453,
  "gmt the": 0.01423444438767759,
  "reasons": 0.011461429104659304,
  "algorithm": 0.02641780463501969,
  "with official clipper": 0.02804052628221941,
  "imaspdccworldieccjohnl": 0.03153929153275479,
  "versions of": 0.016540787706919326,
  "ive shown above": 0.027124341338105453,
  "missed": 0.013817888961663406,
  "houses who": 0.03153929153275479,
  "clipper chips": 0.022914927834977047,
  "that would interoperate": 0.02804052628221941,
  "keys but": 0.023134650355636128,
  "the cloner": 0.02804052628221941,
  "build": 0.012047898478770868,
  "i hope ive": 0.026413693085512426,
  "john r": 0.02070745273765238,
  "complicated but thats": 0.03153929153275479,
  "it were published": 0.027124341338105453,
  "that ive missed": 0.03153929153275479,
  "levine": 0.0186633320810524,
  "chips but": 0.024541761031684022,
  "interoperate": 0.049833732481561574,
  "things": 0.007062530191243488,
  "time is": 0.016657671040837888,
  "john": 0.008653481645741012,
  "the escrow houses": 0.04541878228691224,
  "physically": 0.017173496926013228,
  "but thats crypto": 0.03153929153275479,
  "ive missed eg": 0.03153929153275479,
  "programmed in": 0.02804052628221941,
  "the escrow": 0.03456051418348278,
  "interoperate with official": 0.02804052628221941,
  "are a lot": 0.01787540796221851,
  "unprogrammed but serialized": 0.03153929153275479,
  "money steal": 0.03153929153275479,
  "ways to do": 0.024206217988187763,
  "why the algorithm": 0.02583305118489474,
  "secret and as": 0.027124341338105453,
  "then shipped": 0.027124341338105453,
  "the clipper algorithm": 0.025342125452960797,
  "keeping": 0.013471383038578059,
  "secret if it": 0.02583305118489474,
  "algorithm is secret": 0.048412435976375526,