{
  "descfb and another": 0.027896725468408462,
  "stay": 0.011178713649761734,
  "police": 0.01025335008082642,
  "committed no": 0.025944198199225516,
  "read the": 0.010577096465823539,
  "missouri monapr": 0.023363097546058878,
  "court": 0.011231367545570614,
  "government": 0.007436642038896244,
  "precedent for this": 0.027896725468408462,
  "another strong stream": 0.027896725468408462,
  "but this doesnt": 0.02241528842881603,
  "a system": 0.012902331160976324,
  "alternative if": 0.027896725468408462,
  "find": 0.005976849526900459,
  "of escrowed keys": 0.02399167093004257,
  "pay rsa for": 0.027896725468408462,
  "of keyregistration": 0.027896725468408462,
  "to pay": 0.010949803891793378,
  "secrecy and": 0.021142090897145444,
  "would be enormously": 0.027896725468408462,
  "community will": 0.027896725468408462,
  "of wiretapped": 0.027896725468408462,
  "youve committed no": 0.027896725468408462,
  "enormously less": 0.027896725468408462,
  "loss": 0.012136975103332857,
  "cipher": 0.017173732539477984,
  "pushing": 0.015068903238547782,
  "competing": 0.01609488112467205,
  "of descfb": 0.027896725468408462,
  "john kelsey": 0.019754833192644615,
  "courtissued warrants to": 0.027896725468408462,
  "business i find": 0.027896725468408462,
  "keyregistration the": 0.027896725468408462,
  "rsa": 0.0322757761768415,
  "from the lawenforcement": 0.027896725468408462,
  "gather": 0.01618156185331079,
  "loss in terms": 0.027896725468408462,
  "terms of": 0.012957838403453317,
  "were unwilling": 0.02399167093004257,
  "descfb and": 0.027896725468408462,
  "nntppostinghost": 0.0047965485754265895,
  "key to": 0.015734787120418852,
  "could generate": 0.023363097546058878,
  "competing standard": 0.027896725468408462,
  "sender": 0.0018432494245538473,
  "theft of": 0.02089698842675212,
  "corruption or theft": 0.027896725468408462,
  "probably stay": 0.027896725468408462,
  "with a court": 0.022849515695935067,
  "a new key": 0.027896725468408462,
  "crimes you": 0.02399167093004257,
  "real": 0.0071372868190382925,
  "warrant then": 0.023363097546058878,
  "find that id": 0.027896725468408462,
  "rsa and": 0.02241528842881603,
  "key": 0.027468798692380194,
  "cripple chip that": 0.027896725468408462,
  "another strong": 0.02399167093004257,
  "scheme": 0.013057688400624438,
  "business i": 0.021142090897145444,
  "crimes": 0.013801102071378997,
  "unwilling to": 0.018223522075492556,
  "hybrid of": 0.027896725468408462,
  "secrecy": 0.01711182012618566,
  "maybe ideacfb": 0.027896725468408462,
  "theft": 0.017173732539477984,
  "key pair": 0.024802042965118013,
  "intelligent": 0.013689894153142977,
  "secrecy and there": 0.027896725468408462,
  "cripple chip": 0.03983168561819035,
  "courtissued": 0.027896725468408462,
  "university": 0.002749735642346526,
  "monapr": 0.0073645347796161865,
  "rsa for the": 0.027896725468408462,
  "pushing would": 0.027896725468408462,
  "chip": 0.01840783653858229,
  "business": 0.010056501163789613,
  "cipher maybe": 0.027896725468408462,
  "criminals but it": 0.027896725468408462,
  "or intelligent": 0.024802042965118013,
  "pair": 0.014482151004189429,
  "secret": 0.02264797269181253,
  "find that": 0.01338041111771049,
  "police could demand": 0.027896725468408462,
  "of lawenforcement": 0.025944198199225516,
  "months of": 0.01796331553991223,
  "demand": 0.012971887816160469,
  "cipher maybe ideacfb": 0.027896725468408462,
  "doesnt": 0.006207028546163429,
  "youve sent and": 0.027896725468408462,
  "demand that": 0.016507848657606912,
  "legal precedent": 0.023363097546058878,
  "in terms": 0.013161208237832159,
  "pay": 0.009102266467109679,
  "chip except that": 0.027896725468408462,
  "pushing would be": 0.027896725468408462,
  "pay rsa": 0.027896725468408462,
  "loss in": 0.02089698842675212,
  "youve sent": 0.027896725468408462,
  "criminals": 0.013116375969364838,
  "hybrid of descfb": 0.027896725468408462,
  "chip except": 0.027896725468408462,
  "warrants": 0.01622592342223513,
  "any comments": 0.014813934203221496,
  "and assuming youve": 0.027896725468408462,
  "capabilities any comments": 0.027896725468408462,
  "standard": 0.008562068027695912,
  "a big loss": 0.02399167093004257,
  "stream cipher": 0.02399167093004257,
  "cdt": 0.012541687571040289,
  "to gather": 0.019754833192644615,
  "some hybrid": 0.027896725468408462,
  "keys maybe someone": 0.027896725468408462,
  "community will correct": 0.027896725468408462,
  "done in secrecy": 0.027896725468408462,
  "or theft": 0.02241528842881603,
  "stay in": 0.015734787120418852,
  "sender nntppostinghost": 0.008399096780658801,
  "strong": 0.010237299317123215,
  "chip that the": 0.027896725468408462,
  "generate a": 0.018134089122493736,
  "new key": 0.024802042965118013,
  "missouriedu": 0.0188294696237093,
  "in jail": 0.01711182012618566,
  "warrants to": 0.024802042965118013,
  "months": 0.010396426607136576,
  "good alternative for": 0.027896725468408462,
  "legal precedent for": 0.027896725468408462,
  "about your business": 0.027896725468408462,
  "you were unwilling": 0.027896725468408462,
  "any comments john": 0.027896725468408462,
  "secret key": 0.037225355917074224,
  "suspected criminals": 0.024802042965118013,
  "capabilities": 0.014580140063584966,
  "nntppostinghost missouriedu": 0.019458043007692993,
  "competing standard sender": 0.027896725468408462,
  "youve committed": 0.027896725468408462,
  "correct me but": 0.025944198199225516,
  "will correct": 0.02089698842675212,
  "read the last": 0.02399167093004257,
  "stream": 0.01525267935648694,
  "good alternative": 0.02399167093004257,
  "standard sender": 0.024802042965118013,
  "big": 0.007855121388502929,
  "scheme using rsa": 0.027896725468408462,
  "would allow courtissued": 0.027896725468408462,
  "jail has": 0.02399167093004257,
  "lawenforcement capabilities any": 0.027896725468408462,
  "court issued": 0.027896725468408462,
  "of wiretapped messages": 0.027896725468408462,
  "corruption": 0.016660150689354166,
  "warrants to be": 0.027896725468408462,
  "gather information": 0.02399167093004257,
  "escrowed keys maybe": 0.027896725468408462,
  "ideacfb this could": 0.027896725468408462,
  "cripple": 0.036631775547170974,
  "a court": 0.01528450908959661,
  "courtissued warrants": 0.027896725468408462,
  "the police": 0.012902331160976324,
  "your secret": 0.04798334186008514,
  "alternative for": 0.024802042965118013,
  "corruption or": 0.027896725468408462,
  "descfb": 0.027896725468408462,
  "generate": 0.013331981820413666,
  "enormously": 0.019754833192644615,
  "keys maybe": 0.025944198199225516,
  "comments": 0.010264101625972057,
  "missouriedu university of": 0.019458043007692993,
  "real legal": 0.024802042965118013,
  "information on suspected": 0.027896725468408462,
  "key pair and": 0.025944198199225516,
  "missouri": 0.015849778654278727,
  "secret key to": 0.027896725468408462,
  "no crimes": 0.027896725468408462,
  "lawenforcement or": 0.027896725468408462,
  "be enormously": 0.027896725468408462,
  "terms of lawenforcement": 0.027896725468408462,
  "government seems": 0.02399167093004257,
  "months of wiretapped": 0.027896725468408462,
  "instead of keyregistration": 0.027896725468408462,
  "monapr cdt perhaps": 0.027896725468408462,
  "jail has anyone": 0.02399167093004257,
  "university of missouri": 0.017173732539477984,
  "system especially given": 0.027896725468408462,
  "likelihood of corruption": 0.027896725468408462,
  "last few months": 0.018223522075492556,
  "precedent for": 0.02241528842881603,
  "used to gather": 0.027896725468408462,
  "lawenforcement": 0.03983168561819035,
  "such a system": 0.018411385102249378,
  "john kelsey ": 0.021410570276875936,
  "of corruption": 0.02399167093004257,
  "likelihood": 0.01788166050646645,
  "strong stream": 0.027896725468408462,
  "could demand": 0.023363097546058878,
  "unwilling to give": 0.025944198199225516,
  "with a good": 0.018718988741587384,