{
  "police": 0.007878656447388267,
  "disk": 0.015143329364736629,
  "keypair is used": 0.01993547697126636,
  "of a public": 0.015723550241709402,
  "encrypted using": 0.016057209721854985,
  "files on disk": 0.03987095394253272,
  "when users connect": 0.01993547697126636,
  "keys used for": 0.01993547697126636,
  "stored": 0.010693707599621419,
  "provider of a": 0.018435158398625785,
  "sufficent": 0.017223868814349976,
  "service arent": 0.018435158398625785,
  "stored on": 0.014073896449400103,
  "answers": 0.00911900018822715,
  "register": 0.022146518608237912,
  "sufficent authorisation": 0.018435158398625785,
  "systems i did": 0.018435158398625785,
  "swiss federal institute": 0.015574215022040677,
  "germano caronni ": 0.01755752829449556,
  "swiss": 0.012761914190589895,
  "for such systems": 0.018435158398625785,
  "key to": 0.01209058317694522,
  "users into": 0.01993547697126636,
  "access": 0.01213554274742746,
  "unknowns pgpkeyid germano": 0.01755752829449556,
  "bound": 0.010866960213633405,
  "uses publickey encryption": 0.01993547697126636,
  "encryption of files": 0.01993547697126636,
  "law to gurantee": 0.018435158398625785,
  "key it is": 0.01755752829449556,
  "register only": 0.01755752829449556,
  "disk the": 0.02844646333813766,
  "key": 0.02814263646694074,
  "the revealed": 0.019057846867136134,
  "authentication": 0.014147276431382097,
  "caronni instruments": 0.018435158398625785,
  "reveal the": 0.014556891149214409,
  "switzerland friendly greetings": 0.021435795543906934,
  "fifth amendment": 0.014468531853716021,
  "private key encrypted": 0.01993547697126636,
  "system swiss": 0.01667989819036533,
  "federal institute": 0.015574215022040677,
  "authentication sequence any": 0.021435795543906934,
  "things theyre": 0.017223868814349976,
  "access to": 0.017780431993591476,
  "basic": 0.008231641968105928,
  "used for encrypting": 0.01993547697126636,
  "answers or general": 0.01993547697126636,
  "musings on": 0.019057846867136134,
  "to gain access": 0.015434521253344635,
  "result of": 0.009609319775453231,
  "system public key": 0.01993547697126636,
  "impossible for": 0.013451207980889755,
  "register space still": 0.01755752829449556,
  "key encrypted using": 0.01993547697126636,
  "revealing thier": 0.01993547697126636,
  "question": 0.004751896124349594,
  "system public": 0.01993547697126636,
  "files on": 0.026297385908207394,
  "contains infinite unknowns": 0.01755752829449556,
  "to the data": 0.015883957107843,
  "appreciated just": 0.018435158398625785,
  "keys during the": 0.01993547697126636,
  "ago": 0.006202232852462816,
  "police comes with": 0.018435158398625785,
  "encryption and encryption": 0.01993547697126636,
  "key and": 0.012842090103317924,
  "users publicprivate": 0.01993547697126636,
  "intelligble access": 0.018435158398625785,
  "impossible": 0.00888364694117852,
  "caronni instruments register": 0.018435158398625785,
  "set": 0.005702202192838272,
  "jim": 0.007290251667253992,
  "i set": 0.012842090103317924,
  "general setup": 0.01993547697126636,
  "the files stored": 0.01993547697126636,
  "systems i": 0.01422323166906883,
  "systems": 0.005813623613827858,
  "or general musings": 0.01993547697126636,
  "private keys": 0.017223868814349976,
  "news": 0.00332274567750806,
  "the subject": 0.00863016337376097,
  "system private key": 0.03987095394253272,
  "the authentication": 0.01993547697126636,
  "users connect": 0.01993547697126636,
  "service": 0.007354011863975703,
  "as a provider": 0.018435158398625785,
  "send": 0.006355780092361514,
  "bbs some": 0.018435158398625785,
  "using the system": 0.019057846867136134,
  "condition": 0.008241370084096922,
  "intelligble access to": 0.018435158398625785,
  "ago but": 0.012842090103317924,
  "key encrypted": 0.018435158398625785,
  "encrypting": 0.013867597358914551,
  "to gurantee intelligble": 0.018435158398625785,
  "keys used": 0.01993547697126636,
  "bbs service": 0.018435158398625785,
  "send a private": 0.01993547697126636,
  "bbs that uses": 0.01993547697126636,
  "they send": 0.01755752829449556,
  "tueapr gmt in": 0.0071124124746981075,
  "reveal the system": 0.01993547697126636,
  "ch tueapr": 0.01993547697126636,
  "sufficent authorisation i": 0.018435158398625785,
  "comes with sufficent": 0.018435158398625785,
  "the general setup": 0.01993547697126636,
  "stored on the": 0.018435158398625785,
  "sequence": 0.011362288292483721,
  "keypair is": 0.01993547697126636,
  "only through things": 0.01755752829449556,
  "infinite unknowns": 0.01755752829449556,
  "publickey encryption": 0.017952163698811474,
  "publicprivate keypair is": 0.01993547697126636,
  "germano caronni": 0.0324910920713707,
  "writes i": 0.00573258166928066,
  "bbs if police": 0.018435158398625785,
  "passwords sender": 0.01693483982598521,
  "news system swiss": 0.01667989819036533,
  "gmt": 0.00035590879668110904,
  "publicprivate": 0.01755752829449556,
  "bbs that": 0.017952163698811474,
  "users": 0.03220076753547636,
  "private key to": 0.01667989819036533,
  "passwords": 0.014301949513594533,
  "jim mccoy writes": 0.021435795543906934,
  "designed so that": 0.01755752829449556,
  "public key and": 0.017952163698811474,
  "a basic": 0.012722913096428255,
  "jim mccoy": 0.01993547697126636,
  "set up a": 0.012239918396613947,
  "on the bbs": 0.017223868814349976,
  "space still": 0.01755752829449556,
  "connect they": 0.01993547697126636,
  "result": 0.007626006502998351,
  "entice users": 0.01993547697126636,
  "anyone to gain": 0.01993547697126636,
  "key to entice": 0.01993547697126636,
  "a private": 0.010802343410279113,
  "onetime session": 0.01993547697126636,
  "with sufficent": 0.018435158398625785,
  "users into revealing": 0.01993547697126636,
  "general musings on": 0.01993547697126636,
  "connect": 0.009946038623125104,
  "a public": 0.010802343410279113,
  "users publicprivate keypair": 0.01993547697126636,
  "connect they send": 0.01993547697126636,
  "the data": 0.009693479488752382,
  "machine what": 0.019057846867136134,
  "things": 0.004800074632143842,
  "encrypted": 0.010547401774659237,
  "system": 0.015223966443265177,
  "to the files": 0.01755752829449556,
  "thier": 0.012968213281075447,
  "disk the general": 0.01993547697126636,
  "guessed": 0.013740236969254522,
  "still contains infinite": 0.01755752829449556,
  "usenet news system": 0.006188971090931424,
  "passwords sender usenet": 0.018435158398625785,
  "encryption of": 0.015062551000256627,
  "publickey": 0.013867597358914551,
  "and passwords sender": 0.017223868814349976,
  "mccoy writes": 0.021435795543906934,
  "machine what is": 0.01993547697126636,
  "in article jim": 0.010770744277332897,
  "bbs": 0.033571182402248385,
  "law": 0.006403217483894305,
  "just a question": 0.015179579617724757,
  "infinite": 0.011037481594267849,
  "bound by law": 0.018435158398625785,
  "encrypted using the": 0.016057209721854985,
  "germano": 0.0324910920713707,
  "when users": 0.01993547697126636,
  "revealed system private": 0.01993547697126636,
  "encrypting the": 0.01667989819036533,
  "subject": 0.0066363738670982934,
  "switzerland friendly": 0.021435795543906934,
  "arent you bound": 0.018435158398625785,
  "law to": 0.01422323166906883,
  "revealed": 0.01114663928610095,
  "to register": 0.013244908890404203,
  "pgpkeyid germano": 0.01755752829449556,
  "musings on the": 0.01993547697126636,
  "entice users into": 0.01993547697126636,
  "of the users": 0.01667989819036533,
  "article jim": 0.010770744277332897,
  "the users publicprivate": 0.01993547697126636,
  "institute": 0.0065365258763461255,
  "revealing": 0.014301949513594533,
  "be appreciated": 0.00970303580522233,
  "general": 0.0126993371055559,
  "theyre designed": 0.01693483982598521,
  "session keys": 0.015179579617724757,
  "a basic condition": 0.018435158398625785,
  "instruments": 0.010533300733487821,
  "of technology": 0.007907710603951342,
  "authorisation": 0.01755752829449556,