{
  "is the federal": 0.020334238458699524,
  "bit block and": 0.019669845681674625,
  "the fact": 0.007234522211030077,
  "chip which generates": 0.02287144928703234,
  "is completely eliminated": 0.02287144928703234,
  "government": 0.006097015990319091,
  "cops wont be": 0.02287144928703234,
  "houses is completely": 0.02287144928703234,
  "padded with": 0.037466873312041335,
  "produce": 0.019586037233944836,
  "key parts that": 0.019669845681674625,
  "are separately": 0.019154502607045962,
  "facinating factsbit serial": 0.019154502607045962,
  "xor of and": 0.019669845681674625,
  "real purpose": 0.017553700804367106,
  "givingbits": 0.018733436656020667,
  "serial": 0.038672608220589204,
  "u is": 0.017333584915673515,
  "a key deterministically": 0.02287144928703234,
  "the federal": 0.010827717745210201,
  "escrow houses but": 0.02127064748435348,
  "a bit block": 0.03933969136334925,
  "government can": 0.01486744027363805,
  "secret so they": 0.02287144928703234,
  "to access": 0.012931345145683216,
  "escrow": 0.04336121375005618,
  "block": 0.030877137433847755,
  "producing a": 0.018069043878995765,
  "keys to": 0.013791020574043134,
  "blocks to": 0.017553700804367106,
  "access": 0.0064741579091356655,
  "generating": 0.027673508248761462,
  "to generate": 0.012611284722389576,
  "generated from": 0.016776628664364305,
  "generated": 0.011458880181699072,
  "real": 0.0058515861911283915,
  "method of generating": 0.02287144928703234,
  "ede ede": 0.018733436656020667,
  "key": 0.030027478170269337,
  "secondbits": 0.019669845681674625,
  "unit": 0.03997587471721651,
  "block ede": 0.018733436656020667,
  "ede and are": 0.019669845681674625,
  "n is padded": 0.019669845681674625,
  "a backdoor": 0.018733436656020667,
  "call": 0.00605690611062416,
  "houses": 0.04673580096837332,
  "view": 0.00759185301651775,
  "produce and and": 0.019669845681674625,
  "university": 0.002254402201000038,
  "for a serial": 0.017797027630366703,
  "chip": 0.007545937611081655,
  "unit keys is": 0.02287144928703234,
  "escrow agencies what": 0.02127064748435348,
  "secondbits to the": 0.019669845681674625,
  "fixed": 0.0207882686347008,
  "key deterministically": 0.02287144928703234,
  "escrow houses": 0.048214077797588184,
  "houses is": 0.02287144928703234,
  "rest are discarded": 0.019669845681674625,
  "and tueapr gmt": 0.02287144928703234,
  "generates": 0.014295070380093984,
  "xor": 0.014410567887194818,
  "padded with a": 0.019669845681674625,
  "urbanachampaign": 0.013415688173355433,
  "producing a bit": 0.019669845681674625,
  "will build": 0.01837743046704316,
  "federal": 0.00874698710346875,
  "unit keys": 0.03355325732872861,
  "illinois urbanachampaign": 0.01509478455265249,
  "completely eliminated": 0.02287144928703234,
  "secret so": 0.02127064748435348,
  "eliminated or should": 0.02287144928703234,
  "a chip": 0.01357502505900659,
  "and smalltown cops": 0.02287144928703234,
  "deterministically generated": 0.02287144928703234,
  "as generating": 0.019669845681674625,
  "ede": 0.05339108289110011,
  "other bit blocks": 0.019669845681674625,
  "the encrypted serial": 0.02287144928703234,
  "are assigned": 0.017553700804367106,
  "to tripleencrypt producing": 0.019669845681674625,
  "number to generate": 0.02287144928703234,
  "number to": 0.013534148437529914,
  "block ede similarly": 0.019669845681674625,
  "through the motions": 0.019669845681674625,
  "separately": 0.013160842775736805,
  "xor of": 0.018069043878995765,
  "houses but": 0.02127064748435348,
  "bit block to": 0.019669845681674625,
  "unit key": 0.03146556622598932,
  "block to produce": 0.019669845681674625,
  "blocks and are": 0.019669845681674625,
  "to the rest": 0.014660483787056788,
  "gmt": 0.00037974564449577914,
  "serial number": 0.05033709233285445,
  "the unit": 0.039482528327210414,
  "decrypt": 0.013746175110169921,
  "rest are": 0.018733436656020667,
  "protection and smalltown": 0.02287144928703234,
  "tueapr": 0.005216851685285075,
  "serve": 0.009423306341344074,
  "eliminated": 0.01357502505900659,
  "separately escrowed": 0.019669845681674625,
  "deterministically generated from": 0.02287144928703234,
  "secondbits to": 0.019669845681674625,
  "ede and": 0.019669845681674625,
  "access the": 0.012994622222330133,
  "smalltown cops wont": 0.02287144928703234,
  "houses but the": 0.02127064748435348,
  "can you call": 0.02127064748435348,
  "far as generating": 0.02287144928703234,
  "the secondbits": 0.019669845681674625,
  "block and": 0.016776628664364305,
  "build": 0.008736813215552084,
  "cops wont": 0.02287144928703234,
  "backdoor what else": 0.02287144928703234,
  "serial number possibly": 0.019154502607045962,
  "the data": 0.010342696359823557,
  "concatenated": 0.016776628664364305,
  "the escrow houses": 0.04940472622895072,
  "keys is as": 0.02287144928703234,
  "the escrow": 0.03759353852291083,
  "that are separately": 0.019154502607045962,
  "purpose as": 0.017333584915673515,
  "smalltown": 0.02127064748435348,
  "bit value n": 0.019669845681674625,
  "are computed": 0.019669845681674625,
  "illusion": 0.014532146948362074,
  "the serial": 0.01203692761906665,
  "first padded": 0.019669845681674625,
  "nuff said ": 0.02127064748435348,
  "a real": 0.009005659293714698,
  "protection": 0.009729741540325503,
  "as a backdoor": 0.02287144928703234,
  "bit block ede": 0.018733436656020667,
  "purpose as far": 0.02287144928703234,
  "escrow houses to": 0.02287144928703234,
  "the illusion": 0.017797027630366703,
  "backdoor": 0.01646824207631691,
  "illusion of protection": 0.02287144928703234,
  "fact is the": 0.018733436656020667,
  "the key": 0.01001153126448939,
  "generated from the": 0.019154502607045962,
  "secret": 0.009284099660038623,
  "the houses": 0.017797027630366703,
  "real purpose as": 0.02287144928703234,
  "bit": 0.03768314308853419,
  "federal government can": 0.02127064748435348,
  "re facinating factsbit": 0.020334238458699524,
  "generates the": 0.018733436656020667,
  "and the secondbits": 0.019669845681674625,
  "two escrow agencies": 0.018069043878995765,
  "unit key u": 0.017132634853341808,
  "discarded the": 0.01837743046704316,
  "federal government": 0.012190218771364275,
  "purpose": 0.008671753453504287,
  "factsbit serial": 0.019154502607045962,
  "padded": 0.032392451655375694,
  "discarded": 0.015531833050662948,
  "build a": 0.011299543296047916,
  "to tripleencrypt": 0.019669845681674625,
  "encrypted serial": 0.020334238458699524,
  "with a fixed": 0.019669845681674625,
  "generates the unit": 0.02287144928703234,
  "factsbit serial number": 0.019154502607045962,
  "to produce": 0.023629772741353153,
  "generating unit keys": 0.02287144928703234,
  "key deterministically generated": 0.02287144928703234,
  "access the escrow": 0.02287144928703234,
  "cops": 0.011268953857826159,
  "government can and": 0.02287144928703234,
  "the federal government": 0.012479279147701474,
  "key for a": 0.01837743046704316,
  "block to": 0.016947778715527634,
  "is completely": 0.013230832035541259,
  "firstbits are assigned": 0.019669845681674625,
  "bit block": 0.051397904560025416,
  "ede ede and": 0.019669845681674625,
  "n": 0.02613471860370805,
  "blocks": 0.025062359015273886,
  "facinating factsbit": 0.019154502607045962,
  "a fixed bit": 0.019669845681674625,
  "number nuff": 0.02287144928703234,
  "u is the": 0.019669845681674625,
  "as keys": 0.018733436656020667,
  "keys from": 0.01646824207631691,
  "nuff said": 0.017333584915673515,
  "of generating unit": 0.02287144928703234,
  "computed": 0.015531833050662948,
  "a bit": 0.015152892458822924,
  "deterministically": 0.020334238458699524,
  "urbanachampaign the only": 0.02287144928703234,
  "parts": 0.008482346636735614,
  "two additional bit": 0.019669845681674625,
  "computed ede": 0.019669845681674625,
  "the key parts": 0.018733436656020667,
  "chip which": 0.01646824207631691,
  "key parts": 0.01837743046704316,