{
  "inc phone": 0.053766401298849256,
  "technologies": 0.06499442351997622,
  "gmt": 0.0011110125950450837,
  "fripp sender": 0.06223101595084499,
  "to canada": 0.04908297440317395,
  "send it": 0.03756440621237378,
  "file encryption": 0.053766401298849256,
  "account cadre": 0.06223101595084499,
  "encryption": 0.02621547262381061,
  "poster account": 0.06223101595084499,
  "be shipped": 0.04908297440317395,
  "send": 0.039680681117175945,
  "des code": 0.05480795994633074,
  "technologies incnntppostinghost": 0.06223101595084499,
  "fripp sender usenet": 0.06223101595084499,
  "obfuscation": 0.05071244776004482,
  "des file": 0.05949138684200604,
  "cadre technologies": 0.12446203190168997,
  "i dont speak": 0.03801805015046587,
  "fripp": 0.05603986235710069,
  "dont": 0.008233770801736252,
  "providence ri i": 0.06691444284652029,
  "account": 0.022497684961651065,
  "des": 0.06137899156183213,
  "me to send": 0.11207972471420138,
  "thanx eschew": 0.06691444284652029,
  "send it thanx": 0.06691444284652029,
  "mail": 0.020328834471969738,
  "eschew obfuscation rob": 0.06691444284652029,
  "employer": 0.029420685516147183,
  "canada apr": 0.052864162159494375,
  "ri i dont": 0.06691444284652029,
  "domain des file": 0.05949138684200604,
  "richmond st": 0.06691444284652029,
  "someone in canada": 0.05949138684200604,
  "apr gmt": 0.01016386782668307,
  "canada asked me": 0.05949138684200604,
  "is it legal": 0.05603986235710069,
  "cadre technologies inc": 0.06691444284652029,
  "legal for": 0.04738490394181647,
  "speak": 0.023470392319228824,
  "des file encryption": 0.05949138684200604,
  "phone richmond": 0.06691444284652029,
  "domain des": 0.05949138684200604,
  "can des": 0.05480795994633074,
  "to send": 0.06022432661646883,
  "mail cadre technologies": 0.06691444284652029,
  "to canada apr": 0.06223101595084499,
  "richmond st fax": 0.06691444284652029,
  "legal": 0.025399675048374037,
  "encryption code": 0.05949138684200604,
  "poster account cadre": 0.06223101595084499,
  "poster": 0.02592722602149497,
  "incnntppostinghost": 0.04165991839865969,
  "usenet news": 0.01624266385603226,
  "canada apr gmt": 0.05754758905516968,
  "code be shipped": 0.05754758905516968,
  "public domain des": 0.05949138684200604,
  "fax providence": 0.06691444284652029,
  "shipped to": 0.04958370394475315,
  "eschew": 0.05949138684200604,
  "code be": 0.05603986235710069,
  "st": 0.02511573592827371,
  "mail cadre": 0.06691444284652029,
  "usenet": 0.013768687727028463,
  "incnntppostinghost someone": 0.06691444284652029,
  "des code be": 0.05754758905516968,
  "fax": 0.020544456947524336,
  "apr gmt fripp": 0.06223101595084499,
  "usenet news poster": 0.06223101595084499,
  "ri": 0.048180735263819066,
  "for my employer": 0.053766401298849256,
  "speak for": 0.02815381921490413,
  "cadre technologies incnntppostinghost": 0.06223101595084499,
  "account cadre technologies": 0.06223101595084499,
  "my employer": 0.03262272787872416,
  "it legal": 0.04908297440317395,
  "code i": 0.04416244399526033,
  "send him": 0.04602902086436951,
  "news poster account": 0.06223101595084499,
  "rob defriesse mail": 0.06691444284652029,
  "news poster": 0.035798428076330484,
  "employer ": 0.07967573454125043,
  "dont speak for": 0.037652731087828864,
  "send him some": 0.05754758905516968,
  "i dont": 0.01233499984829786,
  "cadre": 0.10413666167498356,
  "st fax": 0.06691444284652029,
  "obfuscation rob defriesse": 0.06691444284652029,
  "legal for me": 0.05949138684200604,
  "rob defriesse": 0.06691444284652029,
  "sender": 0.004421307741328485,
  "file encryption code": 0.05949138684200604,
  "it thanx eschew": 0.06691444284652029,
  "technologies inc": 0.04667300856575008,
  "domain": 0.03037949844476273,
  "gmt fripp": 0.06223101595084499,
  "can des code": 0.05754758905516968,
  "technologies inc phone": 0.06691444284652029,
  "dont speak": 0.036976491502984384,
  "phone richmond st": 0.06691444284652029,
  "technologies incnntppostinghost someone": 0.06691444284652029,
  "sender usenet news": 0.01652909089299069,
  "providence": 0.04308768254505974,
  "code": 0.04417167815436915,
  "thanx eschew obfuscation": 0.06691444284652029,
  "news": 0.010372354750058944,
  "in canada": 0.035278421041626915,
  "file": 0.0207453095168838,
  "shipped to canada": 0.05754758905516968,
  "ri i": 0.06691444284652029,
  "richmond": 0.04182273969311281,
  "gmt fripp sender": 0.06223101595084499,
  "shipped": 0.038112551785430326,
  "code i have": 0.05480795994633074,
  "canada": 0.04410083388457388,
  "inc phone richmond": 0.06691444284652029,
  "sender usenet": 0.015071484085422247,
  "incnntppostinghost someone in": 0.06691444284652029,
  "eschew obfuscation": 0.06223101595084499,
  "providence ri": 0.05603986235710069,
  "canada asked": 0.05949138684200604,
  "st fax providence": 0.06691444284652029,
  "defriesse": 0.06691444284652029,
  "rob": 0.02988309876988522,
  "some public": 0.04958370394475315,
  "defriesse mail cadre": 0.06691444284652029,
  "speak for my": 0.036145004389759885,
  "encryption code i": 0.05949138684200604,
  "some public domain": 0.05206833083749178,
  "him some public": 0.05949138684200604,
  "obfuscation rob": 0.06691444284652029,
  "public": 0.018029994060609268,
  "apr": 0.008877187083034727,
  "fax providence ri": 0.06691444284652029,
  "phone": 0.019789585339594313,
  "public domain": 0.03387154333150844,
  "defriesse mail": 0.06691444284652029
}