{
  "writes i": 0.01042697925672309,
  "beckman": 0.05232473230916158,
  "dorothy": 0.04614398640512168,
  "the clipper": 0.01763144694410866,
  "beckman instrumentsbrea": 0.02889129206229711,
  "throw": 0.016861955415621466,
  "dsebeckmancom in jeff": 0.038989517879074814,
  "nntppostinghost dsebeckmancom in": 0.02889129206229711,
  "respect of her": 0.036260591971358495,
  "in jeff makey": 0.038989517879074814,
  "arthur": 0.021498764900766482,
  "not easily": 0.029206420832665364,
  "position": 0.013544520017182413,
  "nntppostinghost dsebeckmancom": 0.02889129206229711,
  "me arthur l": 0.038989517879074814,
  "won": 0.017495086721026946,
  "diminish": 0.02954898530900249,
  "dsebeckmancom in": 0.02889129206229711,
  "article graham": 0.027195296329649652,
  "code is no": 0.0203086827280384,
  "throw away": 0.027610101509404874,
  "arthur l": 0.028073814248209532,
  "to enhance": 0.02832790291410548,
  "tapped": 0.019506211224042655,
  "spent many": 0.033531666063642177,
  "more to enhance": 0.036260591971358495,
  "baffled by": 0.029206420832665364,
  "colleagues": 0.025870602484684247,
  "away her academic": 0.03193534674038169,
  "her academic": 0.03193534674038169,
  "hasnt dorothy denning": 0.036260591971358495,
  "writes in article": 0.00858005072680684,
  "makey writes in": 0.038989517879074814,
  "people to trust": 0.033531666063642177,
  "represent those": 0.02647749492494904,
  "apr gmt": 0.005922253694287773,
  "chosen to throw": 0.03193534674038169,
  "represent those of": 0.02664505246203092,
  "jeff makey": 0.036260591971358495,
  "tapped your": 0.0203086827280384,
  "respectability like": 0.03193534674038169,
  "in this manner": 0.027003209069140076,
  "rubin work": 0.02889129206229711,
  "unsound": 0.029924222237365974,
  "lost": 0.013911167552979433,
  "professional respect of": 0.036260591971358495,
  "has chosen": 0.02889129206229711,
  "good any more": 0.020898494847048872,
  "beckman instrumentsbrea personal": 0.02889129206229711,
  "earning": 0.028599528392400566,
  "to me arthur": 0.038989517879074814,
  "enhance the clippers": 0.036260591971358495,
  "trust a": 0.029924222237365974,
  "the professional respect": 0.036260591971358495,
  "the clippers": 0.03466427264809801,
  "matter": 0.011624105404891413,
  "that position": 0.029924222237365974,
  "secret algorithm": 0.023831456455019467,
  "represent": 0.01876983899305016,
  "article": 0.0031039659610766867,
  "unpopular": 0.027195296329649652,
  "easily lost her": 0.036260591971358495,
  "denning has chosen": 0.03193534674038169,
  "any more apr": 0.026316778411089772,
  "trust": 0.0163166762496367,
  "clippers respectability": 0.036260591971358495,
  "arthur l rubin": 0.02889129206229711,
  "work beckman": 0.02889129206229711,
  "my opinions": 0.014893858749346662,
  "has spent": 0.03193534674038169,
  "hasnt dorothy": 0.036260591971358495,
  "dsebeckmancom": 0.02889129206229711,
  "serves far more": 0.036260591971358495,
  "rubin": 0.024992084566124367,
  "not represent": 0.02267796383816327,
  "work": 0.008009126633015668,
  "good any": 0.02024080160034349,
  "re once tapped": 0.020274595866845033,
  "na beckman": 0.033531666063642177,
  "of the clipper": 0.025344888340493213,
  "toal writes i": 0.03466427264809801,
  "l rubin work": 0.02889129206229711,
  "hasnt": 0.017331020987166438,
  "completely baffled": 0.03193534674038169,
  "respectability than to": 0.036260591971358495,
  "rubin work beckman": 0.02889129206229711,
  "unpopular that position": 0.036260591971358495,
  "opinions": 0.010653158217277213,
  "years earning the": 0.036260591971358495,
  "serves far": 0.036260591971358495,
  "respectability": 0.060678054834242386,
  "opinions are my": 0.021837120923603983,
  "is no good": 0.01998040867709725,
  "to diminish": 0.036260591971358495,
  "code": 0.012868914107965816,
  "than to diminish": 0.036260591971358495,
  "more apr gmt": 0.02647749492494904,
  "dorothy denning": 0.04933662505164266,
  "respectability like this": 0.03193534674038169,
  "graham": 0.020343067294844516,
  "work beckman instrumentsbrea": 0.02889129206229711,
  "many years earning": 0.036260591971358495,
  "employer ": 0.04642523115001994,
  "personal my": 0.02889129206229711,
  "respectability than": 0.036260591971358495,
  "position may": 0.03193534674038169,
  "algorithm seems": 0.033531666063642177,
  "a secret": 0.02199153318011296,
  "the professional": 0.030339027417121193,
  "throw away her": 0.03193534674038169,
  "in article graham": 0.027195296329649652,
  "many years": 0.020483689667293647,
  "diminish her": 0.036260591971358495,
  "clipper": 0.014293151711570216,
  "inc nntppostinghost dsebeckmancom": 0.02889129206229711,
  "she hasnt": 0.032653148145082286,
  "enhance": 0.025469883215747467,
  "instruments inc nntppostinghost": 0.02832790291410548,
  "why dorothy": 0.03193534674038169,
  "l rubin": 0.02889129206229711,
  "beckman instruments": 0.02832790291410548,
  "toal": 0.02466831252582133,
  "unsound to me": 0.033531666063642177,
  "jeff": 0.016694397878539595,
  "gmt": 0.0006473616695538282,
  "apr gmt na": 0.02466831252582133,
  "support of": 0.02070451433914815,
  "dorothy denning has": 0.06387069348076338,
  "graham toal": 0.02466831252582133,
  "academic": 0.018373604639586826,
  "once tapped": 0.02024080160034349,
  "won in": 0.03132845430011689,
  "she hasnt dorothy": 0.036260591971358495,
  "denning has": 0.060678054834242386,
  "manner is": 0.036260591971358495,
  "in jeff": 0.032653148145082286,
  "tapped your code": 0.0203086827280384,
  "writes in": 0.008057601370823475,
  "of my employer": 0.0216402295040187,
  "instrumentsbrea": 0.02889129206229711,
  "gmt na beckman": 0.033531666063642177,
  "matter how unpopular": 0.036260591971358495,
  "of her colleagues": 0.036260591971358495,
  "seems unsound": 0.033531666063642177,
  "instruments inc": 0.02307199320256084,
  "this manner": 0.026820059401286168,
  "good": 0.006362444037285055,
  "years": 0.009704543351341322,
  "matter how": 0.020412750669251606,
  "support of the": 0.024274283161423757,
  "algorithm seems unsound": 0.033531666063642177,
  "to throw": 0.02020729494810763,
  "chosen to": 0.026013782186144384,
  "inc nntppostinghost": 0.028073814248209532,
  "gmt na": 0.021592507612159074,
  "me arthur": 0.038989517879074814,
  "clipper no matter": 0.036260591971358495,
  "more apr": 0.025870602484684247,
  "am completely": 0.028599528392400566,
  "easily": 0.014691484031000346,
  "how unpopular": 0.036260591971358495,
  "a secret algorithm": 0.030339027417121193,
  "colleagues and": 0.03466427264809801,
  "unsound to": 0.033531666063642177,
  "beckman instruments inc": 0.02832790291410548,
  "graham toal writes": 0.025469883215747467,
  "this she hasnt": 0.036260591971358495,
  "nntppostinghost": 0.006703837575891492,
  "baffled": 0.02832790291410548,
  "academic respectability": 0.03193534674038169,
  "makey": 0.036260591971358495,
  "and something won": 0.036260591971358495,
  "earning the professional": 0.036260591971358495,
  "manner": 0.017863628056154136,
  "respect": 0.01607580555485292,
  "position may be": 0.036260591971358495,
  "won in this": 0.036260591971358495,
  "easily lost": 0.036260591971358495,
  "baffled by why": 0.03193534674038169,
  "employer": 0.017142761639329856,
  "her support": 0.036260591971358495,
  "do not represent": 0.023358447353279056,
  "chosen": 0.019210460710388687,
  "denning": 0.044639614462108214,
  "lost her support": 0.036260591971358495,
  "completely baffled by": 0.03193534674038169,
  "by why dorothy": 0.03193534674038169,
  "jeff makey writes": 0.038989517879074814,
  "academic respectability like": 0.03193534674038169,
  "personal my opinions": 0.02889129206229711,
  "completely": 0.01409752874550283,
  "secret": 0.015826831310223322,
  "spent": 0.017299012616759944,
  "no good": 0.018863581704442755,
  "clipper no": 0.036260591971358495,
  "article graham toal": 0.028073814248209532,
  "diminish her own": 0.036260591971358495,