{
  "measures to": 0.021975145444924796,
  "guiron its an": 0.029710291486209864,
  "an omelet george": 0.029710291486209864,
  "hole": 0.014606642366454316,
  "article douglas craig": 0.02262247026899625,
  "any reason": 0.018195669884657057,
  "tempest rating": 0.029710291486209864,
  "its human": 0.02451855628480954,
  "york": 0.011381653940183568,
  "pricing for": 0.029710291486209864,
  "havent had any": 0.024211104091892362,
  "but a tempest": 0.029710291486209864,
  "radio shack model": 0.029710291486209864,
  "in islip": 0.03194625013317743,
  "holland": 0.017851257060703167,
  "type of": 0.013308661993749506,
  "raise": 0.014547451596556907,
  "gmt": 0.0005304189163441044,
  "human its": 0.029710291486209864,
  "code is no": 0.016640017461037913,
  "shack model iii": 0.029710291486209864,
  "a chicken": 0.02616638087760306,
  "david sternlight writes": 0.017851257060703167,
  "radio": 0.011499172461554259,
  "joel and you": 0.029710291486209864,
  "campbell writes in": 0.03194625013317743,
  "dig a": 0.028402339524570625,
  "abortion": 0.01514145609175349,
  "sternlight writes": 0.017810680343906843,
  "inaccurate": 0.019813346534165936,
  "in david": 0.0207664568983396,
  "buy a": 0.013839385273861074,
  "of pricing": 0.029710291486209864,
  "vs": 0.011194830479180075,
  "writes in article": 0.007030106079383668,
  "groundfeet should do": 0.03194625013317743,
  "note": 0.00948740024844773,
  "islip long island": 0.03194625013317743,
  "article douglas": 0.02004663899087441,
  "apr gmt": 0.004852427220480949,
  "be inaccurate": 0.028402339524570625,
  "aboutyears": 0.018431234836317992,
  "i havent": 0.012260577247327206,
  "tapped your": 0.016640017461037913,
  "re once tapped": 0.016612088226382705,
  "a radio": 0.02021210123083425,
  "tempest approved": 0.029710291486209864,
  "in islip long": 0.03194625013317743,
  "a radio shack": 0.029710291486209864,
  "the laws": 0.016754217225718286,
  "havent": 0.01043583642860516,
  "mac if": 0.024211104091892362,
  "its an omelet": 0.029710291486209864,
  "an joel": 0.029710291486209864,
  "human its an": 0.029710291486209864,
  "holland writes note": 0.028402339524570625,
  "type of pricing": 0.029710291486209864,
  "raise the": 0.021084005520317833,
  "joel": 0.018150552975061122,
  "it rs": 0.029710291486209864,
  "douglas craig holland": 0.021436261300850065,
  "na utter": 0.03194625013317743,
  "george": 0.01280997533495804,
  "at this type": 0.029710291486209864,
  "equipment commercially even": 0.028402339524570625,
  "an omelet": 0.029710291486209864,
  "iii to": 0.026754514931777103,
  "iii": 0.014887324227711187,
  "price of a": 0.022282597637841975,
  "a deep": 0.020974645676202733,
  "inwould raise": 0.029710291486209864,
  "do it rs": 0.03194625013317743,
  "buy": 0.01941729797859592,
  "alien we control": 0.029710291486209864,
  "dig": 0.019200302653882503,
  "yourself from tempest": 0.024858428915963817,
  "any more apr": 0.02156277973037678,
  "of the law": 0.01715603246004655,
  "rs": 0.017466777972751174,
  "pricing for aboutyears": 0.029710291486209864,
  "islip": 0.03194625013317743,
  "george carlin ": 0.029710291486209864,
  "writes note": 0.0232106043231703,
  "laws of": 0.017933974578810706,
  "note that measures": 0.024211104091892362,
  "guiron its": 0.029710291486209864,
  "code": 0.010544207043301022,
  "writes in david": 0.025669120620095773,
  "bill campbell": 0.028402339524570625,
  "aboutyears but a": 0.029710291486209864,
  "reason to": 0.013851179826129172,
  "good any": 0.016584398730604022,
  "possession": 0.018685366700360296,
  "laws": 0.011668836925084317,
  "islip long": 0.03194625013317743,
  "approved mac": 0.029710291486209864,
  "inwould": 0.028402339524570625,
  "good": 0.005213099307969046,
  "a tempest": 0.048422208183784725,
  "craig holland": 0.021436261300850065,
  "chicken gamera": 0.029710291486209864,
  "just dig": 0.03194625013317743,
  "approved": 0.016244526099449742,
  "raise the price": 0.029710291486209864,
  "is no good": 0.016371044528976458,
  "vs guiron": 0.029710291486209864,
  "nature": 0.012348359710310706,
  "shack": 0.01863291340722552,
  "commercially even macs": 0.028402339524570625,
  "way abortion": 0.028402339524570625,
  "more apr gmt": 0.021694463583667927,
  "even macs": 0.028402339524570625,
  "tempest equipment commercially": 0.028402339524570625,
  "surveillance": 0.019526419159919175,
  "havent had": 0.01959579401547067,
  "note that": 0.01204428002836628,
  "pricing": 0.01901936889049204,
  "campbell writes": 0.026754514931777103,
  "protect yourself": 0.023002415545307166,
  "equipment": 0.012827133920369651,
  "model": 0.01203753852862609,
  "buy tempest equipment": 0.028402339524570625,
  "from tempest surveillance": 0.024858428915963817,
  "or just dig": 0.03194625013317743,
  "control": 0.009586663663501775,
  "macs": 0.016556944892965605,
  "reason": 0.008557103320601042,
  "bill campbell writes": 0.03194625013317743,
  "still classified": 0.02451855628480954,
  "classified as far": 0.024858428915963817,
  "tempest surveillance are": 0.024858428915963817,
  "this type": 0.017222546289732795,
  "buy tempest": 0.028402339524570625,
  "your code": 0.016475958050607295,
  "enough hole": 0.03194625013317743,
  "money i": 0.020667193483285558,
  "in article": 0.00553237484824044,
  "article bill": 0.01553464905178264,
  "island": 0.01626943592555913,
  "gamera vs": 0.029710291486209864,
  "joel and": 0.029710291486209864,
  "utter chaos in": 0.03194625013317743,
  "for aboutyears": 0.02393042223063549,
  "of nature": 0.02038651162202869,
  "its an joel": 0.029710291486209864,
  "that measures": 0.024211104091892362,
  "laws of nature": 0.024211104091892362,
  "apr gmt na": 0.02021210123083425,
  "possession is of": 0.029710291486209864,
  "david sternlight": 0.016219807155109196,
  "classified": 0.016933474810088642,
  "alien": 0.018685366700360296,
  "the law alien": 0.029710291486209864,
  "control the laws": 0.029710291486209864,
  "price of": 0.016294539604404468,
  "deep": 0.01480687600723618,
  "omelet george": 0.029710291486209864,
  "law alien": 0.029710291486209864,
  "price": 0.010057257729926043,
  "chicken": 0.020667193483285558,
  "carlin": 0.029710291486209864,
  "long island": 0.0232106043231703,
  "campbell": 0.018334934955189987,
  "tapped your code": 0.016640017461037913,
  "island new": 0.026754514931777103,
  "writes in": 0.013204069343155888,
  "york we": 0.03194625013317743,
  "dig a deep": 0.03194625013317743,
  "deep enough": 0.026754514931777103,
  "dress": 0.020868872054193088,
  "a chicken gamera": 0.029710291486209864,
  "alien we": 0.029710291486209864,
  "dress that": 0.029710291486209864,
  "guiron": 0.029710291486209864,
  "you still dress": 0.029710291486209864,
  "groundfeet": 0.03194625013317743,
  "commercially even": 0.028402339524570625,
  "can buy tempest": 0.028402339524570625,
  "approved mac if": 0.029710291486209864,
  "from tempest": 0.024858428915963817,
  "its a chicken": 0.029710291486209864,
  "in david sternlight": 0.02616638087760306,
  "chaos": 0.019666693714563494,
  "equipment commercially": 0.028402339524570625,
  "gmt na": 0.01769192559189808,
  "inwould raise the": 0.029710291486209864,
  "that way abortion": 0.029710291486209864,
  "dress that way": 0.029710291486209864,
  "craig holland writes": 0.02156277973037678,
  "rating inwould raise": 0.029710291486209864,
  "more apr": 0.02119720332616064,
  "are still classified": 0.02451855628480954,
  "chaos in": 0.029710291486209864,
  "tapped": 0.01598250855131237,
  "model iii": 0.029710291486209864,
  "david": 0.008416000780632843,
  "rs self": 0.029710291486209864,
  "craig": 0.015248992931326366,
  "article bill campbell": 0.03194625013317743,
  "law alien we": 0.029710291486209864,
  "tempest equipment": 0.028402339524570625,
  "no good": 0.015455966944930514,
  "mac if you": 0.026754514931777103,
  "george carlin": 0.029710291486209864,
  "the groundfeet": 0.03194625013317743,