{
  "article glenn s": 0.033860993973253886,
  "po box minnetonka": 0.033860993973253886,
  "markey will": 0.03237031342873858,
  "the clipper": 0.03292932002796765,
  "it ted lee": 0.036409329195900744,
  "government": 0.009705911484588848,
  "letter there may": 0.03237031342873858,
  "or official": 0.03237031342873858,
  "in article glenn": 0.030492278047245962,
  "encryption": 0.014264301280602831,
  "aware of": 0.016384559447127547,
  "nuntius": 0.018717474948208034,
  "interest i": 0.02578296243892955,
  "forms": 0.017506154355817437,
  "clipper to be": 0.033860993973253886,
  "surprised": 0.01629068701328503,
  "encryption other": 0.03237031342873858,
  "question has": 0.026453262280083795,
  "to the clipper": 0.02697936832288039,
  "dozen": 0.019061906874962897,
  "a followon": 0.029821978206091723,
  "sunapr": 0.012580001514737397,
  "than the clipper": 0.033860993973253886,
  "strong encryption other": 0.033860993973253886,
  "definite glenn": 0.033860993973253886,
  "trusted information system": 0.033860993973253886,
  "information system": 0.02558418589014177,
  "illegal speaking": 0.033860993973253886,
  "glenn s tenney": 0.033860993973253886,
  "sender": 0.0024057115651346167,
  "hearing dedicated": 0.03237031342873858,
  "speaking of": 0.019865911290274773,
  "systems inc xuseragent": 0.036409329195900744,
  "nuntius monapr": 0.02759353775178909,
  "monapr gmt": 0.010048595580277113,
  "dozen places": 0.033860993973253886,
  "mn": 0.06463551036893882,
  "spokesperson": 0.025993103666282304,
  "easily missed it": 0.033860993973253886,
  "trusted": 0.042012373523960124,
  "been reported": 0.022940352555718222,
  "glenn s": 0.033860993973253886,
  "aware": 0.014728616447236258,
  "dozen places it": 0.033860993973253886,
  "gmt sender mrnet": 0.036409329195900744,
  "in this letter": 0.03237031342873858,
  "gmt in article": 0.00669120931065672,
  "thanks for posting": 0.030492278047245962,
  "reported but i": 0.033860993973253886,
  "the clipper chip": 0.018658175749936404,
  "on the questions": 0.030492278047245962,
  "holding a": 0.022581387594086177,
  "monapr": 0.009611800907219654,
  "government i": 0.024725307760798003,
  "chip": 0.012012466858817487,
  "expected to be": 0.024725307760798003,
  "it ted": 0.03237031342873858,
  "s": 0.010131537757704224,
  "be holding": 0.02759353775178909,
  "be made illegal": 0.02925524776555033,
  "hearing on": 0.03237031342873858,
  "official spokesperson": 0.03237031342873858,
  "surprised to": 0.0226678967757413,
  "tenney writes of": 0.033860993973253886,
  "is anyone aware": 0.029821978206091723,
  "that question": 0.024029565115068117,
  "not definite glenn": 0.033860993973253886,
  "was surprised": 0.025045202529142233,
  "chip but": 0.025045202529142233,
  "re hearing": 0.03131265875060703,
  "that one question": 0.033860993973253886,
  "notice however that": 0.03237031342873858,
  "ted lee": 0.033860993973253886,
  "sunapr gmt sender": 0.022940352555718222,
  "reported": 0.015066921221943067,
  "be a followon": 0.03237031342873858,
  "glenn thanks for": 0.033860993973253886,
  "to notice": 0.023784376238234768,
  "article glenn": 0.029821978206091723,
  "s tenney writes": 0.033860993973253886,
  "lee trusted": 0.033860993973253886,
  "the questions": 0.02048751544484806,
  "forms of strong": 0.033860993973253886,
  "trusted information": 0.05341382508580694,
  "have easily missed": 0.033860993973253886,
  "definite": 0.020842761164293174,
  "strong": 0.01336118109403949,
  "onaprilxxxmessageid": 0.036409329195900744,
  "a dozen places": 0.033860993973253886,
  "speaking of which": 0.028764323527960173,
  "systems": 0.009874610697016435,
  "news": 0.005643781261061484,
  "of a dozen": 0.03131265875060703,
  "tenney writes": 0.033860993973253886,
  "that onapril": 0.03237031342873858,
  "expected to": 0.01912815138048745,
  "a hearing": 0.027943942824599107,
  "dedicated to the": 0.028331297661576407,
  "government i have": 0.03131265875060703,
  "xuseragent": 0.01887004748830639,
  "places it might": 0.033860993973253886,
  "onapril mr markey": 0.03237031342873858,
  "onaprilxxxmessageid xxxdate sunapr": 0.036409329195900744,
  "for the government": 0.023904927057436937,
  "xxxdate sunapr gmt": 0.028331297661576407,
  "tenney": 0.03131265875060703,
  "it mentioned": 0.028331297661576407,
  "the questions raised": 0.02925524776555033,
  "xuseragent nuntius": 0.01887004748830639,
  "missed": 0.015951533580743783,
  "clipper": 0.02669456275543261,
  "gmt in": 0.006301812557165814,
  "systems inc": 0.02016359166723678,
  "notice": 0.014893878902612238,
  "mr markey": 0.03237031342873858,
  "could have easily": 0.03131265875060703,
  "have easily": 0.03131265875060703,
  "in article": 0.003152640078960545,
  "question i": 0.018430104459791357,
  "minnetonka": 0.033860993973253886,
  "reported but": 0.03131265875060703,
  "this letter": 0.02670691254290347,
  "places it": 0.028331297661576407,
  "knowledgeable or official": 0.033860993973253886,
  "question": 0.016142470657717005,
  "gmt": 0.0012090431181372967,
  "followon hearing dedicated": 0.03237031342873858,
  "or official spokesperson": 0.033860993973253886,
  "knowledgeable or": 0.033860993973253886,
  "chip but thats": 0.03237031342873858,
  "inc xuseragent nuntius": 0.030492278047245962,
  "thats not definite": 0.03237031342873858,
  "sender mrnet": 0.036409329195900744,
  "have expected": 0.02539560760195225,
  "not definite": 0.03237031342873858,
  "lee trusted information": 0.033860993973253886,
  "understand that onapril": 0.03237031342873858,
  "letter there": 0.03131265875060703,
  "mrnet": 0.036409329195900744,
  "trusted information systems": 0.02697936832288039,
  "posting that i": 0.03237031342873858,
  "i understand": 0.015066921221943067,
  "s tenney": 0.033860993973253886,
  "gmt sender": 0.0066104045065435765,
  "all forms": 0.026453262280083795,
  "of any knowledgeable": 0.033860993973253886,
  "glenn thanks": 0.033860993973253886,
  "a followon hearing": 0.03237031342873858,
  "po": 0.015260165082571213,
  "speaking": 0.015501331562298467,
  "of strong encryption": 0.03131265875060703,
  "missed it": 0.021882697877586677,
  "xuseragent nuntius monapr": 0.02759353775178909,
  "minnetonka mn": 0.06772198794650777,
  "ted": 0.01723677126351477,
  "official spokesperson for": 0.03237031342873858,
  "raised": 0.016768394446030118,
  "posting that": 0.028331297661576407,
  "interest i understand": 0.03237031342873858,
  "monapr gmt in": 0.014318104249420618,
  "clipper chip": 0.015746090718999458,
  "anyone aware": 0.029821978206091723,
  "hearing": 0.05041123619139302,
  "followon hearing": 0.03237031342873858,
  "raised in": 0.023904927057436937,
  "easily": 0.013719253470125323,
  "inc po": 0.024881776931455345,
  "of strong": 0.026453262280083795,
  "xxxdate": 0.019061906874962897,
  "mentioned in": 0.018717474948208034,
  "hearing onaprilxxxmessageid": 0.036409329195900744,
  "mrnet usenet news": 0.036409329195900744,
  "are all forms": 0.033860993973253886,
  "question i might": 0.03131265875060703,
  "hearing dedicated to": 0.03237031342873858,
  "question has been": 0.03237031342873858,
  "a dozen": 0.020635581250502247,
  "illegal": 0.014541553500383666,
  "expected": 0.015415112220257843,
  "re hearing onaprilxxxmessageid": 0.036409329195900744,
  "usenet news trusted": 0.036409329195900744,
  "nuntius monapr gmt": 0.02759353775178909,
  "usenet news": 0.008837920039311671,
  "onaprilxxxmessageid xxxdate": 0.036409329195900744,
  "xxxdate sunapr": 0.028331297661576407,
  "notice however": 0.030492278047245962,
  "made illegal speaking": 0.033860993973253886,
  "forms of": 0.020635581250502247,
  "box": 0.011815214235683958,
  "writes of interest": 0.033860993973253886,
  "holding": 0.016803745397131007,
  "knowledgeable": 0.022026891675944325,
  "spokesperson for the": 0.03131265875060703,
  "box minnetonka mn": 0.033860993973253886,
  "onapril mr": 0.03237031342873858,
  "might have expected": 0.029821978206091723,