{
  "against the satan": 0.025372425236157185,
  "schneier writes unlike": 0.025372425236157185,
  "the iraqi": 0.038638929936026654,
  "york": 0.019439739512159264,
  "is the iraqi": 0.025372425236157185,
  "forbidden": 0.01705169552226087,
  "the new york": 0.015957200212428902,
  "algorithm nea": 0.02234594510208526,
  "prohibition": 0.016617456006548518,
  "monitoring a domestic": 0.025372425236157185,
  "didnt learn of": 0.025372425236157185,
  "announcement": 0.012798463276190693,
  "till after hed": 0.025372425236157185,
  "alien however": 0.025372425236157185,
  "is our report": 0.025372425236157185,
  "point that he": 0.023462928870978273,
  "domestic": 0.029771503421238226,
  "computer lab uk": 0.02234594510208526,
  "nntppostinghost elyclcamacuk u": 0.02234594510208526,
  "number is suchandsuch": 0.025372425236157185,
  "qualms": 0.020436448736906344,
  "conversation if": 0.023462928870978273,
  "citizen my": 0.025372425236157185,
  "clinton ross ": 0.027281921601336096,
  "report on": 0.015657933432806876,
  "nsa scientist in": 0.025372425236157185,
  "an alien": 0.020436448736906344,
  "expect hed": 0.025372425236157185,
  "a senior nsa": 0.025372425236157185,
  "cia the nsa": 0.02234594510208526,
  "is a chap": 0.025372425236157185,
  "gmt in article": 0.005013798712117433,
  "chap who is": 0.025372425236157185,
  "workshops": 0.01876665313478426,
  "that the iraqi": 0.025372425236157185,
  "monapr": 0.007202230982820237,
  "satan": 0.014595502356189838,
  "am farouq": 0.025372425236157185,
  "senior": 0.014093239114333215,
  "against domestic spying": 0.02234594510208526,
  "when the clipper": 0.02425544146726417,
  "scientist": 0.013552977739880625,
  "had a senior": 0.025372425236157185,
  "imagine hello": 0.025372425236157185,
  "schneier writes": 0.02284820834394188,
  "mustafa": 0.020676149499963176,
  "point": 0.005998804682361023,
  "am farouq hussein": 0.025372425236157185,
  "us nationals": 0.023462928870978273,
  "talkers": 0.025372425236157185,
  "security number is": 0.025372425236157185,
  "clipper announcement": 0.021921287581899974,
  "ross ": 0.043106865011598716,
  "announcement was": 0.02234594510208526,
  "puzzle palace we": 0.025372425236157185,
  "us conversation": 0.025372425236157185,
  "monitoring a": 0.02284820834394188,
  "but we didnt": 0.02234594510208526,
  "qualms about monitoring": 0.025372425236157185,
  "clinton ross": 0.025372425236157185,
  "imagine hello is": 0.025372425236157185,
  "nsa scientist": 0.025372425236157185,
  "domestic us": 0.023462928870978273,
  "the puzzle palace": 0.020436448736906344,
  "code": 0.009004694720174428,
  "news": 0.004228949044101167,
  "nsa has no": 0.021553432505799358,
  "clipper announcement was": 0.025372425236157185,
  "scientist in": 0.02234594510208526,
  "farouq hussein": 0.025372425236157185,
  "soandso": 0.020676149499963176,
  "mission in": 0.020676149499963176,
  "a chap": 0.02425544146726417,
  "uk monapr": 0.020676149499963176,
  "monitor conversations": 0.025372425236157185,
  "on activities": 0.025372425236157185,
  "of cambridge computer": 0.021553432505799358,
  "alien however it": 0.025372425236157185,
  "mission": 0.025103195650509832,
  "prohibition against domestic": 0.02234594510208526,
  "me thinking": 0.020215945409982,
  "jadid speaking also": 0.025372425236157185,
  "no prohibition": 0.021921287581899974,
  "iraqi": 0.03410339104452174,
  "learn": 0.010545431157565618,
  "ministry in": 0.023462928870978273,
  "ministry": 0.014825203758225793,
  "gmt": 0.0004529748321395933,
  "alien": 0.015957200212428902,
  "the cia": 0.017189465275910074,
  "the iraqi foreign": 0.025372425236157185,
  "our report": 0.02425544146726417,
  "conversation if one": 0.025372425236157185,
  "satan clinton ross": 0.025372425236157185,
  "of the navajo": 0.025372425236157185,
  "puzzle palace": 0.020215945409982,
  "speaking": 0.011615322823540448,
  "cambridge at one": 0.025372425236157185,
  "nea sender": 0.02425544146726417,
  "thinking": 0.009573642613224262,
  "monapr gmt in": 0.010728717233725642,
  "domestic spying read": 0.02234594510208526,
  "encryption algorithm nea": 0.02234594510208526,
  "is suchandsuch": 0.025372425236157185,
  "the navajo code": 0.025372425236157185,
  "usenet news": 0.006622353307693594,
  "palace": 0.01698531108264913,
  "is very precise": 0.025372425236157185,
  "the puzzle": 0.019643936140620447,
  "nea sender usenet": 0.027281921601336096,
  "have any qualms": 0.025372425236157185,
  "mission in new": 0.025372425236157185,
  "expect": 0.009430559171786089,
  "any qualms": 0.025372425236157185,
  "read bamfords": 0.02234594510208526,
  "we didnt learn": 0.025372425236157185,
  "iraqi mission": 0.025372425236157185,
  "he was forbidden": 0.025372425236157185,
  "farouq": 0.025372425236157185,
  "hussein us citizen": 0.025372425236157185,
  "law": 0.008149549524956388,
  "bruce schneier": 0.02234594510208526,
  "baghdad i am": 0.025372425236157185,
  "cia the": 0.02234594510208526,
  "article bruce": 0.01852695237172743,
  "bruce": 0.01263145329873495,
  "citizen": 0.026776376993750725,
  "workshops recently": 0.025372425236157185,
  "suchandsuch here": 0.025372425236157185,
  "this point": 0.011879753610948063,
  "fact": 0.006504474044329477,
  "law to": 0.018102294851542147,
  "clipper": 0.010001268690740594,
  "writes unlike the": 0.025372425236157185,
  "my social security": 0.025372425236157185,
  "sender": 0.0018026268477041756,
  "domestic spying": 0.020436448736906344,
  "senior nsa": 0.025372425236157185,
  "citizen social security": 0.025372425236157185,
  "spying": 0.017261023089693163,
  "new york": 0.01982858809290921,
  "jadid speaking": 0.025372425236157185,
  "dont expect hed": 0.025372425236157185,
  "us citizen social": 0.025372425236157185,
  "imagine": 0.01068173985526085,
  "new encryption algorithm": 0.01917051945487207,
  "in new york": 0.01582494341026262,
  "usenet": 0.005613679844628685,
  "senior nsa scientist": 0.025372425236157185,
  "i dont": 0.005029145943658632,
  "got me thinking": 0.02234594510208526,
  "monitoring": 0.015782232152587783,
  "learn of": 0.020676149499963176,
  "speaking also a": 0.025372425236157185,
  "the clipper announcement": 0.02234594510208526,
  "writes": 0.001763155053836679,
  "cambridge computer lab": 0.02234594510208526,
  "sender usenet": 0.006144847505902183,
  "the navajo": 0.02425544146726417,
  "between us nationals": 0.025372425236157185,
  "cambridge at": 0.025372425236157185,
  "a senior": 0.01982172820986995,
  "of cambridge": 0.020215945409982,
  "computer": 0.005628519239153822,
  "computer lab": 0.021553432505799358,
  "precise": 0.015782232152587783,
  "chap": 0.020215945409982,
  "the iraqi mission": 0.025372425236157185,
  "algorithm": 0.011425882445449287,
  "activities": 0.011505481525338307,
  "news nntppostinghost elyclcamacuk": 0.02234594510208526,
  "chap who": 0.02425544146726417,
  "iraqi mission in": 0.025372425236157185,
  "york mission": 0.025372425236157185,
  "social security number": 0.04569641668788376,
  "foreign ministry in": 0.02425544146726417,
  "the clipper": 0.012337155712957577,
  "bamfords the puzzle": 0.021921287581899974,
  "i dont expect": 0.018894807447828045,
  "it till": 0.023462928870978273,
  "iraqi foreign": 0.025372425236157185,
  "encryption": 0.01068840206149854,
  "hussein us": 0.025372425236157185,
  "york mission mustafa": 0.025372425236157185,
  "code talkers just": 0.025372425236157185,
  "security number soandso": 0.025372425236157185,
  "about monitoring": 0.025372425236157185,
  "didnt learn": 0.02284820834394188,
  "fact he": 0.01864419648858362,
  "law to monitor": 0.025372425236157185,
  "dont": 0.0033570195004324114,
  "security": 0.020457422233784328,
  "number": 0.013908151039430846,
  "york this is": 0.025372425236157185,
  "against domestic": 0.021921287581899974,
  "algorithm nea sender": 0.025372425236157185,
  "uk monapr gmt": 0.020676149499963176,
  "the nsa": 0.013851625945134576,