{
  "country doug bank": 0.05239861132955028,
  "chips for sale": 0.04658584789744388,
  "private systems": 0.041396275130186067,
  "news nntppostinghost in": 0.03807030338721054,
  "secure radios": 0.05239861132955028,
  "encryption": 0.061585554735301105,
  "monapr gmt sender": 0.02908263647630026,
  "bring in encryption": 0.05239861132955028,
  "bring": 0.019969774239282846,
  "j ludwick": 0.048731165929762205,
  "appreciated motorola": 0.05239861132955028,
  "bank": 0.025011575707466524,
  "gmt": 0.0008699992807760442,
  "be greatly appreciated": 0.02522507462558064,
  "nntppostinghost in article": 0.03580869484315266,
  "encryption chip": 0.04077308446533747,
  "dont": 0.006447608881782884,
  "buy one": 0.031006805679632023,
  "chip availibility": 0.04658584789744388,
  "net news": 0.029625780148575833,
  "sale to the": 0.04658584789744388,
  "outside the country": 0.05239861132955028,
  "j": 0.01747146784421231,
  "writes in article": 0.01153086182332771,
  "radios you": 0.05239861132955028,
  "sender": 0.0034621880725746864,
  "buy one of": 0.03681956911173842,
  "public get them": 0.04658584789744388,
  "monapr gmt": 0.014461470888017856,
  "private": 0.017937076351178284,
  "radios you could": 0.05239861132955028,
  "usa monapr gmt": 0.028248620898503527,
  "chips": 0.04436942353344056,
  "dont know": 0.014858588169300909,
  "to the general": 0.035160005308272596,
  "radios": 0.03580869484315266,
  "usa monapr": 0.02819379133746889,
  "companies that are": 0.04658584789744388,
  "country doug": 0.05239861132955028,
  "monapr": 0.013832856332083312,
  "chip": 0.017287782992583895,
  "currently manufacturing encryption": 0.04658584789744388,
  "greatly appreciated": 0.024208790330663605,
  "land mobile": 0.03740806453560205,
  "buy": 0.015924239082975487,
  "availibility": 0.04291840249765581,
  "motorola": 0.07194761131995776,
  "schaumburg": 0.0365481760197408,
  "in article writes": 0.014707220931642303,
  "our secure radios": 0.05239861132955028,
  "chips from": 0.04388306681931694,
  "article stephen j": 0.048731165929762205,
  "stephen": 0.02264190494760669,
  "ludwick": 0.048731165929762205,
  "products": 0.02052851824510037,
  "the general public": 0.03202745999775103,
  "secure": 0.0226038399971621,
  "availibility motorola": 0.05239861132955028,
  "manufacturing": 0.02847380404357652,
  "ludwick says hi": 0.048731165929762205,
  "division motorola communications": 0.041396275130186067,
  "would be greatly": 0.025612394223587492,
  "to buy": 0.020983075852923683,
  "motorola land": 0.03740806453560205,
  "systems division": 0.03225753995510414,
  "in encryption": 0.05239861132955028,
  "illinois": 0.01959168448276356,
  "country": 0.017322615279616687,
  "division motorola": 0.041396275130186067,
  "systems": 0.014211079944912542,
  "the general": 0.023602750427318565,
  "of companies": 0.037728829730398,
  "news": 0.008122267211686369,
  "land": 0.020364540714368422,
  "products sector usa": 0.04658584789744388,
  "can some pointers": 0.04658584789744388,
  "sector usa": 0.04658584789744388,
  "dont know how": 0.027724330408322412,
  "buying one youd": 0.05239861132955028,
  "in article stephen": 0.029484678312162286,
  "general": 0.015521412017901656,
  "greatly": 0.02073757280739583,
  "sale": 0.01715747297061014,
  "sender net": 0.021715581411769717,
  "manufacturing encryption": 0.04658584789744388,
  "general public get": 0.04658584789744388,
  "appreciated motorola certainly": 0.05239861132955028,
  "illinois ": 0.06953579927100316,
  "motorola certainly makes": 0.05239861132955028,
  "our secure": 0.05239861132955028,
  "in article": 0.009074265624098077,
  "pointers": 0.0284166034292685,
  "public": 0.014118725507778684,
  "general public": 0.03180696954060516,
  "secure radios you": 0.05239861132955028,
  "bring in": 0.032750081876088334,
  "chips for": 0.03843534503528965,
  "public get": 0.04658584789744388,
  "doug bank private": 0.041396275130186067,
  "motorola certainly": 0.05239861132955028,
  "about buying": 0.0371056390655494,
  "private systems division": 0.041396275130186067,
  "writes in": 0.010828734117402976,
  "know of companies": 0.04658584789744388,
  "gmt sender": 0.00951338637978758,
  "pointers would be": 0.04021562141952887,
  "are currently manufacturing": 0.04658584789744388,
  "systems division motorola": 0.041396275130186067,
  "gmt sender net": 0.02344479824134142,
  "doug": 0.02277733112320967,
  "division": 0.01877760582268599,
  "companies": 0.021182223215357204,
  "re encryption": 0.048731165929762205,
  "news nntppostinghost": 0.022399241366690387,
  "communications": 0.018543611675924842,
  "also bring": 0.04658584789744388,
  "greatly appreciated motorola": 0.05239861132955028,
  "be greatly": 0.02447207874102902,
  "encryption chip availibility": 0.04658584789744388,
  "motorola communications sector": 0.041396275130186067,
  "mobile": 0.031292875633443004,
  "nntppostinghost": 0.009009390181356821,
  "nntppostinghost in": 0.03580869484315266,
  "j ludwick says": 0.048731165929762205,
  "companies that": 0.033898571321791124,
  "motorola communications": 0.04077308446533747,
  "article writes in": 0.0226038399971621,
  "encryption chips for": 0.045063720529974136,
  "have to buy": 0.03604388935410945,
  "motorola land mobile": 0.03740806453560205,
  "communications sector schaumburg": 0.041396275130186067,
  "for sale": 0.017992314790314174,
  "some pointers": 0.03971133475389752,
  "schaumburg illinois": 0.041396275130186067,
  "encryption chips from": 0.05239861132955028,
  "the country": 0.02408190162861871,
  "ludwick says": 0.048731165929762205,
  "chip availibility motorola": 0.05239861132955028,
  "appreciated": 0.01796067938790117,
  "article": 0.008342934964163792,
  "land mobile products": 0.03740806453560205,
  "communications sector": 0.041396275130186067,
  "currently manufacturing": 0.04658584789744388,
  "of our secure": 0.05239861132955028,
  "pointers would": 0.04021562141952887,
  "bank private": 0.041396275130186067,
  "sector schaumburg": 0.03843534503528965,
  "but i dont": 0.021542090285722147,
  "sector schaumburg illinois": 0.041396275130186067,
  "sender net news": 0.029844749546262896,
  "availibility motorola land": 0.05239861132955028,
  "net news nntppostinghost": 0.03358724592484438,
  "chips from outside": 0.05239861132955028,
  "i dont": 0.009659153320360228,
  "go about buying": 0.05239861132955028,
  "net": 0.015142464960265566,
  "the country doug": 0.05239861132955028,
  "in encryption chips": 0.05239861132955028,
  "bank private systems": 0.041396275130186067,
  "writes": 0.003386377166892669,
  "sector": 0.0559599685126322,
  "re encryption chip": 0.048731165929762205,
  "encryption chips": 0.08154616893067494,
  "could also bring": 0.048731165929762205,
  "mobile products sector": 0.03740806453560205,
  "buying one": 0.03629002700297132,
  "sale to": 0.03971133475389752,
  "stephen j ludwick": 0.048731165929762205,
  "article writes": 0.01469870079245657,
  "doug bank": 0.03843534503528965,
  "manufacturing encryption chips": 0.04658584789744388,
  "usa": 0.01227560855545842,
  "article stephen": 0.029484678312162286,
  "products sector": 0.0365481760197408,
  "schaumburg illinois ": 0.04210279043507772,
  "sector usa monapr": 0.05239861132955028,
  "buying": 0.021299480209023086,
  "stephen j": 0.045063720529974136,
  "mobile products": 0.03740806453560205
}