{
  "assumed": 0.014352473158804037,
  "thezero bits one": 0.029739752376231242,
  "a birthday attack": 0.02557670624674208,
  "in aboutthat": 0.029739752376231242,
  "of technology": 0.010971057955031591,
  "encodes intoascii": 0.029739752376231242,
  "find a": 0.012244256558271929,
  "but this doesnt": 0.023896178355044113,
  "modifications of": 0.02765822931148666,
  "only key": 0.029739752376231242,
  "guesses": 0.04407440350644724,
  "perform": 0.014281811004419068,
  "encryption": 0.011651321166138047,
  "mikel lechner writes": 0.029739752376231242,
  "cracker only needs": 0.029739752376231242,
  "doesnt help": 0.01866203629781101,
  "method the": 0.02490660549204475,
  "key halves": 0.02557670624674208,
  "use acharacter": 0.029739752376231242,
  "intoascii characters wouldnt": 0.029739752376231242,
  "can anyone verify": 0.02490660549204475,
  "half": 0.01150238140295675,
  "bebits which": 0.029739752376231242,
  "to encrypt thezero": 0.029739752376231242,
  "this method": 0.018515519288293196,
  "do the modifications": 0.029739752376231242,
  "lechner writes": 0.029739752376231242,
  "the given ciphertext": 0.029739752376231242,
  "half he": 0.029739752376231242,
  "characters": 0.01562419572219996,
  "mathching pair": 0.029739752376231242,
  "des": 0.013639775902629362,
  "cracker only": 0.029739752376231242,
  "finland sunmay": 0.02765822931148666,
  "half he is": 0.029739752376231242,
  "re des": 0.029739752376231242,
  "birthday attack": 0.02557670624674208,
  "birthday attack currently": 0.029739752376231242,
  "keys": 0.023946759631697102,
  "output would": 0.02765822931148666,
  "sender": 0.00196502566281266,
  "is guessed": 0.029739752376231242,
  "salts sender": 0.029739752376231242,
  "to perform": 0.016855489790200035,
  "characters wouldnt this": 0.029739752376231242,
  "firstcharacters to": 0.029739752376231242,
  "key": 0.03904473888206193,
  "article mikel lechner": 0.029739752376231242,
  "keys can": 0.023896178355044113,
  "usenet pseudouser id": 0.020597042353037776,
  "proposed method the": 0.029739752376231242,
  "kairahutfi": 0.029739752376231242,
  "about keys": 0.029739752376231242,
  "find a mathching": 0.029739752376231242,
  "sboxes": 0.023495183181997496,
  "cracker much ": 0.029739752376231242,
  "about guesses": 0.059479504752462484,
  "i have assumed": 0.029739752376231242,
  "keys on": 0.020597042353037776,
  "key halves if": 0.029739752376231242,
  "gmt in article": 0.005465492289785669,
  "characters wouldnt": 0.029739752376231242,
  "find the": 0.012591322894625025,
  "key i": 0.022277570244735742,
  "wouldnt this method": 0.029739752376231242,
  "university": 0.002931399858958008,
  "the output": 0.015971081269112404,
  "pair in": 0.02557670624674208,
  "method be vulnerable": 0.029739752376231242,
  "doesnt help the": 0.026440616374224908,
  "birthday": 0.01897843424272941,
  "the proposed": 0.01765160916081037,
  "article": 0.0023675896519924277,
  "pair of key": 0.029739752376231242,
  "method would": 0.02490660549204475,
  "pair": 0.0308778594984219,
  "technology finland": 0.02074355936255559,
  "ciphertext he": 0.029739752376231242,
  "the remainingcharacters": 0.029739752376231242,
  "one half": 0.02557670624674208,
  "doesnt": 0.006617102504168219,
  "halves if": 0.029739752376231242,
  "salt bits": 0.029739752376231242,
  "bits make it": 0.029739752376231242,
  "of thezero": 0.029739752376231242,
  "think there ischance": 0.029739752376231242,
  "likely to find": 0.023896178355044113,
  "average in the": 0.024359093309480325,
  "encrypt thezero bits": 0.029739752376231242,
  "cracker": 0.06611160525967086,
  "sunmay gmt": 0.015264432359399296,
  "acharacter password": 0.029739752376231242,
  "output would still": 0.029739752376231242,
  "perform the": 0.01942747848888846,
  "of technology finland": 0.02074355936255559,
  "result again": 0.029739752376231242,
  "bebits": 0.02490660549204475,
  "any pair": 0.026440616374224908,
  "intoascii": 0.029739752376231242,
  "salt": 0.015971081269112404,
  "thezero bits and": 0.029739752376231242,
  "acharacter password to": 0.029739752376231242,
  "intoascii characters": 0.029739752376231242,
  "produces the given": 0.029739752376231242,
  "thezero": 0.059479504752462484,
  "anyone verify": 0.024359093309480325,
  "use the remainingcharacters": 0.029739752376231242,
  "halves": 0.02074355936255559,
  "a birthday": 0.023495183181997496,
  "of the sboxes": 0.029739752376231242,
  "encryption of thezero": 0.029739752376231242,
  "make it nonreversable": 0.029739752376231242,
  "if the key": 0.02490660549204475,
  "pseudouser id": 0.020597042353037776,
  "it nonreversable": 0.029739752376231242,
  "writes you could": 0.026440616374224908,
  "of key halves": 0.029739752376231242,
  "attack": 0.011893508006481387,
  "aboutthat": 0.029739752376231242,
  "sboxes by": 0.029739752376231242,
  "in article mikel": 0.029739752376231242,
  "acharacter": 0.02765822931148666,
  "helsinki university": 0.019627752886782368,
  "result": 0.010580225238394109,
  "a cracker": 0.02557670624674208,
  "that produces": 0.021059957307473988,
  "bits one simple": 0.029739752376231242,
  "modifications of the": 0.029739752376231242,
  "by the salt": 0.029739752376231242,
  "password to": 0.026440616374224908,
  "find the only": 0.029739752376231242,
  "still bebits": 0.029739752376231242,
  "proposed": 0.013319151351801416,
  "keys can anyone": 0.029739752376231242,
  "the modifications": 0.024359093309480325,
  "simple": 0.009757312375681034,
  "method would be": 0.02557670624674208,
  "is reversable": 0.02765822931148666,
  "the cracker": 0.0498132109840895,
  "method be": 0.026440616374224908,
  "firstcharacters": 0.029739752376231242,
  "bits and": 0.02074355936255559,
  "gmt in": 0.005147426473120425,
  "method": 0.03568052401944416,
  "have assumed": 0.02557670624674208,
  "usenet pseudouser": 0.020597042353037776,
  "key is": 0.017250613987763754,
  "in article": 0.0025751294338656706,
  "store about": 0.029739752376231242,
  "produces the": 0.021231604195882242,
  "simple method": 0.02765822931148666,
  "average in": 0.021413660117252917,
  "of key": 0.019063031470857625,
  "gmt": 0.0004937833755755927,
  "sunmay gmt in": 0.017991935543113683,
  "aboutthat there are": 0.029739752376231242,
  "perform the encryption": 0.029739752376231242,
  "output": 0.012370907984850648,
  "nonreversable probably": 0.029739752376231242,
  "thezero bits": 0.059479504752462484,
  "encrypt": 0.036105208667713974,
  "average": 0.01171006148401941,
  "assumed that": 0.017024717827891122,
  "aboutthat there": 0.029739752376231242,
  "desencryption is reversable": 0.029739752376231242,
  "password": 0.01689691117798483,
  "salt bits make": 0.029739752376231242,
  "the result": 0.013889558204367825,
  "sender usenet": 0.006698437371298776,
  "sunmay": 0.014773966725455456,
  "nntppostinghost kairahutfi helsinki": 0.029739752376231242,
  "guessed is this": 0.029739752376231242,
  "helsinki university of": 0.019627752886782368,
  "pair in about": 0.029739752376231242,
  "given ciphertext": 0.029739752376231242,
  "cracker needs to": 0.029739752376231242,
  "ciphertext he has": 0.029739752376231242,
  "bebits which encodes": 0.029739752376231242,
  "encrypt the result": 0.029739752376231242,
  "bits and then": 0.029739752376231242,
  "key that produces": 0.029739752376231242,
  "can store": 0.024359093309480325,
  "pair of": 0.016618287353807753,
  "finland": 0.015240311723671776,
  "pseudouser id nntppostinghost": 0.02074355936255559,
  "result again the": 0.029739752376231242,
  "article mikel": 0.029739752376231242,
  "would still bebits": 0.029739752376231242,
  "vulnerable against": 0.029739752376231242,
  "on the average": 0.023495183181997496,
  "guesses for": 0.029739752376231242,
  "salts sender usenet": 0.029739752376231242,
  "desencryption": 0.029739752376231242,
  "needs to find": 0.026440616374224908,
  "the firstcharacters": 0.029739752376231242,