{
  "argic world": 0.013476211793440227,
  "inhabitants fled": 0.019516989850594323,
  "offered": 0.012067450867721145,
  "and mountain passes": 0.026468531149615945,
  "memoirs": 0.016595148657328078,
  "memoirs of": 0.016595148657328078,
  "argic we closed": 0.013215062787644442,
  "village little resistance": 0.01972986939227926,
  "passes that": 0.026430125575288885,
  "huts into": 0.01972986939227926,
  "serdar argic we": 0.013195997656052389,
  "tartars": 0.017476417635930316,
  "paragraphs we closed": 0.02265171058554551,
  "sender sunapr": 0.01865150474305542,
  "sunapr edt": 0.01729292595644374,
  "the villages": 0.016882950744137204,
  "today": 0.007706246069232713,
  "in article": 0.002280633248609756,
  "article": 0.0020968280694507405,
  "participated in": 0.015539613113666447,
  "indianapolis pages": 0.01972986939227926,
  "soccultureturkish": 0.013158272562988675,
  "and bayonets": 0.03945973878455852,
  "the roads": 0.025518042911619264,
  "ohanus appressian": 0.013234265574807972,
  "offered our artillery": 0.01972986939227926,
  "surrounded village": 0.01972986939227926,
  "memoirs of an": 0.01757314009383158,
  "ken arromdee": 0.014855982520608223,
  "passes": 0.024521450620002716,
  "leonard ramsden hartill": 0.01972986939227926,
  "serdar": 0.02574863036307466,
  "village after": 0.019319894179972725,
  "and bayonets completed": 0.03945973878455852,
  "in the work": 0.026391995312104777,
  "closed the roads": 0.026468531149615945,
  "the work": 0.04595575779258834,
  "exists a single": 0.013234265574807972,
  "escape": 0.02289848713982249,
  "sunapr edt serdar": 0.01972986939227926,
  "appressian in": 0.013234265574807972,
  "arromdee writes": 0.016398052986706473,
  "surrounded": 0.015449449412401336,
  "offered our": 0.01972986939227926,
  "heaps of stone": 0.01972986939227926,
  "soul": 0.011177909489080628,
  "melkonian": 0.013234265574807972,
  "proceeded in": 0.026391995312104777,
  "resistance was": 0.019516989850594323,
  "today there": 0.013048205498725764,
  "no longer exists": 0.013139608805917807,
  "our artillery knocked": 0.01972986939227926,
  "troops": 0.012411956325678335,
  "turkish soul": 0.013234265574807972,
  "inhabitants fled from": 0.01972986939227926,
  "longer": 0.009000505992937785,
  "paragraphs we": 0.02265171058554551,
  "might serve": 0.026430125575288885,
  "armenian bullets and": 0.02449518712958792,
  "men are": 0.014684337517582769,
  "fields bullets and": 0.01972986939227926,
  "be continued serdar": 0.019516989850594323,
  "company indianapolis pages": 0.01972986939227926,
  "bullets and bayonets": 0.03945973878455852,
  "untenable and inhabitants": 0.01972986939227926,
  "the bobbsmerrill company": 0.019516989850594323,
  "knocked the huts": 0.01972986939227926,
  "sender sunapr edt": 0.01972986939227926,
  "completed the work": 0.03945973878455852,
  "work soccultureturkish sender": 0.02449518712958792,
  "second paragraphs": 0.02157334593632167,
  "of stone": 0.018507708941804684,
  "the tartars": 0.0181178060849114,
  "our troops surrounded": 0.01972986939227926,
  "appressian": 0.013234265574807972,
  "villages became": 0.01972986939227926,
  "soviet armenia today": 0.013234265574807972,
  "ways of": 0.024852281512927746,
  "genocide of": 0.013910927411763554,
  "and mountain": 0.0263541364409938,
  "arromdee": 0.014820755853719872,
  "work soccultureturkish": 0.02449518712958792,
  "did not genocide": 0.01972986939227926,
  "and inhabitants": 0.01972986939227926,
  "closed": 0.021782952400556166,
  "exists a": 0.01284086097354036,
  "fields": 0.012942513135296206,
  "the huts": 0.01972986939227926,
  "armenians did not": 0.01880352180114039,
  "muslim people": 0.014751672113285668,
  "little resistance": 0.019516989850594323,
  "in the genocide": 0.01824152953074888,
  "million muslim": 0.015319688337482634,
  "knocked the": 0.01972986939227926,
  "longer exists": 0.013139608805917807,
  "by leonard": 0.017886392848236853,
  "sahak": 0.013234265574807972,
  "turks see you": 0.01972986939227926,
  "completed": 0.028983990665061143,
  "in soviet armenia": 0.013234265574807972,
  "armenian officer who": 0.01972986939227926,
  "argic we": 0.013195997656052389,
  "soccultureturkish sender": 0.013497403733996546,
  "arromdee writes armenians": 0.01972986939227926,
  "completed the": 0.03701541788360937,
  "officer who participated": 0.018507708941804684,
  "heaps": 0.01865150474305542,
  "untenable and": 0.01972986939227926,
  "compulsive liar source": 0.02265171058554551,
  "armenia today": 0.013234265574807972,
  "troops surrounded village": 0.01972986939227926,
  "stone": 0.013312493992909817,
  "bayonets completed": 0.03945973878455852,
  "argic world in": 0.013986560218467102,
  "bobbsmerrill company": 0.019516989850594323,
  "fled": 0.015236569870716397,
  "of an armenian": 0.01799958331211663,
  "work of extermination": 0.026468531149615945,
  "extermination": 0.025550378263089386,
  "not genocide": 0.019516989850594323,
  "turks": 0.024389455039578654,
  "became untenable": 0.01972986939227926,
  "genocide of million": 0.015236569870716397,
  "exists": 0.009737006052738929,
  "work of": 0.023987819121982133,
  "a compulsive": 0.02157334593632167,
  "for the turks": 0.013234265574807972,
  "knocked": 0.014144601230357528,
  "in soviet": 0.012959839414607892,
  "ken": 0.010989086218497306,
  "troops surrounded": 0.019319894179972725,
  "edt serdar argic": 0.013476211793440227,
  "mountain passes": 0.026430125575288885,
  "after village": 0.01972986939227926,
  "a single": 0.009655480145582008,
  "ohanus appressian in": 0.013234265574807972,
  "ohanus": 0.013234265574807972,
  "genocide": 0.02370532005116326,
  "ways of escape": 0.026468531149615945,
  "armenian bullets": 0.02449518712958792,
  "hartill the": 0.01972986939227926,
  "and dust": 0.01880352180114039,
  "genocide turks see": 0.01972986939227926,
  "indianapolis pages memoirs": 0.01972986939227926,
  "article ken arromdee": 0.01673515858681058,
  "artillery": 0.016335471876572978,
  "and the armenian": 0.019516989850594323,
  "to be continued": 0.018964757497460696,
  "of escape": 0.026391995312104777,
  "serdar argic world": 0.013476211793440227,
  "pfirst": 0.017886392848236853,
  "when the villages": 0.01972986939227926,
  "was offered": 0.018507708941804684,
  "compulsive liar": 0.02116337072401513,
  "soviet": 0.01169682448232085,
  "there no longer": 0.013215062787644442,
  "serve as": 0.025297037576976326,
  "the armenian bullets": 0.02449518712958792,
  "tartars and": 0.01972986939227926,
  "are a compulsive": 0.02265171058554551,
  "an armenian": 0.015585867748538438,
  "no longer": 0.009986354375977011,
  "not genocide turks": 0.01972986939227926,
  "the genocide": 0.014430852996826586,
  "a compulsive liar": 0.02157334593632167,
  "tartars and then": 0.01972986939227926,
  "bobbsmerrill": 0.019516989850594323,
  "escape for the": 0.026468531149615945,
  "villages": 0.013765823730246441,
  "armenian": 0.024739702729991347,
  "roads": 0.023547202071029213,
  "leonard ramsden": 0.01972986939227926,
  "serve as ways": 0.026468531149615945,
  "edt serdar": 0.013476211793440227,
  "continued": 0.012648518788488163,
  "armenians": 0.012542424828309171,
  "proceeded": 0.025390632055116647,
  "turks and then": 0.013234265574807972,
  "passes that might": 0.026468531149615945,
  "liar source": 0.01972986939227926,
  "bullets and": 0.03730300948611084,
  "genocide turks": 0.01972986939227926,
  "fled from them": 0.01972986939227926,
  "village after village": 0.01972986939227926,
  "liar": 0.015116568713055575,
  "the bobbsmerrill": 0.019516989850594323,
  "hartill the bobbsmerrill": 0.01972986939227926,
  "single turkish soul": 0.013234265574807972,
  "turks and": 0.012977279309677464,
  "muslim people pfirst": 0.018964757497460696,
  "ken arromdee writes": 0.016398052986706473,
  "ramsden": 0.01972986939227926,
  "extermination our troops": 0.01972986939227926,
  "ramsden hartill": 0.01972986939227926,