{
  "sense the danger": 0.045063720529974136,
  "means the death": 0.045063720529974136,
  "fraud and other": 0.03925095709786774,
  "issues sender usenet": 0.04291840249765581,
  "repeat posts": 0.05239861132955028,
  "anouncementsmumble": 0.05239861132955028,
  "for the repeat": 0.045063720529974136,
  "repeat posts i": 0.05239861132955028,
  "mumble mumble": 0.048731165929762205,
  "the danger amon": 0.045063720529974136,
  "doors even": 0.045063720529974136,
  "mumble mumble david": 0.05239861132955028,
  "appeared": 0.025163190817309784,
  "thought": 0.01422663030229555,
  "i was posting": 0.04388306681931694,
  "to the newsgroup": 0.038827450708060665,
  "matthew deane": 0.04291840249765581,
  "windows sense the": 0.045063720529974136,
  "ballot access": 0.0371056390655494,
  "the words fold": 0.045063720529974136,
  "my newsgroup": 0.05239861132955028,
  "tueapr": 0.011951834813377974,
  "deane": 0.04291840249765581,
  "newsgroup stupid": 0.05239861132955028,
  "other issues sender": 0.045063720529974136,
  "it wasnt appearing": 0.05239861132955028,
  "death of doors": 0.045063720529974136,
  "which this appeared": 0.05239861132955028,
  "public": 0.028237451015557368,
  "hearings on ballot": 0.03925095709786774,
  "casement windows": 0.045063720529974136,
  "stupid of": 0.04210279043507772,
  "sender usenet": 0.011802008701812128,
  "slap my hands": 0.05239861132955028,
  "figure": 0.019822002940208718,
  "death": 0.017729257429896363,
  "windows": 0.014771563094120877,
  "bang": 0.031100454235713507,
  "the repeat": 0.03971133475389752,
  "my hands": 0.03262258160318325,
  "stupid": 0.02041445622883064,
  "wall": 0.023602750427318565,
  "access": 0.01483233002463356,
  "hands bang": 0.05239861132955028,
  "posting to": 0.03149255990848453,
  "vote fraud and": 0.03925095709786774,
  "head against the": 0.05239861132955028,
  "university tueapr": 0.027156893739784856,
  "public anouncementsmumble mumble": 0.05239861132955028,
  "on ballot": 0.03925095709786774,
  "couldnt figure": 0.03971133475389752,
  "ballot access vote": 0.03925095709786774,
  "public hearings": 0.03843534503528965,
  "sense the": 0.033293225548363906,
  "was posting": 0.04291840249765581,
  "tueapr gmt ack": 0.05239861132955028,
  "the repeat posts": 0.05239861132955028,
  "fraud and": 0.0371056390655494,
  "danger amon liner": 0.045063720529974136,
  "university": 0.005164847370545061,
  "slap my": 0.05239861132955028,
  "usenet": 0.010781829542858267,
  "system brandeis": 0.03496032103323108,
  "system": 0.009303535048662052,
  "doors": 0.027674649242450243,
  "ack sorry for": 0.05239861132955028,
  "doors even casement": 0.045063720529974136,
  "head": 0.01826913819651231,
  "amon liner": 0.045063720529974136,
  "fold": 0.03440285798742247,
  "vote fraud": 0.03925095709786774,
  "hearings on": 0.03807030338721054,
  "head against": 0.04021562141952887,
  "my head": 0.028769467844605393,
  "appeared couldnt": 0.05239861132955028,
  "david matthew": 0.04291840249765581,
  "of me slap": 0.05239861132955028,
  "hands bang my": 0.05239861132955028,
  "the newsgroup": 0.030477263570864922,
  "liner": 0.03740806453560205,
  "death of": 0.028248620898503527,
  "even casement": 0.045063720529974136,
  "gmt ack sorry": 0.05239861132955028,
  "access vote": 0.03925095709786774,
  "gmt ack": 0.05239861132955028,
  "slap": 0.03496032103323108,
  "casement windows sense": 0.045063720529974136,
  "tueapr gmt": 0.012417510962141533,
  "re public": 0.038827450708060665,
  "brandeis university": 0.03358724592484438,
  "wall sorry": 0.05239861132955028,
  "brandeis university tueapr": 0.04388306681931694,
  "danger": 0.025447552066022436,
  "amon liner ": 0.045063720529974136,
  "newsgroup on which": 0.05239861132955028,
  "newsgroup on": 0.04658584789744388,
  "posting to the": 0.03971133475389752,
  "windows sense": 0.045063720529974136,
  "appearing": 0.03301468727595427,
  "sorry bloody": 0.05239861132955028,
  "bloody public anouncementsmumble": 0.05239861132955028,
  "bang my head": 0.05239861132955028,
  "mumble": 0.08583680499531161,
  "thought i": 0.029147557601124675,
  "ack": 0.03971133475389752,
  "hearings": 0.03358724592484438,
  "gmt": 0.0008699992807760442,
  "i thought": 0.018898601541752973,
  "in my newsgroup": 0.05239861132955028,
  "other issues": 0.035367522309083604,
  "brandeis": 0.03315212371195036,
  "usenet news": 0.012719123019538488,
  "david": 0.01380402244442424,
  "open it means": 0.045063720529974136,
  "usenet news system": 0.015128596000054593,
  "even casement windows": 0.045063720529974136,
  "repeat": 0.02474915802948043,
  "open": 0.017070127407607764,
  "appearing in": 0.04210279043507772,
  "access vote fraud": 0.03925095709786774,
  "the wall": 0.027825114508696458,
  "fraud": 0.030824339139572925,
  "sender usenet news": 0.012943415090807524,
  "casement": 0.045063720529974136,
  "news system brandeis": 0.03496032103323108,
  "issues sender": 0.04210279043507772,
  "anouncementsmumble mumble": 0.05239861132955028,
  "of doors": 0.045063720529974136,
  "deane when": 0.045063720529974136,
  "danger amon": 0.045063720529974136,
  "stupid of me": 0.05239861132955028,
  "matthew deane when": 0.045063720529974136,
  "and other issues": 0.037728829730398,
  "open it": 0.035367522309083604,
  "posts i thought": 0.05239861132955028,
  "anouncementsmumble mumble mumble": 0.05239861132955028,
  "sorry bloody public": 0.05239861132955028,
  "my newsgroup stupid": 0.05239861132955028,
  "my hands bang": 0.05239861132955028,
  "public anouncementsmumble": 0.05239861132955028,
  "deane when the": 0.045063720529974136,
  "on ballot access": 0.03925095709786774,
  "re public hearings": 0.04291840249765581,
  "figure out why": 0.03740806453560205,
  "sender": 0.0034621880725746864,
  "newsgroup stupid of": 0.05239861132955028,
  "posts i": 0.038827450708060665,
  "me slap": 0.05239861132955028,
  "against the wall": 0.04021562141952887,
  "mumble david": 0.05239861132955028,
  "appeared couldnt figure": 0.05239861132955028,
  "wall sorry bloody": 0.05239861132955028,
  "public hearings on": 0.03925095709786774,
  "bloody public": 0.05239861132955028,
  "liner ": 0.09012744105994827,
  "appearing in my": 0.05239861132955028,
  "news system": 0.014469617164132104,
  "matthew": 0.023579895077347583,
  "fold open": 0.045063720529974136,
  "amon": 0.045063720529974136,
  "bang my": 0.05239861132955028,
  "the death": 0.02606668676647846,
  "words fold": 0.045063720529974136,
  "ballot": 0.0342293668613749,
  "bloody": 0.030824339139572925,
  "posting": 0.016532024569311247,
  "wasnt appearing": 0.05239861132955028,
  "sense": 0.017090156473636764,
  "mumble david matthew": 0.05239861132955028,
  "posts": 0.02140425601482298,
  "ack sorry": 0.05239861132955028,
  "figure out": 0.024107037092949916,
  "news": 0.008122267211686369,
  "newsgroup": 0.04070427013816273,
  "system brandeis university": 0.03496032103323108,
  "david matthew deane": 0.04291840249765581,
  "words fold open": 0.045063720529974136,
  "hands": 0.021110235638342502,
  "thought i was": 0.03971133475389752,
  "vote": 0.02374199544487081,
  "university tueapr gmt": 0.027528344843876118,
  "the danger": 0.03358724592484438,
  "this appeared": 0.045063720529974136,
  "issues": 0.020004469480267812,
  "fold open it": 0.045063720529974136
}