{
  "paying because": 0.10003371253823236,
  "batf fannie mae": 0.10003371253823236,
  "e mail": 0.08893661871330197,
  "na monapr": 0.0566957383852183,
  "paying": 0.046364965275184,
  "fannie mae": 0.08893661871330197,
  "a prestige issue": 0.10003371253823236,
  "kumthekar": 0.10003371253823236,
  "kumthekar unix technical": 0.10003371253823236,
  "fannie mae na": 0.10003371253823236,
  "at waco": 0.14825026633986801,
  "prestige issue": 0.10003371253823236,
  "beibg": 0.10003371253823236,
  "gmt": 0.0016609077178451755,
  "gmt hi": 0.04569131502772267,
  "much money": 0.0638365515437262,
  "issue girish": 0.10003371253823236,
  "mae na monapr": 0.10003371253823236,
  "messed up and": 0.09303222586590969,
  "unix": 0.03336835396032491,
  "messed": 0.07029190466786427,
  "monapr gmt hi": 0.0641211058565211,
  "is being spent": 0.08193513204097928,
  "spent at": 0.1675535278555738,
  "gmt hi wonder": 0.10003371253823236,
  "because batf": 0.10003371253823236,
  "many beibg spent": 0.10003371253823236,
  "batf are we": 0.10003371253823236,
  "batf are": 0.07902925252126432,
  "batf messed up": 0.08893661871330197,
  "kumthekar unix": 0.10003371253823236,
  "waco": 0.07710227907823629,
  "are we paying": 0.09303222586590969,
  "many beibg": 0.10003371253823236,
  "address ": 0.13424729299522264,
  "by batf fannie": 0.10003371253823236,
  "waco by batf": 0.20006742507646472,
  "girish girish": 0.10003371253823236,
  "beibg spent": 0.10003371253823236,
  "mail": 0.030390580826783045,
  "mail address ": 0.09303222586590969,
  "mae": 0.06355979422869473,
  "prestige": 0.07141539593160391,
  "a prestige": 0.10003371253823236,
  "support": 0.027212093784667612,
  "na monapr gmt": 0.0566957383852183,
  "money is being": 0.0837767639277869,
  "batf": 0.13194731686029645,
  "fannie": 0.08893661871330197,
  "spent": 0.08876665059913184,
  "technical": 0.03779929514737299,
  "being spent": 0.07783952488837155,
  "monapr gmt": 0.02760826260439773,
  "money": 0.03118886415364315,
  "girish kumthekar unix": 0.10003371253823236,
  "technical support": 0.06277230391081885,
  "issue": 0.03153818096311943,
  "support e": 0.10003371253823236,
  "issue girish girish": 0.10003371253823236,
  "paying because batf": 0.10003371253823236,
  "unix technical": 0.10003371253823236,
  "by batf": 0.172061478387174,
  "monapr": 0.02640818027034087,
  "how much money": 0.0726796701028565,
  "mae na": 0.10003371253823236,
  "batf fannie": 0.10003371253823236,
  "girish kumthekar": 0.10003371253823236,
  "messed up": 0.07083803821604887,
  "waco by": 0.20006742507646472,
  "spent at waco": 0.20006742507646472,
  "this a prestige": 0.10003371253823236,
  "we paying": 0.09303222586590969,
  "e": 0.03340966694266355,
  "batf messed": 0.08893661871330197,
  "because batf messed": 0.10003371253823236,
  "e mail address": 0.10003371253823236,
  "technical support e": 0.10003371253823236,
  "prestige issue girish": 0.10003371253823236,
  "girish": 0.20006742507646472,
  "mail address": 0.06836205379147327,
  "unix technical support": 0.10003371253823236,
  "address": 0.032525016116350794,
  "support e mail": 0.10003371253823236,
  "girish girish kumthekar": 0.10003371253823236,
  "how many beibg": 0.10003371253823236,
  "money is": 0.06136056711915059,
  "beibg spent at": 0.10003371253823236
}