{
  "kennedy was just": 0.06977416939943226,
  "was president": 0.05685941112489873,
  "kennedy was": 0.06283257294584016,
  "college after": 0.07502528440367427,
  "lefty": 0.05034273487320849,
  "lady of heavy": 0.059271939390948235,
  "lefty cmc": 0.059271939390948235,
  "surprised that you": 0.06145134903073446,
  "sender the news": 0.03955459328909684,
  "voter sender the": 0.07502528440367427,
  "england so how": 0.06977416939943226,
  "obscure senator from": 0.06977416939943226,
  "of college": 0.06452305439519025,
  "havent managed to": 0.06977416939943226,
  "article theodore": 0.05356154694870293,
  "news system tueapr": 0.07502528440367427,
  "in article": 0.006496349253615669,
  "f": 0.02906992008470648,
  "gmt": 0.0012456807883838817,
  "lady of": 0.05233034293735615,
  "f kennedy": 0.059271939390948235,
  "grade eisenhower": 0.06977416939943226,
  "grade": 0.04252180378891372,
  "tueapr": 0.017112854391882103,
  "of heavy": 0.05233034293735615,
  "time lefty cmc": 0.07502528440367427,
  "heavy": 0.03396062531827816,
  "tueapr gmt our": 0.07502528440367427,
  "dod ": 0.08346800585776612,
  "john f kennedy": 0.059271939390948235,
  "article theodore a": 0.05620023402649244,
  "managed to": 0.03797718494744886,
  "theodore": 0.04294871997490715,
  "cmc dod ": 0.059271939390948235,
  "senator from": 0.06283257294584016,
  "from new england": 0.06670246403497647,
  "havent managed": 0.06977416939943226,
  "to waddle": 0.07502528440367427,
  "time lefty": 0.07502528440367427,
  "obscure senator": 0.06977416939943226,
  "that you havent": 0.06145134903073446,
  "voter": 0.05312852866203665,
  "article": 0.00597278298570817,
  "sender the": 0.0294853815672791,
  "in article theodore": 0.054020824386706225,
  "waddle out": 0.07502528440367427,
  "heavy artillery in": 0.059271939390948235,
  "our lady": 0.05356154694870293,
  "whether im surprised": 0.07502528440367427,
  "motor": 0.03758859938390681,
  "cmc": 0.05837964366627866,
  "out of college": 0.06977416939943226,
  "college": 0.022823700160135123,
  "senator": 0.04523872658000513,
  "wrote": 0.01945723986676658,
  "president and": 0.04554179729677558,
  "the news": 0.03250158662800707,
  "time": 0.011940113135054631,
  "wrote when": 0.05685941112489873,
  "i entered grade": 0.06977416939943226,
  "this time": 0.03284085634487807,
  "you havent": 0.03991370115951036,
  "news system": 0.020717860939552787,
  "obscure": 0.044947315361612734,
  "lefty cmc dod": 0.059271939390948235,
  "artillery": 0.04653134413326849,
  "eisenhower was": 0.06977416939943226,
  "john": 0.020584797248202107,
  "entered grade eisenhower": 0.06977416939943226,
  "all this time": 0.05758145794159816,
  "re motor voter": 0.06977416939943226,
  "and john f": 0.06977416939943226,
  "and john": 0.048536590756200926,
  "sender": 0.004957223831186483,
  "waddle": 0.07502528440367427,
  "england": 0.03507831805091861,
  "heavy artillery": 0.059271939390948235,
  "gmt our lady": 0.06283257294584016,
  "wrote when i": 0.06670246403497647,
  "kennedy": 0.043518594378222204,
  "system tueapr": 0.05758145794159816,
  "waddle out of": 0.07502528440367427,
  "surprised": 0.03356868839101158,
  "voter sender": 0.06977416939943226,
  "a kaldis wrote": 0.07502528440367427,
  "motor voter sender": 0.06977416939943226,
  "eisenhower was president": 0.06977416939943226,
  "artillery in": 0.059271939390948235,
  "theodore a kaldis": 0.04653134413326849,
  "president": 0.026952281670124294,
  "gmt our": 0.06028354085022492,
  "relatively obscure senator": 0.06977416939943226,
  "f kennedy was": 0.06977416939943226,
  "new england": 0.047877413657794646,
  "dod": 0.026278719867405678,
  "im surprised": 0.0497813108417409,
  "managed to waddle": 0.07502528440367427,
  "kaldis wrote when": 0.07502528440367427,
  "lady": 0.03888373421832832,
  "system tueapr gmt": 0.06283257294584016,
  "john f": 0.047877413657794646,
  "relatively obscure": 0.06977416939943226,
  "england so": 0.06977416939943226,
  "this time lefty": 0.07502528440367427,
  "senator from new": 0.06977416939943226,
  "entered": 0.03850799981575732,
  "news": 0.01162960987127821,
  "eisenhower": 0.06452305439519025,
  "a relatively obscure": 0.06977416939943226,
  "grade eisenhower was": 0.06977416939943226,
  "motor voter": 0.06452305439519025,
  "entered grade": 0.06977416939943226,
  "kaldis wrote": 0.07502528440367427,
  "a kaldis": 0.04653134413326849,
  "the news system": 0.048536590756200926,
  "system": 0.013320970637857029,
  "artillery in article": 0.059271939390948235,
  "theodore a": 0.04653134413326849,
  "i entered": 0.06028354085022492,
  "surprised that": 0.04689216268621739,
  "of heavy artillery": 0.059271939390948235,
  "tueapr gmt": 0.017779617968520834,
  "college after all": 0.07502528440367427,
  "havent": 0.02450840373384545,
  "president and john": 0.06977416939943226,
  "you havent managed": 0.07502528440367427,
  "cmc dod": 0.059271939390948235,
  "when i entered": 0.06977416939943226,
  "managed": 0.03594153213689753,
  "re motor": 0.06977416939943226,
  "kaldis": 0.04554179729677558
}