{
  "tanks smashing down": 0.03821655751338198,
  "negotiating": 0.024860226289862477,
  "good now larry": 0.041092686893298765,
  "tanks smashing": 0.03821655751338198,
  "usaapr gmt": 0.03014224154219811,
  "to pressure": 0.03044974350134218,
  "glindactroncom in article": 0.0353404281334652,
  "what the fbi": 0.02773635566977926,
  "year": 0.01067878776864519,
  "what solutions": 0.029855964067148518,
  "gone on waiting": 0.03821655751338198,
  "smashing": 0.031142913977122957,
  "had simply": 0.031142913977122957,
  "in article": 0.0035581663961712375,
  "critisism is": 0.03014224154219811,
  "walls then": 0.03821655751338198,
  "hell dont": 0.03821655751338198,
  "good on the": 0.0353404281334652,
  "an inappropriate": 0.03441452128153901,
  "cabletron need": 0.03441452128153901,
  "in six months": 0.036534129678908275,
  "dont look very": 0.03821655751338198,
  "gmt cabletron": 0.028875097768126815,
  "fired the": 0.033658000298991485,
  "speak for": 0.017289482339443198,
  "smith no i": 0.03441452128153901,
  "incworld": 0.02105819005801951,
  "govt tanks": 0.03821655751338198,
  "simply fired": 0.03821655751338198,
  "limited if they": 0.036534129678908275,
  "compound by themselves": 0.03821655751338198,
  "news in six": 0.03821655751338198,
  "cabletron need you": 0.03441452128153901,
  "guilty of having": 0.03821655751338198,
  "writes critisism is": 0.03014224154219811,
  "continue to pressure": 0.0353404281334652,
  "negotiating the davidians": 0.03821655751338198,
  "article": 0.0032713998095994954,
  "had simply fired": 0.03821655751338198,
  "limited": 0.0316727204512257,
  "they had simply": 0.03821655751338198,
  "months for": 0.029336614926260527,
  "continue to": 0.018546122563198188,
  "negotiate": 0.025297406852758022,
  "six months": 0.025891186286951688,
  "freshman vof": 0.03014224154219811,
  "down their walls": 0.03821655751338198,
  "article very old": 0.030781870919074698,
  "or a year": 0.03821655751338198,
  "speak for cabletron": 0.03441452128153901,
  "starters they": 0.036534129678908275,
  "and their supplies": 0.03821655751338198,
  "smashing down": 0.03821655751338198,
  "dont speak for": 0.023122839008293244,
  "critisism": 0.029855964067148518,
  "negotiate no they": 0.03821655751338198,
  "tanks": 0.020329424213027154,
  "negotiating the": 0.03821655751338198,
  "incworld glindactroncom": 0.0353404281334652,
  "good on": 0.02773635566977926,
  "supplies": 0.023068598005939082,
  "to police": 0.02377157788958243,
  "solutions": 0.019453949309858994,
  "and negotiating": 0.03821655751338198,
  "police state usaapr": 0.03153839190162223,
  "pressure and negotiate": 0.03821655751338198,
  "glindactroncom": 0.0353404281334652,
  "limited if": 0.036534129678908275,
  "solutions do": 0.03014224154219811,
  "i dont speak": 0.023347184324767418,
  "systems": 0.011144788836466683,
  "smith no": 0.033658000298991485,
  "now larry smith": 0.041092686893298765,
  "writes critisism": 0.03014224154219811,
  "compound": 0.01735695338040494,
  "on the news": 0.02558368432780761,
  "looked good on": 0.03821655751338198,
  "and negotiate": 0.0353404281334652,
  "state usaapr": 0.03153839190162223,
  "vof writes critisism": 0.03014224154219811,
  "last few months": 0.02684377733111974,
  "level": 0.01474046400236624,
  "be limited large": 0.03821655751338198,
  "waiting and negotiating": 0.03821655751338198,
  "for starters": 0.03044974350134218,
  "davidians werent": 0.03821655751338198,
  "freshman": 0.023464075930438356,
  "now larry": 0.041092686893298765,
  "without govt": 0.03821655751338198,
  "level of force": 0.036534129678908275,
  "hell dont look": 0.03821655751338198,
  "pressure": 0.018282860232331125,
  "solutions do people": 0.03014224154219811,
  "gmt": 0.0006822815936376447,
  "an inappropriate level": 0.03821655751338198,
  "fbi had been": 0.03014224154219811,
  "look very good": 0.036534129678908275,
  "few months": 0.02112511695399413,
  "for cabletron": 0.03441452128153901,
  "meantime to continue": 0.03821655751338198,
  "welcome to police": 0.026584356762732457,
  "liberty is": 0.033658000298991485,
  "have looked good": 0.036534129678908275,
  "vof writes": 0.03014224154219811,
  "govt would": 0.036534129678908275,
  "not be guilty": 0.03821655751338198,
  "their walls": 0.03821655751338198,
  "easy": 0.013845083450131792,
  "dont speak": 0.022707554947890826,
  "cabletron": 0.05653356919441234,
  "continue": 0.016221477651362795,
  "easy what solutions": 0.03014224154219811,
  "to police state": 0.026584356762732457,
  "critisism is too": 0.03014224154219811,
  "liberty": 0.020274098358797007,
  "simply fired the": 0.03821655751338198,
  "is too easy": 0.029588169373631623,
  "months": 0.030628476726418958,
  "inappropriate": 0.025390655217289386,
  "i dont": 0.007575020653726486,
  "good": 0.013411292825480531,
  "sure as hell": 0.03014224154219811,
  "large perhaps but": 0.03821655751338198,
  "be guilty": 0.029336614926260527,
  "waiting and": 0.03821655751338198,
  "limited large": 0.03821655751338198,
  "davidians werent going": 0.03821655751338198,
  "simply": 0.012686546332037151,
  "the govt": 0.024103705307314947,
  "police": 0.015103482484204893,
  "force and would": 0.03821655751338198,
  "smith": 0.016566559739603633,
  "the freedom": 0.049081771740420985,
  "the davidians": 0.022658449314500773,
  "freedom to do": 0.06882904256307802,
  "pressure and": 0.03014224154219811,
  "used an inappropriate": 0.03821655751338198,
  "looked": 0.01534763393658221,
  "supplies had to": 0.03821655751338198,
  "months for starters": 0.03821655751338198,
  "have looked": 0.025206208069692565,
  "but limited": 0.036534129678908275,
  "compound by": 0.03441452128153901,
  "very good": 0.01713189209850869,
  "freshman vof writes": 0.03014224154219811,
  "guilty": 0.019409090736812455,
  "dont look": 0.025486047409093115,
  "too easy": 0.027120505026134972,
  "as hell": 0.02431654055373632,
  "themselves without govt": 0.03821655751338198,
  "news in": 0.02599896838821003,
  "systems incworld glindactroncom": 0.0353404281334652,
  "ask liberty": 0.03441452128153901,
  "larry": 0.01803530904392309,
  "the fbi": 0.015931752417416577,
  "force": 0.014654463460801436,
  "fired the compound": 0.03821655751338198,
  "least the govt": 0.03821655751338198,
  "state": 0.00923049188002427,
  "very old freshman": 0.03014224154219811,
  "year but they": 0.036534129678908275,
  "waiting": 0.018165496274494684,
  "usaapr gmt cabletron": 0.03821655751338198,
  "cabletron systems incworld": 0.0353404281334652,
  "good now": 0.03153839190162223,
  "months or": 0.028875097768126815,
  "without govt tanks": 0.03821655751338198,
  "freedom": 0.031882826741551754,
  "starters they could": 0.03821655751338198,
  "vof": 0.03014224154219811,
  "not the freedom": 0.03441452128153901,
  "walls": 0.02256194781174448,
  "the news": 0.017801698899987273,
  "inappropriate level": 0.03821655751338198,
  "inappropriate level of": 0.03821655751338198,
  "not have looked": 0.03821655751338198,
  "of force": 0.026223313704684205,
  "systems incworld": 0.0353404281334652,
  "fbi": 0.015135217840380234,
  "negotiate no": 0.03821655751338198,
  "be limited": 0.025891186286951688,
  "smashing down their": 0.03821655751338198,
  "supplies had": 0.036534129678908275,
  "level of": 0.018985316898321253,
  "old freshman": 0.03014224154219811,
  "easy what": 0.029588169373631623,
  "hell": 0.013546762456923163,
  "year but": 0.023584356166426956,
  "glindactroncom in": 0.0353404281334652,
  "starters": 0.02461844658810324,
  "larry smith no": 0.03441452128153901,
  "no i dont": 0.02328995062297349,
  "dont": 0.010112847125783943,
  "larry smith": 0.03441452128153901,
  "freedom to": 0.058673229852521054,
  "you ask liberty": 0.03441452128153901,
  "large": 0.012581934633503971,
  "state usaapr gmt": 0.03441452128153901,
  "the compound": 0.018637724022530965,
  "liberty is not": 0.03441452128153901,
  "perhaps but limited": 0.03821655751338198,