{
  "greg": 0.02863799853391646,
  "uucp uunetvirginia": 0.04780536476743078,
  "military": 0.02438211152991286,
  "virginia usps": 0.04780536476743078,
  "knee": 0.04080783426636002,
  "usa internet": 0.043686720404850825,
  "mail astronomy department": 0.04780536476743078,
  "department charlottesville": 0.04780536476743078,
  "cramer writes": 0.0347069442358694,
  "jerking": 0.058663632870860245,
  "university of": 0.020114665077428064,
  "will yes earth": 0.06307858306550958,
  "sender university of": 0.02287645052313432,
  "gay percentage sender": 0.041206053100636034,
  "earth": 0.021794652305787084,
  "virginia": 0.053754876101227034,
  "ah ending discrimination": 0.050684250905921595,
  "astronomy department charlottesville": 0.04780536476743078,
  "gmt": 0.0010473239749469578,
  "people to associate": 0.05166610236978948,
  "half a": 0.037911425622315774,
  "gmt ah": 0.05608105256443882,
  "ending discrimination": 0.050684250905921595,
  "tueapr": 0.014387877577888137,
  "is now fascism": 0.050684250905921595,
  "study out": 0.034346993852026456,
  "of virginia tueapr": 0.04163083892546834,
  "charlottesville va": 0.04541878228691224,
  "usa": 0.014777643420265232,
  "percentage": 0.029267960789068778,
  "yes earth": 0.06307858306550958,
  "least use half": 0.06307858306550958,
  "greg hennessy university": 0.04466857186871871,
  "the us military": 0.05282738617102485,
  "to clayton": 0.05166610236978948,
  "writes when you": 0.05282738617102485,
  "clayton cramer": 0.033810303765289255,
  "charlottesville": 0.043997485781726194,
  "of virginia usps": 0.04780536476743078,
  "gay": 0.028441135237973297,
  "department": 0.018386801639431745,
  "force": 0.044990136229976385,
  "virginia usps mail": 0.04780536476743078,
  "the topic": 0.035010307605227706,
  "internet": 0.017766760711585783,
  "astronomy": 0.0305566373718753,
  "use half": 0.05608105256443882,
  "force people": 0.04725115217514014,
  "virginia tueapr": 0.04163083892546834,
  "volunteer": 0.03699995528065543,
  "topic": 0.02773414940375658,
  "a clue": 0.0359277558232082,
  "fascism clayton": 0.06307858306550958,
  "jerking but": 0.06307858306550958,
  "military an": 0.06307858306550958,
  "discussion": 0.02190286138595568,
  "discrimination is": 0.046269300711272256,
  "usps mail": 0.04780536476743078,
  "when you force": 0.05166610236978948,
  "greg hennessy": 0.04283620198049081,
  "va usa": 0.04208599156229729,
  "uunetvirginia ": 0.09561072953486156,
  "clue greg": 0.06307858306550958,
  "earth to": 0.04141490547530476,
  "re new study": 0.03448854249396729,
  "fascism clayton cramer": 0.06307858306550958,
  "now fascism": 0.050684250905921595,
  "study": 0.023862156405728967,
  "associate with": 0.04283620198049081,
  "mail": 0.019163487272939626,
  "mail astronomy": 0.04780536476743078,
  "clayton the": 0.06307858306550958,
  "of virginia": 0.06166550965933804,
  "you force": 0.049833732481561574,
  "stop your knee": 0.06307858306550958,
  "a clue greg": 0.06307858306550958,
  "your knee jerking": 0.06307858306550958,
  "writes when": 0.03710700698967696,
  "hennessy university": 0.04466857186871871,
  "new study": 0.033940296578226885,
  "virginia tueapr gmt": 0.04163083892546834,
  "realize you cant": 0.06307858306550958,
  "clue greg hennessy": 0.06307858306550958,
  "uunetvirginia": 0.04780536476743078,
  "sender": 0.004167856979086725,
  "now fascism clayton": 0.06307858306550958,
  "discrimination": 0.035578658775469375,
  "to associate": 0.040433054011436875,
  "percentage sender": 0.041206053100636034,
  "university": 0.012435110229719958,
  "realize": 0.02493233200251681,
  "hennessy": 0.04283620198049081,
  "force i realize": 0.06307858306550958,
  "knee jerking but": 0.06307858306550958,
  "va usa internet": 0.04780536476743078,
  "knee jerking": 0.06307858306550958,
  "under discussion": 0.04541878228691224,
  "all volunteer force": 0.06307858306550958,
  "earth to clayton": 0.058663632870860245,
  "on gay percentage": 0.035088461061226525,
  "clayton the topic": 0.06307858306550958,
  "sender university": 0.022355075078562877,
  "discussion was the": 0.06307858306550958,
  "all volunteer": 0.06307858306550958,
  "clayton cramer writes": 0.0347069442358694,
  "realize you": 0.05282738617102485,
  "volunteer force i": 0.06307858306550958,
  "half": 0.024396770746398715,
  "topic under": 0.058663632870860245,
  "cramer": 0.03188215121868848,
  "study out on": 0.034346993852026456,
  "topic under discussion": 0.058663632870860245,
  "associate": 0.03192986250358758,
  "an all volunteer": 0.06307858306550958,
  "percentage sender university": 0.054248682676210906,
  "clue": 0.03247972290797291,
  "force people to": 0.04725115217514014,
  "hennessy university of": 0.04466857186871871,
  "internet uucp": 0.0367911029059867,
  "university of virginia": 0.062412627201777635,
  "writes": 0.004076594169061876,
  "discussion was": 0.04674132601161444,
  "associate with others": 0.050684250905921595,
  "cramer writes when": 0.058663632870860245,
  "volunteer force": 0.06307858306550958,
  "charlottesville va usa": 0.04725115217514014,
  "va": 0.029205207308540045,
  "military an all": 0.06307858306550958,
  "force i": 0.050684250905921595,
  "department charlottesville va": 0.04780536476743078,
  "half a clue": 0.06307858306550958,
  "on gay": 0.03420852259956527,
  "clayton": 0.06199216482638693,
  "us military": 0.04339041457278145,
  "tueapr gmt ah": 0.06307858306550958,
  "your knee": 0.058663632870860245,
  "usps": 0.04466857186871871,
  "usa internet uucp": 0.04725115217514014,
  "usps mail astronomy": 0.04780536476743078,
  "fascism": 0.04283620198049081,
  "tueapr gmt": 0.014948468610476115,
  "discrimination is now": 0.050684250905921595,
  "astronomy department": 0.04466857186871871,
  "i realize": 0.03362015750318938,
  "gay percentage": 0.035088461061226525,
  "out on gay": 0.03427738193780868,
  "internet uucp uunetvirginia": 0.04780536476743078,
  "gmt ah ending": 0.06307858306550958,
  "jerking but at": 0.06307858306550958
}