{
  "divisionworld hpsddesddhpcom": 0.054596430642084054,
  "divisionworld": 0.05100914995019032,
  "diego divisionworld hpsddesddhpcom": 0.054596430642084054,
  "normal": 0.024450594011783056,
  "guess": 0.01917686051944441,
  "label in reference": 0.05199729533369839,
  "adrienne when you": 0.054596430642084054,
  "hpsddesddhpcom in": 0.054596430642084054,
  "divisionworld hpsddesddhpcom in": 0.054596430642084054,
  "flamingly": 0.0590396817995196,
  "time you": 0.033179164888286296,
  "abortionapr hewlett": 0.05199729533369839,
  "things": 0.014215605641349072,
  "rare": 0.03189797343671665,
  "life": 0.01764007741910428,
  "writes arthis": 0.0590396817995196,
  "arstupid bad": 0.054596430642084054,
  "things happen": 0.04532130895659479,
  "reference to normal": 0.05199729533369839,
  "occurances": 0.04612363679604354,
  "knowing that": 0.03866754186139174,
  "step into the": 0.0501531794846485,
  "in article": 0.005496910906905565,
  "normal but rare": 0.05199729533369839,
  "re abortionapr": 0.05100914995019032,
  "diego divisionworld": 0.054596430642084054,
  "hewlett packard san": 0.05199729533369839,
  "diego": 0.02968165373539267,
  "abortionapr hewlett packard": 0.05199729533369839,
  "single": 0.020902889358447092,
  "shower": 0.04612363679604354,
  "good people": 0.04033602326051781,
  "knowing": 0.027271559635408952,
  "i guess": 0.022487666302368935,
  "huh adrienne": 0.0590396817995196,
  "landreneau": 0.04189770327755467,
  "arstupid bad things": 0.054596430642084054,
  "adrienne regard ": 0.05199729533369839,
  "anthony landreneau writes": 0.046565898792754766,
  "happen to good": 0.05199729533369839,
  "know adrienne": 0.05199729533369839,
  "life occurances": 0.05199729533369839,
  "to normal": 0.04126667716977741,
  "article anthony landreneau": 0.0501531794846485,
  "happen": 0.02128159178927076,
  "good": 0.010359364009425666,
  "arthis irresponsible": 0.054596430642084054,
  "for your action": 0.05199729533369839,
  "irresponsible label": 0.05199729533369839,
  "re abortionapr hewlett": 0.05199729533369839,
  "hpsddesddhpcom": 0.054596430642084054,
  "packard": 0.037026943309230204,
  "flamingly irresponsible huh": 0.0590396817995196,
  "is irresponsible": 0.054596430642084054,
  "regard ": 0.10399459066739677,
  "article": 0.005053893295599221,
  "action": 0.023543949318631546,
  "anthony you": 0.0590396817995196,
  "step into": 0.045709928327212955,
  "huh adrienne regard": 0.0590396817995196,
  "adrienne regard": 0.046565898792754766,
  "to endander": 0.054596430642084054,
  "but rare": 0.05199729533369839,
  "endander": 0.054596430642084054,
  "packard san": 0.05199729533369839,
  "is irresponsible anthony": 0.054596430642084054,
  "occurances i arstupid": 0.054596430642084054,
  "irresponsible label in": 0.05199729533369839,
  "others knowing": 0.05316602326186475,
  "label": 0.03515703162492567,
  "irresponsible huh adrienne": 0.0590396817995196,
  "abortionapr": 0.0501531794846485,
  "label in": 0.05199729533369839,
  "irresponsible anthony": 0.054596430642084054,
  "you know adrienne": 0.05199729533369839,
  "normal but": 0.047554044176262834,
  "irresponsible anthony you": 0.0590396817995196,
  "good people too": 0.05199729533369839,
  "in reference": 0.04051165771044162,
  "packard san diego": 0.05199729533369839,
  "reference": 0.023456222055264528,
  "anthony": 0.06805407296346684,
  "endander yourself": 0.054596430642084054,
  "huh": 0.030752513252464243,
  "adrienne": 0.09224727359208708,
  "knowing that someone": 0.054596430642084054,
  "flamingly irresponsible": 0.0590396817995196,
  "hewlett": 0.03803234376751846,
  "san diego": 0.029950185413015487,
  "san": 0.022683248618160845,
  "time": 0.010103172652738534,
  "may be burdened": 0.054596430642084054,
  "bad things happen": 0.05100914995019032,
  "endander yourself or": 0.054596430642084054,
  "act to endander": 0.054596430642084054,
  "time you step": 0.0590396817995196,
  "single time you": 0.0590396817995196,
  "arstupid": 0.054596430642084054,
  "your action": 0.048111809413375846,
  "happen to": 0.029176150050057283,
  "single time": 0.05100914995019032,
  "step": 0.02662784971395352,
  "every single time": 0.0590396817995196,
  "burdened for your": 0.054596430642084054,
  "burdened": 0.04872277210442921,
  "landreneau writes arthis": 0.0590396817995196,
  "but rare life": 0.05199729533369839,
  "rare life occurances": 0.05199729533369839,
  "rare life": 0.05199729533369839,
  "you step": 0.05316602326186475,
  "i arstupid": 0.054596430642084054,
  "burdened for": 0.054596430642084054,
  "makes you flamingly": 0.0590396817995196,
  "irresponsible huh": 0.0590396817995196,
  "bad": 0.017456844019116707,
  "the shower": 0.05199729533369839,
  "guess that makes": 0.05199729533369839,
  "action is irresponsible": 0.054596430642084054,
  "life occurances i": 0.054596430642084054,
  "anthony landreneau": 0.04189770327755467,
  "irresponsible": 0.12380003150933223,
  "be burdened": 0.05316602326186475,
  "writes arthis irresponsible": 0.0590396817995196,
  "writes": 0.004102726182966118,
  "arthis irresponsible label": 0.054596430642084054,
  "shower i guess": 0.0590396817995196,
  "things happen to": 0.05199729533369839,
  "hpsddesddhpcom in article": 0.054596430642084054,
  "you flamingly irresponsible": 0.0590396817995196,
  "hewlett packard": 0.03827892249077357,
  "adrienne when": 0.054596430642084054,
  "you flamingly": 0.0590396817995196,
  "every single": 0.03952351232693355,
  "to good": 0.04259769873886872,
  "occurances i": 0.054596430642084054,
  "in article anthony": 0.044608324116144626,
  "article anthony": 0.044608324116144626,
  "san diego divisionworld": 0.054596430642084054,
  "landreneau writes": 0.046565898792754766,
  "shower i": 0.0590396817995196,
  "reference to": 0.029950185413015487,
  "bad things": 0.04016507295870909,
  "or others knowing": 0.054596430642084054,
  "anthony you do": 0.0590396817995196,
  "action is": 0.03791252240205595,
  "regard": 0.02882157544759541,
  "arthis": 0.054596430642084054,
  "into the shower": 0.0590396817995196,
  "guess that": 0.0334692712446204,
  "that every single": 0.0501531794846485,
  "i arstupid bad": 0.054596430642084054
}