{
  "grinch writes": 0.03068194509649085,
  "liberals": 0.02390852961378307,
  "atf": 0.017060305711228962,
  "university of": 0.00619216160226707,
  "a decisive": 0.029806872346239046,
  "ps": 0.014826842085374967,
  "be generally equated": 0.036118393571470814,
  "i expect": 0.020297842049304557,
  "in article": 0.0033628160842245815,
  "fund": 0.019997319594320575,
  "legalize a popular": 0.036118393571470814,
  "govt was": 0.02489407639135525,
  "gmt ubc": 0.0388366178089608,
  "columbia canada hey": 0.0388366178089608,
  "anna": 0.026714882697751713,
  "at a local": 0.027725977244034458,
  "engineering": 0.024321119827142683,
  "local john paul": 0.0388366178089608,
  "employment was re": 0.025245496621510887,
  "state issue": 0.036118393571470814,
  "of popular": 0.029806872346239046,
  "ho": 0.047993316920523464,
  "fund raising": 0.03452833432398782,
  "grinch ps": 0.036118393571470814,
  "ubc electrical": 0.0388366178089608,
  "canada hey hey": 0.0388366178089608,
  "hes safely dead": 0.036118393571470814,
  "raising and vice": 0.036118393571470814,
  "fund raising and": 0.036118393571470814,
  "a decisive victory": 0.036118393571470814,
  "liberals have": 0.0388366178089608,
  "become the hero": 0.036118393571470814,
  "why not concentrateapr": 0.03181011008649784,
  "atf to be": 0.036118393571470814,
  "victory jsh": 0.036118393571470814,
  "jsh mr grinch": 0.03252509658372903,
  "places": 0.014870079222675782,
  "writes more": 0.03068194509649085,
  "decisive victory jsh": 0.036118393571470814,
  "tax or instead": 0.036118393571470814,
  "hero of": 0.030220050839014835,
  "article": 0.0030917935455430524,
  "john paul morrison": 0.0388366178089608,
  "be generally": 0.03120559761658702,
  "re limiting": 0.025911767354041857,
  "the hero": 0.03181011008649784,
  "most important state": 0.036118393571470814,
  "folk": 0.02408681343369192,
  "morrison": 0.029806872346239046,
  "hero": 0.025007753006544477,
  "spend liberals": 0.0388366178089608,
  "columbia canada": 0.025911767354041857,
  "hes": 0.013559285183919313,
  "local john": 0.0388366178089608,
  "mr grinch": 0.05886621387048339,
  "morrison university": 0.0388366178089608,
  "rflabeeubcca in": 0.0388366178089608,
  "equated with santa": 0.036118393571470814,
  "victory": 0.021555365858904902,
  "than most places": 0.036118393571470814,
  "employment was": 0.025245496621510887,
  "concentrateapr gmt ubc": 0.0388366178089608,
  "saw david koresh": 0.0388366178089608,
  "limiting govt": 0.025911767354041857,
  "canada": 0.012797889048856733,
  "decisive victory": 0.036118393571470814,
  "victory jsh mr": 0.036118393571470814,
  "popular": 0.03309613940350056,
  "govt was re": 0.025911767354041857,
  "generally equated": 0.036118393571470814,
  "vice": 0.042921731313268145,
  "university": 0.003828063345227516,
  "of british": 0.02382233782272905,
  "equated": 0.028487373379097035,
  "jsh mr": 0.03252509658372903,
  "popular folk ballads": 0.036118393571470814,
  "popular vice": 0.036118393571470814,
  "koresh to": 0.030220050839014835,
  "radio labworld": 0.0388366178089608,
  "popular folk": 0.036118393571470814,
  "paul": 0.013382800026598023,
  "ballads": 0.03452833432398782,
  "expect david koresh": 0.036118393571470814,
  "vice for": 0.036118393571470814,
  "income tax or": 0.036118393571470814,
  "ballads and the": 0.036118393571470814,
  "david koresh to": 0.03340016933398083,
  "won a": 0.027963720859000868,
  "concentrateapr gmt": 0.0388366178089608,
  "paul morrison": 0.0388366178089608,
  "grinch writes more": 0.0388366178089608,
  "british columbia": 0.023050924904117073,
  "limiting": 0.021957931168944442,
  "saw david": 0.0388366178089608,
  "dead i saw": 0.0388366178089608,
  "radio labworld rflabeeubcca": 0.0388366178089608,
  "important state issue": 0.036118393571470814,
  "article mr grinch": 0.03068194509649085,
  "a local john": 0.0388366178089608,
  "with santa anna": 0.036118393571470814,
  "concentrateapr": 0.03181011008649784,
  "ho ho": 0.03181011008649784,
  "state issue was": 0.036118393571470814,
  "with santa": 0.036118393571470814,
  "safely dead i": 0.036118393571470814,
  "and vice won": 0.036118393571470814,
  "places when i": 0.036118393571470814,
  "that hes": 0.022913311885249348,
  "engineering tax spend": 0.0388366178089608,
  "that hes safely": 0.036118393571470814,
  "re employment": 0.025124823450268716,
  "ho ho electrical": 0.0388366178089608,
  "santa": 0.018719367946517372,
  "raising": 0.02382233782272905,
  "i expect david": 0.036118393571470814,
  "and vice": 0.027088648108749065,
  "ubc": 0.029433106935241694,
  "radio": 0.013979386129732627,
  "electrical engineering tax": 0.0388366178089608,
  "electrical engineering radio": 0.0388366178089608,
  "ho electrical engineering": 0.0388366178089608,
  "engineering radio labworld": 0.0388366178089608,
  "santa anna dead": 0.0388366178089608,
  "engineering radio": 0.0388366178089608,
  "university of british": 0.025245496621510887,
  "decisive": 0.0260597686402491,
  "now that hes": 0.03452833432398782,
  "hero of popular": 0.036118393571470814,
  "limiting govt was": 0.025911767354041857,
  "article mr": 0.02637366161151787,
  "generally": 0.015093718411826008,
  "tax spend": 0.0388366178089608,
  "for fund": 0.036118393571470814,
  "expect david": 0.036118393571470814,
  "grinch": 0.05886621387048339,
  "liberals have got": 0.0388366178089608,
  "gmt ubc electrical": 0.0388366178089608,
  "koresh": 0.030681356817074675,
  "the atf": 0.02051179885028665,
  "equated with": 0.03252509658372903,
  "a state income": 0.036118393571470814,
  "gmt": 0.0006448229963398916,
  "most places": 0.02909188584900785,
  "spend": 0.016365638267887953,
  "a local": 0.018813302225036948,
  "writes more likely": 0.0388366178089608,
  "anna dead": 0.0388366178089608,
  "or instead legalize": 0.036118393571470814,
  "places when": 0.03340016933398083,
  "i saw david": 0.0388366178089608,
  "and the atf": 0.03452833432398782,
  "hey": 0.030681356817074675,
  "john paul": 0.029806872346239046,
  "david": 0.020462433270558286,
  "morrison university of": 0.0388366178089608,
  "safely": 0.022527272384020903,
  "a state": 0.020439175133552392,
  "koresh at": 0.03120559761658702,
  "legalize": 0.0260597686402491,
  "not concentrateapr gmt": 0.0388366178089608,
  "income tax": 0.026897314131614038,
  "vice won a": 0.036118393571470814,
  "dead i": 0.06044010167802967,
  "hey ho": 0.0388366178089608,
  "a popular": 0.026213575358497263,
  "state": 0.017447439553614504,
  "rflabeeubcca in article": 0.0388366178089608,
  "popular vice for": 0.036118393571470814,
  "grinch ps now": 0.036118393571470814,
  "john": 0.010655659752010502,
  "issue was whether": 0.036118393571470814,
  "dead i expect": 0.036118393571470814,
  "was re employment": 0.025911767354041857,
  "hey hey": 0.036118393571470814,
  "tax or": 0.029806872346239046,
  "local": 0.011998382714818737,
  "ho electrical": 0.0388366178089608,
  "folk ballads and": 0.036118393571470814,
  "tax": 0.03373504878749257,
  "ballads and": 0.036118393571470814,
  "of british columbia": 0.027501826601524854,
  "state income": 0.036118393571470814,
  "electrical": 0.034462346703192356,
  "koresh at a": 0.0388366178089608,
  "anna dead i": 0.0388366178089608,
  "legalize a": 0.036118393571470814,
  "david koresh": 0.03734646262574386,
  "generally equated with": 0.036118393571470814,
  "hes safely": 0.036118393571470814,
  "expect": 0.013424678350424902,
  "folk ballads": 0.036118393571470814,
  "vice won": 0.036118393571470814,
  "won": 0.01742647853780723,
  "spend liberals have": 0.0388366178089608,
  "rflabeeubcca": 0.0388366178089608,
  "mr grinch ps": 0.036118393571470814,
  "hey ho ho": 0.0388366178089608,
  "british": 0.016867524393746284,
  "atf to": 0.03120559761658702,
  "safely dead": 0.036118393571470814,
  "issue": 0.012244234962152248,
  "important state": 0.036118393571470814,
  "income": 0.022232278575246053,
  "labworld": 0.03120559761658702,