{
  "thinking about": 0.02237648055970949,
  "amph wind": 0.040219171880895445,
  "ma in": 0.025991676081675002,
  "news wedapr": 0.030388203328028652,
  "was using tear": 0.040219171880895445,
  "tank drove through": 0.043246015464126646,
  "tactics to": 0.03365114831418682,
  "bohr or": 0.033191058726161383,
  "news wedapr gmt": 0.03062430473095562,
  "the living room": 0.037192328297664244,
  "drove": 0.023179989917687393,
  "chelmsford": 0.02672116990116481,
  "dzoochapollohpcom hewlettpackard": 0.03062430473095562,
  "doesnt": 0.009622249492960772,
  "in article": 0.00374462053046842,
  "explanations lew": 0.040219171880895445,
  "room": 0.0347284848499091,
  "explanation": 0.020022784049959767,
  "why the fbi": 0.033191058726161383,
  "gmt nntppostinghost": 0.01836787796846986,
  "tactics": 0.023049627633190965,
  "children": 0.014533893889455819,
  "tear": 0.02130767257833505,
  "ma": 0.015071129200208632,
  "glendenning perspective is": 0.033191058726161383,
  "the tiannamen": 0.043246015464126646,
  "expressed": 0.0166960888479887,
  "in article robert": 0.021222324997230375,
  "opinions expressed are": 0.020109258404964917,
  "usenet news wedapr": 0.03062430473095562,
  "wall into the": 0.043246015464126646,
  "an explanation": 0.027720478077709994,
  "fbi was": 0.027597461147724423,
  "sender usenet": 0.00974052246568774,
  "chelmsford ma in": 0.027597461147724423,
  "wind first a": 0.043246015464126646,
  "tiannamen square": 0.043246015464126646,
  "heard": 0.011809634500422835,
  "like vry": 0.040219171880895445,
  "cant stop thinking": 0.043246015464126646,
  "points niels": 0.033191058726161383,
  "dzoochapollohpcom hewlettpackard company": 0.03062430473095562,
  "wall": 0.019479999260974712,
  "tank drove": 0.043246015464126646,
  "disclaimer opinions expressed": 0.029748013484396013,
  "usa": 0.010131397454068302,
  "niels bohr or": 0.033191058726161383,
  "disclaimer opinions": 0.028853714739216916,
  "inside the house": 0.040219171880895445,
  "in amph wind": 0.040219171880895445,
  "nntppostinghost dzoochapollohpcom hewlettpackard": 0.03062430473095562,
  "that disclaimer opinions": 0.043246015464126646,
  "wedapr gmt nntppostinghost": 0.027720478077709994,
  "gas": 0.0171152893475887,
  "heard an explanation": 0.040219171880895445,
  "wedapr gmt": 0.012082333330544783,
  "vry good": 0.040219171880895445,
  "wedapr": 0.011605600321792434,
  "to police": 0.025017250093403342,
  "people got killed": 0.043246015464126646,
  "perspective is": 0.03087390479139208,
  "first a tank": 0.043246015464126646,
  "the room": 0.026162945571427322,
  "points niels bohr": 0.033191058726161383,
  "amph": 0.03365114831418682,
  "chelmsford ma": 0.02682156081044297,
  "explanation of": 0.02682156081044297,
  "living room": 0.03087390479139208,
  "usenet": 0.008898540539738918,
  "niels": 0.029018519664906203,
  "is worthiq": 0.033191058726161383,
  "gas in amph": 0.040219171880895445,
  "lewis glendenning": 0.035421738305925536,
  "glendenning writes has": 0.043246015464126646,
  "article": 0.003442826873857984,
  "time how many": 0.043246015464126646,
  "glendenning writes": 0.035421738305925536,
  "explanation of why": 0.03365114831418682,
  "robert lewis glendenning": 0.035421738305925536,
  "article robert lewis": 0.03844858188915674,
  "bohr": 0.02839362515119147,
  "heard an": 0.030388203328028652,
  "lewis": 0.021543773981262018,
  "fbi was using": 0.040219171880895445,
  "children who": 0.02643314384093862,
  "gmt": 0.0007180343409024994,
  "a tank drove": 0.043246015464126646,
  "perspective is worthiq": 0.033191058726161383,
  "anybody heard": 0.033191058726161383,
  "to police state": 0.0279774234926573,
  "has anybody heard": 0.03416548471443304,
  "who were inside": 0.043246015464126646,
  "welcome to police": 0.0279774234926573,
  "writes has": 0.02566806048275045,
  "police state usa": 0.029553900984086695,
  "house the": 0.028541666861565625,
  "thinking about the": 0.032774857067627214,
  "writes has anybody": 0.037192328297664244,
  "not my employers": 0.0279774234926573,
  "events doesnt seem": 0.043246015464126646,
  "were inside": 0.03062430473095562,
  "explanations": 0.025991676081675002,
  "through the wall": 0.037192328297664244,
  "thinking": 0.015175686762447191,
  "is worthiq points": 0.033191058726161383,
  "lew glendenning": 0.032774857067627214,
  "worthiq points niels": 0.033191058726161383,
  "writes": 0.0027948702381777922,
  "living room i": 0.043246015464126646,
  "tear gas": 0.022923044502740082,
  "events doesnt": 0.043246015464126646,
  "employers": 0.02488491232268138,
  "room i": 0.036217902309392584,
  "company chelmsford": 0.029951157657474144,
  "tank": 0.020109258404964917,
  "good": 0.007057033997687354,
  "bohr or somebody": 0.033191058726161383,
  "inside": 0.016378187102973358,
  "lew": 0.06478978944538866,
  "amph wind first": 0.043246015464126646,
  "gmt nntppostinghost dzoochapollohpcom": 0.03062430473095562,
  "police": 0.01589493134800602,
  "tear gas in": 0.040219171880895445,
  "events": 0.0171152893475887,
  "doesnt seem like": 0.03474859123244406,
  "explanations lew lew": 0.040219171880895445,
  "are mine": 0.020844711032148164,
  "got killed": 0.033191058726161383,
  "vry": 0.040219171880895445,
  "glendenning": 0.06124860946191124,
  "dzoochapollohpcom": 0.03062430473095562,
  "room i cant": 0.043246015464126646,
  "usenet news": 0.010497442142763207,
  "disclaimer": 0.015154574011117132,
  "that disclaimer": 0.040219171880895445,
  "about the children": 0.03416548471443304,
  "tiannamen": 0.043246015464126646,
  "state usa": 0.029553900984086695,
  "expressed are": 0.019959033834146874,
  "hewlettpackard": 0.020692364922975933,
  "room at": 0.03416548471443304,
  "points": 0.016187307482491187,
  "doesnt seem": 0.022024127235473062,
  "the fbi": 0.016766604072477705,
  "living": 0.016116731203202988,
  "opinions expressed": 0.01857800569049693,
  "state": 0.009714185777667464,
  "perspective": 0.02125058925271342,
  "the wall": 0.0229648324984438,
  "company chelmsford ma": 0.030388203328028652,
  "mine not my": 0.030388203328028652,
  "sender usenet news": 0.010682556559662106,
  "mine not": 0.026924314074242943,
  "into the living": 0.043246015464126646,
  "other explanations": 0.03844858188915674,
  "in amph": 0.03844858188915674,
  "the time": 0.013342062300037729,
  "the tiannamen square": 0.043246015464126646,
  "room at the": 0.03844858188915674,
  "wind": 0.022024127235473062,
  "hewlettpackard company": 0.02713737155969898,
  "opinions": 0.011816166756281275,
  "inside the": 0.021543773981262018,
  "article robert": 0.021083684393236574,
  "nntppostinghost dzoochapollohpcom": 0.03062430473095562,
  "square": 0.022024127235473062,
  "the children": 0.020717389703364515,
  "lew glendenning perspective": 0.033191058726161383,
  "other explanations lew": 0.040219171880895445,
  "tactics to me": 0.040219171880895445,
  "mine": 0.01418295716557797,
  "employers ": 0.05569412241632176,
  "state usa sender": 0.03087390479139208,
  "time": 0.006882510628066424,
  "sender": 0.0028574390642646975,
  "seem like vry": 0.040219171880895445,
  "lew lew glendenning": 0.033191058726161383,
  "killed during": 0.03416548471443304,
  "the living": 0.02682156081044297,
  "nntppostinghost": 0.007435697573259559,
  "during the tiannamen": 0.043246015464126646,
  "wind first": 0.043246015464126646,
  "my employers": 0.02607647121642217,
  "killed during the": 0.036217902309392584,
  "using tear gas": 0.037192328297664244,
  "good tactics": 0.040219171880895445,
  "killed": 0.015945125144624952,
  "stop thinking": 0.035421738305925536,
  "house the room": 0.043246015464126646,
  "robert lewis": 0.035421738305925536,
  "drove through": 0.040219171880895445,
  "using tear": 0.036217902309392584,
  "square events doesnt": 0.043246015464126646,
  "like that disclaimer": 0.043246015464126646,
  "glendenning perspective": 0.033191058726161383,
  "worthiq points": 0.033191058726161383,