{
  "scared you havent": 0.03597730609658226,
  "limit i still": 0.03868491227064454,
  "true self": 0.032398045425198835,
  "in child": 0.028665578843060414,
  "homosexuality in": 0.025531412934759877,
  "writes homosexuals": 0.032398045425198835,
  "cramer writes": 0.021285118144654277,
  "ones true": 0.03326969992251997,
  "ma true personal": 0.03326969992251997,
  "hot young": 0.02969043925113655,
  "boston university": 0.04417845546277847,
  "in article": 0.003349680083895579,
  "politicians scared you": 0.03597730609658226,
  "the evidence": 0.01881148908614304,
  "usa in article": 0.020218553603799462,
  "say theyre gay": 0.03597730609658226,
  "homosexuals in child": 0.031685851843972455,
  "percentage apr": 0.024910066471362662,
  "astronomy department boston": 0.031083700750897225,
  "percentage": 0.053848474733013255,
  "apr gmt sender": 0.0088444389438509,
  "the janus": 0.03326969992251997,
  "weighing all": 0.03597730609658226,
  "gmt sender": 0.00702355478820255,
  "disproportionate": 0.05396566615414853,
  "say that weighing": 0.03597730609658226,
  "report which came": 0.03597730609658226,
  "talkpoliticsmisc astronomy": 0.032398045425198835,
  "lie about the": 0.030102003765424934,
  "talkpoliticsmisc": 0.023250366494935844,
  "evidence gives": 0.03597730609658226,
  "is a lower": 0.03597730609658226,
  "university boston": 0.04665243678563029,
  "dept": 0.011654897232178094,
  "article": 0.003079716227005775,
  "most likely percentage": 0.03597730609658226,
  "havent shown": 0.03439345801803474,
  "number to hide": 0.031685851843972455,
  "men no": 0.03868491227064454,
  "cramer": 0.019552725552086293,
  "gay percentage apr": 0.024910066471362662,
  "star astronomy dept": 0.032398045425198835,
  "personal salvation is": 0.03326969992251997,
  "about the number": 0.025531412934759877,
  "betweenand": 0.023403572405690846,
  "lie": 0.035161407495411905,
  "usa": 0.009062851628834537,
  "true": 0.02000436212463404,
  "star astronomy": 0.032398045425198835,
  "predominantly gay men": 0.03597730609658226,
  "keep politicians": 0.031685851843972455,
  "shown any disproportionate": 0.03597730609658226,
  "surveys thus the": 0.03597730609658226,
  "true self ": 0.03326969992251997,
  "new study": 0.020814947510865704,
  "astronomy dept boston": 0.032398045425198835,
  "doubt are": 0.031685851843972455,
  "limit": 0.017476530907541258,
  "department boston university": 0.027394397591362647,
  "hot young star": 0.030562093748457683,
  "personal": 0.013089178336915674,
  "university": 0.007626219945570442,
  "dept boston university": 0.032398045425198835,
  "hide their": 0.027854487574395397,
  "faith in": 0.020657097751733373,
  "boston ma usa": 0.025668488402772652,
  "janus": 0.03326969992251997,
  "absolute": 0.017687730990628273,
  "gay men": 0.02661052768721362,
  "is achieved": 0.02969043925113655,
  "on gay percentage": 0.021519095260205328,
  "child": 0.015222595240950274,
  "ma": 0.026963192084748257,
  "by absolute faith": 0.03326969992251997,
  "molestation they": 0.032398045425198835,
  "janus report which": 0.03597730609658226,
  "likely percentage betweenand": 0.03597730609658226,
  "percentage betweenand": 0.03597730609658226,
  "you havent": 0.02058050216037253,
  "men no one": 0.03868491227064454,
  "disproportionate involvement the": 0.03597730609658226,
  "article clayton": 0.022439275226270823,
  "homosexuals in": 0.027854487574395397,
  "child molestation they": 0.032398045425198835,
  "likely percentage": 0.03597730609658226,
  "percentage apr gmt": 0.024910066471362662,
  "theyre gay": 0.03597730609658226,
  "molestation": 0.026982833077074265,
  "betweenand brian": 0.03868491227064454,
  "no doubt": 0.020116200586635307,
  "university boston ma": 0.04816928064845027,
  "ma usa": 0.021107530745916946,
  "gay if theyre": 0.03597730609658226,
  "weighing all the": 0.03597730609658226,
  "all the evidence": 0.027183197508275633,
  "weighing": 0.02837609457683494,
  "of exclusively": 0.03326969992251997,
  "involvement": 0.043850610157317275,
  "absolute faith in": 0.03326969992251997,
  "a lower limit": 0.03597730609658226,
  "hide the": 0.025398984998526747,
  "they also lie": 0.031685851843972455,
  "report which": 0.028978245669910165,
  "of homosexuals": 0.027394397591362647,
  "hide": 0.03910545110417259,
  "lie about": 0.05733115768612083,
  "boston university boston": 0.04915952834875608,
  "in surveys": 0.03597730609658226,
  "writes": 0.0025000987677449783,
  "ma usa in": 0.02661052768721362,
  "usa in": 0.019641172726890043,
  "predominantly gay": 0.03597730609658226,
  "ma true": 0.03326969992251997,
  "to keep politicians": 0.031685851843972455,
  "brian hot": 0.03439345801803474,
  "janus report": 0.03326969992251997,
  "cramer writes homosexuals": 0.032398045425198835,
  "article clayton cramer": 0.02250079224567762,
  "apr": 0.005132123782379451,
  "study out": 0.0210643673233131,
  "involvement of": 0.026982833077074265,
  "in ones true": 0.03326969992251997,
  "that weighing": 0.03597730609658226,
  "lie about to": 0.031685851843972455,
  "the disproportionate involvement": 0.031685851843972455,
  "gmt sender talkpoliticsmisc": 0.030562093748457683,
  "involvement the": 0.03439345801803474,
  "limit i": 0.031083700750897225,
  "as the percentage": 0.03597730609658226,
  "gmt": 0.000642304156510439,
  "number to": 0.02289174325566583,
  "report": 0.014777500477867392,
  "politicians": 0.02142381614643908,
  "clayton cramer": 0.020735225356056302,
  "evidence gives a": 0.03597730609658226,
  "surveys thus": 0.03597730609658226,
  "achieved": 0.021239958682150076,
  "department": 0.011276280692932749,
  "doubt": 0.013438703454548175,
  "clayton cramer writes": 0.021285118144654277,
  "achieved by": 0.028978245669910165,
  "young star": 0.030562093748457683,
  "homosexuality in surveys": 0.03597730609658226,
  "evidence": 0.012245485662642084,
  "the percentage": 0.02679224649828742,
  "a lower": 0.023992724318716564,
  "astronomy": 0.037479625526440796,
  "exclusively or predominantly": 0.03597730609658226,
  "hot": 0.01637855673402396,
  "young star astronomy": 0.032398045425198835,
  "disproportionate involvement": 0.06337170368794491,
  "or predominantly gay": 0.03597730609658226,
  "gay": 0.05232724491048993,
  "apr gmt": 0.0058759860873011495,
  "politicians scared": 0.031685851843972455,
  "absolute faith": 0.03326969992251997,
  "sender talkpoliticsmisc": 0.030562093748457683,
  "scared you": 0.03597730609658226,
  "any disproportionate involvement": 0.03597730609658226,
  "study": 0.014634213108200967,
  "involvement of homosexuals": 0.031685851843972455,
  "homosexuality": 0.018860014554887405,
  "star": 0.017988360057566273,
  "clayton": 0.019009316167466303,
  "boston ma": 0.044878550452541646,
  "exclusively": 0.021666518416388326,
  "homosexuals lie about": 0.031685851843972455,
  "lower limit i": 0.03868491227064454,
  "exclusively or": 0.03597730609658226,
  "any disproportionate": 0.03597730609658226,
  "percentage betweenand brian": 0.03868491227064454,
  "in article clayton": 0.022439275226270823,
  "department boston": 0.027394397591362647,
  "also lie": 0.031083700750897225,
  "dept boston": 0.031685851843972455,
  "surveys": 0.02514688140033311,
  "brian hot young": 0.03439345801803474,
  "percentage of exclusively": 0.03597730609658226,
  "sender": 0.0025560685379555303,
  "brian": 0.014855541364316167,
  "men": 0.01377582263041553,
  "sender talkpoliticsmisc astronomy": 0.032398045425198835,
  "disproportionate involvement of": 0.031685851843972455,
  "homosexuals lie": 0.031685851843972455,
  "betweenand brian hot": 0.03868491227064454,
  "some no doubt": 0.03597730609658226,
  "number": 0.009860661772096478,
  "homosexuals": 0.03859760086738356,
  "hide their homosexuality": 0.03597730609658226,
  "the janus report": 0.03326969992251997,
  "salvation is achieved": 0.03326969992251997,
  "boston": 0.062214986275643556,
  "by absolute": 0.03326969992251997,