{
  "pythagorean": 0.044385859388536945,
  "td i": 0.027863054596888905,
  "eg texas": 0.031339675763560136,
  "rutgersremusrutgersedukaldis": 0.02155789584786926,
  "the american": 0.013730433968235155,
  "brunswick": 0.01817865334786497,
  "numbers and": 0.01843607625752938,
  "university rutgersremusrutgersedukaldis as": 0.02155789584786926,
  "repent of your": 0.022769896646148077,
  "rutgers univ new": 0.0200885743031506,
  "heard": 0.017116495573397655,
  "disparaged as a": 0.031339675763560136,
  "church repent": 0.022769896646148077,
  "kaldis join": 0.031339675763560136,
  "dont know that": 0.01982832715683107,
  "article paul moloney": 0.027863054596888905,
  "heart": 0.012677796435595768,
  "repent": 0.019511607351270995,
  "antihispanic bigotry": 0.026952668291661746,
  "in article": 0.002713664878092621,
  "acceptinto your": 0.022769896646148077,
  "td": 0.022988228517942227,
  "in the northeast": 0.025181732253891424,
  "perceived by": 0.026952668291661746,
  "rutgersremusrutgersedukaldis as": 0.02155789584786926,
  "have indeed heard": 0.031339675763560136,
  "major university": 0.021417225713151435,
  "pythagoras but": 0.031339675763560136,
  "southwest": 0.020576392910198884,
  "dont suppose": 0.02405301407687012,
  "percentage apr": 0.020180307014774815,
  "irrational numbers and": 0.022769896646148077,
  "i dont": 0.011554303655367614,
  "percentage": 0.014541360265455057,
  "eating ways acceptinto": 0.022769896646148077,
  "smacks of antihispanic": 0.026952668291661746,
  "northeast are": 0.031339675763560136,
  "irrational": 0.017676738695407253,
  "of pythagoras": 0.06267935152712027,
  "reform church": 0.045539793292296155,
  "the pythagorean reform": 0.045539793292296155,
  "eater": 0.04513132163952672,
  "heart call": 0.022769896646148077,
  "repent of": 0.02170511108722019,
  "gay": 0.014130564026461416,
  "views": 0.023915532597410114,
  "univ": 0.011241936153703365,
  "call the": 0.015960522585200414,
  "youve heard of": 0.029146172027610943,
  "new brunswick nj": 0.0200885743031506,
  "mexicans in those": 0.031339675763560136,
  "article": 0.002494959981371767,
  "apr gmt": 0.004760292526421185,
  "reform church bbs": 0.022769896646148077,
  "and bean": 0.022769896646148077,
  "in article paul": 0.01658195711130676,
  "article paul": 0.016552242743111064,
  "church repent of": 0.022769896646148077,
  "gay percentage apr": 0.020180307014774815,
  "disparaged": 0.029146172027610943,
  "eating ways": 0.022769896646148077,
  "the american southwest": 0.031339675763560136,
  "pythagorean reform": 0.045539793292296155,
  "the term": 0.015143492812874202,
  "generally mexicans in": 0.031339675763560136,
  "call": 0.008299494765507157,
  "a kaldis": 0.03887428750374329,
  "as voracious": 0.031339675763560136,
  "reform church repent": 0.022769896646148077,
  "evil irrational": 0.022769896646148077,
  "voracious": 0.031339675763560136,
  "mexicans in": 0.031339675763560136,
  "guzzlers the views": 0.031339675763560136,
  "new study": 0.016862742287283607,
  "ways acceptinto your": 0.022769896646148077,
  "idiocy td": 0.031339675763560136,
  "gmt rutgers": 0.023476047124990514,
  "a bean": 0.031339675763560136,
  "acceptinto": 0.022769896646148077,
  "smacks": 0.023222747417162865,
  "bbs at the": 0.02375139958381846,
  "term bean eater": 0.031339675763560136,
  "mexicans": 0.02566955086093971,
  "gmt rutgers univ": 0.023476047124990514,
  "reform": 0.03281543462018929,
  "the northeast": 0.024386433430217666,
  "bean eating": 0.022769896646148077,
  "paul": 0.010799411413868658,
  "a slur": 0.031339675763560136,
  "your evil": 0.02115335986207849,
  "on gay percentage": 0.017433191096875203,
  "guzzlers the": 0.031339675763560136,
  "parts much like": 0.031339675763560136,
  "west eg": 0.031339675763560136,
  "ways": 0.011314559359353823,
  "eater in the": 0.031339675763560136,
  "those of hispanic": 0.031339675763560136,
  "evil irrational numbers": 0.022769896646148077,
  "of your evil": 0.022769896646148077,
  "university": 0.0030891017501044828,
  "california": 0.010088462515665576,
  "youve heard": 0.02405301407687012,
  "bigotry": 0.01833058125668257,
  "smack of": 0.029146172027610943,
  "percentage apr gmt": 0.020180307014774815,
  "numbers": 0.011286429778919499,
  "beer": 0.016552242743111064,
  "texas": 0.01105431221303429,
  "voracious beer": 0.031339675763560136,
  "of hispanic heritage": 0.031339675763560136,
  "term": 0.01221741996076779,
  "colorado": 0.012669114518045923,
  "was ever disparaged": 0.031339675763560136,
  "a kaldis join": 0.031339675763560136,
  "herein are theodore": 0.021417225713151435,
  "expressed": 0.01209938084237156,
  "parts": 0.011622962321856079,
  "colorado the": 0.027863054596888905,
  "suppose": 0.012013653966907432,
  "beer guzzlers the": 0.031339675763560136,
  "paul moloney": 0.027863054596888905,
  "moloney writes": 0.027863054596888905,
  "ways acceptinto": 0.022769896646148077,
  "smacks of": 0.02375139958381846,
  "northeast are perceived": 0.031339675763560136,
  "idiocy": 0.022988228517942227,
  "bigotry you": 0.031339675763560136,
  "pythagoras": 0.05390533658332349,
  "major university rutgersremusrutgersedukaldis": 0.02155789584786926,
  "american southwest and": 0.031339675763560136,
  "heart call the": 0.022769896646148077,
  "southwest and west": 0.031339675763560136,
  "as a slur": 0.031339675763560136,
  "gay percentage": 0.017433191096875203,
  "hold such": 0.021417225713151435,
  "major": 0.010294488900941713,
  "texas california": 0.031339675763560136,
  "church bbs": 0.022769896646148077,
  "of idiocy td": 0.031339675763560136,
  "the irish": 0.02566955086093971,
  "a major university": 0.02155789584786926,
  "of hispanic": 0.031339675763560136,
  "generally": 0.012180057579163394,
  "ever disparaged": 0.031339675763560136,
  "irrational numbers": 0.022769896646148077,
  "kaldis": 0.038047577488445415,
  "kaldis join the": 0.031339675763560136,
  "generally mexicans": 0.031339675763560136,
  "the views": 0.0179406045464802,
  "slur against": 0.031339675763560136,
  "bigotry you smack": 0.031339675763560136,
  "youve": 0.011957766298705057,
  "apr": 0.004157669899649176,
  "heritage generally": 0.031339675763560136,
  "perceived": 0.018835739945264482,
  "are theodore": 0.021417225713151435,
  "gmt": 0.0005203476710970644,
  "acceptinto your heart": 0.022769896646148077,
  "smack of idiocy": 0.031339675763560136,
  "as voracious beer": 0.031339675763560136,
  "dont suppose youve": 0.031339675763560136,
  "pythagoras but i": 0.031339675763560136,
  "and west": 0.024759164555712553,
  "perceived by some": 0.031339675763560136,
  "in those parts": 0.031339675763560136,
  "study out": 0.017064803907494156,
  "apr gmt rutgers": 0.02375139958381846,
  "irish in the": 0.031339675763560136,
  "bean eater is": 0.031339675763560136,
  "univ new": 0.0200885743031506,
  "bbs at": 0.020472627648100813,
  "suppose youve heard": 0.031339675763560136,
  "dont know": 0.008886940392398329,
  "brunswick nj": 0.0200885743031506,
  "guzzlers": 0.031339675763560136,
  "paul moloney writes": 0.027863054596888905,
  "bbs": 0.012270479643859774,
  "california colorado": 0.031339675763560136,
  "evil": 0.012875084823488599,
  "are perceived": 0.029146172027610943,
  "this would hold": 0.021417225713151435,
  "as a bean": 0.031339675763560136,
  "join": 0.014685592887278852,
  "eg texas california": 0.031339675763560136,
  "irish": 0.020794724781993033,
  "heritage generally mexicans": 0.031339675763560136,
  "join the": 0.01713513028972425,
  "beer guzzlers": 0.031339675763560136,
  "the pythagorean": 0.04513132163952672,
  "and bean eating": 0.022769896646148077,
  "above smacks": 0.026952668291661746,
  "some as voracious": 0.031339675763560136,
  "a bean eater": 0.031339675763560136,
  "the term bean": 0.031339675763560136,
  "slur": 0.029146172027610943,
  "antihispanic bigotry you": 0.031339675763560136,
  "views ": 0.0401771486063012,
  "your heart call": 0.022769896646148077,