{
  "references": 0.024557650107513967,
  "organizing": 0.03911388708993928,
  "write and": 0.040549375523373135,
  "publish": 0.03383232045302914,
  "ot i": 0.052409078884624365,
  "christ": 0.02236314454533396,
  "in the process": 0.030451463086327124,
  "ready": 0.02521970745936054,
  "the process": 0.027351606213594035,
  "post": 0.015385702337601793,
  "fulfillments then": 0.05894843774574406,
  "around september": 0.05894843774574406,
  "christ references": 0.05894843774574406,
  "luck": 0.024576107117503538,
  "publish i am": 0.05894843774574406,
  "show their fulfillment": 0.05894843774574406,
  "write and send": 0.05894843774574406,
  "i cannot post": 0.054822561670982484,
  "fulfillments": 0.05894843774574406,
  "organizing and showing": 0.05894843774574406,
  "starting to": 0.03286494587268524,
  "gmt": 0.0009787491908730497,
  "send it": 0.03309245309185309,
  "starting": 0.023152514197870244,
  "to publish": 0.040549375523373135,
  "of organizing": 0.052409078884624365,
  "to a publisher": 0.05894843774574406,
  "adam i": 0.048283202809862785,
  "were fulfilled": 0.052409078884624365,
  "so needless": 0.05894843774574406,
  "cannot post": 0.054822561670982484,
  "prophecies themselves but": 0.05894843774574406,
  "study i did": 0.05894843774574406,
  "free": 0.01670112315875125,
  "apr": 0.007820379096959163,
  "prophecies themselves": 0.05894843774574406,
  "missed some so": 0.05894843774574406,
  "time i": 0.024113899175657906,
  "a publisher": 0.052409078884624365,
  "process": 0.021643672575855002,
  "university adam i": 0.05894843774574406,
  "with any luck": 0.052409078884624365,
  "september": 0.034100894472555744,
  "write": 0.01935574802199569,
  "any luck": 0.04586972002350466,
  "luck andor": 0.05894843774574406,
  "have it finally": 0.05894843774574406,
  "and showing": 0.050696685596220904,
  "ot apr": 0.054822561670982484,
  "ready to": 0.028928050145034263,
  "needless": 0.03467738153201954,
  "showing the": 0.03699082194744682,
  "i hope joe": 0.05894843774574406,
  "september i": 0.04736563923946244,
  "process of organizing": 0.05894843774574406,
  "indiana": 0.028171747299088397,
  "a study": 0.03357534323954576,
  "hope joe": 0.05894843774574406,
  "intend": 0.030161045442461457,
  "showing": 0.025826292464061363,
  "post them": 0.04003145066033962,
  "free time": 0.04586972002350466,
  "time": 0.00938151746325721,
  "did i intend": 0.054822561670982484,
  "fisher": 0.036423499448611556,
  "i intend": 0.03813589273701501,
  "send": 0.017478395253994163,
  "university": 0.0058104532918631935,
  "organizing and": 0.05894843774574406,
  "adam i just": 0.05894843774574406,
  "ot i foundreferences": 0.05894843774574406,
  "ready to write": 0.05894843774574406,
  "after starting": 0.048283202809862785,
  "finished a study": 0.05894843774574406,
  "will be ready": 0.048283202809862785,
  "they were fulfilled": 0.05894843774574406,
  "gmt sender": 0.010702559677261027,
  "i foundreferences": 0.05894843774574406,
  "publish i": 0.05894843774574406,
  "had missed": 0.050696685596220904,
  "starting to show": 0.054822561670982484,
  "luck andor free": 0.05894843774574406,
  "ot": 0.060322090884922915,
  "ot apr gmt": 0.054822561670982484,
  "just finished": 0.04323976316470086,
  "indiana university adam": 0.05894843774574406,
  "in ot": 0.040549375523373135,
  "joe fisher ": 0.0441573267351012,
  "foundreferences": 0.05894843774574406,
  "and send": 0.0349880110151777,
  "finally done": 0.054822561670982484,
  "foundreferences after": 0.05894843774574406,
  "re christ": 0.05894843774574406,
  "fulfillments then i": 0.05894843774574406,
  "andor free": 0.05894843774574406,
  "i just finished": 0.048283202809862785,
  "any luck andor": 0.05894843774574406,
  "joe fisher": 0.0420840726025523,
  "fulfillment": 0.03978846259771906,
  "prophecies": 0.03615890562378517,
  "andor": 0.024182713594711934,
  "study i": 0.046570809521459325,
  "september i hope": 0.05894843774574406,
  "to write": 0.02676289148705288,
  "study on": 0.03729613917594415,
  "hope": 0.01718290391304038,
  "sender indiana university": 0.03761796787398151,
  "intend to publish": 0.05894843774574406,
  "i hope": 0.02199254473326413,
  "study on this": 0.052409078884624365,
  "post them here": 0.052409078884624365,
  "their fulfillment": 0.052409078884624365,
  "in ot apr": 0.054822561670982484,
  "publisher with": 0.05894843774574406,
  "free time i": 0.05894843774574406,
  "apr gmt sender": 0.013477240295391846,
  "foundreferences after starting": 0.05894843774574406,
  "fisher ": 0.08736176409313649,
  "the fulfillments": 0.05894843774574406,
  "the study": 0.032297623373849976,
  "fulfilled while going": 0.05894843774574406,
  "publisher": 0.03795819652779072,
  "the ot": 0.034577339161088703,
  "fulfilled": 0.036560341818996665,
  "apr gmt": 0.00895388356160175,
  "it finally": 0.04524257409696998,
  "process of": 0.03075678031482445,
  "showing the fulfillments": 0.05894843774574406,
  "christ references in": 0.05894843774574406,
  "fulfillment i found": 0.05894843774574406,
  "i had missed": 0.05894843774574406,
  "indiana university": 0.029619546762665462,
  "study": 0.04459950661546961,
  "gmt sender indiana": 0.038703215235850276,
  "through the ot": 0.054822561670982484,
  "finished": 0.02944946716478418,
  "sender": 0.003894961581646522,
  "needless to say": 0.03603089249746991,
  "finished a": 0.052409078884624365,
  "sender indiana": 0.03761796787398151,
  "missed": 0.025826292464061363,
  "hope joe fisher": 0.05894843774574406,
  "adam": 0.028448652154058,
  "some so needless": 0.05894843774574406,
  "at the prophecies": 0.05894843774574406,
  "the prophecies": 0.044675251598134715,
  "references in ot": 0.05894843774574406,
  "finally done sometime": 0.05894843774574406,
  "missed some": 0.054822561670982484,
  "fulfillment i": 0.05894843774574406,
  "re christ references": 0.05894843774574406,
  "finally": 0.021531782421286536,
  "publisher with any": 0.05894843774574406,
  "however the study": 0.05894843774574406,
  "sometime around september": 0.05894843774574406,
  "be ready": 0.038703215235850276,
  "time i should": 0.05894843774574406,
  "references in": 0.0441573267351012,
  "needless to": 0.03603089249746991,
  "send it to": 0.038319057371936166,
  "fulfilled while": 0.05894843774574406,
  "university adam": 0.05894843774574406,
  "intend to": 0.03177969851081647,
  "joe": 0.023912104225207422,
  "andor free time": 0.05894843774574406
}