{
  "tend": 0.01424043693525674,
  "randall wrote in": 0.033121530238411384,
  "basically that": 0.027129023652364376,
  "position is basically": 0.033121530238411384,
  "scripture people": 0.033121530238411384,
  "misleading hi you": 0.033121530238411384,
  "hst or": 0.033121530238411384,
  "note reply to": 0.033121530238411384,
  "socreligionchristian evenson thomas": 0.033121530238411384,
  "also interesting": 0.025101813606978704,
  "timed internet": 0.033121530238411384,
  "message": 0.01822093359050815,
  "open": 0.01079014742487581,
  "brings me": 0.02616687625286009,
  "note is that": 0.02616687625286009,
  "catalyst bbs in": 0.02944724164754814,
  "all which brings": 0.033121530238411384,
  "prophetic warning to": 0.027129023652364376,
  "theres a lot": 0.021230734046139094,
  "is the bible": 0.02542057675013698,
  "light": 0.011677321985201022,
  "jesus told": 0.02661346953922973,
  "scripture without": 0.033121530238411384,
  "internet via": 0.027129023652364376,
  "catpealtza": 0.02944724164754814,
  "people tend": 0.02661346953922973,
  "catalyst": 0.02481080565718061,
  "rather an inspired": 0.028485094248043852,
  "prophecy misleading": 0.028485094248043852,
  "queation amongst": 0.033121530238411384,
  "question is": 0.012529627276586781,
  "re prophetic warning": 0.027129023652364376,
  "scripture is it": 0.056970188496087704,
  "god": 0.009034853591148414,
  "his position": 0.022634927509551348,
  "important experience": 0.033121530238411384,
  "groetnis": 0.033121530238411384,
  "macarthur in": 0.033121530238411384,
  "york": 0.011800376994839152,
  "message to": 0.019599619643647,
  "york city apr": 0.027129023652364376,
  "translation of": 0.020542265637429565,
  "interesting to note": 0.022939180948366486,
  "note": 0.019672870080393288,
  "a lot": 0.008605124847627427,
  "or not groetnis": 0.033121530238411384,
  "thomas randall wrote": 0.033121530238411384,
  "position": 0.011506047104897435,
  "of scripture": 0.05779467707250974,
  "reply to a": 0.02616687625286009,
  "translation": 0.015772413830917216,
  "thomas": 0.012872569214099103,
  "worthwhile to": 0.023848658257676326,
  "interesting": 0.010901497686078029,
  "in socreligionchristian evenson": 0.033121530238411384,
  "to note": 0.01834279910865687,
  "message to all": 0.033121530238411384,
  "africa catpealtza": 0.02944724164754814,
  "question is the": 0.02327390823451024,
  "deon": 0.028485094248043852,
  "socreligionchristian": 0.022634927509551348,
  "in socreligionchristian": 0.030803312243227618,
  "gmt sender": 0.006013478347089808,
  "groetnis cheers": 0.033121530238411384,
  "evenson": 0.028485094248043852,
  "charismatic or not": 0.02944724164754814,
  "reply": 0.012085692208615405,
  "queation amongst others": 0.033121530238411384,
  "so called prophecies": 0.028485094248043852,
  "and jesus": 0.022224886298540202,
  "africa catpealtza hst": 0.02944724164754814,
  "hst": 0.03530678747826576,
  "prophetic": 0.023454735061501128,
  "thomas randall": 0.028485094248043852,
  "worthwhile to read": 0.033121530238411384,
  "elizabeth south": 0.02944724164754814,
  "inspired translation": 0.028485094248043852,
  "bbs in port": 0.02944724164754814,
  "an open": 0.01755644545527585,
  "interesting to": 0.018424375874958408,
  "south": 0.01364646035385279,
  "simplified his": 0.033121530238411384,
  "book of scripture": 0.028485094248043852,
  "south africa catpealtza": 0.02944724164754814,
  "without living": 0.028485094248043852,
  "randall wrote": 0.033121530238411384,
  "evenson thomas": 0.028485094248043852,
  "a closed book": 0.028485094248043852,
  "discussed exactly this": 0.033121530238411384,
  "closed book": 0.028485094248043852,
  "basically that one": 0.033121530238411384,
  "brings": 0.017400860118704304,
  "book of": 0.017082096975546027,
  "brings me around": 0.028485094248043852,
  "lot more": 0.015828941626243646,
  "in the light": 0.022783595611794938,
  "apr gmt sender": 0.007572496219484383,
  "warning to new": 0.027129023652364376,
  "discussed": 0.015190787209282868,
  "saying god": 0.025101813606978704,
  "one must decide": 0.033121530238411384,
  "this and jesus": 0.028485094248043852,
  "charismatic chaos": 0.02944724164754814,
  "cheers deon timed": 0.033121530238411384,
  "to a message": 0.02661346953922973,
  "new york": 0.012036417186832848,
  "apr gmt": 0.005030944609863191,
  "to say scripture": 0.033121530238411384,
  "without testing": 0.033121530238411384,
  "book": 0.010469087510466445,
  "gmt": 0.0005499326557413791,
  "read whether": 0.033121530238411384,
  "or scripture": 0.033121530238411384,
  "queation": 0.033121530238411384,
  "charismatic or": 0.02944724164754814,
  "bbs in": 0.025772953056684894,
  "an open question": 0.02661346953922973,
  "prophetic warning": 0.027129023652364376,
  "whether youre charismatic": 0.033121530238411384,
  "must decide": 0.02661346953922973,
  "groetnis cheers deon": 0.033121530238411384,
  "across without testing": 0.033121530238411384,
  "very simplified": 0.030803312243227618,
  "call that prophecy": 0.028485094248043852,
  "not groetnis": 0.033121530238411384,
  "read": 0.01522269666084615,
  "simplified": 0.022783595611794938,
  "living": 0.012343583429877873,
  "asking an open": 0.028485094248043852,
  "that prophecy misleading": 0.028485094248043852,
  "by john macarthur": 0.033121530238411384,
  "catalyst bbs": 0.02944724164754814,
  "deon timed": 0.033121530238411384,
  "an inspired translation": 0.028485094248043852,
  "randall": 0.022356059252230106,
  "in port": 0.028485094248043852,
  "inspired translation of": 0.028485094248043852,
  "south africa": 0.020174369666813085,
  "by john": 0.020701556771172892,
  "own feelingprophecyetc": 0.033121530238411384,
  "cheers deon": 0.033121530238411384,
  "to new york": 0.02429525154404597,
  "charismatic chaos by": 0.033121530238411384,
  "catpealtza hst or": 0.033121530238411384,
  "youre charismatic": 0.033121530238411384,
  "right to call": 0.027129023652364376,
  "message in socreligionchristian": 0.033121530238411384,
  "macarthur": 0.02661346953922973,
  "tend to say": 0.030803312243227618,
  "a closed": 0.022356059252230106,
  "living according to": 0.033121530238411384,
  "experience or scripture": 0.033121530238411384,
  "prophecies": 0.020316709514367585,
  "africa": 0.018507992270294253,
  "really worthwhile": 0.033121530238411384,
  "tend to": 0.01433634262079743,
  "chaos by": 0.033121530238411384,
  "experience or": 0.028485094248043852,
  "socreligionchristian evenson": 0.033121530238411384,
  "to read charismatic": 0.033121530238411384,
  "internet via the": 0.02944724164754814,
  "wrote in": 0.015082642123520538,
  "light of scripture": 0.033121530238411384,
  "open question": 0.02616687625286009,
  "prophecy misleading hi": 0.033121530238411384,
  "say scripture": 0.033121530238411384,
  "misleading": 0.02039021756359426,
  "jesus told me": 0.028485094248043852,
  "this really worthwhile": 0.033121530238411384,
  "want to read": 0.022939180948366486,
  "it he discussed": 0.033121530238411384,
  "note is": 0.025101813606978704,
  "port": 0.014124297432334232,
  "which brings": 0.02429525154404597,
  "is basically": 0.01948428126213807,
  "macarthur in it": 0.033121530238411384,
  "elizabeth": 0.018960638918688103,
  "experience": 0.011112703692307872,
  "simplified his position": 0.033121530238411384,
  "living according": 0.033121530238411384,
  "city apr gmt": 0.027129023652364376,
  "york city": 0.020174369666813085,
  "sender note reply": 0.033121530238411384,
  "the catalyst bbs": 0.02944724164754814,
  "prophecy": 0.019372788217764857,
  "re prophetic": 0.027129023652364376,
  "position is": 0.019372788217764857,
  "decide": 0.013696304519413241,
  "wrote": 0.00858981826894043,
  "scripture theres a": 0.033121530238411384,
  "basically": 0.01317644882162728,
  "decide what": 0.022224886298540202,
  "catpealtza hst": 0.02944724164754814,
  "decide what is": 0.028485094248043852,