{
  "greek databaseword": 0.04214186187780852,
  "singapore hi": 0.039192299407340675,
  "a word": 0.023187192532048914,
  "systems singapore": 0.04214186187780852,
  "usenet nowadays nicodemus": 0.04214186187780852,
  "computer science": 0.013339763104835633,
  "processor": 0.021113596249683824,
  "who studies": 0.04214186187780852,
  "lumpur malaysia": 0.033861393158424215,
  "nanyang": 0.033293174466404965,
  "nowadays nicodemus": 0.04214186187780852,
  "address": 0.013702028066037143,
  "nowadays nicodemus chan": 0.04214186187780852,
  "science": 0.010816860052372998,
  "nico": 0.039192299407340675,
  "national university of": 0.056555242580966135,
  "ridge": 0.059684815177777344,
  "nus": 0.033293174466404965,
  "systems singapore tel": 0.04214186187780852,
  "apr gmt": 0.006401074205740827,
  "unsearchable things": 0.04214186187780852,
  "ps can": 0.03624273693687282,
  "raffles": 0.03624273693687282,
  "kent": 0.03877642562185136,
  "any greek": 0.039192299407340675,
  "wordprocessordatabase apr gmt": 0.04214186187780852,
  "national university": 0.055337363060619975,
  "nicodemus chan raffles": 0.04214186187780852,
  "cres department": 0.04214186187780852,
  "wordprocessordatabase apr": 0.04214186187780852,
  "lumpur malaysia singapore": 0.04214186187780852,
  "chan raffles": 0.04214186187780852,
  "ps": 0.016088700986257944,
  "show thee great": 0.04214186187780852,
  "thee": 0.027012721190619527,
  "cres": 0.04214186187780852,
  "thee great and": 0.04214186187780852,
  "things like": 0.02031250564409332,
  "chan": 0.029842407588888672,
  "count": 0.01816403377921597,
  "things you do": 0.039192299407340675,
  "wordprocessordatabase": 0.04214186187780852,
  "call unto me": 0.04214186187780852,
  "databaseword processor that": 0.04214186187780852,
  "nanyang estate jinjang": 0.04214186187780852,
  "answer you and": 0.04214186187780852,
  "any greek databaseword": 0.04214186187780852,
  "databaseword processor": 0.04214186187780852,
  "jeremiah ": 0.08428372375561705,
  "department of": 0.01497800385702552,
  "kent ridge": 0.07493383193716506,
  "malaysia": 0.03091183068795636,
  "like count occurrences": 0.04214186187780852,
  "email": 0.017778194957280988,
  "know jeremiah": 0.04214186187780852,
  "into usenet": 0.039192299407340675,
  "singapore tel computer": 0.04214186187780852,
  "of a word": 0.03156779102764682,
  "call unto": 0.04214186187780852,
  "usenet": 0.008671343760000904,
  "and unsearchable things": 0.04214186187780852,
  "call": 0.011160171684681964,
  "jinjang north": 0.04214186187780852,
  "crescent kuala": 0.04214186187780852,
  "friend who studies": 0.04214186187780852,
  "count occurrences of": 0.04214186187780852,
  "chan raffles hall": 0.04214186187780852,
  "information systems singapore": 0.04214186187780852,
  "nico ps": 0.04214186187780852,
  "estate jinjang": 0.04214186187780852,
  "seldom look into": 0.04214186187780852,
  "apr gmt sender": 0.009634793062237575,
  "kuala lumpur malaysia": 0.033861393158424215,
  "things": 0.01887348493659962,
  "occurrences": 0.03529318991000384,
  "studies greek thanks": 0.04214186187780852,
  "email call unto": 0.04214186187780852,
  "raffles hall": 0.04214186187780852,
  "singapore": 0.10303302024808417,
  "crescent": 0.03279197005935652,
  "estate jinjang north": 0.04214186187780852,
  "thanks nico ps": 0.04214186187780852,
  "thanks nico": 0.04214186187780852,
  "greek thanks nico": 0.04214186187780852,
  "nowadays": 0.0255809244390399,
  "of singapore": 0.05759866659877322,
  "tel": 0.017312880017967647,
  "do things": 0.026444502498600284,
  "posting this up": 0.04214186187780852,
  "unsearchable": 0.04214186187780852,
  "lumpur": 0.033861393158424215,
  "word": 0.012920869177970728,
  "word letter": 0.04214186187780852,
  "letter": 0.017154126603445053,
  "nico ps can": 0.04214186187780852,
  "sender": 0.002784483173262195,
  "occurrences of": 0.03746691596858253,
  "of singapore nanyang": 0.04214186187780852,
  "national": 0.026167025273560157,
  "show thee": 0.04214186187780852,
  "science hometown address": 0.04214186187780852,
  "posting this": 0.023826691268429078,
  "processor that": 0.033293174466404965,
  "al im": 0.04214186187780852,
  "for a friend": 0.025410688972598627,
  "answer you": 0.03122718376095092,
  "sender national university": 0.03279197005935652,
  "tel computer science": 0.04214186187780852,
  "university of": 0.013438308158111515,
  "databaseword": 0.04214186187780852,
  "singapore nanyang estate": 0.04214186187780852,
  "address national": 0.04214186187780852,
  "kent ridge cres": 0.04214186187780852,
  "into usenet nowadays": 0.04214186187780852,
  "greek wordprocessordatabase": 0.04214186187780852,
  "look into usenet": 0.04214186187780852,
  "occurrences of a": 0.04214186187780852,
  "email as": 0.025943298091551846,
  "science hometown": 0.04214186187780852,
  "cres department of": 0.04214186187780852,
  "things you": 0.02457958789889324,
  "hall nus kent": 0.04214186187780852,
  "not know jeremiah": 0.04214186187780852,
  "ridge crescent": 0.04214186187780852,
  "of information systems": 0.03529318991000384,
  "great": 0.010639474256148562,
  "singapore nanyang": 0.04214186187780852,
  "a word letter": 0.04214186187780852,
  "letter et al": 0.04214186187780852,
  "hometown address": 0.04214186187780852,
  "address national university": 0.04214186187780852,
  "tel computer": 0.04214186187780852,
  "count occurrences": 0.04214186187780852,
  "malaysia singapore": 0.04214186187780852,
  "gmt sender national": 0.030085634881824627,
  "will answer": 0.030618244000777842,
  "can you email": 0.03624273693687282,
  "university": 0.008307711940706524,
  "singapore tel": 0.03624273693687282,
  "thee great": 0.04214186187780852,
  "malaysia singapore email": 0.04214186187780852,
  "ps can you": 0.039192299407340675,
  "singapore email": 0.039192299407340675,
  "great and": 0.027962268217488505,
  "seldom look": 0.04214186187780852,
  "processor that can": 0.04214186187780852,
  "computer science hometown": 0.04214186187780852,
  "posting": 0.013295968696169473,
  "hall": 0.018945953564762988,
  "like count": 0.04214186187780852,
  "kuala": 0.033861393158424215,
  "greek thanks": 0.04214186187780852,
  "jeremiah": 0.03091183068795636,
  "i will answer": 0.03624273693687282,
  "unsearchable things you": 0.04214186187780852,
  "email call": 0.04214186187780852,
  "studies": 0.017941966744447587,
  "crescent kuala lumpur": 0.04214186187780852,
  "about any greek": 0.04214186187780852,
  "friend": 0.015176646000589624,
  "nicodemus": 0.03624273693687282,
  "information systems": 0.024937388397661502,
  "answer": 0.012841820728724196,
  "kent ridge crescent": 0.04214186187780852,
  "friend who": 0.02603892726539039,
  "as i seldom": 0.04214186187780852,
  "seldom": 0.027263106297100097,
  "al im posting": 0.04214186187780852,
  "nus kent": 0.04214186187780852,
  "i seldom": 0.033861393158424215,
  "hometown address national": 0.04214186187780852,
  "nanyang estate": 0.04214186187780852,
  "can do things": 0.03746691596858253,
  "jinjang north kent": 0.04214186187780852,
  "computer": 0.008694265888565266,
  "north kent ridge": 0.04214186187780852,
  "ridge cres": 0.04214186187780852,
  "estate": 0.02677625373889693,
  "department": 0.012283948329322484,
  "usenet nowadays": 0.04214186187780852,
  "apr": 0.005590739099102721,
  "nus kent ridge": 0.04214186187780852,
  "north": 0.016107405715930445,
  "word letter et": 0.04214186187780852,
  "raffles hall nus": 0.04214186187780852,
  "and show thee": 0.04214186187780852,
  "et al": 0.021083309152795042,
  "and unsearchable": 0.04214186187780852,
  "studies greek": 0.04214186187780852,
  "im posting": 0.027962268217488505,
  "gmt": 0.0006997015492198824,
  "al": 0.01598726929198343,
  "hometown": 0.03624273693687282,
  "north kent": 0.04214186187780852,
  "gmt sender": 0.0076511915990632035,
  "a friend": 0.017388197367326805,
  "singapore email call": 0.04214186187780852,