{
  "discussion easter": 0.275092709480139,
  "after tonights": 0.2558386211312516,
  "real after tonights": 0.275092709480139,
  "about closed": 0.275092709480139,
  "gmt": 0.004567496224074232,
  "sender": 0.0181764873810171,
  "gmt sender i": 0.2038441162173185,
  "real after": 0.2558386211312516,
  "so for real": 0.275092709480139,
  "tonights posting ": 0.275092709480139,
  "easter apr": 0.23038610080141392,
  "apr": 0.03649510245247609,
  "just about closed": 0.275092709480139,
  "posting": 0.08679312898888404,
  "gmt sender": 0.0499452784938848,
  "of discussion easter": 0.275092709480139,
  "for real": 0.16278572981806813,
  "sender i": 0.18681343641491824,
  "closed this once": 0.275092709480139,
  "closed this": 0.24457570146158036,
  "discussion": 0.09552081215541781,
  "tonights posting": 0.275092709480139,
  "discussion easter apr": 0.275092709480139,
  "real": 0.07038157835440538,
  "posting ": 0.550185418960278,
  "easter apr gmt": 0.23038610080141392,
  "of discussion": 0.17126855341671204,
  "after tonights posting": 0.275092709480139,
  "apr gmt sender": 0.06289378804516195,
  "tonights": 0.2038441162173185,
  "easter": 0.16278572981806813,
  "sender i just": 0.24457570146158036,
  "end of discussion": 0.275092709480139,
  "closed": 0.1137554180917933,
  "apr gmt": 0.041784789954141505
}