{
  "of christians apr": 0.012894302517706513,
  "the arrogance": 0.012236704730657126,
  "truth but i": 0.01745295733640392,
  "and god": 0.01180369429281449,
  "start with a": 0.016306203672601823,
  "share": 0.008337145090619667,
  "writes id like": 0.01461219020296152,
  "to claim": 0.022732084895882836,
  "all the answers": 0.015791215090058982,
  "gods": 0.007638258752416479,
  "truth thus they": 0.018042469779952653,
  "with a parable": 0.020293724469846317,
  "is inerrant": 0.01887334090312512,
  "bible is inerrant": 0.020293724469846317,
  "have him build": 0.020293724469846317,
  "from the bible": 0.014370831523337783,
  "christians": 0.02939485946342393,
  "in faith": 0.016622086213231455,
  "is a tendency": 0.01887334090312512,
  "part reason": 0.018042469779952653,
  "mystified about how": 0.01887334090312512,
  "do she replies": 0.020293724469846317,
  "talking": 0.006580438112250768,
  "answers because god": 0.020293724469846317,
  "have an imperfect": 0.020293724469846317,
  "interpretations of the": 0.014054948982708156,
  "have to remember": 0.015575312394038848,
  "willful choice to": 0.018042469779952653,
  "of god": 0.015891276915818396,
  "god": 0.0276784961450141,
  "error": 0.00766398101895566,
  "truth according": 0.018042469779952653,
  "dont": 0.0024971272103626336,
  "choice to believe": 0.018042469779952653,
  "christians and look": 0.01887334090312512,
  "beliefs come from": 0.01745295733640392,
  "association for the": 0.014885820105880625,
  "christians apr": 0.012448147837696533,
  "human we have": 0.015575312394038848,
  "the word": 0.007867935107781547,
  "im sort": 0.018042469779952653,
  "christianity because they": 0.018042469779952653,
  "parable a": 0.01887334090312512,
  "ill start": 0.01461219020296152,
  "is total truth": 0.018042469779952653,
  "faith arising from": 0.018042469779952653,
  "dismayed by": 0.01745295733640392,
  "determine": 0.008946728021037841,
  "hubris ": 0.040587448939692634,
  "is complaining": 0.016995695960760046,
  "god to claim": 0.020293724469846317,
  "understand gods will": 0.020293724469846317,
  "stance makes it": 0.018042469779952653,
  "disorganized": 0.01461219020296152,
  "about christianity": 0.013959621081816982,
  "bible are necessarily": 0.020293724469846317,
  "religion": 0.006983754068336056,
  "humans can": 0.016622086213231455,
  "melinda": 0.03399139192152009,
  "will of god": 0.014154928827317647,
  "faith is total": 0.018042469779952653,
  "interpretations of": 0.012586347183589018,
  "faith and": 0.021592658004325277,
  "a tendency": 0.013868531404417734,
  "a birdhouse": 0.020293724469846317,
  "questions is to": 0.020293724469846317,
  "hsu writes": 0.016306203672601823,
  "word of": 0.01035103950279792,
  "build": 0.015504262796451035,
  "their beliefs": 0.012404077745030625,
  "part faith": 0.018042469779952653,
  "sort": 0.006454712341572179,
  "bible and the": 0.01520170264651025,
  "how a christian": 0.01887334090312512,
  "christians apr gmt": 0.012493186580972713,
  "is the word": 0.014054948982708156,
  "god is truth": 0.016622086213231455,
  "understand god": 0.020293724469846317,
  "mistakes in": 0.016306203672601823,
  "apr gmt sender": 0.004639705675462767,
  "replies then": 0.020293724469846317,
  "is total": 0.01520170264651025,
  "and part reason": 0.018042469779952653,
  "forward": 0.008938676221570853,
  "hsu writes id": 0.020293724469846317,
  "ill": 0.00566164856185214,
  "basis": 0.007462798887221231,
  "all make mistakes": 0.020293724469846317,
  "forward to any": 0.018042469779952653,
  "reason but it": 0.018042469779952653,
  "you understand god": 0.020293724469846317,
  "encounters with": 0.016622086213231455,
  "disorganized melinda": 0.020293724469846317,
  "is part faith": 0.018042469779952653,
  "interpretations": 0.011214181849265757,
  "share my thoughts": 0.01887334090312512,
  "know the truth": 0.012734545260596449,
  "existence": 0.008260696212724565,
  "all questions": 0.012894302517706513,
  "build you": 0.01745295733640392,
  "human and imperfect": 0.016995695960760046,
  "my encounters": 0.01887334090312512,
  "faiths": 0.013781319079789052,
  "existence of the": 0.013256865444262002,
  "sort of mystified": 0.01887334090312512,
  "begin talking": 0.020293724469846317,
  "see their faith": 0.018042469779952653,
  "that their faith": 0.016622086213231455,
  "choice": 0.02276328914288307,
  "is the truth": 0.012894302517706513,
  "encounters": 0.014154928827317647,
  "religion so you": 0.018042469779952653,
  "bible is": 0.02294783790197063,
  "choice im": 0.020293724469846317,
  "of the mind": 0.015380004648538182,
  "choice is": 0.012786426014662617,
  "total truth": 0.016995695960760046,
  "the birdhouse": 0.020293724469846317,
  "claim that": 0.008429051988499487,
  "the basis": 0.009467487320793062,
  "understanding": 0.008237735968845746,
  "melinda hsu": 0.018042469779952653,
  "difficult to discuss": 0.018042469779952653,
  "gmt": 0.0003369464427595745,
  "national association": 0.013697667451673775,
  "basis of": 0.009855711763275083,
  "this topic": 0.011677551069454993,
  "woman hires": 0.020293724469846317,
  "complaining about": 0.012734545260596449,
  "christian": 0.018336061703092127,
  "ill start with": 0.01887334090312512,
  "encounters with christians": 0.01887334090312512,
  "total truth according": 0.018042469779952653,
  "my thoughts": 0.012539237515095782,
  "complaining": 0.011530064389895385,
  "remember": 0.005710949584408889,
  "this is simply": 0.013697667451673775,
  "discuss other": 0.018042469779952653,
  "claim that we": 0.016306203672601823,
  "dont think that": 0.01035103950279792,
  "understand god he": 0.020293724469846317,
  "difficult": 0.007676964253482475,
  "of christian": 0.011903674137423981,
  "faith arising": 0.018042469779952653,
  "my own hesitations": 0.018042469779952653,
  "and the bible": 0.013959621081816982,
  "faith and part": 0.018042469779952653,
  "arising": 0.014370831523337783,
  "is hubris": 0.020293724469846317,
  "god gave": 0.013781319079789052,
  "we humans": 0.016622086213231455,
  "imperfect understanding of": 0.01887334090312512,
  "sort of": 0.006828800366691432,
  "carpenter to": 0.020293724469846317,
  "stance": 0.012277283884952576,
  "this ill": 0.015575312394038848,
  "christians i find": 0.01887334090312512,
  "total": 0.007604457073381416,
  "association for": 0.013393528096923214,
  "it difficult": 0.013617297137835084,
  "bible and": 0.011708366391923315,
  "mistakes in faith": 0.020293724469846317,
  "faith is": 0.012404077745030625,
  "christian belief": 0.015791215090058982,
  "case": 0.004718104675702706,
  "inerrant however": 0.020293724469846317,
  "hesitations about christianity": 0.018042469779952653,
  "answers to all": 0.018042469779952653,
  "respond": 0.008260696212724565,
  "questions is": 0.013256865444262002,
  "among christians": 0.016995695960760046,
  "hsu": 0.014885820105880625,
  "bible": 0.036542129202239364,
  "christian woman hires": 0.020293724469846317,
  "understand": 0.012219997365302765,
  "that the bible": 0.012539237515095782,
  "responses in my": 0.01887334090312512,
  "arising from": 0.015575312394038848,
  "christian woman": 0.020293724469846317,
  "christians to say": 0.020293724469846317,
  "way that choice": 0.018042469779952653,
  "fully understand": 0.016995695960760046,
  "fully": 0.00854507431226897,
  "that melinda": 0.020293724469846317,
  "sender national": 0.012786426014662617,
  "re the arrogance": 0.012734545260596449,
  "belief that": 0.011314161693875249,
  "mystified about": 0.01887334090312512,
  "imperfect we have": 0.020293724469846317,
  "error because": 0.01887334090312512,
  "complaining about the": 0.016032573769682718,
  "claim": 0.013025835652123608,
  "because god": 0.013539960400165316,
  "i dont": 0.0037409425769427936,
  "dont think": 0.006774983277455638,
  "imperfect we": 0.020293724469846317,
  "choice im sort": 0.020293724469846317,
  "beliefs": 0.008836783936012596,