{
  "and st": 0.03881137833520071,
  "the st": 0.033554860207602094,
  "deacons the": 0.0421278720220904,
  "likewise": 0.026726552285878908,
  "quoted": 0.021448815990491466,
  "likewise the st": 0.04738439014968901,
  "chanted by three": 0.0421278720220904,
  "chants in the": 0.0842557440441808,
  "writes if": 0.021599357949610057,
  "would do likewise": 0.044067896462799315,
  "hear the": 0.027411245317652464,
  "are handled": 0.034757321586936576,
  "traditional latin in": 0.04738439014968901,
  "chanting": 0.03743490908901993,
  "should expect": 0.034757321586936576,
  "the middle": 0.0198601191505233,
  "bass": 0.03095382936267874,
  "in the middle": 0.02272749256835992,
  "offshoots": 0.03881137833520071,
  "the latin": 0.033554860207602094,
  "expect": 0.01637939224573373,
  "mike": 0.015442652247129927,
  "anglican parishes i": 0.04738439014968901,
  "many rcc": 0.04738439014968901,
  "three deacons": 0.0421278720220904,
  "latin": 0.058341388052772086,
  "st john passion": 0.04738439014968901,
  "sender mike rolfe": 0.04738439014968901,
  "baritone": 0.0421278720220904,
  "john passion of": 0.04738439014968901,
  "expect that": 0.02705666171883083,
  "to hear": 0.020272300732883112,
  "do likewise": 0.03968373028158326,
  "passion of j": 0.04738439014968901,
  "being chanted": 0.0421278720220904,
  "handled by a": 0.03968373028158326,
  "anglican": 0.03591120702625183,
  "passion is its": 0.0421278720220904,
  "gmt sender": 0.008603014477415563,
  "as the traditional": 0.044067896462799315,
  "chanting of": 0.04738439014968901,
  "the traditional": 0.029278219652472445,
  "passion": 0.1287135638456853,
  "yours james kiefer": 0.03051185175439637,
  "directly": 0.017434239603923825,
  "direct": 0.019103066493992706,
  "s bach are": 0.04738439014968901,
  "by three deacons": 0.0421278720220904,
  "rcc": 0.0421278720220904,
  "high tenor": 0.0421278720220904,
  "tradition": 0.022432544419502473,
  "j s bach": 0.04738439014968901,
  "st matthew": 0.0421278720220904,
  "range jesus chants": 0.0421278720220904,
  "baritone range": 0.0421278720220904,
  "deacons": 0.04075140277590963,
  "s bach": 0.04738439014968901,
  "tenor this": 0.044067896462799315,
  "others directly": 0.0421278720220904,
  "passion apr": 0.04738439014968901,
  "hear the passion": 0.0421278720220904,
  "st": 0.035570611649612525,
  "directly quoted": 0.0421278720220904,
  "apr gmt sender": 0.010833379758975265,
  "chants in": 0.07936746056316651,
  "kiefer": 0.030373155405720522,
  "the st matthew": 0.04738439014968901,
  "quoted are handled": 0.0421278720220904,
  "quoted are": 0.03881137833520071,
  "mike rolfe writes": 0.04738439014968901,
  "apr gmt": 0.007197380087794709,
  "bach are direct": 0.04738439014968901,
  "handled": 0.025495820874553207,
  "music as": 0.04738439014968901,
  "music": 0.02220405431760822,
  "rolfe writes if": 0.04738439014968901,
  "bass and others": 0.0421278720220904,
  "beautiful way to": 0.0421278720220904,
  "this tradition": 0.04075140277590963,
  "the bass": 0.04075140277590963,
  "the passion apr": 0.04738439014968901,
  "chanted": 0.03881137833520071,
  "tenor this is": 0.044067896462799315,
  "many anglican": 0.04738439014968901,
  "deacons the narrator": 0.0421278720220904,
  "beautiful way": 0.0421278720220904,
  "st john": 0.034118415402130245,
  "in the bass": 0.0421278720220904,
  "that many rcc": 0.04738439014968901,
  "j": 0.01579955704572309,
  "a high tenor": 0.0421278720220904,
  "range jesus": 0.0421278720220904,
  "anglican parishes": 0.04738439014968901,
  "parishes i": 0.04738439014968901,
  "chanted by": 0.0421278720220904,
  "in many anglican": 0.04738439014968901,
  "john passion": 0.04738439014968901,
  "offshoots of": 0.0421278720220904,
  "john": 0.013000924577811856,
  "matthew": 0.021323445787649248,
  "sender": 0.0031308782091704103,
  "tradition yours": 0.04738439014968901,
  "latin in": 0.044067896462799315,
  "bach": 0.03549488464831101,
  "mike rolfe": 0.04738439014968901,
  "middle": 0.018838233503164166,
  "gmt": 0.0007867457610845567,
  "baritone range jesus": 0.0421278720220904,
  "narrator": 0.0421278720220904,
  "rcc parishes": 0.04738439014968901,
  "many rcc parishes": 0.04738439014968901,
  "parishes would": 0.04738439014968901,
  "rolfe": 0.03743490908901993,
  "way to hear": 0.0421278720220904,
  "narrator chants in": 0.0421278720220904,
  "yours james": 0.03051185175439637,
  "others directly quoted": 0.0421278720220904,
  "traditional latin": 0.04738439014968901,
  "one really beautiful": 0.0421278720220904,
  "traditional": 0.02384381155720994,
  "passion and": 0.04075140277590963,
  "the narrator": 0.0421278720220904,
  "middle baritone range": 0.0421278720220904,
  "likewise the": 0.038073815273826264,
  "tradition yours james": 0.04738439014968901,
  "of j s": 0.04738439014968901,
  "handled by": 0.031614835766893175,
  "st matthew passion": 0.04738439014968901,
  "jesus chants in": 0.0421278720220904,
  "expect that many": 0.04738439014968901,
  "directly quoted are": 0.0421278720220904,
  "many anglican parishes": 0.04738439014968901,
  "and others directly": 0.0421278720220904,
  "the narrator chants": 0.0421278720220904,
  "really beautiful": 0.04075140277590963,
  "s": 0.01318554196217966,
  "its being chanted": 0.0421278720220904,
  "direct offshoots": 0.04738439014968901,
  "of this tradition": 0.044067896462799315,
  "i should expect": 0.044067896462799315,
  "a high": 0.022896381477838505,
  "in english": 0.029170694026386043,
  "middle baritone": 0.0421278720220904,
  "parishes would do": 0.04738439014968901,
  "latin one really": 0.0421278720220904,
  "are direct": 0.03743490908901993,
  "english same music": 0.04738439014968901,
  "latin in many": 0.04738439014968901,
  "sender mike": 0.0421278720220904,
  "of the passion": 0.0421278720220904,
  "parishes": 0.07273447318938715,
  "tenor": 0.03881137833520071,
  "writes if you": 0.028298342080003484,
  "know the latin": 0.0421278720220904,
  "latin one": 0.0421278720220904,
  "writes": 0.0030623219356110737,
  "bass and": 0.03968373028158326,
  "chants": 0.07614763054765253,
  "passion of": 0.044067896462799315,
  "j s": 0.044067896462799315,
  "bach are": 0.04738439014968901,
  "chanting of the": 0.04738439014968901,
  "narrator chants": 0.0421278720220904,
  "jesus chants": 0.0421278720220904,
  "hear": 0.015819099710039957,
  "english same": 0.04738439014968901,
  "high": 0.013350217380755574,
  "beautiful": 0.024850752822835734,
  "kiefer ": 0.06288165580009376,
  "the middle baritone": 0.0421278720220904,
  "james": 0.01721956334384221,
  "passion is": 0.0421278720220904,
  "the traditional latin": 0.04738439014968901,
  "of j": 0.044067896462799315,
  "done in english": 0.04738439014968901,
  "and st john": 0.044067896462799315,
  "apr": 0.006286237743010236,
  "direct offshoots of": 0.04738439014968901,
  "by a high": 0.04075140277590963,
  "james kiefer": 0.030373155405720522,
  "range": 0.019274673734129055,
  "music as the": 0.04738439014968901,
  "are direct offshoots": 0.04738439014968901,
  "passion apr gmt": 0.04738439014968901,
  "parishes i should": 0.04738439014968901,
  "english": 0.021121530215924958,
  "the passion": 0.07614763054765253,
  "offshoots of this": 0.04738439014968901,
  "rcc parishes would": 0.04738439014968901,
  "rolfe writes": 0.03968373028158326,
  "gmt sender mike": 0.0421278720220904,
  "jesus": 0.016350128001631166,
  "matthew passion and": 0.04738439014968901,
  "matthew passion": 0.04738439014968901,
  "same music": 0.04738439014968901,
  "high tenor this": 0.044067896462799315,
  "james kiefer ": 0.03144082790004688,
  "passion and st": 0.04738439014968901
}