{
  "im doubly": 0.030471807819338472,
  "golden": 0.016592240106978934,
  "mind is": 0.017723700968902988,
  "europe not moving": 0.02709146231574429,
  "is the work": 0.02709146231574429,
  "muslims": 0.013673083160433367,
  "the targets": 0.023386930610126023,
  "serbian": 0.05587559944223025,
  "engineering so": 0.024958701760175228,
  "homeland thereisnogodthereisnogod": 0.02709146231574429,
  "jewish homeland thereisnogodthereisnogod": 0.02709146231574429,
  "to beg": 0.02448439197609135,
  "oil there": 0.030471807819338472,
  "pay": 0.009942475679458263,
  "work of god": 0.1078917812829052,
  "are the governments": 0.026206286708200344,
  "need and religions": 0.028339047263769408,
  "mechanical": 0.015741063995393715,
  "opinions palestinian and": 0.02709146231574429,
  "palestinian": 0.01600879130920796,
  "serbian genocide": 0.06928100555526122,
  "thereisnogodthereisnogod email": 0.02709146231574429,
  "doubly glad that": 0.030471807819338472,
  "apr gmt": 0.004628469041074136,
  "slave": 0.01673055206963206,
  "sender carnegie mellon": 0.02709146231574429,
  "gmt sender carnegie": 0.02709146231574429,
  "slave my": 0.02709146231574429,
  "money to": 0.01633297751123204,
  "i dont worship": 0.030471807819338472,
  "the priest": 0.020960907962851345,
  "palestinian and": 0.024958701760175228,
  "use golden rule": 0.02709146231574429,
  "united states and": 0.018560420093468036,
  "are my ideas": 0.02709146231574429,
  "serbs because the": 0.026206286708200344,
  "in serbian": 0.049917403520350456,
  "and europe": 0.02194076559706222,
  "piled": 0.022579655950226048,
  "ideas opinions": 0.02709146231574429,
  "my ideas opinions": 0.02709146231574429,
  "mechanical engineering": 0.019121409498987895,
  "thereisnogodthereisnogod": 0.02709146231574429,
  "ethnic cleansing by": 0.02709146231574429,
  "be a great": 0.019361291165048547,
  "ideas": 0.011124550711148365,
  "beg for money": 0.028339047263769408,
  "of god user": 0.060943615638676944,
  "god user james": 0.060943615638676944,
  "europe": 0.012500602719728015,
  "because the targets": 0.02709146231574429,
  "writes are the": 0.060943615638676944,
  "of god": 0.05965340873014906,
  "of god apr": 0.0237111168121501,
  "hmm if": 0.028339047263769408,
  "both a mechanical": 0.02709146231574429,
  "opinions palestinian": 0.02709146231574429,
  "ethnic": 0.015872016655143855,
  "day": 0.007844969879647298,
  "james": 0.02214700762377244,
  "moving to": 0.01971332301482622,
  "re serbian": 0.023386930610126023,
  "a mechanical engineering": 0.02709146231574429,
  "worship him david": 0.030471807819338472,
  "mechanical engineering so": 0.02709146231574429,
  "and religions": 0.026206286708200344,
  "jewish": 0.011599813840887244,
  "money to pay": 0.025519691165695083,
  "that i dont": 0.015424579732502306,
  "working towards": 0.02709146231574429,
  "my ideas": 0.020960907962851345,
  "god hmm if": 0.030471807819338472,
  "day when": 0.017355869736134424,
  "when scientists": 0.02448439197609135,
  "email": 0.006427501253786203,
  "working": 0.009827794464697552,
  "god apr gmt": 0.0217542282991655,
  "apr in serbian": 0.060943615638676944,
  "towards my piled": 0.02709146231574429,
  "serbian genocide work": 0.06928100555526122,
  "user": 0.021947764985468073,
  "genocide work of": 0.06928100555526122,
  "hunt": 0.018373882795571315,
  "oil": 0.013752663193017732,
  "glad that": 0.01990569334399956,
  "doing the work": 0.0221393456621009,
  "targets are muslims": 0.02709146231574429,
  "dont worship": 0.028339047263769408,
  "engineers": 0.016950425804961734,
  "glad that i": 0.02282594120460616,
  "religions have": 0.022579655950226048,
  "hmm": 0.01551853888284102,
  "graduate": 0.016395774039328063,
  "gmt sender": 0.005532400079322624,
  "mellon pittsburgh pa": 0.017978137017657183,
  "him david hunt": 0.028339047263769408,
  "scientists": 0.015201516649307986,
  "there on apr": 0.030471807819338472,
  "ideas opinions palestinian": 0.02709146231574429,
  "god user": 0.060943615638676944,
  "mellon": 0.026630082696238074,
  "engineers have": 0.028339047263769408,
  "palestinian and carnegie": 0.02709146231574429,
  "user james writes": 0.060943615638676944,
  "pa on": 0.028339047263769408,
  "god then": 0.023386930610126023,
  "apr gmt sender": 0.006966696521925632,
  "united": 0.011938122917919907,
  "james writes are": 0.060943615638676944,
  "my piled": 0.02709146231574429,
  "governments of": 0.020693180649037097,
  "great day": 0.0237111168121501,
  "cleansing by the": 0.02709146231574429,
  "higher and": 0.02282594120460616,
  "for money": 0.02141199557574942,
  "rd money": 0.028339047263769408,
  "graduate slave": 0.02709146231574429,
  "the rd money": 0.028339047263769408,
  "david": 0.008027569975372866,
  "deeper it will": 0.028339047263769408,
  "priest ": 0.056678094527538816,
  "my piled higher": 0.02709146231574429,
  "david hunt": 0.026206286708200344,
  "day when scientists": 0.028339047263769408,
  "re serbian genocide": 0.023386930610126023,
  "serbs": 0.03346110413926412,
  "mellon university": 0.01944559570101198,
  "rule": 0.011945582129032236,
  "bingo": 0.02194076559706222,
  "work of": 0.06938015376819448,
  "worship him": 0.026206286708200344,
  "on apr": 0.041386361298074194,
  "serbs doing": 0.024958701760175228,
  "thereisnogodthereisnogod email working": 0.02709146231574429,
  "and carnegie": 0.025519691165695083,
  "muslims bingo that": 0.030471807819338472,
  "piled higher": 0.026206286708200344,
  "god apr": 0.0217542282991655,
  "money": 0.01900121569975798,
  "email working": 0.02709146231574429,
  "of the united": 0.015925999146377424,
  "have to beg": 0.024958701760175228,
  "work": 0.03129720253516892,
  "homeland thereisnogodthereisnogod email": 0.02709146231574429,
  "carnegie mellon university": 0.01944559570101198,
  "moving to end": 0.02709146231574429,
  "targets are": 0.02309366851842041,
  "rule jewish": 0.02709146231574429,
  "the work": 0.026583638353866484,
  "scientists and": 0.02082413330878724,
  "hunt graduate slave": 0.02709146231574429,
  "governments of the": 0.0221393456621009,
  "in serbian genocide": 0.060943615638676944,
  "beg": 0.01882814740728228,
  "genocide work": 0.06928100555526122,
  "united states": 0.012911468543188082,
  "engineering": 0.009541362393725206,
  "great": 0.007693158308292037,
  "a mechanical": 0.024073526152631284,
  "cleansing by": 0.024958701760175228,
  "pittsburgh pa": 0.016395774039328063,
  "pa": 0.014278914930400361,
  "i dont": 0.00561716916168641,
  "the united": 0.012665969722825524,
  "not moving": 0.022579655950226048,
  "money they need": 0.028339047263769408,
  "golden rule jewish": 0.02709146231574429,
  "hunt graduate": 0.02709146231574429,
  "the ethnic cleansing": 0.024958701760175228,
  "the united states": 0.013326718489560734,
  "dont": 0.0037495325497137392,
  "pa on apr": 0.028339047263769408,
  "university": 0.0030035573939477434,
  "god hmm": 0.026206286708200344,
  "serbs doing the": 0.026206286708200344,
  "use golden": 0.02709146231574429,
  "the serbs": 0.036869627912965275,
  "im doubly glad": 0.030471807819338472,
  "religions": 0.014442619656749481,
  "beg for": 0.025519691165695083,
  "user james": 0.060943615638676944,
  "and deeper": 0.02448439197609135,
  "carnegie mellon": 0.02667688023091634,
  "religions have to": 0.028339047263769408,
  "piled higher and": 0.026206286708200344,
  "carnegie mellon pittsburgh": 0.014392587284836313,
  "pay the": 0.016626239602937656,
  "are muslims bingo": 0.030471807819338472,
  "engineering so are": 0.02709146231574429,
  "deeper it": 0.028339047263769408,
  "pay the priest": 0.028339047263769408,
  "university use golden": 0.02709146231574429,
  "writes": 0.0039386171356474734,
  "ethnic cleansing": 0.018625199814076752,
  "then im doubly": 0.030471807819338472,
  "states": 0.010571196354401997,
  "engineers have all": 0.028339047263769408,
  "homeland": 0.017627539296582662,
  "cleansing": 0.01787382455096278,