{
  "authorities this is": 0.018238000714307045,
  "of christians apr": 0.01246023688839758,
  "the arrogance": 0.011824776056555797,
  "arrogance of christians": 0.012209243411884424,
  "hinduism": 0.014862261917795312,
  "leads to a": 0.014689962161380203,
  "atheists atheists": 0.017435099510132463,
  "dogmatic": 0.013779997152710024,
  "difficulty if you": 0.018238000714307045,
  "this earth": 0.013012144616059007,
  "position seems": 0.018238000714307045,
  "priests": 0.02388964962525589,
  "very nature": 0.013581812086260555,
  "gods": 0.01476225849971977,
  "atheists do believe": 0.017435099510132463,
  "or rational proof": 0.017435099510132463,
  "atheist position seems": 0.018238000714307045,
  "christians": 0.007101332385223207,
  "is no proof": 0.015050994947110806,
  "not to cut": 0.015492863365554787,
  "department of physics": 0.015050994947110806,
  "lewis": 0.009769354934077233,
  "deleted": 0.006920413366783178,
  "assertion in": 0.016423563621486933,
  "department": 0.005716292786912443,
  "atheists": 0.017183434193910135,
  "reject": 0.020099104174188916,
  "authority deleted the": 0.019610569388683174,
  "of god": 0.01535632303944431,
  "blindly": 0.012162648367507802,
  "only use faith": 0.016865432039930916,
  "accept": 0.007041481844809887,
  "their priests": 0.016865432039930916,
  "dogmatic as you": 0.019610569388683174,
  "and reason": 0.02680333990239942,
  "true authorities": 0.019610569388683174,
  "christians apr": 0.01202910127682358,
  "reasonable statements on": 0.019610569388683174,
  "apr gmt sender": 0.004483517563615506,
  "you reject": 0.02777412191441124,
  "truth to demand": 0.019610569388683174,
  "reason can in": 0.017435099510132463,
  "science nor": 0.017435099510132463,
  "hand you reject": 0.018238000714307045,
  "god exist": 0.016062530835756334,
  "does god": 0.025751050137120188,
  "unscintific this is": 0.019610569388683174,
  "lewis don lowe": 0.018238000714307045,
  "authority out of": 0.016865432039930916,
  "one picture": 0.016865432039930916,
  "change": 0.005884882644921882,
  "true the athiests": 0.018238000714307045,
  "scriptures": 0.021103471535768793,
  "baker": 0.024611715196717093,
  "in article": 0.0016980556464896402,
  "nature prove": 0.017435099510132463,
  "faith alone and": 0.016865432039930916,
  "of physics": 0.011226200072648997,
  "every time": 0.009536121200104195,
  "jungles": 0.015050994947110806,
  "priests scriptures": 0.019610569388683174,
  "any less valid": 0.016423563621486933,
  "or straight": 0.016865432039930916,
  "to cut": 0.010613946057455444,
  "scriptures as": 0.016423563621486933,
  "represent true authorities": 0.019610569388683174,
  "authorities": 0.027446339480477314,
  "believe blindly": 0.017435099510132463,
  "authority": 0.016645124625324026,
  "recognisable authorities if": 0.019610569388683174,
  "not true": 0.01006545737758409,
  "deleted the": 0.01202910127682358,
  "practical difficulty if": 0.018238000714307045,
  "proof": 0.024417765938024905,
  "on authority deleted": 0.019610569388683174,
  "australia in article": 0.015757281964811267,
  "demand": 0.009118851831162308,
  "assertion": 0.009475928175976728,
  "scriptures etc": 0.019610569388683174,
  "god as": 0.011903994540939359,
  "dispute": 0.010452207382179666,
  "ie selfawareness": 0.017435099510132463,
  "on faith": 0.01340166995119971,
  "and therefore unscintific": 0.018238000714307045,
  "ignorant": 0.0098971539858348,
  "scintific or rational": 0.017435099510132463,
  "change it is": 0.018238000714307045,
  "hinduism any": 0.016865432039930916,
  "is a reasonable": 0.01388706095720562,
  "c": 0.005464791957585904,
  "don": 0.009069955568607119,
  "since neither science": 0.017435099510132463,
  "as ignorant": 0.015757281964811267,
  "never possibly change": 0.018238000714307045,
  "gods existence is": 0.016423563621486933,
  "melbourne victoria australia": 0.016062530835756334,
  "as you claim": 0.015259629631581749,
  "christians apr gmt": 0.012072623864385512,
  "ask the question": 0.014248093742936223,
  "the athiests": 0.018238000714307045,
  "of every receiving": 0.018238000714307045,
  "churches": 0.010511322160693887,
  "a practical difficulty": 0.018238000714307045,
  "scriptures as the": 0.018238000714307045,
  "authorities and": 0.013678426272734677,
  "athiests position is": 0.018238000714307045,
  "claim they": 0.01400024593510651,
  "rational proof": 0.017435099510132463,
  "know the truth": 0.012305857598358547,
  "god exist ie": 0.017435099510132463,
  "possibility of every": 0.018238000714307045,
  "position can": 0.016865432039930916,
  "to prove": 0.008939140220729707,
  "represent true": 0.017435099510132463,
  "reject all possibility": 0.018238000714307045,
  "no proof": 0.013489693243419183,
  "deny gods": 0.017435099510132463,
  "to reason": 0.012875525068560094,
  "the atheist position": 0.034870199020264926,
  "monash university melbourne": 0.034870199020264926,
  "physics": 0.008315950626987726,
  "good and reasonable": 0.019610569388683174,
  "article": 0.0015612026814128285,
  "earth": 0.0067757631920961825,
  "on authority": 0.018238000714307045,
  "authority deleted": 0.019610569388683174,
  "authorities if they": 0.019610569388683174,
  "practical difficulty": 0.018238000714307045,
  "a practical": 0.012875525068560094,
  "gmt sender monash": 0.015757281964811267,
  "satisfy": 0.01125510858635425,
  "it is nonfalsifiable": 0.018238000714307045,
  "no authorities": 0.016865432039930916,
  "christianity mark baker": 0.019610569388683174,
  "position can never": 0.018238000714307045,
  "monash university": 0.024513922671606715,
  "victoria australia ": 0.015757281964811267,
  "gmt": 0.00032560369122113344,
  "cannot prove": 0.015259629631581749,
  "lowe department": 0.017435099510132463,
  "straight from their": 0.018238000714307045,
  "the proof": 0.013779997152710024,
  "university melbourne victoria": 0.017435099510132463,
  "sender monash": 0.015757281964811267,
  "deny that": 0.012209243411884424,
  "hand you": 0.013678426272734677,
  "science nor reason": 0.017435099510132463,
  "prove anything are": 0.018238000714307045,
  "s lewis": 0.01388706095720562,
  "what they dispute": 0.019610569388683174,
  "church": 0.007435384644291794,
  "ability to": 0.008539308041136924,
  "leads": 0.0089941492585655,
  "the question": 0.007230561699245771,
  "eg christianity": 0.016865432039930916,
  "is that churches": 0.019610569388683174,
  "reject all authority": 0.018238000714307045,
  "down jungles": 0.015757281964811267,
  "possibility": 0.008296247001535908,
  "position is": 0.011470225103191468,
  "exist ie selfawareness": 0.017435099510132463,
  "accept their": 0.014531461750145478,
  "assertion in itself": 0.018238000714307045,
  "it leads": 0.015259629631581749,
  "demand scintific or": 0.017435099510132463,
  "to a practical": 0.018238000714307045,
  "university": 0.0038659649625069964,
  "atheist": 0.017951285200623127,
  "question does god": 0.016062530835756334,
  "question": 0.004347279226632699,
  "selfawareness and reason": 0.017435099510132463,
  "unscintific": 0.018238000714307045,
  "god": 0.021397395831709905,
  "selfawareness": 0.015492863365554787,
  "leads to": 0.010511322160693887,
  "deny": 0.01917125745844767,
  "neither science": 0.017435099510132463,
  "prove anything": 0.02680333990239942,
  "statements on": 0.014248093742936223,
  "is nonfalsifiable": 0.018238000714307045,
  "they dispute": 0.019610569388683174,
  "atheist position": 0.030101989894221613,
  "rational": 0.009987178488957091,
  "melbourne": 0.021768785322854454,
  "jungles but to": 0.015757281964811267,
  "does not satisfy": 0.018238000714307045,
  "in recognisable": 0.019610569388683174,
  "science and reason": 0.016423563621486933,
  "position seems to": 0.018238000714307045,
  "straight from": 0.014248093742936223,
  "some people accept": 0.018238000714307045,
  "statements on authority": 0.019610569388683174,
  "writes very good": 0.019610569388683174,