{
  "specifially about": 0.017918658289348362,
  "people characterize": 0.019267193660087556,
  "numbers nasb": 0.017129815666569834,
  "basically he said": 0.017918658289348362,
  "serious doctrinal": 0.019267193660087556,
  "worthy": 0.010578656464261517,
  "peace romans": 0.017129815666569834,
  "errors": 0.0083467109628345,
  "gracious to": 0.016135991495818874,
  "mere man": 0.016570122918609168,
  "speaking generally": 0.017918658289348362,
  "really sad": 0.01460202775970162,
  "presbyterian": 0.012928484442146927,
  "what distinguishes true": 0.017918658289348362,
  "groups that do": 0.017129815666569834,
  "this question": 0.009598296190095336,
  "end im afraid": 0.019267193660087556,
  "face": 0.007008855538174628,
  "groups that": 0.011949683707376342,
  "wrote": 0.004996800899636554,
  "here not specifially": 0.017918658289348362,
  "the person": 0.008397060083433373,
  "answer the": 0.010670227497059153,
  "involving high pressure": 0.019267193660087556,
  "on tuesday": 0.012042345281285399,
  "characteristics involving": 0.019267193660087556,
  "brandeis": 0.024380355570266993,
  "sender brandeis": 0.017129815666569834,
  "there arent groups": 0.017918658289348362,
  "characteristics": 0.011058034700600966,
  "wrote i": 0.00975289574525924,
  "lift": 0.01081621034908817,
  "falwell was": 0.017918658289348362,
  "university in article": 0.01019435495558937,
  "high": 0.005428395783225516,
  "commonly it uses": 0.019267193660087556,
  "cults im speaking": 0.017918658289348362,
  "brainwashing techniques": 0.017918658289348362,
  "thinking what distinguishes": 0.017918658289348362,
  "paul conditt": 0.014992437673052108,
  "cult follows": 0.017918658289348362,
  "dont answer the": 0.017918658289348362,
  "imho so": 0.016570122918609168,
  "lord bless": 0.017129815666569834,
  "past discussions": 0.017918658289348362,
  "but god demonstrates": 0.017129815666569834,
  "were yet sinners": 0.017129815666569834,
  "cult is": 0.01578128029583064,
  "romans nasb": 0.017129815666569834,
  "attempts to characterize": 0.019267193660087556,
  "differences": 0.008939824598995717,
  "you own love": 0.017129815666569834,
  "lord bless you": 0.017129815666569834,
  "a mere": 0.012350174085205426,
  "doctrinal differences": 0.017918658289348362,
  "prophet ill": 0.017918658289348362,
  "jesus": 0.006648203798328626,
  "he did claim": 0.016570122918609168,
  "re latest": 0.017129815666569834,
  "gracious to you": 0.017129815666569834,
  "meaning thats used": 0.019267193660087556,
  "of serious consideration": 0.017918658289348362,
  "you peace romans": 0.017129815666569834,
  "andor a": 0.01387305217713078,
  "conditt wrote i": 0.017129815666569834,
  "dismiss groups as": 0.019267193660087556,
  "brainwashing": 0.013643902302312914,
  "the branch": 0.009480349455043906,
  "tuesday ostensibly to": 0.017918658289348362,
  "specifially": 0.017918658289348362,
  "commonly": 0.010052799791615774,
  "claim": 0.006183470620852452,
  "do highly irresponsible": 0.019267193660087556,
  "said that true": 0.017918658289348362,
  "cult because the": 0.017918658289348362,
  "clh": 0.00939331464212291,
  "christ died": 0.014277019812886121,
  "to you christ": 0.017129815666569834,
  "the lord": 0.028403024935046928,
  "from cults": 0.017918658289348362,
  "pose": 0.012190177785133496,
  "did claim": 0.016135991495818874,
  "davidians": 0.008892254373579055,
  "claim to be": 0.011029632367096778,
  "but past discussions": 0.019267193660087556,
  "christianity jerry falwell": 0.017918658289348362,
  "things and": 0.011058034700600966,
  "then christianity": 0.017918658289348362,
  "sender": 0.0012730613729895247,
  "suggested": 0.008509549520960271,
  "brandeis university": 0.012350174085205426,
  "doctrinal error": 0.017129815666569834,
  "peace romans nasb": 0.017129815666569834,
  "errors but past": 0.019267193660087556,
  "doctrinal errors but": 0.019267193660087556,
  "christ died for": 0.014787456125079684,
  "message of": 0.008304567972987847,
  "cult most": 0.019267193660087556,
  "imho so dont": 0.017918658289348362,
  "by doctrinal error": 0.019267193660087556,
  "be gracious": 0.016570122918609168,
  "answer": 0.017613781349709257,
  "tuesday ostensibly": 0.017918658289348362,
  "cults": 0.011269384585820412,
  "that doesnt": 0.008818481543107664,
  "lord lift": 0.017129815666569834,
  "morning america on": 0.017918658289348362,
  "own love": 0.016570122918609168,
  "branch": 0.016679246862328526,
  "love for us": 0.016135991495818874,
  "lift up": 0.016135991495818874,
  "paul conditt wrote": 0.017129815666569834,
  "jesus so what": 0.017918658289348362,
  "irresponsible": 0.012524516806391588,
  "a person": 0.008002679708925584,
  "follows a person": 0.017918658289348362,
  "basically": 0.0076648992172501105,
  "discussions": 0.00915338620626299,
  "the question": 0.007103956533305669,
  "generally here not": 0.017918658289348362,
  "doctrinal errors": 0.019267193660087556,
  "branch davidians": 0.010212796091687702,
  "person of": 0.013167010360614502,
  "religion": 0.013260980487735389,
  "cult follows a": 0.017918658289348362,
  "but god": 0.012464649766183895,
  "sinners and": 0.01578128029583064,
  "in article paul": 0.01019435495558937,
  "the presbyterian": 0.015221587547869975,
  "precise meaning": 0.016135991495818874,
  "latest": 0.00822292556228934,
  "church": 0.007305193084372288,
  "on good": 0.013998613502301154,
  "doctrinal error in": 0.019267193660087556,
  "consideration": 0.00987358716728152,
  "dont use": 0.010387138812873866,
  "precise meaning thats": 0.019267193660087556,
  "apr gmt": 0.0029265611641032963,
  "worthy of": 0.011695558838860655,
  "doctrinal": 0.0390143679946506,
  "on branch davidians": 0.016570122918609168,
  "follows a message": 0.017129815666569834,
  "high pressure brainwashing": 0.019267193660087556,
  "ostensibly to": 0.016570122918609168,
  "consideration that doesnt": 0.019267193660087556,
  "was on good": 0.017129815666569834,
  "techniques": 0.009345274539807012,
  "techniques etc": 0.017918658289348362,
  "scott at": 0.016135991495818874,
  "religion from": 0.016570122918609168,
  "some people characterize": 0.019267193660087556,
  "good morning america": 0.017129815666569834,
  "face shine on": 0.017129815666569834,
  "that do highly": 0.019267193660087556,
  "love for": 0.011949683707376342,
  "lord make": 0.017129815666569834,
  "at brandeis": 0.016135991495818874,
  "bless you": 0.014277019812886121,
  "shine": 0.012784305507995718,
  "error": 0.007276308827335334,
  "attempts": 0.00891114311701672,
  "conditt": 0.014992437673052108,
  "andor": 0.007904077595158765,
  "pressure brainwashing techniques": 0.019267193660087556,
  "son of": 0.010307718590071811,
  "thinking": 0.006761152273541648,
  "an answer scott": 0.019267193660087556,
  "meaning": 0.007572121336344049,
  "christianity jerry": 0.017918658289348362,
  "error in the": 0.014787456125079684,
  "by doctrinal": 0.019267193660087556,
  "christianity": 0.022547176050627952,
  "his countenance": 0.016570122918609168,
  "so dont": 0.010407510991604012,
  "true religion from": 0.017918658289348362,
  "morning america": 0.017129815666569834,
  "scott": 0.0075531404512363355,
  "jesus so": 0.015481376249474104,
  "sad that so": 0.016570122918609168,
  "have not suggested": 0.017918658289348362,
  "good morning": 0.015221587547869975,
  "brandeis but god": 0.017129815666569834,
  "this question basically": 0.017918658289348362,
  "ostensibly": 0.014787456125079684,
  "a very helpful": 0.016570122918609168,
  "apr": 0.0025560772145703102,
  "nasb numbers nasb": 0.017129815666569834,
  "son": 0.008290720759429746,
  "romans": 0.010018963716300854,
  "ill": 0.005375261669618375,
  "gracious": 0.013998613502301154,
  "davidians apr gmt": 0.016570122918609168,
  "person but": 0.013755105442079352,
  "do highly": 0.017918658289348362,
  "an answer": 0.010670227497059153,
  "doctrinal differences dont": 0.017918658289348362,