{
  "discipleship": 0.04039557175756604,
  "fisher writes": 0.03735545254458383,
  "more thanbelievers": 0.04343569097054826,
  "he cannot lose": 0.03557709680726732,
  "keep to gain": 0.03557709680726732,
  "than it answered": 0.04343569097054826,
  "ministry of the": 0.038617216020249534,
  "the ministry": 0.028980266119652077,
  "in a nutshell": 0.03127521411861939,
  "to gain": 0.02416179116935335,
  "groups are responsible": 0.04343569097054826,
  "writes please define": 0.04343569097054826,
  "a small": 0.016670083099436114,
  "sci urbana il": 0.027718502643986374,
  "is no fool": 0.03557709680726732,
  "of comp": 0.02636630369813323,
  "comp sci": 0.02302358417161175,
  "lose": 0.018448438836752623,
  "group a small": 0.04343569097054826,
  "church evangelism and": 0.04343569097054826,
  "and the discipling": 0.04343569097054826,
  "discipleship the emphasis": 0.04343569097054826,
  "joseph": 0.018881208694239596,
  "apr gmt": 0.006597598413811817,
  "sci": 0.0193253040175079,
  "dale fisher writes": 0.038617216020249534,
  "reid he": 0.038617216020249534,
  "elliot ": 0.07275350551623598,
  "elliot": 0.031558277807819266,
  "writes please": 0.032918606440730844,
  "questions than it": 0.04343569097054826,
  "of comp sci": 0.02636630369813323,
  "block is the": 0.04343569097054826,
  "small": 0.026086147109836432,
  "jon": 0.018095110605536608,
  "dale fisher": 0.038617216020249534,
  "group apr": 0.032185913086945024,
  "cell group": 0.04343569097054826,
  "answered but": 0.04039557175756604,
  "thanbelievers the small": 0.04343569097054826,
  "ministry": 0.023603284930859485,
  "comp": 0.020587067493173603,
  "gain": 0.02026374479187287,
  "church discussion group": 0.03735545254458383,
  "please define": 0.031558277807819266,
  "block is": 0.033336633545135774,
  "building": 0.01654434671842922,
  "church i": 0.028518158594837046,
  "cell": 0.09776498598243284,
  "on programs": 0.04343569097054826,
  "urbana il joseph": 0.04343569097054826,
  "raise more questions": 0.04343569097054826,
  "the emphasis": 0.032536977594285095,
  "small groups": 0.0337987410699508,
  "fundamental building block": 0.04343569097054826,
  "discussion": 0.015082233498223865,
  "ministry of": 0.02837434358245551,
  "church the fundamental": 0.04343569097054826,
  "cell group a": 0.04343569097054826,
  "emphasis is": 0.03490099733434074,
  "the discipling": 0.04343569097054826,
  "discipling are": 0.04343569097054826,
  "raise": 0.019779429802336143,
  "programs and": 0.028518158594837046,
  "relationships not": 0.04343569097054826,
  "brought": 0.016901772307250196,
  "this was brought": 0.04039557175756604,
  "gmt sender": 0.007886096604297598,
  "discipling are relationshipbased": 0.04343569097054826,
  "illinois dept": 0.027481365708590427,
  "sci urbana": 0.027718502643986374,
  "emphasis is on": 0.03637675275811799,
  "relationships": 0.027148094186757434,
  "comp sci urbana": 0.027718502643986374,
  "of the church": 0.023950378442081956,
  "discussion group apr": 0.03735545254458383,
  "joseph dale": 0.038617216020249534,
  "probably raise": 0.04343569097054826,
  "group apr gmt": 0.033336633545135774,
  "apr gmt sender": 0.009930598112393992,
  "i missed": 0.02526404743374329,
  "for the ministry": 0.04039557175756604,
  "a nutshell": 0.03127521411861939,
  "sender university of": 0.015752643561982842,
  "groups are": 0.028980266119652077,
  "it answered": 0.04039557175756604,
  "dept of comp": 0.027042403171059798,
  "is the cell": 0.04343569097054826,
  "the cell": 0.032185913086945024,
  "sender": 0.0028699716917395426,
  "brought up": 0.02492907822854779,
  "was brought": 0.027842059121910477,
  "and discipleship": 0.04343569097054826,
  "small group": 0.032536977594285095,
  "gain what": 0.03490099733434074,
  "church i missed": 0.04039557175756604,
  "building block": 0.04039557175756604,
  "no fool": 0.0337987410699508,
  "are responsible": 0.02585966822830058,
  "il": 0.021121671956371133,
  "brought up before": 0.038617216020249534,
  "a nutshell jon": 0.04343569097054826,
  "raise more": 0.04343569097054826,
  "define cell church": 0.04039557175756604,
  "the small": 0.023950378442081956,
  "of illinois dept": 0.027481365708590427,
  "the church evangelism": 0.04343569097054826,
  "fundamental building": 0.04343569097054826,
  "the fundamental": 0.028235094905637175,
  "university of": 0.00692544389727238,
  "fool who gives": 0.03557709680726732,
  "block": 0.01954649197201181,
  "university of illinois": 0.01724594605918658,
  "define": 0.018582942338476186,
  "discussion group": 0.033336633545135774,
  "programs": 0.015270681024028442,
  "illinois dept of": 0.027718502643986374,
  "jon reid": 0.03637675275811799,
  "the fundamental building": 0.04343569097054826,
  "a cell": 0.033336633545135774,
  "re cell church": 0.038617216020249534,
  "fisher": 0.026838368014766408,
  "jim elliot": 0.03557709680726732,
  "questions than": 0.04039557175756604,
  "church": 0.06587489904153256,
  "cannot lose": 0.03557709680726732,
  "nutshell jon reid": 0.04343569097054826,
  "no more thanbelievers": 0.04343569097054826,
  "cell church i": 0.04039557175756604,
  "joseph dale fisher": 0.038617216020249534,
  "il joseph": 0.04343569097054826,
  "nutshell": 0.030296514332153558,
  "discipleship the": 0.04343569097054826,
  "emphasis": 0.02416179116935335,
  "evangelism and": 0.08687138194109652,
  "groups": 0.015973008144578773,
  "on relationships": 0.04343569097054826,
  "re cell": 0.038617216020249534,
  "not on programs": 0.04343569097054826,
  "thanbelievers": 0.04343569097054826,
  "group of no": 0.04343569097054826,
  "dept": 0.013086200401042069,
  "evangelism and the": 0.04343569097054826,
  "programs and both": 0.04343569097054826,
  "group a": 0.03100931665451222,
  "responsible": 0.0166897511364858,
  "fundamental": 0.02109468131788702,
  "church evangelism": 0.04343569097054826,
  "answered but thats": 0.04343569097054826,
  "lose jim": 0.03557709680726732,
  "writes": 0.0028071284409768174,
  "fisher writes please": 0.04343569097054826,
  "church discussion": 0.03735545254458383,
  "illinois": 0.016240475294922424,
  "a cell church": 0.038617216020249534,
  "small groups are": 0.04343569097054826,
  "il joseph dale": 0.04343569097054826,
  "building block is": 0.04343569097054826,
  "sender university": 0.01539362626023847,
  "the church": 0.01988026102261991,
  "cell church discussion": 0.03735545254458383,
  "evangelism and discipleship": 0.04343569097054826,
  "relationshipbased": 0.04343569097054826,
  "relationshipbased this": 0.04343569097054826,
  "the small groups": 0.04343569097054826,
  "fool who": 0.0337987410699508,
  "relationshipbased this will": 0.04343569097054826,
  "dale": 0.022120724284751453,
  "apr": 0.005762384597759383,
  "dept of": 0.016258304445133695,
  "questions": 0.013134134920920098,
  "are relationshipbased": 0.04343569097054826,
  "missed it": 0.026105674660980595,
  "jim": 0.014772352062593615,
  "relationships not on": 0.04343569097054826,
  "missed it somewhere": 0.04039557175756604,
  "gmt sender university": 0.017831610061925712,
  "of illinois": 0.017135462511692904,
  "gmt": 0.0007211836143275103,
  "small group of": 0.03490099733434074,
  "cell church the": 0.04343569097054826,
  "nutshell jon": 0.04343569097054826,
  "discipling": 0.04039557175756604,
  "reid he is": 0.038617216020249534,
  "urbana il": 0.026838368014766408,
  "cell church": 0.10470299200302223,
  "more questions": 0.03127521411861939,
  "lose jim elliot": 0.03557709680726732,
  "please define cell": 0.04039557175756604,
  "a small group": 0.03490099733434074,
  "define cell": 0.04039557175756604,
  "jon reid he": 0.038617216020249534,
  "university": 0.004281386636109722,
  "thanbelievers the": 0.04343569097054826,
  "is on relationships": 0.04343569097054826,
  "both the evangelism": 0.04343569097054826,
  "the cell group": 0.04343569097054826,
  "group": 0.033811330863517355,
  "cannot lose jim": 0.03557709680726732,