{
  "biggie": 0.03393244294886499,
  "the firing process": 0.0394555280529283,
  "god to": 0.02220161036254451,
  "fuller": 0.026179812872947406,
  "not adequately": 0.03393244294886499,
  "adopt atheism for": 0.0394555280529283,
  "sometimes suggests": 0.0394555280529283,
  "many reasons": 0.02840935784480168,
  "grow and": 0.031170900396833335,
  "billh ": 0.07015717332762465,
  "adopt atheism": 0.0394555280529283,
  "people adopt": 0.0394555280529283,
  "theyve": 0.01817132784589718,
  "greyhaired gentleman on": 0.0394555280529283,
  "of mine": 0.018114546878936218,
  "in jb": 0.0394555280529283,
  "gmt sender university": 0.016197637825175547,
  "persons understanding": 0.0394555280529283,
  "an inadequate understanding": 0.0394555280529283,
  "for many reasons": 0.03231704411178067,
  "inadequate": 0.048758150656308695,
  "suggests": 0.019796269355196457,
  "but i suspect": 0.02732595658789474,
  "atheists may gmt": 0.027724695466607815,
  "jb phillipss": 0.0394555280529283,
  "therapist friend of": 0.0394555280529283,
  "room for a": 0.0302818822641074,
  "joke": 0.01949283763820218,
  "fuller one but": 0.0394555280529283,
  "may gmt sender": 0.014216268086800573,
  "to her clients": 0.0394555280529283,
  "a therapist friend": 0.0394555280529283,
  "persons": 0.01773824337736774,
  "guess": 0.011918686219256288,
  "the subsequent": 0.02894135542497906,
  "for a fuller": 0.0394555280529283,
  "the greyhaired": 0.0394555280529283,
  "it will eventually": 0.035078586663812326,
  "image in childhood": 0.0394555280529283,
  "eventually become": 0.031702897977010716,
  "biggie is that": 0.0394555280529283,
  "undoubtedly people adopt": 0.0394555280529283,
  "throne": 0.027724695466607815,
  "gmt": 0.0006550990600265831,
  "adequately supported in": 0.0394555280529283,
  "mine": 0.012939829445885877,
  "childhood becomes": 0.0394555280529283,
  "that a lot": 0.025647815292770024,
  "allowed": 0.01520542953933345,
  "adequately": 0.024379075328154347,
  "a persons understanding": 0.0394555280529283,
  "subsequent": 0.021997254608012433,
  "of god": 0.030896187788523412,
  "greyhaired": 0.0394555280529283,
  "childhood": 0.024564414035863083,
  "grow": 0.020838680106864925,
  "theyve believed in": 0.0394555280529283,
  "joke a therapist": 0.0394555280529283,
  "supported": 0.017136329563367737,
  "lot": 0.00984639691026774,
  "her clients": 0.0394555280529283,
  "a persons": 0.02517856017063304,
  "letting go": 0.03393244294886499,
  "the firing": 0.027724695466607815,
  "suspect that": 0.019113115806312437,
  "i suspect": 0.016811783959945505,
  "god what she": 0.0394555280529283,
  "childhood becomes a": 0.0394555280529283,
  "and develop": 0.02840935784480168,
  "believed in": 0.022824503073264404,
  "letting go of": 0.03669398550089664,
  "clients that": 0.029902160432217658,
  "a throne": 0.0394555280529283,
  "by encouraging": 0.035078586663812326,
  "the god theyve": 0.0394555280529283,
  "encouraging": 0.02411629457997986,
  "develop": 0.017824668973428534,
  "become inadequate": 0.0394555280529283,
  "subsequent rehire billh": 0.0394555280529283,
  "suggests to her": 0.0394555280529283,
  "not adequately supported": 0.0394555280529283,
  "gmt sender": 0.0071634662381667435,
  "lot of": 0.01199076169992975,
  "god theyve believed": 0.0394555280529283,
  "that the god": 0.03231704411178067,
  "reasons": 0.014338202146864628,
  "god is": 0.017620313218896462,
  "small": 0.011847891516021327,
  "joke a": 0.035078586663812326,
  "understanding": 0.032031993249376285,
  "sender university of": 0.014309174231601945,
  "the god": 0.0237908840978513,
  "university of louisville": 0.02590494087499142,
  "allowed to grow": 0.0394555280529283,
  "process but": 0.0302818822641074,
  "the subsequent rehire": 0.0394555280529283,
  "supported in": 0.02816782548696728,
  "through the firing": 0.0394555280529283,
  "atheists may": 0.027140617880186003,
  "is letting": 0.035078586663812326,
  "become atheists": 0.026324703885580374,
  "will eventually": 0.024963152914576164,
  "of louisville": 0.02590494087499142,
  "atheism": 0.01926069059388355,
  "fire god": 0.0394555280529283,
  "develop it will": 0.0394555280529283,
  "inadequate the greyhaired": 0.0394555280529283,
  "room": 0.01584227695344459,
  "sender": 0.0026069862379148037,
  "the greyhaired gentleman": 0.0394555280529283,
  "adopt": 0.02371352120599034,
  "people adopt atheism": 0.0394555280529283,
  "adequately supported": 0.0394555280529283,
  "hire a new": 0.0394555280529283,
  "suspect that a": 0.0302818822641074,
  "that they fire": 0.0394555280529283,
  "not allowed": 0.02288627274073837,
  "encouraging them to": 0.035078586663812326,
  "eventually become inadequate": 0.0394555280529283,
  "phillipss": 0.0394555280529283,
  "develop it": 0.035078586663812326,
  "university of": 0.006290841468438657,
  "a joke": 0.02148397623413607,
  "suggests to": 0.03669398550089664,
  "fire": 0.014063815743856536,
  "becomes a joke": 0.0394555280529283,
  "of an inadequate": 0.03669398550089664,
  "comforting image in": 0.0394555280529283,
  "louisville undoubtedly people": 0.0394555280529283,
  "biggie is": 0.0394555280529283,
  "process": 0.0144866015647157,
  "believed": 0.017270888595712772,
  "a therapist": 0.0394555280529283,
  "phillipss words": 0.0394555280529283,
  "louisville": 0.024859664920937677,
  "letting": 0.01968323868934301,
  "atheism for": 0.03231704411178067,
  "gentleman": 0.029236606310053648,
  "throne who was": 0.0394555280529283,
  "allowed to": 0.01798512275485459,
  "firing": 0.021312592229818576,
  "comforting": 0.02816782548696728,
  "inadequate the": 0.0394555280529283,
  "university": 0.0038890683387769586,
  "words too small": 0.0394555280529283,
  "understanding of god": 0.07015717332762465,
  "atheists": 0.017286124039690477,
  "people become atheists": 0.027140617880186003,
  "rehire": 0.03393244294886499,
  "may gmt": 0.013401400739710492,
  "a biggie": 0.0394555280529283,
  "image in": 0.024963152914576164,
  "mine sometimes suggests": 0.0394555280529283,
  "gentleman on": 0.0394555280529283,
  "guess is": 0.022417017618601386,
  "undoubtedly": 0.024470667034228847,
  "lot of folks": 0.031702897977010716,
  "undoubtedly people": 0.0394555280529283,
  "believed in is": 0.0394555280529283,
  "folks go through": 0.0394555280529283,
  "clients": 0.02148397623413607,
  "room for": 0.021802871483831428,
  "gentleman on a": 0.0394555280529283,
  "my guess": 0.02230785835888778,
  "of folks": 0.026963519224525313,
  "was a comforting": 0.0394555280529283,
  "a lot": 0.010250726412113947,
  "is in jb": 0.0394555280529283,
  "they fire god": 0.0394555280529283,
  "process but are": 0.03669398550089664,
  "fire god what": 0.0394555280529283,
  "that a biggie": 0.0394555280529283,
  "make room": 0.029555501559749012,
  "in the subsequent": 0.03669398550089664,
  "that is letting": 0.0394555280529283,
  "sender university": 0.013983054929619008,
  "supported in the": 0.03231704411178067,
  "theyve believed": 0.0394555280529283,
  "mine sometimes": 0.0394555280529283,
  "greyhaired gentleman": 0.0394555280529283,
  "rehire billh ": 0.0394555280529283,
  "in jb phillipss": 0.0394555280529283,
  "fuller one": 0.0394555280529283,
  "hire": 0.023869779027318155,
  "is not allowed": 0.028666483427023076,
  "friend": 0.014209210398958413,
  "eventually": 0.016935650840702598,
  "in childhood": 0.03669398550089664,
  "jb": 0.027140617880186003,
  "up by encouraging": 0.0394555280529283,
  "therapist": 0.0302818822641074,
  "hire a": 0.030701645274696345,
  "subsequent rehire": 0.0394555280529283,
  "reasons but i": 0.03669398550089664,
  "clients that they": 0.0394555280529283,
  "god theyve": 0.03669398550089664,
  "atheism for many": 0.0394555280529283,
  "are not adequately": 0.0394555280529283,
  "image": 0.014858770666864807,
  "folks": 0.014833947759491754,
  "them to hire": 0.0394555280529283,
  "encouraging them": 0.03304342481613905,