{
  "reconcile": 0.015374743485846085,
  "welldefined goals": 0.024882757641419607,
  "bertrand russell": 0.016510384500275876,
  "con religion": 0.024882757641419607,
  "read": 0.005718073243207285,
  "strong": 0.009131259441152617,
  "met a": 0.018251960330828505,
  "ma": 0.008671579363939138,
  "politicain": 0.024882757641419607,
  "become atheists": 0.01660176049065496,
  "rationally": 0.017484669754066737,
  "antiviolent": 0.024882757641419607,
  "atheists are": 0.01567782888229989,
  "purposes there": 0.020380849427278764,
  "stable": 0.012771497426331574,
  "guilty": 0.011752740873295984,
  "honest": 0.011821207311605972,
  "atheist this is": 0.022122425257831393,
  "conflict": 0.011793596453375833,
  "welldefined": 0.018639273596726135,
  "story i": 0.01587894121313792,
  "loose explanation": 0.024882757641419607,
  "depressed i got": 0.024882757641419607,
  "antiviolent and antihatred": 0.024882757641419607,
  "thanqs ken": 0.024882757641419607,
  "as i felt": 0.024882757641419607,
  "in human rights": 0.024882757641419607,
  "hard": 0.006817626559143706,
  "lot": 0.006209662373058299,
  "in that sense": 0.018438161265888105,
  "usa let": 0.024882757641419607,
  "have welldefined": 0.024882757641419607,
  "atheist this": 0.022122425257831393,
  "agnostic but for": 0.024882757641419607,
  "and con": 0.01885789514695134,
  "my system": 0.013027232839170623,
  "to debunk": 0.020838943791082667,
  "values i": 0.018438161265888105,
  "then it finally": 0.024882757641419607,
  "rationally i": 0.024882757641419607,
  "selfesteem": 0.024882757641419607,
  "morals": 0.012812353006411424,
  "an issue": 0.014172506694079618,
  "i have welldefined": 0.024882757641419607,
  "at i feel": 0.024882757641419607,
  "explanation but": 0.020380849427278764,
  "are depraved religion": 0.024882757641419607,
  "not imposing": 0.022122425257831393,
  "exist we cant": 0.024882757641419607,
  "prove it": 0.0145130732568842,
  "antihatred this is": 0.024882757641419607,
  "feelings i": 0.023141181810866978,
  "a staunch": 0.019658030149761727,
  "think rationally": 0.022122425257831393,
  "my system tough": 0.024882757641419607,
  "university boston ma": 0.015491627947240287,
  "loose explanation but": 0.024882757641419607,
  "truly be agnostic": 0.024882757641419607,
  "very loose": 0.023141181810866978,
  "general and specifically": 0.024882757641419607,
  "morals and": 0.018438161265888105,
  "so hard": 0.015003798765227831,
  "system tough": 0.024882757641419607,
  "person not proseletyzingsp": 0.024882757641419607,
  "am a staunch": 0.021399605980314353,
  "are depraved": 0.024882757641419607,
  "that sense": 0.01776413114881605,
  "christian as i": 0.023141181810866978,
  "hard to reconcile": 0.024882757641419607,
  "loose": 0.013118608829549707,
  "live and": 0.015491627947240287,
  "know god doesnt": 0.023141181810866978,
  "system": 0.004418010362304341,
  "sender": 0.0016441043862226526,
  "pro and": 0.01700463147074335,
  "sweet person": 0.024882757641419607,
  "ken engel": 0.024882757641419607,
  "staunch atheist this": 0.024882757641419607,
  "in general": 0.010413155194491763,
  "my story": 0.020838943791082667,
  "atheists may": 0.01711631931639871,
  "grew": 0.014102708794313093,
  "catholic": 0.011807363955297004,
  "i grew": 0.01602255531826342,
  "debunk the": 0.024882757641419607,
  "no place": 0.015743093923514116,
  "strong and": 0.016795129940745734,
  "depraved religion": 0.024882757641419607,
  "read a lot": 0.021399605980314353,
  "a neonazi": 0.021399605980314353,
  "all practical purposes": 0.018438161265888105,
  "christian as": 0.021399605980314353,
  "gmt sender boston": 0.016337035576941827,
  "very antiviolent": 0.024882757641419607,
  "engel": 0.020838943791082667,
  "i taught": 0.020838943791082667,
  "crisis": 0.01439434741555117,
  "sense": 0.016231354640790698,
  "person i": 0.01476880866972325,
  "morals and values": 0.024882757641419607,
  "the more depressed": 0.024882757641419607,
  "rationally i read": 0.024882757641419607,
  "as christian": 0.020838943791082667,
  "finally": 0.009088792579839543,
  "human": 0.00793492761758955,
  "prove": 0.009664707356925574,
  "things i": 0.013262222934675206,
  "myth": 0.014355986932810495,
  "god thanqs ken": 0.024882757641419607,
  "met": 0.011659917970804316,
  "imposing i tried": 0.024882757641419607,
  "religion": 0.017125989876120577,
  "a crisis point": 0.024882757641419607,
  "strong and stable": 0.024882757641419607,
  "felt i should": 0.023141181810866978,
  "engel ": 0.049765515282839214,
  "to a crisis": 0.024882757641419607,
  "the gist": 0.018251960330828505,
  "bornagain christian": 0.024882757641419607,
  "staunch atheist": 0.024882757641419607,
  "believe in human": 0.024882757641419607,
  "bertrand russell said": 0.024882757641419607,
  "cant prove": 0.01642221535502143,
  "people become atheists": 0.01711631931639871,
  "ma usa": 0.013576703193353613,
  "exist we": 0.022122425257831393,
  "met a bornagain": 0.024882757641419607,
  "practical purposes": 0.01776413114881605,
  "person i have": 0.019097367960530045,
  "atheists are depraved": 0.024882757641419607,
  "in human": 0.01587894121313792,
  "russell said that": 0.024882757641419607,
  "place in my": 0.024882757641419607,
  "among other things": 0.015209019948680765,
  "feel": 0.007644909220695268,
  "know god": 0.01885789514695134,
  "and live": 0.016097562763363122,
  "depressed": 0.016254649087436828,
  "felt i": 0.01885789514695134,
  "finally clicked": 0.024882757641419607,
  "place": 0.006765123336213022,
  "generally stronger": 0.024882757641419607,
  "no god thanqs": 0.024882757641419607,
  "con": 0.014907149818424323,
  "goals i have": 0.024882757641419607,
  "reconcile this conflict": 0.024882757641419607,
  "catholic up": 0.024882757641419607,
  "sense we can": 0.024882757641419607,
  "clicked and": 0.024882757641419607,
  "very sweet person": 0.024882757641419607,
  "of books pro": 0.024882757641419607,
  "own personal": 0.016174878488656473,
  "i read": 0.01025198905980398,
  "corrupt politicain etc": 0.024882757641419607,
  "depressed i": 0.023141181810866978,
  "hard to": 0.009600800580172254,
  "gist of": 0.018639273596726135,
  "conflict until": 0.024882757641419607,
  "russell said": 0.024882757641419607,
  "selfesteem a generally": 0.024882757641419607,
  "be agnostic": 0.023141181810866978,
  "rights and live": 0.024882757641419607,
  "boston ma": 0.014433302658103846,
  "boston university": 0.014208146480491568,
  "and specifically catholicism": 0.024882757641419607,
  "god thanqs": 0.024882757641419607,
  "feelings i tried": 0.024882757641419607,
  "place in": 0.01283303265248307,
  "antihatred this": 0.024882757641419607,
  "generally": 0.009670598479938775,
  "person not": 0.017484669754066737,
  "point": 0.005471271607279023,
  "religion has no": 0.024882757641419607,
  "ma usa let": 0.024882757641419607,
  "story i grew": 0.024882757641419607,
  "live": 0.015332135538859924,
  "let live": 0.020380849427278764,
  "and antihatred": 0.024882757641419607,
  "ken engel ": 0.024882757641419607,
  "exist": 0.00899691533004452,
  "point then": 0.01999353616138113,
  "christian": 0.014988271542896078,
  "books": 0.009084118043023162,
  "am very antiviolent": 0.024882757641419607,
  "welldefined goals i": 0.024882757641419607,
  "a crisis": 0.020380849427278764,
  "have a strong": 0.017484669754066737,
  "god": 0.01357498102388631,
  "then i taught": 0.024882757641419607,
  "specifically catholicism": 0.024882757641419607,
  "catholicism i": 0.023141181810866978,
  "books pro": 0.024882757641419607,
  "bertrand": 0.016510384500275876,
  "better selfesteem": 0.024882757641419607,
  "of books": 0.016174878488656473,
  "all practical": 0.017355792129977416,
  "this conflict": 0.018251960330828505,
  "antiviolent and": 0.024882757641419607,
  "guilty for": 0.01999353616138113,
  "wasnt an issue": 0.024882757641419607,
  "con religion in": 0.024882757641419607,
  "neonazi or a": 0.024882757641419607,