{
  "and their stupid": 0.025198352604038795,
  "crew and their": 0.025198352604038795,
  "language because": 0.02399875169247618,
  "challenge gods authority": 0.029299815210902375,
  "enoch": 0.04497486655793466,
  "language because we": 0.025198352604038795,
  "read": 0.006733115830758874,
  "satanel he did": 0.029299815210902375,
  "more dangerous thanlive": 0.025198352604038795,
  "raphael michael and": 0.029299815210902375,
  "taught a long": 0.02399875169247618,
  "he challenged": 0.02399875169247618,
  "article writes hello": 0.021948020389044386,
  "engineering computer network": 0.01521054321445931,
  "ago that": 0.017725782650464074,
  "michael and gabriel": 0.029299815210902375,
  "tate": 0.01869768817404998,
  "satan": 0.07837525673516141,
  "about satan": 0.02248743327896733,
  "he lost": 0.021711207644448123,
  "think steven": 0.029299815210902375,
  "originate": 0.019548818565919154,
  "problem": 0.006305997884169347,
  "salaris werea lot": 0.025198352604038795,
  "bible is it": 0.02399875169247618,
  "c": 0.008164851889292548,
  "suffix when": 0.029299815210902375,
  "dangerous": 0.012327707821910682,
  "gabriel": 0.01914008975384573,
  "heaven because he": 0.02399875169247618,
  "more dangerous": 0.018172004217726155,
  "in article writes": 0.008223860225089927,
  "he did challenge": 0.029299815210902375,
  "gabriel in": 0.027249083907470585,
  "highest ranking angels": 0.029299815210902375,
  "fell comes from": 0.029299815210902375,
  "name was satanel": 0.029299815210902375,
  "raphael michael": 0.029299815210902375,
  "stupid use of": 0.025198352604038795,
  "highest": 0.013952519927349846,
  "taught a": 0.023147621300607,
  "have a philosophy": 0.025198352604038795,
  "i think steven": 0.029299815210902375,
  "from the book": 0.02248743327896733,
  "of god": 0.01147180937118251,
  "philosophy geoff": 0.025198352604038795,
  "dangerous thanlive crew": 0.025198352604038795,
  "writes hello all": 0.023147621300607,
  "an endangered": 0.024538164582399116,
  "thanlive crew": 0.025198352604038795,
  "use of foul": 0.025198352604038795,
  "did challenge gods": 0.029299815210902375,
  "the problem": 0.009125483656832786,
  "may gmt sender": 0.01055705115321581,
  "c salaris": 0.024538164582399116,
  "uriel": 0.027249083907470585,
  "long": 0.00706667982484122,
  "book of enoch": 0.05039670520807759,
  "authority the problem": 0.02399875169247618,
  "satan was one": 0.029299815210902375,
  "bookstores": 0.020748419477481767,
  "ideas we": 0.02248743327896733,
  "angels like uriel": 0.029299815210902375,
  "geoff tate": 0.024538164582399116,
  "of heaven biblical": 0.02248743327896733,
  "lot": 0.014623938606373982,
  "angels": 0.030626921435341195,
  "he fell": 0.02354268459239553,
  "raphael": 0.024538164582399116,
  "question about satan": 0.02399875169247618,
  "endangered": 0.02109688999717521,
  "enoch available thru": 0.029299815210902375,
  "in article": 0.0025370358031871843,
  "bible is": 0.016565894816807196,
  "satanel": 0.029299815210902375,
  "lost the el": 0.029299815210902375,
  "the book": 0.038275300835273494,
  "book called": 0.020748419477481767,
  "geoff": 0.017785553973888688,
  "el suffix when": 0.029299815210902375,
  "heaven because": 0.02354268459239553,
  "uriel raphael michael": 0.029299815210902375,
  "werea lot": 0.025198352604038795,
  "sender purdue": 0.02279915078091356,
  "like uriel raphael": 0.029299815210902375,
  "michael": 0.009457027232787739,
  "of gods": 0.01585811467164201,
  "heaven": 0.038856963924436855,
  "available thru bookstores": 0.029299815210902375,
  "book": 0.027783347623930185,
  "question about": 0.014535221758894278,
  "was kicked": 0.02354268459239553,
  "university engineering": 0.015704786068492346,
  "stupid use": 0.025198352604038795,
  "queensryche": 0.023147621300607,
  "gmt sender": 0.005319615460887138,
  "kicked": 0.050713160940164884,
  "purdue university": 0.014122600077993874,
  "bible if": 0.021948020389044386,
  "time": 0.0046630027628024,
  "have ideas": 0.02399875169247618,
  "purdue university engineering": 0.016087069297723133,
  "philosophy geoff tate": 0.025198352604038795,
  "werea lot more": 0.025198352604038795,
  "a question": 0.012791738802659115,
  "computer network in": 0.024538164582399116,
  "angel of god": 0.02354268459239553,
  "bible read": 0.029299815210902375,
  "re satan": 0.02220545049848116,
  "of the mythology": 0.029299815210902375,
  "the bible read": 0.029299815210902375,
  "heaven a": 0.024538164582399116,
  "enoch and": 0.027249083907470585,
  "problem is": 0.010820209395868167,
  "lost": 0.010453954314960875,
  "long time ago": 0.01869768817404998,
  "satan was really": 0.02399875169247618,
  "species": 0.016486994677510865,
  "writes hello": 0.016087069297723133,
  "sender": 0.0019359572358479756,
  "mythology of": 0.029299815210902375,
  "endangered species i": 0.029299815210902375,
  "get the book": 0.027249083907470585,
  "long time": 0.01315981191102752,
  "did it originate": 0.02399875169247618,
  "read the": 0.011109080607595728,
  "challenge": 0.014019383335389018,
  "was satanel": 0.029299815210902375,
  "gabriel in fact": 0.029299815210902375,
  "originate satan was": 0.029299815210902375,
  "heaven biblical": 0.02248743327896733,
  "he challenged gods": 0.02399875169247618,
  "highest ranking": 0.029299815210902375,
  "called angels": 0.029299815210902375,
  "ago": 0.00847760821845509,
  "michael and": 0.023147621300607,
  "heaven a lot": 0.029299815210902375,
  "network": 0.009119023872865497,
  "crew": 0.016335239368671955,
  "the bible": 0.033232918515914825,
  "suffix when he": 0.029299815210902375,
  "endangered species": 0.02279915078091356,
  "in fact": 0.009442595107185868,
  "re satan kicked": 0.02248743327896733,
  "did challenge": 0.029299815210902375,
  "el": 0.017725782650464074,
  "taught": 0.014284508065240164,
  "of foul": 0.025198352604038795,
  "challenged gods authority": 0.02399875169247618,
  "an endangered species": 0.024538164582399116,
  "language": 0.012054413975369218,
  "biblical": 0.013508282430720962,
  "of gods highest": 0.029299815210902375,
  "question": 0.006495195294229327,
  "computer network": 0.014765333300440683,
  "gods highest": 0.027249083907470585,
  "their stupid": 0.024538164582399116,
  "purdue": 0.01405339037511013,
  "mythology": 0.02058845728437444,
  "heaven biblical may": 0.02248743327896733,
  "it originate": 0.02399875169247618,
  "queensryche ": 0.04799750338495236,
  "species i": 0.027249083907470585,
  "lost the": 0.01690438698005496,
  "it originate satan": 0.029299815210902375,
  "fact": 0.006985574195537278,
  "angels an": 0.029299815210902375,
  "engineering": 0.009174386917043469,
  "fell comes": 0.029299815210902375,
  "one of gods": 0.029299815210902375,
  "bible read the": 0.029299815210902375,
  "gods authority and": 0.029299815210902375,
  "network in": 0.021948020389044386,
  "and got kicked": 0.029299815210902375,
  "god and": 0.012893964783448049,
  "of heaven": 0.05201437520814012,
  "authority and": 0.02015471919504937,
  "writes": 0.0018935659305997468,
  "dangerous thanlive": 0.025198352604038795,
  "satan he lost": 0.029299815210902375,
  "that satan": 0.020436701975535536,
  "a long": 0.011090175879492854,
  "thru bookstores": 0.029299815210902375,
  "university": 0.002888035955718984,
  "fell": 0.015135638457109342,
  "cannot find": 0.01933740151271754,
  "out of heaven": 0.067462299836902,
  "el suffix": 0.029299815210902375,
  "a philosophy": 0.020748419477481767,
  "may gmt": 0.009951927768246549,
  "lot more dangerous": 0.025198352604038795,
  "find this in": 0.02279915078091356,
  "network in article": 0.02399875169247618,
  "book called angels": 0.029299815210902375,
  "lot of the": 0.01749808726248736,
  "species i think": 0.029299815210902375,
  "find this": 0.01576516734550775,
  "tate queensryche ": 0.024538164582399116,
  "stupid": 0.011415184104286956,
  "authority": 0.02486919507629773,
  "challenge gods": 0.029299815210902375,