{
  "possible that death": 0.020377237739269555,
  "been god": 0.020377237739269555,
  "denies the": 0.014213179563232536,
  "ot is not": 0.018951008972685306,
  "five books": 0.03413127419280207,
  "torah as": 0.020377237739269555,
  "atoned": 0.017524780206101057,
  "civil engineering carnegie": 0.014017068082153679,
  "that death": 0.016690489860199484,
  "in israel": 0.011073146016946426,
  "a moslem": 0.017065637096401035,
  "ezra nehemiah": 0.018116718626783733,
  "proverbs lamentations": 0.020377237739269555,
  "ot valid may": 0.020377237739269555,
  "death of": 0.010985574793862484,
  "veracity": 0.029095161305468263,
  "aroundad your": 0.020377237739269555,
  "civil engineering": 0.013448645496499032,
  "sorely mistaken": 0.020377237739269555,
  "samuel kings and": 0.020377237739269555,
  "for as st": 0.020377237739269555,
  "recorded": 0.011141360435293958,
  "the sins": 0.015099564164245816,
  "wrote": 0.005284682432948948,
  "exists": 0.00753315694615193,
  "writings": 0.01063197344216154,
  "which greatly": 0.018951008972685306,
  "understandably so if": 0.020377237739269555,
  "as st": 0.015856199514297908,
  "come the prophets": 0.020377237739269555,
  "isaiah which": 0.018116718626783733,
  "mistaken but": 0.018116718626783733,
  "jesus rose from": 0.017065637096401035,
  "all the torah": 0.020377237739269555,
  "crucified and atoned": 0.020377237739269555,
  "books of moses": 0.018116718626783733,
  "rose for as": 0.020377237739269555,
  "sender freshman": 0.01431872132123161,
  "knowledge": 0.007493509993753006,
  "messiah": 0.011050901333604419,
  "pastbc": 0.020377237739269555,
  "israel it": 0.015443296848737928,
  "pittsburgh pa peiryuan": 0.020377237739269555,
  "same kings": 0.020377237739269555,
  "job": 0.0072182632575505225,
  "to pastbc": 0.020377237739269555,
  "plus joshua": 0.020377237739269555,
  "old testament": 0.03820842885543639,
  "paul wrote it": 0.020377237739269555,
  "dates back to": 0.016098551439516804,
  "history as": 0.014947078624834865,
  "ot": 0.03127812119958966,
  "jewish": 0.015514154313943847,
  "lamentations ruth esther": 0.020377237739269555,
  "songs chronicles": 0.020377237739269555,
  "history are they": 0.020377237739269555,
  "the same kings": 0.020377237739269555,
  "and if jesus": 0.020377237739269555,
  "sea": 0.009960375531395137,
  "is sorely mistaken": 0.020377237739269555,
  "songs": 0.013754036453532516,
  "jesus": 0.014062455770950265,
  "complete manuscript": 0.04075447547853911,
  "chronicles job": 0.018951008972685306,
  "archaeology": 0.017065637096401035,
  "rose": 0.020755247477050747,
  "is ot valid": 0.020377237739269555,
  "isaiah": 0.02567809010351999,
  "valid may gmt": 0.020377237739269555,
  "ecclesiates": 0.018951008972685306,
  "nehemiah ecclesiates": 0.020377237739269555,
  "wrote it was": 0.020377237739269555,
  "prophets plus joshua": 0.020377237739269555,
  "museum": 0.011695123119565632,
  "ot as the": 0.020377237739269555,
  "have rose": 0.020377237739269555,
  "mellon": 0.008904091436499357,
  "as st paul": 0.018951008972685306,
  "is ot": 0.020377237739269555,
  "quoted": 0.009223873543236043,
  "sins of all": 0.020377237739269555,
  "reason to be": 0.01431872132123161,
  "god then": 0.015639408329816785,
  "prophets": 0.02267032257865253,
  "enhanced": 0.011819865139764057,
  "freshman": 0.011635477981966347,
  "friend is sorely": 0.020377237739269555,
  "moslem": 0.04631005285818064,
  "mighty god": 0.018951008972685306,
  "paul wrote": 0.015443296848737928,
  "sins he must": 0.020377237739269555,
  "authenticity of the": 0.016690489860199484,
  "hebrew": 0.011141360435293958,
  "reason to": 0.008835114703909555,
  "god could atone": 0.020377237739269555,
  "the oldest": 0.013448645496499032,
  "recorded in": 0.013925603550114926,
  "sorely": 0.016373307391419116,
  "sender": 0.0013464064726679337,
  "song": 0.012455123332458734,
  "manuscript": 0.02785120710022985,
  "esther": 0.015264261093615233,
  "esther ezra nehemiah": 0.020377237739269555,
  "for our sins": 0.014672322672932555,
  "like jewish": 0.017065637096401035,
  "kings and the": 0.020377237739269555,
  "moses": 0.012736142951812131,
  "friend is quite": 0.020377237739269555,
  "scrolls which greatly": 0.020377237739269555,
  "history": 0.013451457544951924,
  "hold": 0.00718419603616277,
  "joshua": 0.01312135188614988,
  "atoned for our": 0.020377237739269555,
  "of ot": 0.018116718626783733,
  "as isaiah": 0.020377237739269555,
  "kings revivals temples": 0.020377237739269555,
  "a complete manuscript": 0.020377237739269555,
  "yes jewish history": 0.020377237739269555,
  "christ": 0.007730469719374703,
  "ezra": 0.015856199514297908,
  "could atone": 0.020377237739269555,
  "jewish history": 0.030528522187230466,
  "st paul wrote": 0.018951008972685306,
  "knowledge of the": 0.012411803560446735,
  "freshman civil engineering": 0.01431872132123161,
  "byler": 0.012786950796648286,
  "god and if": 0.017524780206101057,
  "asks i wonder": 0.020377237739269555,
  "torah yes": 0.020377237739269555,
  "wrote it": 0.012686559512349043,
  "aroundad": 0.017524780206101057,
  "the prophets": 0.02473875408713735,
  "pa": 0.009548657103662794,
  "museum in": 0.017065637096401035,
  "hold him": 0.017065637096401035,
  "if jesus": 0.027346670795323134,
  "the ot": 0.011952660450746715,
  "oldest": 0.013246093906348306,
  "scrolls": 0.015099564164245816,
  "for the sins": 0.020377237739269555,
  "humanity and": 0.014547580652734132,
  "torah are the": 0.020377237739269555,
  "testament as": 0.017524780206101057,
  "your moslem": 0.061131713217808664,
  "carnegie mellon": 0.008919738760337255,
  "dead sea": 0.015639408329816785,
  "humanity": 0.010442435810663996,
  "peiryuan yeh asks": 0.020377237739269555,
  "pastbc and": 0.020377237739269555,
  "about torah": 0.020377237739269555,
  "manuscript exists": 0.020377237739269555,
  "song of": 0.016098551439516804,
  "israel it was": 0.018116718626783733,
  "jewish history as": 0.020377237739269555,
  "same as torah": 0.020377237739269555,
  "exists that dates": 0.020377237739269555,
  "sins": 0.021448517115456214,
  "humanity and as": 0.020377237739269555,
  "gmt": 0.00033833305363512836,
  "enhanced our knowledge": 0.020377237739269555,
  "he denies": 0.018116718626783733,
  "complete manuscript exists": 0.020377237739269555,
  "all humanity": 0.020377237739269555,
  "prophets plus": 0.020377237739269555,
  "isaiah predicts the": 0.020377237739269555,
  "isaiah predicts": 0.020377237739269555,
  "like jewish history": 0.020377237739269555,
  "psalms proverbs": 0.020377237739269555,
  "as torah": 0.020377237739269555,
  "revivals temples": 0.020377237739269555,
  "temples and": 0.018951008972685306,
  "friend": 0.02201550500085532,
  "of the veracity": 0.018116718626783733,
  "prophets all the": 0.020377237739269555,
  "yeh": 0.014017068082153679,
  "the death": 0.010137044853630513,
  "yeh asks": 0.020377237739269555,
  "time of christ": 0.017524780206101057,
  "if jesus rose": 0.020377237739269555,
  "our knowledge": 0.016373307391419116,
  "understandably so": 0.020377237739269555,
  "friend would have": 0.018951008972685306,
  "andy byler ": 0.014947078624834865,
  "known a complete": 0.020377237739269555,
  "mistaken but understandably": 0.020377237739269555,
  "how about torah": 0.020377237739269555,
  "torah are": 0.020377237739269555,
  "jesus was crucified": 0.017524780206101057,
  "hebrew was from": 0.020377237739269555,
  "is sorely": 0.020377237739269555,
  "revivals": 0.020377237739269555,
  "revivals temples and": 0.020377237739269555,
  "dead sea scrolls": 0.016690489860199484,
  "history are": 0.015856199514297908,
  "god for": 0.01312135188614988,
  "manuscript in hebrew": 0.020377237739269555,
  "and the writings": 0.020377237739269555,
  "knowledge of": 0.009921673202264487,
  "the dead sea": 0.015856199514297908,
  "nehemiah": 0.017524780206101057,
  "ot valid": 0.020377237739269555,
  "death could": 0.020377237739269555,