{
  "change the name": 0.058920561614658584,
  "group is": 0.048370355776398116,
  "may gmt sender": 0.0276611107735422,
  "university of": 0.012240319446341883,
  "with liberals": 0.0660235905439156,
  "even socreligionnew": 0.06825368412881314,
  "socreligionnew": 0.06825368412881314,
  "bill": 0.023386092238406916,
  "become apparent": 0.0660235905439156,
  "active": 0.03517334516483063,
  "catholic": 0.03642892135045123,
  "this newsgroup": 0.03554432207318439,
  "catholic gay and": 0.06825368412881314,
  "liberals": 0.04726104691096654,
  "agers and athiests": 0.0660235905439156,
  "gmt": 0.0012746501090439718,
  "appropriate heck": 0.06825368412881314,
  "to change": 0.032350680296987816,
  "catholic gay": 0.06825368412881314,
  "department of": 0.02728551090233331,
  "liberals catholics new": 0.0660235905439156,
  "reading the posts": 0.0660235905439156,
  "clinton": 0.02796954682050664,
  "clinton im": 0.06825368412881314,
  "department": 0.022377735328610725,
  "tennessee department of": 0.07677005845957367,
  "posts on": 0.05181753268540157,
  "may gmt": 0.02607559368734367,
  "the pastsmonths": 0.0660235905439156,
  "sender university of": 0.027841881644434793,
  "change the": 0.03320105950052599,
  "new agers": 0.0660235905439156,
  "liberals catholics": 0.0660235905439156,
  "to socreligionany": 0.06825368412881314,
  "dont flame": 0.05394495009394234,
  "active with liberals": 0.0660235905439156,
  "flame me im": 0.06825368412881314,
  "think to change": 0.06825368412881314,
  "that this group": 0.05818172301152428,
  "this group": 0.0321029934767816,
  "pastsmonths": 0.0660235905439156,
  "gay and i": 0.06825368412881314,
  "change": 0.023037718881283333,
  "heck dont": 0.06825368412881314,
  "university": 0.007567101961496253,
  "gay": 0.034614404902029515,
  "and athiests": 0.06429379557248761,
  "i voted": 0.05213398225532602,
  "the posts": 0.05066699001006611,
  "agers and": 0.0660235905439156,
  "reading the": 0.0397225895207246,
  "apparent to": 0.059737309798052585,
  "tennessee": 0.044292114722934706,
  "your side": 0.05818172301152428,
  "gmt sender": 0.013938217254107385,
  "heck": 0.03851832254383186,
  "socreligionchristian": 0.0524639017469446,
  "pastsmonths it has": 0.0660235905439156,
  "for bill clinton": 0.06288045017098409,
  "reading": 0.025576695478174656,
  "socreligionchristian may": 0.06288045017098409,
  "socreligionnew it": 0.06825368412881314,
  "catholics new": 0.0660235905439156,
  "socreligionany": 0.06825368412881314,
  "socreligionnew it might": 0.06825368412881314,
  "sender university": 0.02720733943670055,
  "for bill": 0.059737309798052585,
  "is primarily active": 0.0660235905439156,
  "flame": 0.03284427017963233,
  "primarily active": 0.0660235905439156,
  "athiests someone might": 0.0660235905439156,
  "me im catholic": 0.06825368412881314,
  "with liberals catholics": 0.0660235905439156,
  "of tennessee department": 0.07677005845957367,
  "side ": 0.15354011691914735,
  "active with": 0.060650356586086564,
  "department of conferences": 0.07677005845957367,
  "im catholic": 0.06825368412881314,
  "perhaps even socreligionnew": 0.06825368412881314,
  "flame me": 0.05040418728389804,
  "of conferences": 0.07139682450174463,
  "socreligionchristian may gmt": 0.06288045017098409,
  "gmt sender university": 0.03151633406293847,
  "apparent": 0.037525135722930515,
  "newsgroup for": 0.05122093546729205,
  "name to socreligionany": 0.06825368412881314,
  "catholics": 0.04383598681578019,
  "conferences after": 0.07677005845957367,
  "after reading": 0.04779587537210569,
  "voted for": 0.05280848905369525,
  "tennessee department": 0.07677005845957367,
  "heck dont flame": 0.06825368412881314,
  "bill clinton": 0.03897783114793683,
  "and i voted": 0.06825368412881314,
  "of tennessee": 0.04477676865302257,
  "has become apparent": 0.0660235905439156,
  "university of tennessee": 0.04477676865302257,
  "conferences": 0.04877844673364944,
  "pastsmonths it": 0.0660235905439156,
  "athiests someone": 0.0660235905439156,
  "gay and": 0.05394495009394234,
  "socreligionany or": 0.06825368412881314,
  "group is primarily": 0.0660235905439156,
  "on this newsgroup": 0.049209220773609216,
  "athiests": 0.04966534868076374,
  "sender": 0.005072508106330355,
  "side": 0.025167527264392336,
  "bill clinton im": 0.06825368412881314,
  "more appropriate heck": 0.06825368412881314,
  "agers": 0.0660235905439156,
  "newsgroup": 0.029818244403537815,
  "on your side": 0.0660235905439156,
  "for the pastsmonths": 0.0660235905439156,
  "newsgroup for the": 0.060650356586086564,
  "im catholic gay": 0.06825368412881314,
  "voted for bill": 0.06429379557248761,
  "catholics new agers": 0.0660235905439156,
  "group": 0.01991985384207224,
  "apparent to me": 0.06288045017098409,
  "conferences after reading": 0.07677005845957367,
  "posts": 0.031359723928694135,
  "dont": 0.009446496733774925,
  "dont flame me": 0.05527712262825753,
  "voted": 0.044292114722934706,
  "socreligionany or perhaps": 0.06825368412881314,
  "clinton im on": 0.06825368412881314,
  "appropriate heck dont": 0.06825368412881314,
  "posts on this": 0.056886730107158646
}