{
  "original version he": 0.04287159108781387,
  "copy": 0.014899867380654915,
  "may gmt sender": 0.015447113808601488,
  "particulars my guess": 0.04287159108781387,
  "sender fred gilham": 0.03987095394253272,
  "minnesota has": 0.03987095394253272,
  "rebuttal pointing": 0.04287159108781387,
  "the philosophy department": 0.03987095394253272,
  "pointing out": 0.02480065052549509,
  "it is true": 0.04640729661484848,
  "at any rate": 0.02844646333813766,
  "my guess": 0.024239274667016593,
  "logic": 0.0179276457078131,
  "goedel wrote a": 0.03987095394253272,
  "argument": 0.06009346231248179,
  "gilham asks whether": 0.04287159108781387,
  "version": 0.033045540817437005,
  "goedel and the": 0.04287159108781387,
  "argument may": 0.03590432739762295,
  "i can supply": 0.03590432739762295,
  "flaws complained of": 0.04287159108781387,
  "a revised version": 0.03511505658899112,
  "flaws": 0.08007360938963162,
  "asks whether": 0.03987095394253272,
  "week when i": 0.03687031679725157,
  "department": 0.012496657391302094,
  "goedel wrote": 0.03987095394253272,
  "published or already": 0.04287159108781387,
  "may gmt": 0.014561695176049062,
  "gilham": 0.03590432739762295,
  "god": 0.011694464172092535,
  "a revised": 0.03335979638073066,
  "version he has": 0.04287159108781387,
  "a copy": 0.018065964321694494,
  "professor c anthony": 0.03987095394253272,
  "of flaws": 0.03987095394253272,
  "wrote a": 0.024011379716863252,
  "the flaws": 0.03386967965197042,
  "being published": 0.04287159108781387,
  "professor c": 0.03987095394253272,
  "the original version": 0.03987095394253272,
  "in the journal": 0.03687031679725157,
  "sender fred": 0.03811569373427227,
  "journal": 0.021766840770925763,
  "minnesota has written": 0.03987095394253272,
  "symbolic logic yours": 0.04287159108781387,
  "true": 0.022169336380546814,
  "it last week": 0.03811569373427227,
  "perhaps free": 0.04287159108781387,
  "gmt sender": 0.007783679765280748,
  "rebuttal": 0.030125102000513253,
  "fred": 0.021209485867270752,
  "the university": 0.01606482706411312,
  "goedel and": 0.04287159108781387,
  "university of": 0.006835503067437675,
  "of the ontological": 0.03811569373427227,
  "supply": 0.01756233232133021,
  "anderson of the": 0.03987095394253272,
  "flaws complained": 0.04287159108781387,
  "of the argument": 0.031767914215686,
  "c anthony": 0.03987095394253272,
  "surfaces": 0.026204285452705388,
  "argument for the": 0.03386967965197042,
  "anthony anderson of": 0.03987095394253272,
  "pointing": 0.02221927669618761,
  "philosophy": 0.021238637521735444,
  "guess is that": 0.02658933950472485,
  "james": 0.015579604930142951,
  "fred gilham asks": 0.03987095394253272,
  "published a": 0.03386967965197042,
  "week when": 0.032903690252341806,
  "the argument": 0.04400914264657979,
  "ontological argument for": 0.03811569373427227,
  "c": 0.011946839560956197,
  "argument perhaps": 0.04287159108781387,
  "the philosophy": 0.0324910920713707,
  "and recently professor": 0.04287159108781387,
  "kiefer": 0.027480473938509043,
  "true that goedel": 0.04287159108781387,
  "week": 0.015266712525482146,
  "c anthony anderson": 0.03987095394253272,
  "copy which": 0.03811569373427227,
  "true someone": 0.04287159108781387,
  "certain flaws": 0.04287159108781387,
  "particulars my": 0.04287159108781387,
  "the existence": 0.01966253409340077,
  "the original": 0.015524557811851598,
  "rate free": 0.04287159108781387,
  "version of": 0.033529456978560516,
  "that goedel wrote": 0.04287159108781387,
  "published": 0.035747064898186964,
  "minnesota": 0.020741773822201125,
  "journal of": 0.026691203129877203,
  "flaws in": 0.029490454926089555,
  "the journal": 0.028937063707432042,
  "the ontological argument": 0.07374063359450314,
  "written a": 0.030359159235449514,
  "of the philosophy": 0.03811569373427227,
  "the ontological": 0.0688954752573999,
  "particulars": 0.029903053107060658,
  "the flaws complained": 0.04287159108781387,
  "when it surfaces": 0.04287159108781387,
  "anderson": 0.021448388099163787,
  "fred gilham": 0.03590432739762295,
  "version he": 0.03987095394253272,
  "out certain flaws": 0.04287159108781387,
  "has written": 0.029691840275158355,
  "any rate free": 0.04287159108781387,
  "ontological argument may": 0.03987095394253272,
  "of symbolic": 0.03811569373427227,
  "flaws in the": 0.03590432739762295,
  "supply particulars my": 0.04287159108781387,
  "revised": 0.025603261881907917,
  "surfaces again": 0.03987095394253272,
  "god yes it": 0.04287159108781387,
  "has published": 0.031767914215686,
  "gilham asks": 0.03987095394253272,
  "that goedel": 0.04287159108781387,
  "symbolic logic": 0.04287159108781387,
  "gmt": 0.0007118175933622181,
  "of the university": 0.02712446485523211,
  "written a revised": 0.04287159108781387,
  "a rebuttal": 0.03590432739762295,
  "anthony anderson": 0.03987095394253272,
  "symbolic": 0.02786840536140812,
  "true someone has": 0.04287159108781387,
  "published or": 0.03444773762869995,
  "rate": 0.016764728489280258,
  "in the argument": 0.03386967965197042,
  "recently professor c": 0.04287159108781387,
  "argument perhaps free": 0.04287159108781387,
  "original version": 0.03590432739762295,
  "free of": 0.04960130105099018,
  "existence of": 0.019682905916073554,
  "supply particulars": 0.04287159108781387,
  "guess is": 0.02435788494488722,
  "argument may gmt": 0.03811569373427227,
  "is being published": 0.04287159108781387,
  "ontological argument": 0.07374063359450314,
  "wrote": 0.011118422781009475,
  "complained": 0.02723991181229774,
  "wrote a version": 0.03987095394253272,
  "anderson of": 0.03987095394253272,
  "of symbolic logic": 0.04287159108781387,
  "university": 0.004225784212264141,
  "and the ontological": 0.04287159108781387,
  "complained of": 0.03811569373427227,
  "can supply particulars": 0.04287159108781387,
  "can supply": 0.03086904250668927,
  "of god": 0.016785591201124193,
  "me a copy": 0.030606598256401676,
  "a version": 0.02473455757254795,
  "philosophy department of": 0.03987095394253272,
  "last week": 0.021604686820558227,
  "revised version of": 0.03511505658899112,
  "a rebuttal pointing": 0.04287159108781387,
  "of minnesota": 0.02529391571748305,
  "copy which i": 0.03987095394253272,
  "free of flaws": 0.04287159108781387,
  "free": 0.024292542776365455,
  "free of the": 0.03590432739762295,
  "someone has published": 0.03811569373427227,
  "revised version": 0.03511505658899112,
  "asks whether it": 0.04287159108781387,
  "version of the": 0.04063940596055049,
  "flaws and": 0.04287159108781387,
  "professor": 0.02221927669618761,
  "flaws and at": 0.04287159108781387,
  "anthony": 0.022979297364287502,
  "rebuttal pointing out": 0.04287159108781387,
  "goedel": 0.07623138746854453,
  "rate free of": 0.04287159108781387,
  "recently professor": 0.04287159108781387,
  "james kiefer ": 0.02844646333813766,
  "philosophy department": 0.03987095394253272,
  "department of": 0.015237363231173149,
  "argument and": 0.029903053107060658,
  "kiefer ": 0.05689292667627532,
  "in the original": 0.027480473938509043,
  "guess": 0.012950607104040383,
  "for the existence": 0.029903053107060658,
  "existence": 0.01745116775675146,
  "true that": 0.02221927669618761,
  "yours james kiefer": 0.027605961111120528,
  "pointing out certain": 0.04287159108781387,
  "written": 0.01497491898088555,
  "published a rebuttal": 0.04287159108781387,
  "logic yours": 0.04287159108781387,
  "any rate": 0.02844646333813766,
  "asks": 0.02233075936329763,
  "existence of god": 0.02690241596177951,
  "yours james": 0.027605961111120528,
  "it surfaces": 0.04287159108781387,
  "james kiefer": 0.027480473938509043,
  "sender": 0.0028326993321065616,
  "of the flaws": 0.03987095394253272,
  "logic yours james": 0.04287159108781387,
  "journal of symbolic": 0.04287159108781387,
  "argument and recently": 0.04287159108781387,
  "god yes": 0.03590432739762295,