{
  "the university": 0.03825747476092918,
  "birmingham united": 0.08550411988506085,
  "bst the university": 0.08550411988506085,
  "excuse my": 0.07647866898450517,
  "if ive posted": 0.10209626331221652,
  "bear with": 0.07174122228988208,
  "exactly what dmorf": 0.09495041608994904,
  "of birmingham": 0.08550411988506085,
  "of birmingham united": 0.08550411988506085,
  "one bitma p": 0.10209626331221652,
  "if ive": 0.07944446354586374,
  "simply fade one": 0.09495041608994904,
  "kingdombhamacuk": 0.08550411988506085,
  "setapr": 0.10209626331221652,
  "another please excuse": 0.10209626331221652,
  "university of": 0.016278362975031987,
  "it re shape": 0.10209626331221652,
  "my ignorance": 0.08065872164541409,
  "p into another": 0.10209626331221652,
  "excuse": 0.04505101085110807,
  "shape one bitma": 0.10209626331221652,
  "re shape": 0.10209626331221652,
  "sure if ive": 0.10209626331221652,
  "does it simply": 0.08780456886768156,
  "it simply fade": 0.09495041608994904,
  "kingdombhamacuk bear": 0.10209626331221652,
  "ive": 0.021411282534319478,
  "one bitma": 0.10209626331221652,
  "please excuse": 0.06850763920890227,
  "setapr bst the": 0.10209626331221652,
  "posted thi": 0.10209626331221652,
  "thi": 0.08550411988506085,
  "none setapr bst": 0.10209626331221652,
  "explain": 0.036217493548656214,
  "united kingdombhamacuk bear": 0.10209626331221652,
  "united kingdombhamacuk": 0.08550411988506085,
  "could anyone explain": 0.10209626331221652,
  "dmorf": 0.08550411988506085,
  "ive posted thi": 0.10209626331221652,
  "explain exactly what": 0.08780456886768156,
  "none setapr": 0.10209626331221652,
  "bitma": 0.10209626331221652,
  "bst the": 0.08362451620677266,
  "birmingham united kingdombhamacuk": 0.08550411988506085,
  "fade one bitmap": 0.09495041608994904,
  "game but": 0.0617661292356377,
  "bear with me": 0.07229861632359626,
  "game but could": 0.10209626331221652,
  "s message correctly": 0.10209626331221652,
  "bst": 0.06850763920890227,
  "message correctly ": 0.10209626331221652,
  "correctly ": 0.1815407268580803,
  "anyone explain": 0.07944446354586374,
  "simply": 0.031520182123927355,
  "dmorf does does": 0.10209626331221652,
  "ignorance": 0.0491498876725231,
  "s message": 0.08203533394051227,
  "university of birmingham": 0.08550411988506085,
  "it simply": 0.06218697453997023,
  "s": 0.028410085258716997,
  "what dmorf": 0.09495041608994904,
  "ignorance i": 0.08780456886768156,
  "game": 0.03127097040708121,
  "ignorance i not": 0.10209626331221652,
  "bitma p": 0.10209626331221652,
  "posted thi s": 0.10209626331221652,
  "ive posted": 0.07288787832194625,
  "simply fade": 0.09077036342904014,
  "bear": 0.044809376078200666,
  "explain exactly": 0.08550411988506085,
  "fade": 0.07022984626728543,
  "kingdombhamacuk bear with": 0.10209626331221652,
  "this game": 0.06285232011870807,
  "thi s": 0.10209626331221652,
  "p": 0.03658729381946033,
  "excuse my ignorance": 0.08780456886768156,
  "message correctly": 0.10209626331221652,
  "bitma p into": 0.10209626331221652,
  "bitmap": 0.0553684334858943,
  "shape one": 0.09495041608994904,
  "united": 0.039998865446638866,
  "correctly": 0.04492948553407671,
  "p into": 0.09495041608994904,
  "shape": 0.049271892390533444,
  "setapr bst": 0.10209626331221652,
  "posted": 0.0353710437812794,
  "birmingham": 0.07417822000188445,
  "fade one": 0.09495041608994904,
  "bitmap into": 0.09077036342904014,
  "thi s message": 0.10209626331221652,
  "bitmap into another": 0.09495041608994904,
  "at this game": 0.09495041608994904,
  "university": 0.010063465495185739,
  "one bitmap": 0.09495041608994904,
  "message": 0.02808277909052545,
  "dmorf does": 0.09495041608994904
}