{
  "polygon": 0.21715861603973466,
  "reference": 0.03419785645440436,
  "or a reference": 0.07751308064346636,
  "sender nntppostinghost": 0.027866162216204433,
  "nntppostinghost bogart bull": 0.08607654542733698,
  "to determine": 0.0445016260260032,
  "algorithm": 0.07752514631211384,
  "sender nntppostinghost bogart": 0.08607654542733698,
  "determine if": 0.058079047543654824,
  "wedapr gmt i": 0.05081709740776093,
  "gmt": 0.0015367277015576855,
  "a point": 0.0465734263126811,
  "polygon does anyone": 0.07751308064346636,
  "algorithm to": 0.12032900258850983,
  "point polygon": 0.07959853439406646,
  "a polygon point": 0.08607654542733698,
  "wedapr": 0.024838153959723993,
  "bound": 0.093841787265395,
  "to find": 0.02978264268938341,
  "reference to book": 0.07751308064346636,
  "hn": 0.07751308064346636,
  "polygon sender": 0.08607654542733698,
  "book": 0.029254739865695954,
  "find": 0.019829734411679092,
  "simon ": 0.15502616128693272,
  "if a point": 0.08228715189361582,
  "uk wedapr": 0.0758091408603453,
  "point within": 0.0758091408603453,
  "book containing": 0.07436848030121204,
  "find if": 0.06607592707690454,
  "within a polygon": 0.07959853439406646,
  "polygon sender nntppostinghost": 0.09255455646060749,
  "any such code": 0.0758091408603453,
  "code or": 0.06247160482632525,
  "algorithm to find": 0.08607654542733698,
  "polygon point polygon": 0.08607654542733698,
  "reference to": 0.04366569088252725,
  "book containing information": 0.07751308064346636,
  "code": 0.030548637228255297,
  "subject regards": 0.07959853439406646,
  "polygon algorithm to": 0.09255455646060749,
  "subject": 0.02865424978130291,
  "point": 0.08140434017559069,
  "bogart bull hn": 0.08607654542733698,
  "for an algorithm": 0.07312052336079594,
  "point within a": 0.0758091408603453,
  "point polygon sender": 0.08607654542733698,
  "determine if a": 0.0701443202662302,
  "bound by": 0.12911411715385068,
  "such code": 0.07436848030121204,
  "bound by a": 0.15502616128693272,
  "nntppostinghost": 0.01591378265678915,
  "hn uk": 0.08607654542733698,
  "bogart bull": 0.08607654542733698,
  "code or a": 0.07436848030121204,
  "a given point": 0.0758091408603453,
  "polygon algorithm": 0.08228715189361582,
  "polygon does": 0.07751308064346636,
  "given point": 0.0701443202662302,
  "an algorithm": 0.05740315351020037,
  "a reference": 0.050294850133046375,
  "uk wedapr gmt": 0.07751308064346636,
  "bull": 0.05284899345080041,
  "gmt i": 0.0316971234732736,
  "bull hn": 0.07959853439406646,
  "to book": 0.07201974732662414,
  "is bound": 0.12911411715385068,
  "gmt i am": 0.04706358028812542,
  "bull hn uk": 0.08607654542733698,
  "point is bound": 0.15502616128693272,
  "point is": 0.08220571972621755,
  "determine": 0.04080376891837819,
  "a polygon": 0.1999275369825763,
  "subject regards simon": 0.08228715189361582,
  "by a polygon": 0.15502616128693272,
  "simon": 0.047580870896379295,
  "find if a": 0.08607654542733698,
  "sender": 0.0061154536982861284,
  "bogart": 0.0758091408603453,
  "a polygon algorithm": 0.09255455646060749,
  "the subject": 0.03726294839885577,
  "algorithm to determine": 0.07751308064346636,
  "uk": 0.03590542637716809,
  "hn uk wedapr": 0.09255455646060749,
  "on the subject": 0.045240584189327436,
  "polygon point": 0.08607654542733698,
  "nntppostinghost bogart": 0.08607654542733698,
  "wedapr gmt": 0.02585845170742762,
  "regards simon": 0.07751308064346636
}