{
  "program that": 0.029142521718791125,
  "ukdlsgdlacuk": 0.06038620452003051,
  "daresbury": 0.11231939464298851,
  "raytracing package": 0.05368734910132253,
  "written by": 0.02872183347801703,
  "a simple raytracer": 0.06038620452003051,
  "documentation if": 0.051933190122958,
  "thanks gary": 0.05368734910132253,
  "ideas thanks": 0.04311051339773651,
  "software called shadow": 0.06038620452003051,
  "a newer": 0.03853547928554203,
  "program or": 0.038368412369760845,
  "optical raytracing": 0.06038620452003051,
  "package apr": 0.051933190122958,
  "a newer version": 0.046346051513969255,
  "an old version": 0.046346051513969255,
  "ps i": 0.03439425405026639,
  "package apr gmt": 0.051933190122958,
  "of synchrotron beam": 0.06038620452003051,
  "laboratory": 0.02414962296437989,
  "serc daresbury lab": 0.056159697321494256,
  "you ps": 0.06038620452003051,
  "software": 0.01644487957202897,
  "its a simple": 0.049460841902786275,
  "i think shadow": 0.06038620452003051,
  "of synchrotron": 0.06038620452003051,
  "f cerrina anyone": 0.06038620452003051,
  "simple": 0.019812103787206003,
  "beam lines": 0.06038620452003051,
  "some docs": 0.06038620452003051,
  "newer version": 0.04243230830560099,
  "dont have": 0.018908187670492026,
  "daresbury lab": 0.056159697321494256,
  "shadow was written": 0.06038620452003051,
  "optical raytracing package": 0.06038620452003051,
  "think shadow": 0.06038620452003051,
  "a f cerrina": 0.06038620452003051,
  "maybe a newer": 0.06038620452003051,
  "cerrina": 0.06038620452003051,
  "shadow optical raytracing": 0.06038620452003051,
  "docs": 0.03397929390852849,
  "visualization": 0.03888400619920025,
  "hear from": 0.0335159652074436,
  "hear": 0.020159706337794826,
  "raytracer used": 0.06038620452003051,
  "some software": 0.0407589129049805,
  "laboratory ukdlsgdlacuk": 0.06038620452003051,
  "synchrotron": 0.038205801107064744,
  "any documentation": 0.04429439153457161,
  "gary": 0.026456202036355545,
  "lines": 0.02188896033541407,
  "the visualization": 0.0505725587125055,
  "old version": 0.04429439153457161,
  "even another program": 0.06038620452003051,
  "love to hear": 0.041007827505713766,
  "daresbury laboratory": 0.056159697321494256,
  "lines now": 0.06038620452003051,
  "gmt serc daresbury": 0.06038620452003051,
  "program here": 0.056159697321494256,
  "gmt": 0.0010026211223577585,
  "thanks gary serc": 0.06038620452003051,
  "ukdlsgdlacuk hi everyone": 0.06038620452003051,
  "program": 0.051144732936115225,
  "sort": 0.01920670501638551,
  "lines now we": 0.06038620452003051,
  "of the program": 0.0757860742337935,
  "apr gmt": 0.009172270965543258,
  "written": 0.021092721247466844,
  "lab ": 0.101145117425011,
  "raytracer": 0.0434801757258855,
  "version of the": 0.05724209010297051,
  "was written": 0.02991539797268834,
  "f cerrina": 0.06038620452003051,
  "software called": 0.056159697321494256,
  "from you ps": 0.06038620452003051,
  "same sort": 0.041007827505713766,
  "ideas thanks gary": 0.06038620452003051,
  "called shadow": 0.056159697321494256,
  "love": 0.019772941411251934,
  "daresbury lab ": 0.06038620452003051,
  "simple raytracer": 0.06038620452003051,
  "sort of": 0.020319844993569626,
  "visualization of": 0.048520898733107866,
  "any ideas": 0.030167746851730137,
  "serc daresbury laboratory": 0.06038620452003051,
  "for some software": 0.056159697321494256,
  "optical": 0.03595124607349105,
  "program or even": 0.06038620452003051,
  "package": 0.023777137037673562,
  "ukdlsgdlacuk hi": 0.06038620452003051,
  "in the visualization": 0.051933190122958,
  "we dont": 0.024808090269648767,
  "raytracer used in": 0.06038620452003051,
  "beam": 0.03430897208700578,
  "the same sort": 0.041267337349730815,
  "apr": 0.008011120050543533,
  "synchrotron beam lines": 0.06038620452003051,
  "laboratory ukdlsgdlacuk hi": 0.06038620452003051,
  "version of": 0.04722746684175293,
  "shadow": 0.10032616341747083,
  "to hear": 0.025834822275442506,
  "the program": 0.05353547311121976,
  "shadow was": 0.06038620452003051,
  "raytracing": 0.04051976221502147,
  "dont": 0.007430476089371739,
  "get some docs": 0.06038620452003051,
  "love to": 0.02947825206746812,
  "beam lines now": 0.06038620452003051,
  "would love": 0.03531990047019325,
  "apr gmt serc": 0.06038620452003051,
  "gary serc": 0.06038620452003051,
  "anyone any ideas": 0.0505725587125055,
  "another program": 0.04474626941355772,
  "shadow optical": 0.06038620452003051,
  "i would love": 0.039066036462308065,
  "written by a": 0.03573345288689301,
  "program that does": 0.043873703293797514,
  "a simple": 0.027526011045539648,
  "by a f": 0.06038620452003051,
  "daresbury laboratory ukdlsgdlacuk": 0.06038620452003051,
  "hear from you": 0.041007827505713766,
  "visualization of synchrotron": 0.06038620452003051,
  "have any documentation": 0.051933190122958,
  "cerrina anyone any": 0.06038620452003051,
  "docs or": 0.051933190122958,
  "ideas": 0.02204560354343426,
  "gmt serc": 0.06038620452003051,
  "a f": 0.04429439153457161,
  "version": 0.03103056881637377,
  "cerrina anyone": 0.06038620452003051,
  "ps": 0.02305393129128425,
  "unfortunately we dont": 0.0505725587125055,
  "synchrotron beam": 0.06038620452003051,
  "serc": 0.11231939464298851,
  "raytracing package apr": 0.06038620452003051,
  "lab": 0.02414962296437989,
  "documentation": 0.02747057829126372,
  "dont have any": 0.03089668069715564,
  "docs or maybe": 0.06038620452003051,
  "f": 0.023397740555983263,
  "newer": 0.030341974732486576,
  "shadow as far": 0.06038620452003051,
  "serc daresbury": 0.11231939464298851,
  "sort of thing": 0.03281432295265831,
  "gary serc daresbury": 0.06038620452003051,
  "program here but": 0.06038620452003051,
  "ps i think": 0.051933190122958,
  "shadow as": 0.06038620452003051,
  "simple raytracer used": 0.06038620452003051,
  "documentation if anyone": 0.06038620452003051,
  "newer version of": 0.046988493682614534
}