{
  "rsoftbcca the most": 0.071763315516558,
  "the most ridiculous": 0.05507791629196346,
  "clothing email me": 0.06674050986032651,
  "lit mp": 0.071763315516558,
  "lit": 0.04521576735619824,
  "company which": 0.06171770420409502,
  "up in vancouver": 0.06674050986032651,
  "fake": 0.04341532272360041,
  "clothing company": 0.06674050986032651,
  "chic clothes": 0.06674050986032651,
  "get some promotional": 0.06674050986032651,
  "link british columbia": 0.05317672596973526,
  "satapr gmt": 0.02443811531564578,
  "vrexploitation ive seen": 0.06674050986032651,
  "vancouver as far": 0.06674050986032651,
  "the virtual reality": 0.06380235690302097,
  "usenet news at": 0.054387262815120525,
  "canada satapr gmt": 0.051232784037889764,
  "fake virtual reality": 0.071763315516558,
  "satapr": 0.02354481899349119,
  "fake virtual": 0.06674050986032651,
  "mp": 0.04077298132078948,
  "some promotional": 0.06674050986032651,
  "re fake": 0.06380235690302097,
  "clothing company which": 0.06674050986032651,
  "is the virtual": 0.06380235690302097,
  "promotional lit mp": 0.071763315516558,
  "usenet news": 0.017419668483280974,
  "satapr gmt sender": 0.04434165150265755,
  "promotional lit": 0.06674050986032651,
  "link": 0.033934650117439694,
  "promotional": 0.056694898547863526,
  "news at": 0.04736262109636615,
  "another chic clothes": 0.06674050986032651,
  "at rsoftbcca": 0.054387262815120525,
  "vrexploitation ive": 0.06674050986032651,
  "were selling virtual": 0.06674050986032651,
  "be interesting": 0.042724669246757475,
  "mind link": 0.053756745590557986,
  "british columbia canada": 0.04788043967594691,
  "vancouver as": 0.06380235690302097,
  "news": 0.011123974659483506,
  "chic": 0.06380235690302097,
  "ive": 0.015049959462528907,
  "email me if": 0.04579578697702097,
  "up their phone": 0.06674050986032651,
  "phone and you": 0.052639711678766264,
  "the virtual": 0.05005511063573197,
  "british": 0.03116825159713987,
  "email me": 0.02937690406766771,
  "gmt": 0.0011915207541063216,
  "selling": 0.030055038606507906,
  "reality mind link": 0.071763315516558,
  "reality clothing company": 0.06674050986032651,
  "canada": 0.02364827324245266,
  "another chic": 0.06674050986032651,
  "virtual reality": 0.08970674600841587,
  "vrexploitation": 0.06674050986032651,
  "sender": 0.004741692360265332,
  "virtual reality mind": 0.071763315516558,
  "company which recently": 0.06674050986032651,
  "columbia canada": 0.04788043967594691,
  "british columbia": 0.04259410036630329,
  "would be interesting": 0.05005511063573197,
  "some promotional lit": 0.06674050986032651,
  "ridiculous example": 0.06674050986032651,
  "virtual clothing": 0.06674050986032651,
  "opened up": 0.05213976333465792,
  "their phone": 0.05005511063573197,
  "to dig": 0.05042680117477219,
  "example of vrexploitation": 0.06674050986032651,
  "opened up in": 0.06674050986032651,
  "recently opened": 0.06674050986032651,
  "chic clothes spot": 0.06674050986032651,
  "link british": 0.05317672596973526,
  "of vrexploitation ive": 0.06674050986032651,
  "ridiculous example of": 0.06674050986032651,
  "clothing email": 0.06674050986032651,
  "usenet": 0.01476641872174067,
  "selling virtual": 0.06674050986032651,
  "lit mp ": 0.071763315516558,
  "of vrexploitation": 0.06674050986032651,
  "clothes spot although": 0.06674050986032651,
  "rsoftbcca the": 0.071763315516558,
  "they were selling": 0.06380235690302097,
  "interesting if": 0.056694898547863526,
  "ive seen": 0.028642717309400552,
  "spot although it": 0.06674050986032651,
  "company": 0.023243033508887765,
  "news at rsoftbcca": 0.054387262815120525,
  "rsoftbcca": 0.054387262815120525,
  "reality mind": 0.071763315516558,
  "were selling": 0.058779551246789484,
  "phone and": 0.04341532272360041,
  "in vancouver": 0.049701558721460724,
  "ridiculous": 0.035123853158961556,
  "which recently opened": 0.06674050986032651,
  "clothes spot": 0.06674050986032651,
  "virtual": 0.10817573600277822,
  "canada satapr": 0.051232784037889764,
  "dig": 0.04313111465727229,
  "gmt sender": 0.013029203085361252,
  "mp ": 0.12020144389638988,
  "sender usenet": 0.016163620613351394,
  "reality": 0.05762915239586365,
  "most ridiculous": 0.05507791629196346,
  "mind": 0.02193531108256693,
  "vancouver": 0.03535838420607773,
  "me to dig": 0.06674050986032651,
  "gmt sender usenet": 0.02950329756522816,
  "columbia canada satapr": 0.071763315516558,
  "opened": 0.03627172276329051,
  "mind link british": 0.053756745590557986,
  "email": 0.015137231213626928,
  "phone": 0.021223613262753318,
  "interesting if they": 0.06380235690302097,
  "spot although": 0.06674050986032651,
  "dig up": 0.054387262815120525,
  "clothing": 0.09006460995900097,
  "columbia": 0.03409304717405201,
  "clothes": 0.042465842561235166,
  "just another chic": 0.06674050986032651,
  "dig up their": 0.06674050986032651,
  "virtual clothing email": 0.06674050986032651,
  "interesting": 0.023619911653169064,
  "ive seen so": 0.05317672596973526,
  "selling virtual clothing": 0.06674050986032651,
  "sender usenet news": 0.017726851102627696,
  "spot": 0.03535838420607773,
  "reality clothing": 0.06674050986032651,
  "virtual reality clothing": 0.06674050986032651,
  "re fake virtual": 0.06674050986032651
}