{
  "equations which could": 0.064727696348268,
  "scanned grey": 0.064727696348268,
  "grey scale": 0.04848647641501309,
  "scanner": 0.03686704355714829,
  "solution which is": 0.057547223873313035,
  "color equations": 0.064727696348268,
  "write": 0.021253370377093305,
  "color scanner but": 0.064727696348268,
  "write software which": 0.064727696348268,
  "theequations": 0.064727696348268,
  "software which will": 0.052009329360978365,
  "ious solution": 0.064727696348268,
  "true": 0.016735675502961813,
  "ious": 0.064727696348268,
  "ions": 0.04967812057706508,
  "obv ious": 0.064727696348268,
  "is to buy": 0.05420849430621504,
  "to buy": 0.02592027017125867,
  "equations a while": 0.064727696348268,
  "process i would": 0.060197322619118025,
  "solution which": 0.05301685014416307,
  "repost theequations": 0.064727696348268,
  "automate": 0.05420849430621504,
  "scale images": 0.064727696348268,
  "several equations": 0.064727696348268,
  "for changingf iltered": 0.064727696348268,
  "state university sunapr": 0.04660620143166812,
  "most color": 0.064727696348268,
  "used for changingf": 0.064727696348268,
  "to color equations": 0.064727696348268,
  "is those equat": 0.064727696348268,
  "true color image": 0.05301685014416307,
  "color equations a": 0.064727696348268,
  "a color": 0.03744411942084553,
  "conversion process": 0.060197322619118025,
  "would repost theequations": 0.064727696348268,
  "someone would repost": 0.064727696348268,
  "theequations unknowns thanks": 0.064727696348268,
  "conversion": 0.0332755110190365,
  "software which": 0.044234270100365056,
  "will automate": 0.064727696348268,
  "equat": 0.064727696348268,
  "university sunapr": 0.03841820817352846,
  "university sunapr edt": 0.05566694888996806,
  "scanner but": 0.05420849430621504,
  "one true color": 0.064727696348268,
  "starting to": 0.03608699938961517,
  "images into": 0.04967812057706508,
  "grey": 0.07233842730481022,
  "penn state": 0.035846385186198725,
  "automate the": 0.05566694888996806,
  "most color scanners": 0.064727696348268,
  "color scanner": 0.051136575160818085,
  "automate the conversion": 0.064727696348268,
  "software": 0.017627191175246738,
  "solution": 0.02556779734756223,
  "penn": 0.034827624593343924,
  "process": 0.023765601259762358,
  "am starting": 0.04967812057706508,
  "buy": 0.019671118867205017,
  "scanned grey to": 0.064727696348268,
  "theory": 0.024959726328168834,
  "theory used": 0.064727696348268,
  "would repost": 0.064727696348268,
  "scanners i am": 0.064727696348268,
  "the conversion": 0.046209962073390766,
  "buy a color": 0.05566694888996806,
  "equations a": 0.064727696348268,
  "becasue": 0.04967812057706508,
  "scanners i": 0.064727696348268,
  "becasue i": 0.064727696348268,
  "ions becasue": 0.064727696348268,
  "write software": 0.05420849430621504,
  "grey to": 0.064727696348268,
  "repost theequations unknowns": 0.064727696348268,
  "theequations unknowns": 0.064727696348268,
  "a color scanner": 0.05566694888996806,
  "scanners": 0.0434329477337485,
  "those equat ions": 0.064727696348268,
  "equat ions": 0.064727696348268,
  "images into one": 0.060197322619118025,
  "changingf": 0.064727696348268,
  "unknowns": 0.04967812057706508,
  "into one true": 0.064727696348268,
  "state": 0.014539532961345419,
  "same theory": 0.064727696348268,
  "buy a": 0.028040584541810017,
  "grey to color": 0.064727696348268,
  "the obv": 0.064727696348268,
  "image this is": 0.057547223873313035,
  "unknowns thanks for": 0.064727696348268,
  "color image": 0.046209962073390766,
  "becasue i am": 0.064727696348268,
  "one true": 0.04395610268586312,
  "conversion process i": 0.064727696348268,
  "obv": 0.064727696348268,
  "sunapr edt": 0.04249764810211011,
  "iltered": 0.064727696348268,
  "to color": 0.052009329360978365,
  "scale images into": 0.064727696348268,
  "process i": 0.04848647641501309,
  "scanner but what": 0.064727696348268,
  "image": 0.02437615318551024,
  "state university": 0.02037006922013021,
  "the same theory": 0.064727696348268,
  "the conversion process": 0.060197322619118025,
  "color scanners": 0.064727696348268,
  "color image this": 0.064727696348268,
  "iltered grey scale": 0.064727696348268,
  "unknowns thanks": 0.064727696348268,
  "scanned": 0.04149012731892542,
  "which will automate": 0.064727696348268,
  "image this": 0.04796332146289847,
  "had several equations": 0.064727696348268,
  "for the obv": 0.064727696348268,
  "color": 0.09723369020516393,
  "ious solution which": 0.064727696348268,
  "sunapr": 0.02236444713731093,
  "by most color": 0.064727696348268,
  "to write software": 0.064727696348268,
  "grey scale images": 0.064727696348268,
  "theory used by": 0.064727696348268,
  "starting": 0.025422368530994777,
  "for changingf": 0.064727696348268,
  "ions becasue i": 0.064727696348268,
  "scale": 0.031978446060057175,
  "edt scanned grey": 0.064727696348268,
  "color scanners i": 0.064727696348268,
  "edt scanned": 0.064727696348268,
  "iltered grey": 0.064727696348268,
  "those equat": 0.064727696348268,
  "repost": 0.03531717562715515,
  "changingf iltered": 0.064727696348268,
  "equations which": 0.064727696348268,
  "to write": 0.02938670437794042,
  "changingf iltered grey": 0.064727696348268,
  "edt": 0.024057263223618525,
  "sunapr edt scanned": 0.064727696348268,
  "equations": 0.08298025463785084,
  "penn state university": 0.037648384411068436,
  "images": 0.028112540656243804,
  "equat ions becasue": 0.064727696348268,
  "obv ious solution": 0.064727696348268,
  "the obv ious": 0.064727696348268,
  "true color": 0.04452480449625286,
  "university": 0.006380105575379194,
  "starting to write": 0.064727696348268,
  "i am starting": 0.04967812057706508
}