{
  "think makingdifferent": 0.049368450171731554,
  "about all aspects": 0.042829091310611855,
  "poenginumichedu": 0.05894843774574406,
  "reading this": 0.03159653387589532,
  "group from": 0.0420840726025523,
  "curious": 0.025668753337941348,
  "michigan": 0.026300836951156828,
  "splitapr": 0.050696685596220904,
  "michigan engineering": 0.040549375523373135,
  "week per group": 0.043680882046568247,
  "the proposed": 0.0349880110151777,
  "learn": 0.022785663751168563,
  "an awful lot": 0.035429129897045095,
  "result": 0.02097151788324546,
  "daemon": 0.03699082194744682,
  "to hardware": 0.04082628037834273,
  "university of": 0.009398816717726802,
  "big": 0.01659861960070559,
  "aspects": 0.057403966384530235,
  "just curious daemon": 0.04736563923946244,
  "big forum": 0.043680882046568247,
  "week per": 0.043680882046568247,
  "daemon ": 0.09873690034346311,
  "arborworld poenginumichedu": 0.05894843774574406,
  "kind": 0.016394082992426166,
  "graphics by": 0.042829091310611855,
  "of michigan engineering": 0.040549375523373135,
  "university of michigan": 0.03374542283742704,
  "of michigan": 0.03349209179921993,
  "feel this way": 0.040549375523373135,
  "just think makingdifferent": 0.049368450171731554,
  "reading": 0.019639248313598395,
  "ann arborworld": 0.04142201525070573,
  "is a wate": 0.043680882046568247,
  "newsgroup": 0.045792303905433075,
  "reading this group": 0.03813589273701501,
  "newsgroup splitapr": 0.050696685596220904,
  "algorithms i": 0.0420840726025523,
  "ann": 0.02975037358837246,
  "algorithms": 0.030353074384236584,
  "lot about": 0.03795819652779072,
  "a few posts": 0.04174384394874308,
  "i learn": 0.04174384394874308,
  "arborworld": 0.04142201525070573,
  "awful lot": 0.035429129897045095,
  "few posts": 0.04082628037834273,
  "discussing all": 0.043680882046568247,
  "hardware to algorithms": 0.04524257409696998,
  "algorithms i just": 0.043680882046568247,
  "splitapr gmt university": 0.054822561670982484,
  "group i": 0.0317180152546525,
  "newsgroup split": 0.042444933446697745,
  "engineering ann": 0.040549375523373135,
  "forum for": 0.03670040430358115,
  "poenginumichedu concerning": 0.05894843774574406,
  "wate": 0.043680882046568247,
  "i personally": 0.030451463086327124,
  "gmt": 0.0009787491908730497,
  "favor": 0.02813802267089984,
  "a wate": 0.043680882046568247,
  "group": 0.03059120411461094,
  "graphics anyone": 0.043680882046568247,
  "having one big": 0.043680882046568247,
  "an awful": 0.03428692151722304,
  "lot about all": 0.043680882046568247,
  "personally": 0.023037210235036912,
  "the proposed newsgroup": 0.042829091310611855,
  "of graphics": 0.07911001194361333,
  "this i learn": 0.043680882046568247,
  "think makingdifferent groups": 0.049368450171731554,
  "code": 0.019456572520376886,
  "split i": 0.042829091310611855,
  "gmt university": 0.023152514197870244,
  "else feel": 0.043680882046568247,
  "makingdifferent": 0.049368450171731554,
  "learn an": 0.043680882046568247,
  "groups": 0.021677653910499764,
  "groups out of": 0.043680882046568247,
  "to algorithms": 0.044675251598134715,
  "aspects of": 0.06004196591575394,
  "one big": 0.03911388708993928,
  "feel": 0.01811115398712331,
  "groups out": 0.04174384394874308,
  "per group": 0.043680882046568247,
  "awful": 0.030161045442461457,
  "code to": 0.03209808354028663,
  "feel this": 0.03850803771904676,
  "posts": 0.024079788016675853,
  "curious daemon ": 0.05894843774574406,
  "favor of": 0.03165696465841923,
  "personally am not": 0.04323976316470086,
  "big forum for": 0.043680882046568247,
  "splitapr gmt": 0.054822561670982484,
  "graphics": 0.04152667359658818,
  "proposed": 0.026400460715177806,
  "hardware to": 0.038319057371936166,
  "group from code": 0.043680882046568247,
  "code to hardware": 0.043680882046568247,
  "this group": 0.02465051284824301,
  "posts a": 0.038319057371936166,
  "awful lot about": 0.043680882046568247,
  "result in": 0.030969387949360633,
  "result in a": 0.03911388708993928,
  "in favor": 0.03165696465841923,
  "learn an awful": 0.043680882046568247,
  "all aspects": 0.07663811474387233,
  "the convenience": 0.04082628037834273,
  "arborworld poenginumichedu concerning": 0.05894843774574406,
  "split": 0.028628496074275242,
  "graphics by reading": 0.043680882046568247,
  "for discussing": 0.04524257409696998,
  "personally am": 0.040549375523373135,
  "curious daemon": 0.04736563923946244,
  "ann arborworld poenginumichedu": 0.05894843774574406,
  "like the convenience": 0.043680882046568247,
  "makingdifferent groups out": 0.049368450171731554,
  "by reading": 0.03813589273701501,
  "proposed newsgroup split": 0.04323976316470086,
  "discussing": 0.029203126592386233,
  "only result": 0.04323976316470086,
  "a week": 0.028628496074275242,
  "favor of doing": 0.043680882046568247,
  "forum for discussing": 0.04524257409696998,
  "proposed newsgroup": 0.0420840726025523,
  "posts a week": 0.043680882046568247,
  "kind of like": 0.03761796787398151,
  "not in favor": 0.043680882046568247,
  "convenience of having": 0.04323976316470086,
  "lot": 0.01471098585998335,
  "forum": 0.030067305222413007,
  "discussing all aspects": 0.043680882046568247,
  "one big forum": 0.043680882046568247,
  "way just curious": 0.04524257409696998,
  "hardware": 0.021303443922045785,
  "gmt university of": 0.02321101472725276,
  "poenginumichedu concerning the": 0.05894843774574406,
  "makingdifferent groups": 0.049368450171731554,
  "split i personally": 0.04323976316470086,
  "wate and": 0.043680882046568247,
  "wate and will": 0.043680882046568247,
  "kind of": 0.01789668577179935,
  "michigan engineering ann": 0.040549375523373135,
  "from code": 0.043680882046568247,
  "anyone else feel": 0.043680882046568247,
  "graphics anyone else": 0.043680882046568247,
  "will only result": 0.04323976316470086,
  "concerning the proposed": 0.04323976316470086,
  "aspects of graphics": 0.08736176409313649,
  "week": 0.02099172972253795,
  "i kind": 0.038703215235850276,
  "convenience of": 0.04174384394874308,
  "just curious": 0.03301564711068697,
  "newsgroup split i": 0.04323976316470086,
  "newsgroup splitapr gmt": 0.054822561670982484,
  "group i kind": 0.04524257409696998,
  "engineering ann arborworld": 0.04174384394874308,
  "convenience": 0.03467738153201954,
  "engineering": 0.0184579927259565,
  "university": 0.0058104532918631935
}