{
  "images": 0.01807234756472816,
  "problems also if": 0.036994643918558376,
  "posting my": 0.03237862589894447,
  "p tullypathology": 0.03869827882657587,
  "about tiff": 0.03578589571497946,
  "tueapr": 0.009491162940035451,
  "gripe": 0.05847813917746691,
  "easier to write": 0.036994643918558376,
  "usenet news purdue": 0.022016380030138387,
  "tullypathology": 0.03869827882657587,
  "too complicated": 0.03193593465668469,
  "easier to": 0.021000263709439384,
  "help define": 0.036994643918558376,
  "happy": 0.015830977521862452,
  "article christopher": 0.029466242787348055,
  "fat is trimmed": 0.04161066193817228,
  "for that matter": 0.02067113831754902,
  "than to read": 0.036994643918558376,
  "ofsender usenet news": 0.03578589571497946,
  "far too complicated": 0.034848317768281095,
  "up tight": 0.034082260806961966,
  "infinitely": 0.027048746380190235,
  "tiff is that": 0.03578589571497946,
  "i quoted": 0.03237862589894447,
  "about its problems": 0.036994643918558376,
  "change that": 0.028085973598389925,
  "tight for": 0.036994643918558376,
  "ive got the": 0.029961129491786642,
  "cut": 0.015440447637368989,
  "me happy ab": 0.04161066193817228,
  "tueapr gmt in": 0.013806447745002207,
  "news purdue": 0.022016380030138387,
  "christopher": 0.0218607444348428,
  "but its late": 0.03869827882657587,
  "university tueapr": 0.021565768558064444,
  "write": 0.013662880956702839,
  "change that magic": 0.04161066193817228,
  "ive": 0.00872644708331508,
  "tiff is salvageable": 0.04161066193817228,
  "writes why": 0.02309503484882668,
  "ive got": 0.019476804126981825,
  "to signify": 0.034082260806961966,
  "gmt": 0.0006908817817927411,
  "compatibility": 0.024269761160671897,
  "ofsender": 0.03237862589894447,
  "your acceptance": 0.03869827882657587,
  "in article": 0.0036030172330977655,
  "change": 0.012486830822208193,
  "to write": 0.01889145281439027,
  "read those": 0.03869827882657587,
  "re tiff philosophical": 0.02862308860473398,
  "cut it": 0.029239069588733454,
  "nutshell i": 0.04161066193817228,
  "think hurts": 0.04161066193817228,
  "matter": 0.012405557869085794,
  "not gripe": 0.036994643918558376,
  "lack of": 0.01682117725925425,
  "number to signify": 0.04161066193817228,
  "to help define": 0.036994643918558376,
  "posting": 0.013128372452100108,
  "or critique": 0.036994643918558376,
  "you volunteer": 0.034082260806961966,
  "read which": 0.04161066193817228,
  "define": 0.01780214644190156,
  "gmt in article": 0.007647096355036251,
  "to read": 0.03436308411310871,
  "usenet": 0.008562041107563917,
  "happy ab": 0.04161066193817228,
  "gripe about its": 0.036994643918558376,
  "salvageable unless the": 0.04161066193817228,
  "easier": 0.017548276444108425,
  "define or": 0.036994643918558376,
  "trimmed significantly and": 0.04161066193817228,
  "tiff philosophical significance": 0.02862308860473398,
  "i dont": 0.007670504107344887,
  "nearly infinitely easier": 0.036994643918558376,
  "and change": 0.02580730010752706,
  "tiff": 0.0932206506654691,
  "quoted it in": 0.036994643918558376,
  "the fat": 0.028257494583769145,
  "eg paint programs": 0.04161066193817228,
  "quoted": 0.01883530479837276,
  "acceptance by": 0.03869827882657587,
  "spec": 0.04513225250530879,
  "magic": 0.021785036428529025,
  "spec ive got": 0.04161066193817228,
  "paint programs in": 0.04161066193817228,
  "nutshell i dont": 0.04161066193817228,
  "hurts your acceptance": 0.04161066193817228,
  "it and change": 0.036994643918558376,
  "christopher p": 0.03578589571497946,
  "signify the": 0.03869827882657587,
  "ab ": 0.06816452161392393,
  "that matter": 0.02050192025394423,
  "got the spec": 0.036994643918558376,
  "article": 0.0033126359416532705,
  "problems also": 0.034848317768281095,
  "last posting": 0.03237862589894447,
  "spec obviously": 0.036994643918558376,
  "that magic": 0.03869827882657587,
  "article christopher p": 0.04161066193817228,
  "nutshell": 0.029023551545088285,
  "my last posting": 0.034848317768281095,
  "think tiff": 0.04161066193817228,
  "late now": 0.03869827882657587,
  "fat": 0.023305162666367275,
  "eg paint": 0.04161066193817228,
  "tullypathology writes": 0.03869827882657587,
  "its late": 0.034848317768281095,
  "university": 0.004101496441315196,
  "hurts your": 0.04161066193817228,
  "lack": 0.016322455154574658,
  "spec obviously since": 0.036994643918558376,
  "posting my gripe": 0.036994643918558376,
  "critique": 0.02862308860473398,
  "quoted it": 0.034848317768281095,
  "trimmed significantly": 0.036994643918558376,
  "writes": 0.0026891818678265312,
  "tiff anymore they": 0.04161066193817228,
  "those images": 0.036994643918558376,
  "volunteer to help": 0.036994643918558376,
  "programs": 0.014629055770918003,
  "read": 0.01912431219156722,
  "and nearly infinitely": 0.036994643918558376,
  "the lack": 0.02252118806308823,
  "dont": 0.005120159994356997,
  "cut it back": 0.04161066193817228,
  "late now maybe": 0.04161066193817228,
  "significance ofsender usenet": 0.03578589571497946,
  "why not gripe": 0.036994643918558376,
  "trying to cut": 0.03578589571497946,
  "wouldnt be tiff": 0.04161066193817228,
  "be tiff": 0.04161066193817228,
  "magic number to": 0.034848317768281095,
  "philosophical significance": 0.02862308860473398,
  "usenet news": 0.010100480044927623,
  "volunteer": 0.02440753352547438,
  "news": 0.00645003572692741,
  "write than": 0.036994643918558376,
  "purdue university": 0.020056465656982898,
  "purdue university tueapr": 0.03343456887491466,
  "ofsender usenet": 0.03578589571497946,
  "programs in": 0.027048746380190235,
  "that magic number": 0.04161066193817228,
  "signify the lack": 0.04161066193817228,
  "complicated and": 0.030522185763318253,
  "university tueapr gmt": 0.0218607444348428,
  "images eg paint": 0.04161066193817228,
  "paint programs": 0.03869827882657587,
  "purdue": 0.01995817624700514,
  "acceptance": 0.021822719915851548,
  "philosophical significance ofsender": 0.03343456887491466,
  "hurts": 0.02440753352547438,
  "matter is out": 0.036994643918558376,
  "tiff is": 0.06307094343266077,
  "unless the fat": 0.04161066193817228,
  "tiff anymore": 0.04161066193817228,
  "nearly infinitely": 0.036994643918558376,
  "trimmed": 0.030232299748667195,
  "news purdue university": 0.022056206685409575,
  "gripe about": 0.06816452161392393,
  "magic number": 0.031169877695365555,
  "my gripe": 0.036994643918558376,
  "complicated and nearly": 0.036994643918558376,
  "fat is": 0.03578589571497946,
  "tight": 0.0221780030588266,
  "philosophical": 0.02325163734797471,
  "matter is": 0.025906167743704345,
  "since i quoted": 0.036994643918558376,
  "write than to": 0.036994643918558376,
  "infinitely easier": 0.034848317768281095,
  "number to": 0.02462305156911955,
  "tight for that": 0.036994643918558376,
  "the spec": 0.05552521575866112,
  "in a nutshell": 0.029961129491786642,
  "gripe about tiff": 0.036994643918558376,
  "is salvageable": 0.04161066193817228,
  "happy ab ": 0.04161066193817228,
  "define or critique": 0.036994643918558376,
  "dont think tiff": 0.04161066193817228,
  "paint": 0.02044699554147636,
  "lack of compatibility": 0.04161066193817228,
  "number": 0.010606426107801254,
  "salvageable unless": 0.04161066193817228,
  "re tiff": 0.027462360131506422,
  "me happy": 0.04161066193817228,
  "p": 0.014911628153309464,
  "is trimmed": 0.04161066193817228,
  "make me happy": 0.04161066193817228,
  "significance": 0.02213701072712339,
  "critique the": 0.03578589571497946,
  "in article christopher": 0.030232299748667195,
  "ab": 0.02149515041387797,
  "dont think": 0.01389156235041324,
  "compatibility that": 0.04161066193817228,
  "a nutshell": 0.029961129491786642,
  "need to read": 0.034848317768281095,
  "complicated": 0.02103150311484912,
  "acceptance by anything": 0.04161066193817228,
  "tullypathology writes why": 0.03869827882657587,
  "late": 0.016152161116400023,
  "tiff philosophical": 0.02862308860473398,