{
  "cview answers": 0.034118415402130245,
  "beg to": 0.034118415402130245,
  "the cview expert": 0.044067896462799315,
  "have to beg": 0.03881137833520071,
  "knew better": 0.04075140277590963,
  "current directory": 0.03442721215398465,
  "the cview": 0.044067896462799315,
  "the drive": 0.02245861908346211,
  "every time": 0.023041823952404873,
  "differ on this": 0.04075140277590963,
  "gmt": 0.0007867457610845567,
  "he knew": 0.028763240397963522,
  "its current directory": 0.03968373028158326,
  "it just places": 0.03968373028158326,
  "version cyberspace buddha": 0.044067896462799315,
  "buddha": 0.03442721215398465,
  "zenkar": 0.04075140277590963,
  "cview resides and": 0.04075140277590963,
  "writes": 0.0030623219356110737,
  "rochester nyxnewsreader": 0.0421278720220904,
  "temp files it": 0.03968373028158326,
  "drive cview is": 0.04075140277590963,
  "nyxnewsreader tin version": 0.0421278720220904,
  "in the root": 0.03881137833520071,
  "nyxnewsreader tin": 0.0421278720220904,
  "places": 0.0362858392515055,
  "batch file": 0.034757321586936576,
  "its current": 0.03259471333936214,
  "wrote rene walter": 0.0421278720220904,
  "it every time": 0.03743490908901993,
  "to the dir": 0.03968373028158326,
  "matthew": 0.021323445787649248,
  "where cview resides": 0.04075140277590963,
  "then invokes": 0.03968373028158326,
  "thought he": 0.029388217347327463,
  "to differ": 0.03305074290780388,
  "rene walter writes": 0.038073815273826264,
  "re cview": 0.034118415402130245,
  "files it": 0.03051185175439637,
  "dir where cview": 0.04075140277590963,
  "cyberspace": 0.029278219652472445,
  "answers apr": 0.03968373028158326,
  "places its": 0.03968373028158326,
  "the dir": 0.038073815273826264,
  "temp": 0.05733315345317566,
  "places them in": 0.03968373028158326,
  "directory i": 0.035111905185758206,
  "rene": 0.03259471333936214,
  "before the cview": 0.044067896462799315,
  "moscom": 0.0421278720220904,
  "i crash cview": 0.04075140277590963,
  "moscom corp": 0.0421278720220904,
  "crash cview": 0.04075140277590963,
  "byte temp": 0.04075140277590963,
  "cview resides": 0.04075140277590963,
  "root dir of": 0.03968373028158326,
  "cview the byte": 0.04075140277590963,
  "buddha wrote rene": 0.0421278720220904,
  "cview cds to": 0.04075140277590963,
  "and then invokes": 0.03968373028158326,
  "the drive cview": 0.04075140277590963,
  "to launch": 0.028763240397963522,
  "its temp files": 0.03968373028158326,
  "as the batch": 0.04075140277590963,
  "i posted": 0.024359584621591317,
  "file is found": 0.03968373028158326,
  "altbinariespicturesutilitiescompgraphicsaltbinariespicturesdaltbinariespictureseroticad moscom corp": 0.0421278720220904,
  "file i use": 0.03968373028158326,
  "the byte": 0.03687135389449178,
  "launch cview": 0.04075140277590963,
  "invokes": 0.03442721215398465,
  "point as the": 0.04075140277590963,
  "dir where": 0.04075140277590963,
  "matthew zenkar ": 0.0421278720220904,
  "walter": 0.02726624364542601,
  "version": 0.012174672932739947,
  "time": 0.007541124085297661,
  "corp e rochester": 0.0421278720220904,
  "of the drive": 0.032178390961421326,
  "on i posted": 0.044067896462799315,
  "wrote rene": 0.0421278720220904,
  "resides": 0.03382834544128606,
  "file": 0.029380916827739734,
  "zenkar ": 0.0842557440441808,
  "gmt altbinariespicturesutilitiescompgraphicsaltbinariespicturesdaltbinariespictureseroticad moscom": 0.0421278720220904,
  "dir": 0.05642109431629217,
  "cview the": 0.03968373028158326,
  "wrote": 0.012288783073747313,
  "where cview": 0.04075140277590963,
  "to beg": 0.038073815273826264,
  "cview answers apr": 0.04075140277590963,
  "root": 0.024850752822835734,
  "the root": 0.029065531793281855,
  "altbinariespicturesutilitiescompgraphicsaltbinariespicturesdaltbinariespictureseroticad": 0.0421278720220904,
  "moscom corp e": 0.0421278720220904,
  "this point": 0.020633256271646635,
  "the batch file": 0.03881137833520071,
  "temp files": 0.03743490908901993,
  "cview expert apparently": 0.044067896462799315,
  "rochester nyxnewsreader tin": 0.0421278720220904,
  "answers": 0.020157789889765278,
  "thought he knew": 0.044067896462799315,
  "knew": 0.0185640667383922,
  "e rochester nyxnewsreader": 0.0421278720220904,
  "places them": 0.03881137833520071,
  "e": 0.015825631709682732,
  "time i": 0.01938342134694033,
  "rene walter": 0.03743490908901993,
  "cyberspace buddha": 0.04075140277590963,
  "better matthew": 0.0421278720220904,
  "crash cview the": 0.04075140277590963,
  "nyxnewsreader": 0.04075140277590963,
  "point as": 0.035111905185758206,
  "byte temp file": 0.04075140277590963,
  "gmt altbinariespicturesutilitiescompgraphicsaltbinariespicturesdaltbinariespictureseroticad": 0.0421278720220904,
  "cview cds": 0.04075140277590963,
  "drive": 0.013655898086263952,
  "beg": 0.029278219652472445,
  "tin": 0.014675015617262852,
  "expert apparently he": 0.044067896462799315,
  "time i crash": 0.04075140277590963,
  "differ on": 0.03881137833520071,
  "it places": 0.03881137833520071,
  "the batch": 0.03881137833520071,
  "its temp": 0.03968373028158326,
  "tin version cyberspace": 0.044067896462799315,
  "current": 0.015259172303232208,
  "invokes it every": 0.04075140277590963,
  "dir of": 0.03968373028158326,
  "expert": 0.024244285331739352,
  "knew better matthew": 0.044067896462799315,
  "cview is": 0.04075140277590963,
  "expert apparently": 0.044067896462799315,
  "resides and then": 0.04075140277590963,
  "on this point": 0.030373155405720522,
  "batch file i": 0.04075140277590963,
  "cyberspace buddha wrote": 0.0421278720220904,
  "writes over": 0.03881137833520071,
  "files": 0.016025857116072687,
  "apr gmt": 0.007197380087794709,
  "directory": 0.020406616612206968,
  "cview is on": 0.04075140277590963,
  "matthew zenkar": 0.04075140277590963,
  "cds to": 0.04075140277590963,
  "temp file is": 0.04075140277590963,
  "apr gmt altbinariespicturesutilitiescompgraphicsaltbinariespicturesdaltbinariespictureseroticad": 0.0421278720220904,
  "point": 0.010418976553574407,
  "posted this": 0.02847891781197883,
  "places its temp": 0.03968373028158326,
  "answers apr gmt": 0.03968373028158326,
  "in its current": 0.03743490908901993,
  "thought": 0.012865230273367747,
  "launch cview cds": 0.04075140277590963,
  "cds to the": 0.04075140277590963,
  "byte": 0.025854200339496352,
  "to launch cview": 0.04075140277590963,
  "the byte temp": 0.04075140277590963,
  "apr": 0.006286237743010236,
  "file is": 0.026417755534024503,
  "cds": 0.02763733567578905,
  "apparently he thought": 0.044067896462799315,
  "file i": 0.030107270950434344,
  "he thought": 0.030238366520712406,
  "just places": 0.03968373028158326,
  "re cview answers": 0.034118415402130245,
  "version cyberspace": 0.044067896462799315,
  "posted this as": 0.044067896462799315,
  "where it places": 0.03968373028158326,
  "current directory i": 0.04075140277590963,
  "walter writes": 0.038073815273826264,
  "root dir": 0.03968373028158326,
  "drive cview": 0.04075140277590963,
  "use to launch": 0.04075140277590963,
  "cview": 0.19556828003617283,
  "dir of the": 0.03968373028158326,
  "altbinariespicturesutilitiescompgraphicsaltbinariespicturesdaltbinariespictureseroticad moscom": 0.0421278720220904,
  "differ": 0.026358317639294564,
  "writes over where": 0.04075140277590963,
  "files it just": 0.03968373028158326,
  "crash": 0.024765309677381157,
  "launch": 0.02235516231784888,
  "walter writes over": 0.04075140277590963,
  "batch": 0.02847891781197883,
  "buddha wrote": 0.0421278720220904,
  "the root dir": 0.03968373028158326,
  "invokes it": 0.04075140277590963,
  "tin version": 0.015754265533814562,
  "beg to differ": 0.034757321586936576,
  "temp file": 0.03687135389449178,
  "corp e": 0.04075140277590963,
  "e rochester": 0.0421278720220904,
  "resides and": 0.04075140277590963,
  "posted": 0.01641622606116795,
  "corp": 0.018460919747602826,
  "i crash": 0.04075140277590963,