{
  "to this paper": 0.052677327347260654,
  "following article": 0.0382728050009723,
  "mountain regional": 0.052677327347260654,
  "regional conference aprilunfortunately": 0.052677327347260654,
  "technische universitaet": 0.039033979701188645,
  "anyone having access": 0.052677327347260654,
  "muenchen germany": 0.03599916662423326,
  "muenchen germany wedapr": 0.04683364496072816,
  "tracing spline surfaces": 0.052677327347260654,
  "surfaces ray": 0.052677327347260654,
  "study": 0.019927439126060893,
  "regional conference": 0.052677327347260654,
  "article peterson": 0.052677327347260654,
  "universitaet": 0.032670943753145956,
  "tu": 0.032796105973412946,
  "wedapr": 0.01413660890260887,
  "conference": 0.02320252125599243,
  "those proceedings": 0.052677327347260654,
  "investigation i": 0.03945973878455852,
  "mathematisches institut tu": 0.052677327347260654,
  "germany please": 0.052677327347260654,
  "access to": 0.02184723292829591,
  "didnt find": 0.03514628018766316,
  "preferrably in germany": 0.052677327347260654,
  "spline": 0.03792951499492139,
  "originator": 0.020099224204206373,
  "joerg": 0.0832329361660124,
  "newssystem technische universitaet": 0.040989962574195654,
  "gmt": 0.000874626936524853,
  "bsplines proc": 0.052677327347260654,
  "mountain": 0.022800885338395912,
  "surfaces": 0.0321978188275263,
  "find it": 0.02189595829743774,
  "usenet newssystem technische": 0.040989962574195654,
  "to further investigation": 0.052677327347260654,
  "investigation": 0.026745426691935376,
  "ray tracing splines": 0.052677327347260654,
  "acm mountain regional": 0.052677327347260654,
  "mountain regional conference": 0.052677327347260654,
  "appreciated thanks a": 0.04530342117109102,
  "tracing spline": 0.052677327347260654,
  "register if there": 0.052677327347260654,
  "didnt": 0.012875828261331658,
  "splines originator sender": 0.052677327347260654,
  "germany": 0.04213338474636491,
  "surfaces ray tracing": 0.052677327347260654,
  "further investigation": 0.044116487387504795,
  "general": 0.015603972720124537,
  "haber mathematisches": 0.052677327347260654,
  "usenet": 0.01083917970000113,
  "haber joerg haber": 0.052677327347260654,
  "institut": 0.03701541788360937,
  "tracing splines originator": 0.052677327347260654,
  "a library": 0.033920090514195964,
  "librarys register if": 0.052677327347260654,
  "knowing about": 0.039033979701188645,
  "study the following": 0.052677327347260654,
  "spline surfaces": 0.052677327347260654,
  "didnt find it": 0.04530342117109102,
  "in any librarys": 0.04683364496072816,
  "thanks a lot": 0.030311941073904447,
  "ray tracing general": 0.052677327347260654,
  "ray tracing spline": 0.052677327347260654,
  "universitaet muenchen": 0.03945973878455852,
  "mathematisches": 0.04899037425917584,
  "containing those proceedings": 0.052677327347260654,
  "technische": 0.03760704360228078,
  "register if": 0.052677327347260654,
  "originator sender": 0.022463643256744336,
  "article": 0.004193656138901481,
  "any librarys": 0.04683364496072816,
  "librarys": 0.040989962574195654,
  "newssystem technische": 0.040989962574195654,
  "or knowing": 0.052677327347260654,
  "article peterson ray": 0.052677327347260654,
  "haber mathematisches institut": 0.052677327347260654,
  "lot joerg": 0.052677327347260654,
  "general bsplines": 0.052677327347260654,
  "technische universitaet muenchen": 0.03945973878455852,
  "tracing": 0.09801283125943787,
  "bsplines": 0.052677327347260654,
  "usenet newssystem": 0.03945973878455852,
  "proceedings preferrably in": 0.052677327347260654,
  "tu muenchen ": 0.052677327347260654,
  "like to study": 0.052677327347260654,
  "muenchen": 0.07154557139294741,
  "register": 0.027211945736717858,
  "peterson ray tracing": 0.052677327347260654,
  "germany wedapr gmt": 0.03863978835994545,
  "librarys register": 0.052677327347260654,
  "net due to": 0.052677327347260654,
  "institut tu muenchen": 0.052677327347260654,
  "aprilunfortunately i": 0.052677327347260654,
  "proceedings": 0.031763361215748284,
  "tracing splines": 0.052677327347260654,
  "institut tu": 0.052677327347260654,
  "access to this": 0.04232674144803026,
  "joerg haber joerg": 0.052677327347260654,
  "those proceedings preferrably": 0.052677327347260654,
  "paper or knowing": 0.052677327347260654,
  "preferrably": 0.04899037425917584,
  "proc acm mountain": 0.052677327347260654,
  "proceedings preferrably": 0.052677327347260654,
  "study the": 0.033190297314656156,
  "hi net": 0.052677327347260654,
  "lot joerg haber": 0.052677327347260654,
  "preferrably in": 0.052677327347260654,
  "sender": 0.0034806039665777433,
  "library containing those": 0.052677327347260654,
  "the following article": 0.0382728050009723,
  "general bsplines proc": 0.052677327347260654,
  "to study": 0.032312213536148444,
  "haber": 0.10535465469452131,
  "would be appreciated": 0.02535925055444011,
  "wedapr gmt hi": 0.03534702661310383,
  "a lot": 0.013685810262981919,
  "find": 0.011286072244945017,
  "be appreciated": 0.02384469437240807,
  "bsplines proc acm": 0.052677327347260654,
  "having access": 0.04530342117109102,
  "tracing general": 0.052677327347260654,
  "net due": 0.052677327347260654,
  "germany please let": 0.052677327347260654,
  "tracing general bsplines": 0.052677327347260654,
  "library": 0.022078536715209415,
  "muenchen ": 0.10535465469452131,
  "proc acm": 0.04899037425917584,
  "newssystem": 0.03945973878455852,
  "investigation i would": 0.052677327347260654,
  "gmt hi": 0.024060852062470973,
  "ray": 0.0701162107126121,
  "library containing": 0.04899037425917584,
  "following article peterson": 0.052677327347260654,
  "i didnt": 0.020702501951493837,
  "in germany": 0.02874216952635499,
  "haber joerg": 0.052677327347260654,
  "ray tracing": 0.11378854498476416,
  "conference aprilunfortunately": 0.052677327347260654,
  "gmt hi net": 0.052677327347260654,
  "universitaet muenchen germany": 0.03945973878455852,
  "mathematisches institut": 0.04899037425917584,
  "peterson": 0.03701541788360937,
  "appreciated": 0.018056214916560218,
  "this paper": 0.03674258121133517,
  "i didnt find": 0.039033979701188645,
  "regional": 0.02880160197634502,
  "proc": 0.04232674144803026,
  "conference aprilunfortunately i": 0.052677327347260654,
  "splines originator": 0.052677327347260654,
  "knowing about a": 0.04683364496072816,
  "knowing": 0.022629592037892537,
  "aprilunfortunately i didnt": 0.052677327347260654,
  "a lot joerg": 0.052677327347260654,
  "aprilunfortunately": 0.052677327347260654,
  "sender usenet newssystem": 0.03945973878455852,
  "sender usenet": 0.011864785343843044,
  "paper": 0.02062484876308345,
  "joerg haber mathematisches": 0.052677327347260654,
  "lot": 0.013145987364240441,
  "net": 0.015223009986649959,
  "joerg haber": 0.10535465469452131,
  "appreciated thanks": 0.027037531785531733,
  "access": 0.014911225397105016,
  "paper or": 0.040989962574195654,
  "any librarys register": 0.052677327347260654,
  "acm": 0.03476617931541771,
  "originator sender usenet": 0.02862526044806363,
  "acm mountain": 0.052677327347260654,
  "splines": 0.03992256525790762,
  "germany wedapr": 0.03863978835994545,
  "spline surfaces ray": 0.052677327347260654,
  "find it in": 0.03648305906149776,
  "peterson ray": 0.052677327347260654,
  "about a library": 0.052677327347260654,
  "wedapr gmt": 0.014717310280291253,
  "tu muenchen": 0.052677327347260654
}