{
  "included": 0.018358307263701207,
  "temporal images make": 0.044927757857195404,
  "aware coreldraw": 0.04294987928105802,
  "wondering": 0.017783755870255435,
  "gmt industrial": 0.03881671898648629,
  "images make a": 0.044927757857195404,
  "new zealandgrvgracecrinz": 0.04294987928105802,
  "scodal with bitmap": 0.044927757857195404,
  "product called": 0.0334576346515199,
  "which converts": 0.0370768412111754,
  "bitmap at": 0.044927757857195404,
  "hassles with radial": 0.044927757857195404,
  "product": 0.01944944135940277,
  "scodal but": 0.04294987928105802,
  "plots": 0.032054307468828286,
  "scodal postscript": 0.044927757857195404,
  "bitmap to": 0.07322382700962568,
  "was just wondering": 0.029849501987154838,
  "filmpak": 0.044927757857195404,
  "converts autocad": 0.044927757857195404,
  "bitmap image": 0.0404580469700044,
  "wedapr": 0.012964304749709598,
  "versionrevb": 0.044927757857195404,
  "hassles with": 0.044927757857195404,
  "postscript to scodal": 0.044927757857195404,
  "exports": 0.0336956354523464,
  "converts": 0.028941685988940882,
  "but it costs": 0.04294987928105802,
  "autocad plots": 0.044927757857195404,
  "to scodal postscript": 0.044927757857195404,
  "cannot export": 0.04294987928105802,
  "zealandgrvgracecrinz": 0.04294987928105802,
  "cheaper jeff lyall": 0.044927757857195404,
  "version if anyone": 0.04830896361602441,
  "gmt": 0.0008020968978862067,
  "gif to scodal": 0.044927757857195404,
  "autocad": 0.03323070774598384,
  "included in the": 0.027871623411017447,
  "export": 0.05140105905419871,
  "to export": 0.03171775687620901,
  "scodal but it": 0.044927757857195404,
  "zealandgrvgracecrinz yes": 0.04830896361602441,
  "drawing": 0.023199234460836826,
  "autocad plots to": 0.044927757857195404,
  "temporal": 0.03543551322765729,
  "fills": 0.030828383428433626,
  "gmt industrial research": 0.03881671898648629,
  "lower": 0.0195023204547826,
  "on my version": 0.044927757857195404,
  "exports in scodal": 0.04294987928105802,
  "zealandgrvgracecrinz yes i": 0.04830896361602441,
  "jeff": 0.02068476615194662,
  "scodal with a": 0.04294987928105802,
  "exports in": 0.04294987928105802,
  "scodal versiondid it": 0.044927757857195404,
  "fills versionrevb": 0.044927757857195404,
  "hutt": 0.044927757857195404,
  "wondering if": 0.0207358456634944,
  "to scodal": 0.19408359493243146,
  "am aware coreldraw": 0.04294987928105802,
  "and now gif": 0.044927757857195404,
  "did the bitmap": 0.04294987928105802,
  "wedapr gmt industrial": 0.04830896361602441,
  "scodal and": 0.044927757857195404,
  "costs": 0.020325684116125908,
  "the drawing": 0.0334576346515199,
  "like cannot export": 0.04294987928105802,
  "jeff lyall": 0.0415465520983664,
  "hassles": 0.034784140580708396,
  "with bitmap": 0.04294987928105802,
  "images": 0.0209815547336844,
  "version if": 0.037590794946091625,
  "image": 0.018192933840893006,
  "scodal part": 0.04294987928105802,
  "a tad": 0.0292259245651554,
  "zealand ": 0.07087102645531458,
  "lyall instgeonucsciltd": 0.044927757857195404,
  "plots to scodal": 0.044927757857195404,
  "zealand": 0.025037331301557747,
  "drawing it": 0.044927757857195404,
  "version": 0.012412227526549507,
  "now gif": 0.044927757857195404,
  "costs and i": 0.044927757857195404,
  "bitmap to scodal": 0.07763343797297258,
  "radial fills": 0.044927757857195404,
  "bitmap at least": 0.044927757857195404,
  "my version": 0.03618746776340001,
  "which converts autocad": 0.044927757857195404,
  "versionrevb is better": 0.044927757857195404,
  "instgeonucsciltd": 0.044927757857195404,
  "a bitmap": 0.0334576346515199,
  "included in": 0.02499616608865109,
  "images make": 0.044927757857195404,
  "jeff lyall instgeonucsciltd": 0.044927757857195404,
  "hutt new zealand": 0.044927757857195404,
  "lyall": 0.0404580469700044,
  "scodal wedapr gmt": 0.04830896361602441,
  "it costs": 0.0314029348218794,
  "a product": 0.028336551117380013,
  "scodal wedapr": 0.04830896361602441,
  "ears temporal images": 0.044927757857195404,
  "image included": 0.044927757857195404,
  "few hassles": 0.044927757857195404,
  "am all ears": 0.04294987928105802,
  "a bitmap image": 0.04294987928105802,
  "export in scodal": 0.0415465520983664,
  "drawing it will": 0.044927757857195404,
  "postscript to": 0.03661191350481284,
  "new zealand": 0.025037331301557747,
  "gif to": 0.0334576346515199,
  "make a product": 0.044927757857195404,
  "temporal images": 0.044927757857195404,
  "versiondid it quite": 0.044927757857195404,
  "instgeonucsciltd lower": 0.044927757857195404,
  "costs and": 0.032415809772017176,
  "export in": 0.03661191350481284,
  "scodal part a": 0.04294987928105802,
  "in scodal versiondid": 0.044927757857195404,
  "ears temporal": 0.044927757857195404,
  "with a bitmap": 0.04294987928105802,
  "a tad cheaper": 0.04294987928105802,
  "ears": 0.027313524136979673,
  "just wondering": 0.025424339800272484,
  "coreldraw exports": 0.04294987928105802,
  "all ears": 0.0415465520983664,
  "in the drawing": 0.04294987928105802,
  "with radial": 0.044927757857195404,
  "gif": 0.02364434993139851,
  "versiondid": 0.044927757857195404,
  "hutt new": 0.044927757857195404,
  "in scodal": 0.0830931041967328,
  "aware": 0.019542359383650062,
  "coreldraw bitmap to": 0.03881671898648629,
  "tad cheaper": 0.04294987928105802,
  "radial": 0.03420958918726262,
  "radial fills versionrevb": 0.044927757857195404,
  "filmpak which": 0.044927757857195404,
  "lyall instgeonucsciltd lower": 0.044927757857195404,
  "tad cheaper jeff": 0.044927757857195404,
  "with radial fills": 0.044927757857195404,
  "export scodal": 0.044927757857195404,
  "tad": 0.029129326383222815,
  "postscript": 0.02445360201494268,
  "scodal": 0.3105337518918903,
  "ltd new zealandgrvgracecrinz": 0.04294987928105802,
  "instgeonucsciltd lower hutt": 0.044927757857195404,
  "bitmap image included": 0.044927757857195404,
  "industrial research ltd": 0.0370768412111754,
  "filmpak which converts": 0.044927757857195404,
  "try to export": 0.04294987928105802,
  "versionrevb is": 0.044927757857195404,
  "am aware": 0.030965802340466288,
  "called filmpak": 0.044927757857195404,
  "converts autocad plots": 0.044927757857195404,
  "versiondid it": 0.044927757857195404,
  "part a tad": 0.04294987928105802,
  "the bitmap": 0.034784140580708396,
  "coreldraw exports in": 0.04294987928105802,
  "export scodal with": 0.044927757857195404,
  "scodal with": 0.08589975856211604,
  "cannot export scodal": 0.044927757857195404,
  "scodal postscript to": 0.044927757857195404,
  "industrial": 0.025379791099963838,
  "coreldraw": 0.0669152693030398,
  "industrial research": 0.03661191350481284,
  "cheaper jeff": 0.044927757857195404,
  "bitmap": 0.10479488874403409,
  "scodal and now": 0.044927757857195404,
  "plots to": 0.0415465520983664,
  "coreldraw bitmap": 0.03881671898648629,
  "to scodal wedapr": 0.04830896361602441,
  "fills versionrevb is": 0.044927757857195404,
  "lower hutt": 0.044927757857195404,
  "scodal versiondid": 0.044927757857195404,
  "i am aware": 0.030965802340466288,
  "wondering if there": 0.031107204959360202,
  "product called filmpak": 0.044927757857195404,
  "a few hassles": 0.044927757857195404,
  "aware coreldraw exports": 0.04294987928105802,
  "lower hutt new": 0.044927757857195404,
  "all ears temporal": 0.044927757857195404,
  "image included in": 0.044927757857195404,
  "wedapr gmt": 0.013496850403389053,
  "cheaper": 0.02149350885849659
}