{
  "one closed": 0.08322132387634457,
  "reference": 0.030749333114464424,
  "detect": 0.043347944646401286,
  "thanks sean t": 0.08322132387634457,
  "bezier": 0.11882561676014768,
  "t": 0.032422959892848664,
  "detect whether": 0.08322132387634457,
  "closedcurve": 0.08322132387634457,
  "curves lies": 0.08322132387634457,
  "bezier curves lies": 0.08322132387634457,
  "lies": 0.03774530663386523,
  "software": 0.022663531511031516,
  "completely within another": 0.08322132387634457,
  "sean t": 0.08322132387634457,
  "intersection apr": 0.08322132387634457,
  "algorithm that can": 0.06475725179788894,
  "whether one closed": 0.08322132387634457,
  "closedcurve intersection": 0.08322132387634457,
  "lies completely within": 0.07398928783711675,
  "softwarephylogeneticswashingtonedu": 0.08322132387634457,
  "bezier curves": 0.12467951078146222,
  "number of": 0.025377100461108488,
  "algorithm that": 0.054924720263012844,
  "softwarephylogeneticswashingtonedu i": 0.08322132387634457,
  "softwarephylogeneticswashingtonedu i would": 0.08322132387634457,
  "an algorithm": 0.05161460021505412,
  "detect whether one": 0.08322132387634457,
  "closed": 0.06882680758495058,
  "t lamont ask": 0.08322132387634457,
  "like a reference": 0.07739655765315175,
  "can detect": 0.06166712759515517,
  "reference to": 0.03926242793639005,
  "sean": 0.04313153711612889,
  "professional": 0.040112931313965795,
  "shelley abstract softwarephylogeneticswashingtonedu": 0.08322132387634457,
  "collection": 0.040263443301919825,
  "gmt": 0.0013817635635854821,
  "another closed": 0.08322132387634457,
  "thanks sean": 0.06969663553656219,
  "shelley abstract": 0.08322132387634457,
  "bounded by": 0.14314358285991785,
  "lies completely": 0.07157179142995893,
  "apr gmt": 0.012640776792849532,
  "of bezier": 0.07739655765315175,
  "lamont ask": 0.08322132387634457,
  "for next abstract": 0.08322132387634457,
  "abstract software": 0.08322132387634457,
  "gmt shelley abstract": 0.08322132387634457,
  "another closed curve": 0.08322132387634457,
  "lamont ask me": 0.08322132387634457,
  "apr gmt shelley": 0.05086714234936928,
  "lamont": 0.054924720263012844,
  "closed curve bounded": 0.16644264775268913,
  "bounded by bezier": 0.08322132387634457,
  "sean t lamont": 0.08322132387634457,
  "gmt shelley": 0.05086714234936928,
  "bounded": 0.13632904322784786,
  "abstract softwarephylogeneticswashingtonedu": 0.08322132387634457,
  "abstract softwarephylogeneticswashingtonedu i": 0.08322132387634457,
  "abstract software ": 0.08322132387634457,
  "number": 0.02121285221560251,
  "apr": 0.011040535195707054,
  "next abstract software": 0.08322132387634457,
  "curve bounded by": 0.16644264775268913,
  "next abstract": 0.08322132387634457,
  "completely within": 0.07398928783711675,
  "reference to an": 0.06816452161392393,
  "one closed curve": 0.08322132387634457,
  "abstract": 0.09279514128758186,
  "curves thanks": 0.08322132387634457,
  "by bezier": 0.08322132387634457,
  "within another closed": 0.08322132387634457,
  "algorithm": 0.034853742249563786,
  "wsifonts": 0.08322132387634457,
  "curves thanks sean": 0.08322132387634457,
  "bounded by some": 0.08322132387634457,
  "professional collection for": 0.08322132387634457,
  "number of bezier": 0.08322132387634457,
  "that can detect": 0.08322132387634457,
  "closedcurve intersection apr": 0.08322132387634457,
  "a reference": 0.045223100539798,
  "wsifonts professional": 0.08322132387634457,
  "closed curve": 0.16644264775268913,
  "completely": 0.030090523540821167,
  "t lamont": 0.08322132387634457,
  "wsifonts professional collection": 0.08322132387634457,
  "collection for next": 0.08322132387634457,
  "the wsifonts": 0.08322132387634457,
  "curves": 0.10927966654828314,
  "by some number": 0.08322132387634457,
  "some number": 0.06816452161392393,
  "the wsifonts professional": 0.08322132387634457,
  "intersection apr gmt": 0.08322132387634457,
  "curve": 0.09279514128758186,
  "by bezier curves": 0.08322132387634457,
  "curve bounded": 0.16644264775268913,
  "collection for": 0.07739655765315175,
  "intersection": 0.05383890739343296,
  "professional collection": 0.08322132387634457,
  "to an algorithm": 0.08322132387634457,
  "shelley": 0.050516951623314085,
  "bezier curves thanks": 0.08322132387634457,
  "about the wsifonts": 0.08322132387634457,
  "of bezier curves": 0.08322132387634457,
  "curves lies completely": 0.08322132387634457,
  "software ": 0.12467951078146222
}