{
  "wedapr pst": 0.06018381538157821,
  "macintosh": 0.03523328893958919,
  "for and con": 0.06121097994022839,
  "opposite of": 0.05352998893937356,
  "pst diablo": 0.06379922791423771,
  "an ftp achive": 0.06379922791423771,
  "for usgs": 0.06379922791423771,
  "diablouucpcboesel": 0.057064853011515405,
  "macintosh release is": 0.07617951954834618,
  "what else congress": 0.06121097994022839,
  "diablouucpcboesel charles boesel": 0.057064853011515405,
  "data if": 0.057734171296051025,
  "con against then": 0.06121097994022839,
  "achive for usgs": 0.06379922791423771,
  "geological": 0.05206033327196811,
  "xmailer": 0.04237606451240434,
  "congress ": 0.12479350880087614,
  "xmailer uaccess": 0.05240226990712837,
  "services usgs terrain": 0.07084761815942353,
  "and con": 0.057734171296051025,
  "creative if pro": 0.06121097994022839,
  "states": 0.026427990886004993,
  "of progress": 0.05485191399265555,
  "of progress pager": 0.06379922791423771,
  "wedapr": 0.02044371133608052,
  "states geological services": 0.07084761815942353,
  "data wedapr": 0.06379922791423771,
  "pager what": 0.06379922791423771,
  "an ftp": 0.09070775932388511,
  "else congress": 0.06121097994022839,
  "achive": 0.06121097994022839,
  "ftp": 0.05889217707994337,
  "geological services usgs": 0.07084761815942353,
  "pager what else": 0.06379922791423771,
  "for usgs terrain": 0.06379922791423771,
  "wedapr pst diablo": 0.06551571677050087,
  "congress": 0.03311473524835868,
  "diablo": 0.11546834259210205,
  "pst": 0.04165154747348357,
  "pst diablo creative": 0.06379922791423771,
  "uaccess lite": 0.057734171296051025,
  "pager": 0.053135425136392404,
  "terrain": 0.10003292553265919,
  "achive for": 0.06379922791423771,
  "boesel diablo creative": 0.06121097994022839,
  "charles": 0.06675103283018938,
  "creative if": 0.06121097994022839,
  "where charles boesel": 0.07617951954834618,
  "data if so": 0.07084761815942353,
  "lite": 0.05141893628012925,
  "progress": 0.03784408399674359,
  "data wedapr pst": 0.07617951954834618,
  "an ftp archive": 0.07084761815942353,
  "macintosh release": 0.05173295162259275,
  "release is there": 0.07617951954834618,
  "terrain data wedapr": 0.07617951954834618,
  "diablo creative if": 0.06121097994022839,
  "ftp archive": 0.058467326525315055,
  "release is": 0.0539458906414526,
  "archive for": 0.06018381538157821,
  "creative diablouucpcboesel": 0.06379922791423771,
  "xmailer uaccess lite": 0.057734171296051025,
  "services usgs": 0.07084761815942353,
  "terrain data if": 0.07084761815942353,
  "boesel diablo": 0.06121097994022839,
  "there an ftp": 0.11412970602303081,
  "if pro": 0.06018381538157821,
  "charles boesel": 0.11289827975113025,
  "progress pager what": 0.06379922791423771,
  "opposite": 0.03709179366385031,
  "for united states": 0.07084761815942353,
  "states geological": 0.07084761815942353,
  "whats the opposite": 0.06121097994022839,
  "usgs": 0.11693465305063011,
  "creative": 0.08837622242962048,
  "terrain data": 0.12242195988045677,
  "uaccess": 0.05173295162259275,
  "ftp achive": 0.06379922791423771,
  "usgs terrain data": 0.13103143354100175,
  "lite macintosh release": 0.057734171296051025,
  "ftp achive for": 0.06379922791423771,
  "so where charles": 0.07617951954834618,
  "the opposite": 0.0400219782730199,
  "archive": 0.03758505926515446,
  "united states": 0.03227867135797021,
  "uaccess lite macintosh": 0.057734171296051025,
  "archive for united": 0.07084761815942353,
  "progress pager": 0.06379922791423771,
  "charles boesel diablo": 0.06121097994022839,
  "lite macintosh": 0.057734171296051025,
  "creative diablouucpcboesel charles": 0.06379922791423771,
  "services": 0.025184417598827342,
  "diablo creative diablouucpcboesel": 0.06379922791423771,
  "united states geological": 0.07084761815942353,
  "release": 0.030325632320474843,
  "boesel": 0.11289827975113025,
  "diablouucpcboesel charles": 0.057064853011515405,
  "pro for": 0.05534836415525225,
  "boesel xmailer": 0.06379922791423771,
  "geological services": 0.07084761815942353,
  "opposite of progress": 0.06018381538157821,
  "charles boesel xmailer": 0.06379922791423771,
  "con against": 0.06121097994022839,
  "united": 0.02984530729479977,
  "usgs terrain": 0.12759845582847543,
  "pro for and": 0.06121097994022839,
  "diablo creative": 0.12242195988045677,
  "pro": 0.035047923158211806,
  "ftp archive for": 0.07084761815942353,
  "data": 0.04460559083942035,
  "for united": 0.07084761815942353,
  "where charles": 0.07617951954834618,
  "boesel xmailer uaccess": 0.06379922791423771,
  "con": 0.045638812521022164
}