{
  "article diablouucpcboesel": 0.02792558797592896,
  "the university": 0.012494865494310205,
  "of the university": 0.02109680599851386,
  "about it simple": 0.031010741955303223,
  "industry standards": 0.02964553957110065,
  "decent raster to": 0.031010741955303223,
  "draw": 0.014162437894880803,
  "bw logos etc": 0.031010741955303223,
  "industry standards of": 0.031010741955303223,
  "code that": 0.020453522373050193,
  "poorly sender usenet": 0.031010741955303223,
  "diablouucpcboesel": 0.024977881789552195,
  "university of tennessee": 0.038896990951110516,
  "sender usenet news": 0.008236718694150243,
  "of tenn": 0.020759824656571158,
  "wordperfect presentations": 0.031010741955303223,
  "decent raster": 0.031010741955303223,
  "theyve ever": 0.02792558797592896,
  "center": 0.009858328666091081,
  "the commercial": 0.021471303086427074,
  "though i dont": 0.021892727810177936,
  "vector": 0.040762221815319494,
  "hijaak one of": 0.031010741955303223,
  "haywire i suspect": 0.03334457084607745,
  "the photography center": 0.031010741955303223,
  "corel draw and": 0.02792558797592896,
  "fax than": 0.031010741955303223,
  "of tennessee things": 0.031010741955303223,
  "like bw logos": 0.031010741955303223,
  "tenn knoxville": 0.031010741955303223,
  "program": 0.018827690688042412,
  "pretty": 0.019337348703851006,
  "boesel writes": 0.02634308417375477,
  "pretty limited": 0.03334457084607745,
  "autotrace so poorly": 0.02634308417375477,
  "written to": 0.020840961193874394,
  "it yet mac": 0.03334457084607745,
  "conversion": 0.05142578975669278,
  "yeah corel draw": 0.03334457084607745,
  "attempted it": 0.031010741955303223,
  "knoxville are": 0.031010741955303223,
  "program would": 0.026792684822322187,
  "write": 0.010948705951835945,
  "complicated stuff": 0.02964553957110065,
  "commercial": 0.013912109152036993,
  "application softwares": 0.031010741955303223,
  "hasnt been written": 0.031010741955303223,
  "a decent": 0.01787278683889028,
  "of tennessee sunapr": 0.03334457084607745,
  "conversion program would": 0.03334457084607745,
  "big as most": 0.03334457084607745,
  "gmt": 0.0005536359059483918,
  "conversion hasnt": 0.031010741955303223,
  "bitmapped": 0.024977881789552195,
  "why does illustrator": 0.025946508296123848,
  "of the commercial": 0.02792558797592896,
  "opinions expressed": 0.01432445556607339,
  "in article": 0.002887266334940297,
  "autotrace so": 0.025946508296123848,
  "of tenn knoxville": 0.031010741955303223,
  "sender": 0.0022032105916384367,
  "center are": 0.02792558797592896,
  "written": 0.011647159207355427,
  "knowledge": 0.012262107262504918,
  "code": 0.011005737991324299,
  "autotrace": 0.025946508296123848,
  "raster": 0.020381110907659747,
  "pretty well": 0.019394622272368586,
  "yet mac": 0.03334457084607745,
  "diablouucpcboesel charles boesel": 0.024977881789552195,
  "i suspect": 0.014207938632815897,
  "does illustrator autotrace": 0.025946508296123848,
  "mcdougald any opinions": 0.031010741955303223,
  "conversion program this": 0.031010741955303223,
  "softwares were using": 0.031010741955303223,
  "mac mcdougald": 0.031010741955303223,
  "stuff goes haywire": 0.031010741955303223,
  "yeah corel": 0.03334457084607745,
  "gmt in article": 0.006127976203699084,
  "tennessee sunapr": 0.03334457084607745,
  "system university": 0.01589748818516134,
  "haywire": 0.02792558797592896,
  "limited here": 0.03334457084607745,
  "usenet": 0.00686116425454617,
  "as a decent": 0.031010741955303223,
  "charles boesel": 0.02470837772331133,
  "this tracing technique": 0.031010741955303223,
  "knowledge i": 0.02325793019438051,
  "to vector": 0.0592910791422013,
  "knowledge i mean": 0.031010741955303223,
  "been written": 0.021892727810177936,
  "dont": 0.004103023833861835,
  "decent": 0.01523043834257422,
  "i dont": 0.006146733931138327,
  "commercial industry": 0.031010741955303223,
  "draw and wordperfect": 0.03334457084607745,
  "system": 0.005920431394603124,
  "program this": 0.023430634889288086,
  "than theyve": 0.031010741955303223,
  "hasnt": 0.029643631856836872,
  "of tennessee": 0.038896990951110516,
  "opinions": 0.009110781775045158,
  "write code that": 0.031010741955303223,
  "univ of": 0.013592153145965341,
  "technique": 0.01719712793161031,
  "are now fax": 0.031010741955303223,
  "my knowledge": 0.018590272412832058,
  "does illustrator": 0.025946508296123848,
  "write code": 0.028676913064528995,
  "necessarily actually univ": 0.031010741955303223,
  "standards": 0.014128711368808507,
  "it simple": 0.031010741955303223,
  "etc do pretty": 0.031010741955303223,
  "fax than theyve": 0.031010741955303223,
  "hijaak": 0.027311710680326427,
  "boesel": 0.02470837772331133,
  "hasnt been": 0.01923798922309285,
  "it simple stuff": 0.031010741955303223,
  "diablouucpcboesel charles": 0.024977881789552195,
  "wordperfect": 0.020840961193874394,
  "article": 0.0026545702158702975,
  "a good": 0.009131004078278195,
  "to vector conversion": 0.0592910791422013,
  "tracing technique is": 0.031010741955303223,
  "sender usenet": 0.007510369173880445,
  "these application softwares": 0.031010741955303223,
  "herein the photography": 0.031010741955303223,
  "writes yeah": 0.024977881789552195,
  "bitmapped to": 0.03334457084607745,
  "technique is about": 0.031010741955303223,
  "attempted": 0.01745736925922528,
  "file": 0.010337729994945461,
  "suspect even though": 0.03334457084607745,
  "stuff": 0.019792605581594333,
  "limited here too": 0.03334457084607745,
  "simple": 0.010940016906066613,
  "charles boesel writes": 0.02634308417375477,
  "as big": 0.02445885593154796,
  "of file": 0.022006874448816594,
  "mac mcdougald any": 0.031010741955303223,
  "illustrator": 0.02361267940534962,
  "wordperfect presentations pretty": 0.03334457084607745,
  "university": 0.006573442107966442,
  "program would probably": 0.03334457084607745,
  "tennessee things": 0.031010741955303223,
  "things are": 0.015590363578186047,
  "application softwares were": 0.031010741955303223,
  "expressed": 0.01287341530703506,
  "system university of": 0.01589748818516134,
  "writes": 0.0021549672880226073,
  "writes yeah corel": 0.03334457084607745,
  "suspect even": 0.03334457084607745,
  "presentations": 0.022374548832537106,
  "good bitmapped": 0.03334457084607745,
  "softwares were": 0.031010741955303223,
  "presentations pretty": 0.03334457084607745,
  "written to my": 0.031010741955303223,
  "corel draw": 0.02361267940534962,
  "standards of": 0.01985186651869539,
  "stuff goes": 0.028676913064528995,
  "bw logos": 0.031010741955303223,
  "a good bitmapped": 0.03334457084607745,
  "university of": 0.010633004771569716,
  "these application": 0.031010741955303223,
  "big": 0.009389118157974882,
  "mean even hijaak": 0.031010741955303223,
  "application": 0.012543412212910445,
  "haywire i": 0.03334457084607745,
  "softwares": 0.02325793019438051,
  "tenn knoxville are": 0.031010741955303223,
  "industry": 0.015488325364397062,
  "pretty limited here": 0.03334457084607745,
  "this tracing": 0.031010741955303223,
  "news system university": 0.015935533825746973,
  "simple stuff like": 0.031010741955303223,
  "photography center are": 0.031010741955303223,
  "sunapr gmt in": 0.016072184600545217,
  "draw and": 0.026792684822322187,
  "boesel writes yeah": 0.03334457084607745,
  "things": 0.007466782761112643,
  "in article diablouucpcboesel": 0.02792558797592896,
  "program this tracing": 0.031010741955303223,
  "goes haywire": 0.02964553957110065,
  "tracing technique": 0.031010741955303223,
  "file conversion hasnt": 0.031010741955303223,
  "mcdougald any": 0.031010741955303223,
  "usenet news system": 0.009627288363671105,
  "usenet news": 0.008093987376069946,
  "like bw": 0.031010741955303223,
  "photography": 0.01955889891940371,
  "good bitmapped to": 0.03334457084607745,
  "of file conversion": 0.031010741955303223,
  "sunapr gmt": 0.012142182563471608,