{
  "ophthalmology i": 0.11650985342688239,
  "gif": 0.057024608658078756,
  "lenses": 0.07912098483455361,
  "system university of": 0.05554769401168139,
  "a weird": 0.09066015251704451,
  "weird": 0.05828914883419806,
  "relating to ophthalmology": 0.11650985342688239,
  "contact": 0.04094224209119392,
  "gif of anything": 0.11650985342688239,
  "system university": 0.05554769401168139,
  "chicago monapr": 0.09361679284976106,
  "gif of": 0.08633397863321725,
  "request": 0.045476077898386646,
  "gmt im looking": 0.07864072607549179,
  "of chicago": 0.0605852629432781,
  "graphics needed": 0.11650985342688239,
  "sender news system": 0.06186996049580742,
  "needed sender": 0.07371472213598373,
  "eyeswould be greatly": 0.11650985342688239,
  "graphics": 0.08207624899090371,
  "system": 0.020686683814083857,
  "university of": 0.01857648480680121,
  "eyeswould": 0.11650985342688239,
  "for graphics": 0.07573648986453266,
  "of anything relating": 0.11650985342688239,
  "sender news": 0.03603283543525077,
  "monapr": 0.030757762903102892,
  "looking for graphics": 0.11650985342688239,
  "request anything": 0.11650985342688239,
  "monapr gmt": 0.032155505856886764,
  "needed sender news": 0.1002005080019425,
  "request anything such": 0.11650985342688239,
  "bmp gif of": 0.11650985342688239,
  "appreciated thanks ": 0.09066015251704451,
  "greatly": 0.04611060306585661,
  "a weird request": 0.11650985342688239,
  "eyeswould be": 0.11650985342688239,
  "weird request anything": 0.11650985342688239,
  "be greatly appreciated": 0.05608869534393813,
  "news system university": 0.0556806299558453,
  "chicago": 0.04570287443280904,
  "graphics clipart bmp": 0.11650985342688239,
  "news system": 0.03217361934142315,
  "appreciated": 0.039936098874274364,
  "of chicago monapr": 0.09361679284976106,
  "relating to": 0.06758181715206271,
  "as eyeglasses": 0.11650985342688239,
  "its a weird": 0.11650985342688239,
  "graphics needed sender": 0.11650985342688239,
  "clipart bmp": 0.11650985342688239,
  "clipart bmp gif": 0.11650985342688239,
  "needed": 0.03974479862872401,
  "news": 0.01806010003539675,
  "clipart": 0.09361679284976106,
  "graphics clipart": 0.11650985342688239,
  "relating": 0.06510458457432919,
  "be greatly": 0.05441438684769983,
  "chicago monapr gmt": 0.09361679284976106,
  "for graphics clipart": 0.11650985342688239,
  "bmp gif": 0.11650985342688239,
  "to ophthalmology": 0.11650985342688239,
  "weird request": 0.11650985342688239,
  "monapr gmt im": 0.08317793173210337,
  "appreciated thanks": 0.059800658537411365,
  "gmt": 0.001934468989019675,
  "ophthalmology i know": 0.11650985342688239,
  "eyeglasses": 0.1002005080019425,
  "sender": 0.007698277008430773,
  "such as eyeglasses": 0.11650985342688239,
  "gmt im": 0.06281163940961373,
  "lenses eyeswould be": 0.11650985342688239,
  "greatly appreciated": 0.05382895732347555,
  "university of chicago": 0.061983630035945494,
  "contact lenses": 0.09361679284976106,
  "anything relating": 0.11650985342688239,
  "lenses eyeswould": 0.11650985342688239,
  "as eyeglasses contact": 0.11650985342688239,
  "ophthalmology": 0.10835518071441244,
  "eyeglasses contact": 0.11650985342688239,
  "contact lenses eyeswould": 0.11650985342688239,
  "university": 0.011484190035682549,
  "eyeglasses contact lenses": 0.11650985342688239,
  "bmp": 0.06704288143404749,
  "greatly appreciated thanks": 0.07611000396235125
}