{
  "of programs": 0.01334848621268823,
  "a general": 0.009728770113237613,
  "code in": 0.012882781851856245,
  "public domain software": 0.016755352785557377,
  "advanced computing": 0.018606445173181933,
  "contrasting": 0.017787323742660392,
  "mindnumbing and leads": 0.02000674250764647,
  "australia": 0.008667089767468552,
  "sample of programs": 0.02000674250764647,
  "prefer that": 0.01607561089339331,
  "is a general": 0.013204124669289956,
  "is practical": 0.0172061478387174,
  "practical": 0.009753866113234698,
  "rhys": 0.02000674250764647,
  "software": 0.005448404545076264,
  "field in particular": 0.02000674250764647,
  "lewis isbn": 0.02000674250764647,
  "for the purposes": 0.014167607643209772,
  "call for": 0.010984705904303877,
  "the field": 0.029454014693125797,
  "use packages": 0.04001348501529294,
  "published by ellis": 0.02000674250764647,
  "packages related": 0.02000674250764647,
  "moment is practical": 0.02000674250764647,
  "dcview": 0.02000674250764647,
  "describe": 0.00926306575240563,
  "xv and": 0.014535934020571298,
  "enhancement via": 0.02000674250764647,
  "contribute to": 0.0120636604213347,
  "dept computing ucnv": 0.02000674250764647,
  "book i": 0.012144479279140153,
  "in the field": 0.011911119911217237,
  "i have xv": 0.02000674250764647,
  "processing codealgorithms that": 0.02000674250764647,
  "gmt": 0.0003321815435690351,
  "moment": 0.008517903403929663,
  "paper and seminar": 0.02000674250764647,
  "ucnv bendigo australia": 0.02000674250764647,
  "practical digital image": 0.02000674250764647,
  "processing techniques so": 0.02000674250764647,
  "find it": 0.008316040727107668,
  "diploma": 0.016755352785557377,
  "world dept computing": 0.02000674250764647,
  "vance": 0.014283079186320782,
  "sample": 0.009619543403600692,
  "code": 0.01981032838438374,
  "advance": 0.006425672215009201,
  "rhys lewis isbn": 0.02000674250764647,
  "easy": 0.006740737598953055,
  "a general call": 0.02000674250764647,
  "computing thinking is": 0.02000674250764647,
  "advanced computing thinking": 0.02000674250764647,
  "ellis horwood c": 0.02000674250764647,
  "subject but would": 0.02000674250764647,
  "bendigo": 0.018606445173181933,
  "liberally": 0.014535934020571298,
  "horwood c likewise": 0.02000674250764647,
  "general": 0.011852714631852175,
  "bendigo australia ironbarkucnveduau": 0.02000674250764647,
  "packages i already": 0.02000674250764647,
  "prefer source code": 0.02000674250764647,
  "general use packages": 0.02000674250764647,
  "you astray": 0.017787323742660392,
  "source code": 0.021447344206668335,
  "enhancement": 0.01327501622446424,
  "rhys lewis": 0.02000674250764647,
  "get my hands": 0.014675313558928775,
  "techniques": 0.009703982047395565,
  "hands on some": 0.018606445173181933,
  "most helpful": 0.016755352785557377,
  "i dont": 0.0036880403586829966,
  "input": 0.008659730189128145,
  "processing by rhys": 0.02000674250764647,
  "not mathematically intensive": 0.02000674250764647,
  "turbo pascal that": 0.02000674250764647,
  "image": 0.03767223674124309,
  "altermanipulate": 0.02000674250764647,
  "thinking is": 0.013762212298841793,
  "likely to find": 0.01607561089339331,
  "dept computing": 0.02000674250764647,
  "best book": 0.017787323742660392,
  "literate": 0.01580585050425286,
  "field": 0.02327001413695391,
  "contrasting dithering": 0.02000674250764647,
  "on the aarnet": 0.02000674250764647,
  "mathematics": 0.009911364176809873,
  "thanks in advance": 0.007266792433004015,
  "subject but": 0.01556790497767431,
  "helpful": 0.009438846311980638,
  "the ibm pc": 0.014535934020571298,
  "find it on": 0.014675313558928775,
  "the subject": 0.024164457446530712,
  "in advance vance": 0.02000674250764647,
  "topics like contrasting": 0.02000674250764647,
  "computing thinking": 0.02000674250764647,
  "mathematically intensive": 0.02000674250764647,
  "texts": 0.011055597459478159,
  "smatterings of c": 0.02000674250764647,
  "code for": 0.011838962168586773,
  "leads": 0.009175849243587025,
  "altermanipulate for the": 0.02000674250764647,
  "texts on the": 0.02000674250764647,
  "code for general": 0.02000674250764647,
  "mathematically intensive the": 0.02000674250764647,
  "australia ironbarkucnveduau greetings": 0.02000674250764647,
  "image processing": 0.047792755512894775,
  "for general": 0.013762212298841793,
  "subject at": 0.016387026408195855,
  "programs": 0.007033768229249465,
  "public domain": 0.010127249319319695,
  "pc and various": 0.02000674250764647,
  "ironbarkucnveduau greetings": 0.02000674250764647,
  "related smatterings": 0.02000674250764647,
  "digital image processing": 0.016387026408195855,
  "information regarding image": 0.02000674250764647,
  "convolution etc if": 0.02000674250764647,
  "dont": 0.0024618143003171016,
  "supply": 0.008195755083287432,
  "pertinent to": 0.017787323742660392,
  "fair sample of": 0.02000674250764647,
  "my postgraduate studies": 0.02000674250764647,
  "help describe": 0.02000674250764647,
  "mathematically": 0.02935062711785755,
  "ip packagesplease apr": 0.02000674250764647,
  "regarding image processing": 0.02000674250764647,
  "dangerous subversive": 0.02000674250764647,
  "internet": 0.005635114003472662,
  "dithering image enhancement": 0.02000674250764647,
  "anyone could kindly": 0.02000674250764647,
  "ibm pc": 0.011701946822447863,
  "find": 0.004286427438484168,
  "horwood c": 0.02000674250764647,
  "gmt world dept": 0.018606445173181933,
  "describe topics like": 0.02000674250764647,
  "practical digital": 0.02000674250764647,
  "the ibm": 0.012024431965057729,
  "processing i": 0.016755352785557377,
  "general call for": 0.02000674250764647,
  "computing": 0.014093901341872354,
  "contribute to my": 0.02000674250764647,
  "processing": 0.03847817361440277,
  "describe topics": 0.02000674250764647,
  "field in": 0.013954758116628307,
  "image enhancement": 0.015355055451092843,
  "ironbarkucnveduau greetings this": 0.02000674250764647,
  "for the ibm": 0.014167607643209772,
  "packages related to": 0.02000674250764647,
  "studies and will": 0.02000674250764647,
  "paper": 0.007833275893857957,
  "to use packages": 0.02000674250764647,
  "moment is": 0.01556790497767431,
  "and khoros": 0.02000674250764647,
  "apr gmt": 0.003038893814846655,
  "on ip": 0.02000674250764647,
  "leads you": 0.015162509633306329,
  "any material": 0.03721289034636387,
  "supply me": 0.01556790497767431,
  "have several texts": 0.02000674250764647,
  "lewis isbn published": 0.02000674250764647,
  "demonstrate image": 0.02000674250764647,
  "packagesplease apr": 0.02000674250764647,
  "easy to use": 0.013424729299522264,
  "convolution": 0.016755352785557377,
  "degree in": 0.014535934020571298,
  "unix dcview for": 0.02000674250764647,
  "input from": 0.013586431739266781,
  "area or": 0.014405553169788326,
  "intensive the best": 0.02000674250764647,
  "to help describe": 0.02000674250764647,
  "postgraduate studies and": 0.02000674250764647,
  "a fair": 0.010604802406318139,
  "is suggested": 0.01556790497767431,
  "techniques so": 0.018606445173181933,
  "seminar": 0.014535934020571298,
  "astray": 0.014405553169788326,
  "khoros for unix": 0.02000674250764647,
  "appreciate more input": 0.02000674250764647,
  "domain": 0.009083163171363403,
  "apr": 0.0026541892692709887,
  "dept": 0.006027583215025438,
  "so any material": 0.02000674250764647,
  "field and": 0.012943090868320248,
  "published": 0.008340981809576958,
  "advance vance": 0.02000674250764647,
  "subversive": 0.0148250266339868,
  "of c": 0.012103665729003751,
  "ibm pc and": 0.0172061478387174,
  "of demonstration": 0.018606445173181933,
  "i would prefer": 0.02463303051117044,
  "hands on": 0.012504576716324637,
  "some public domain": 0.01556790497767431,
  "likewise": 0.011284544298482206,
  "degree": 0.00910136331266111,
  "more input": 0.017787323742660392,
  "on ip packagesplease": 0.02000674250764647,
  "ashlin diploma": 0.02000674250764647,