{
  "v after": 0.040762616910263394,
  "y g": 0.04263977018854193,
  "the resulting bytes": 0.04584878491335649,
  "integers": 0.035188668742087766,
  "ntsc data": 0.04263977018854193,
  "matrix multiplication may": 0.04584878491335649,
  "ntsc may": 0.04584878491335649,
  "to uv": 0.04584878491335649,
  "big integers": 0.04584878491335649,
  "floats this": 0.04584878491335649,
  "re ntsc data": 0.04584878491335649,
  "abpsoft": 0.030590280904077193,
  "conversion should be": 0.04584878491335649,
  "beck abpsoft": 0.030590280904077193,
  "oo o": 0.03010250073899466,
  "yiq": 0.04584878491335649,
  "oo ": 0.05624718652588803,
  "u and v": 0.040762616910263394,
  "tu": 0.028544758902785343,
  "subtractingfrom them": 0.04584878491335649,
  "data to": 0.026667605624506808,
  "ntsc": 0.059046083487674456,
  "o brain inside": 0.030590280904077193,
  "r": 0.015262441458735126,
  "conversion": 0.02357015363848419,
  "integers not": 0.04584878491335649,
  "computer": 0.009459039276911285,
  "in oo o": 0.04584878491335649,
  "multiplication may": 0.04584878491335649,
  "of computer": 0.017775705243506457,
  "rgb space so": 0.04584878491335649,
  "dresden germanyinftudresdende": 0.03943075546372737,
  "beck abpsoft mehl": 0.030590280904077193,
  "gmt": 0.0007612493706790388,
  "apply": 0.018064456774647467,
  "arbitrary big integers": 0.04584878491335649,
  "have to clamp": 0.04263977018854193,
  "applies to": 0.0243469751951094,
  "after unlevelshifting": 0.04584878491335649,
  "o o andre": 0.030590280904077193,
  "in oo": 0.04584878491335649,
  "where adegree": 0.04584878491335649,
  "adegree rotation to": 0.04584878491335649,
  "uv is buid": 0.04584878491335649,
  "apply r": 0.04584878491335649,
  "uv is": 0.03943075546372737,
  "computer science tu": 0.03042191218106388,
  "g u": 0.04584878491335649,
  "to rgb": 0.035188668742087766,
  "the conversion": 0.032732056468651786,
  "tu dresden": 0.03042191218106388,
  "whereas ntsc": 0.04584878491335649,
  "o oo ": 0.03042191218106388,
  "matrix": 0.028544758902785343,
  "yuv data": 0.04584878491335649,
  "resulting bytes": 0.04584878491335649,
  "clamp": 0.03363092690587845,
  "u and": 0.036839941630693006,
  "with arbitrary big": 0.04584878491335649,
  "dept of computer": 0.022744930344936416,
  "of rgb space": 0.04584878491335649,
  "b v": 0.04584878491335649,
  "them this matrix": 0.04584878491335649,
  "clamp the resulting": 0.04584878491335649,
  "brain": 0.02045620651756642,
  "o": 0.09971637486133077,
  "you apply r": 0.04584878491335649,
  "you apply": 0.03363092690587845,
  "bytes to the": 0.04584878491335649,
  "and v": 0.0319796540172732,
  "subtractingfrom": 0.04584878491335649,
  "germanyinftudresdende usually you": 0.04584878491335649,
  "to yuv data": 0.04584878491335649,
  "g u b": 0.04584878491335649,
  "data whereas ntsc": 0.04584878491335649,
  "inside": 0.017363911326763418,
  "this matrix multiplication": 0.04584878491335649,
  "subtractingfrom them this": 0.04584878491335649,
  "ntsc data to": 0.04263977018854193,
  "v subtractingfrom": 0.04584878491335649,
  "floats": 0.03943075546372737,
  "brain inside": 0.030590280904077193,
  "science tu": 0.03042191218106388,
  "v": 0.034826853108311545,
  "rgb space": 0.04584878491335649,
  "space so you": 0.04263977018854193,
  "u b v": 0.04584878491335649,
  "uv": 0.030946582020448157,
  "v after unlevelshifting": 0.04584878491335649,
  "r y": 0.040762616910263394,
  "u": 0.03169715721628102,
  "germanyinftudresdende": 0.03943075546372737,
  "andre": 0.025561624567644076,
  "u b": 0.04584878491335649,
  "gmt dept of": 0.028770639292458638,
  "mehl": 0.030590280904077193,
  "this matrix": 0.04263977018854193,
  "y g u": 0.04584878491335649,
  "rgb for": 0.04263977018854193,
  "multiplication may give": 0.04584878491335649,
  "o andre beck": 0.030590280904077193,
  "for video capture": 0.04263977018854193,
  "b": 0.014731073335622033,
  "buid": 0.04263977018854193,
  "brain inside o": 0.030590280904077193,
  "may have yiq": 0.04584878491335649,
  "r y g": 0.04584878491335649,
  "science": 0.011768343112535436,
  "beck": 0.028544758902785343,
  "clamp the": 0.040762616910263394,
  "data to rgb": 0.04263977018854193,
  "to yuv": 0.04584878491335649,
  "big": 0.01291003746721546,
  "rgb": 0.05067148835594156,
  "multiplication": 0.03839768346690232,
  "integers not floats": 0.04584878491335649,
  "dept of": 0.017161543580974454,
  "capture apr gmt": 0.040762616910263394,
  "v subtractingfrom them": 0.04584878491335649,
  "yiq where": 0.04584878491335649,
  "with arbitrary": 0.03943075546372737,
  "matrix multiplication": 0.04263977018854193,
  "floats this applies": 0.04584878491335649,
  "video capture": 0.035188668742087766,
  "science tu dresden": 0.03042191218106388,
  "dresden germanyinftudresdende usually": 0.04584878491335649,
  "germanyinftudresdende usually": 0.04584878491335649,
  "yiq where adegree": 0.04584878491335649,
  "andre beck": 0.02966124990656723,
  "unlevelshifting u and": 0.04584878491335649,
  "space": 0.01373608706227293,
  "computer science": 0.014513168192760988,
  "ntsc may have": 0.04584878491335649,
  "b v after": 0.04584878491335649,
  "capture apr": 0.040762616910263394,
  "done with arbitrary": 0.04584878491335649,
  "to clamp": 0.036839941630693006,
  "of rgb": 0.040762616910263394,
  "apr gmt": 0.006964131659023584,
  "unlevelshifting u": 0.04584878491335649,
  "o o": 0.07238874526466471,
  "video capture apr": 0.04263977018854193,
  "yuv": 0.03567644890717029,
  "adegree rotation": 0.04584878491335649,
  "bytes": 0.025504112900984092,
  "rotation to": 0.04263977018854193,
  "y": 0.02043703618114961,
  "usually you apply": 0.04584878491335649,
  "to the conversion": 0.04584878491335649,
  "data whereas": 0.04584878491335649,
  "inside o o": 0.030590280904077193,
  "dresden": 0.02925841945754117,
  "big integers not": 0.04584878491335649,
  "inside o": 0.030590280904077193,
  "bytes to": 0.03943075546372737,
  "abpsoft mehl": 0.030590280904077193,
  "mehl o": 0.030590280904077193,
  "apr": 0.006082517075412682,
  "oo o brain": 0.030590280904077193,
  "dept": 0.013813211534433295,
  "capture": 0.025504112900984092,
  "this applies": 0.03042191218106388,
  "buid in": 0.04584878491335649,
  "buid in oo": 0.04584878491335649,
  "rotation to uv": 0.04584878491335649,
  "mehl o oo": 0.030590280904077193,
  "and v subtractingfrom": 0.04584878491335649,
  "apply r y": 0.04584878491335649,
  "rgb for video": 0.04263977018854193,
  "tu dresden germanyinftudresdende": 0.03943075546372737,
  "o andre": 0.030590280904077193,
  "adegree": 0.030946582020448157,
  "after unlevelshifting u": 0.04584878491335649,
  "arbitrary": 0.0249651760868896,
  "o o o": 0.056658776920062416,
  "applies to yuv": 0.04584878491335649,
  "data": 0.026845957449651136,
  "yuv data whereas": 0.04584878491335649,
  "o oo": 0.029803711289283684,
  "conversion should": 0.04584878491335649,
  "space so": 0.03622174073891281,
  "out of rgb": 0.04584878491335649,
  "o brain": 0.030590280904077193,
  "arbitrary big": 0.04584878491335649,
  "andre beck abpsoft": 0.030590280904077193,
  "rotation": 0.025799093523141997,
  "not floats": 0.04584878491335649,
  "is buid": 0.04584878491335649,
  "abpsoft mehl o": 0.030590280904077193,
  "for video": 0.033974019369553084,
  "of computer science": 0.0187685775987877,
  "apr gmt dept": 0.036839941630693006,
  "video": 0.016179670139932892,
  "unlevelshifting": 0.04584878491335649,
  "where adegree rotation": 0.04584878491335649,
  "re ntsc": 0.040762616910263394,
  "oo": 0.04851757821456422,
  "have yiq": 0.04584878491335649,
  "g": 0.01720893017307643,
  "gmt dept": 0.028770639292458638,
  "applies": 0.021756161362075036
}