{
  "circlesellipsesetc": 0.07073812529489287,
  "able to generate": 0.06289089466154923,
  "display quickly from": 0.07073812529489287,
  "on the vdu": 0.07073812529489287,
  "graphics circlesellipsesetc": 0.07073812529489287,
  "text": 0.02590495751388113,
  "pages of mixed": 0.07073812529489287,
  "of formatting": 0.07073812529489287,
  "scaleable the": 0.07073812529489287,
  "vdu the maths": 0.07073812529489287,
  "ccode": 0.06578707400517898,
  "maths wouldnt need": 0.07073812529489287,
  "mathematical": 0.03828601970724999,
  "metzuneeduau": 0.07073812529489287,
  "any c": 0.06289089466154923,
  "formatting": 0.04475536701113298,
  "gmt sender": 0.012843071612713234,
  "fonts display": 0.07073812529489287,
  "gmt sender compgraphicsnntppostinghost": 0.07073812529489287,
  "circlesellipsesetc on": 0.07073812529489287,
  "textmathgraphics": 0.07073812529489287,
  "or c libraries": 0.07073812529489287,
  "textmathgraphics display": 0.07073812529489287,
  "campbell": 0.04059878454363497,
  "code thanks": 0.07073812529489287,
  "display ccode apr": 0.07073812529489287,
  "scaleable the main": 0.07073812529489287,
  "scaleable": 0.060836022715465086,
  "and graphics": 0.04576307128441802,
  "fonts display ccode": 0.07073812529489287,
  "mixed text": 0.07073812529489287,
  "sender compgraphicsnntppostinghost": 0.07073812529489287,
  "metzuneeduau does": 0.07073812529489287,
  "tex quality but": 0.07073812529489287,
  "textmath fonts display": 0.07073812529489287,
  "for preparing": 0.060836022715465086,
  "and displaying": 0.05504366402820559,
  "to tex": 0.07073812529489287,
  "preparing and": 0.07073812529489287,
  "mixed": 0.04029041188745491,
  "minimum": 0.034900412174786274,
  "ccode apr gmt": 0.07073812529489287,
  "set": 0.018817267236366297,
  "gmt": 0.0011744990290476597,
  "compgraphicsnntppostinghost metzuneeduau": 0.07073812529489287,
  "to generate": 0.03900490203424776,
  "textmath": 0.07073812529489287,
  "for textmathgraphics display": 0.07073812529489287,
  "to tex quality": 0.07073812529489287,
  "c libraries": 0.057939843371835345,
  "maths": 0.0524170584558819,
  "apr gmt": 0.010744660273922102,
  "main": 0.02663965312416476,
  "the main": 0.030020671199245116,
  "sender": 0.004673953897975826,
  "from a minimum": 0.07073812529489287,
  "code": 0.023347887024452264,
  "libraries for textmathgraphics": 0.07073812529489287,
  "display textmath": 0.07073812529489287,
  "compgraphicsnntppostinghost": 0.07073812529489287,
  "tex": 0.047466007166168,
  "the display": 0.03883878159021728,
  "c or c": 0.05588497142575119,
  "minimum set": 0.06289089466154923,
  "libraries": 0.07098376583077587,
  "apr": 0.009384454916350995,
  "to be scaleable": 0.07073812529489287,
  "fonts": 0.03564773325392107,
  "generate the display": 0.07073812529489287,
  "ed campbell": 0.06578707400517898,
  "generate": 0.03380609675890608,
  "text mathematical equations": 0.07073812529489287,
  "textmathgraphics display textmath": 0.07073812529489287,
  "c or": 0.048341738038256095,
  "mixed text mathematical": 0.07073812529489287,
  "quality": 0.027977753828575466,
  "quality but it": 0.07073812529489287,
  "set of": 0.02962568091212922,
  "textmath fonts": 0.07073812529489287,
  "libraries for": 0.11367753417470985,
  "preparing and displaying": 0.07073812529489287,
  "c libraries for": 0.06289089466154923,
  "a minimum": 0.042795103827548975,
  "campbell ": 0.12167204543093017,
  "mathematical equations": 0.06578707400517898,
  "set of formatting": 0.07073812529489287,
  "maths wouldnt": 0.07073812529489287,
  "equations and graphics": 0.07073812529489287,
  "vdu": 0.07073812529489287,
  "minimum set of": 0.06289089466154923,
  "be scaleable": 0.07073812529489287,
  "generate the": 0.0524170584558819,
  "displaying quickly pages": 0.07073812529489287,
  "graphics circlesellipsesetc on": 0.07073812529489287,
  "of any c": 0.06578707400517898,
  "of mixed text": 0.07073812529489287,
  "code thanks ed": 0.07073812529489287,
  "main thing": 0.05429108891636398,
  "displaying": 0.0407046065849574,
  "display textmath fonts": 0.07073812529489287,
  "of formatting code": 0.07073812529489287,
  "c": 0.03942457055115545,
  "display ccode": 0.07073812529489287,
  "apr gmt sender": 0.016172688354470215,
  "tex quality": 0.07073812529489287,
  "a minimum set": 0.07073812529489287,
  "sender compgraphicsnntppostinghost metzuneeduau": 0.07073812529489287,
  "compgraphicsnntppostinghost metzuneeduau does": 0.07073812529489287,
  "of mixed": 0.05683876708735493,
  "and graphics circlesellipsesetc": 0.07073812529489287,
  "formatting code thanks": 0.07073812529489287,
  "quality but": 0.05361030191776166,
  "main thing would": 0.07073812529489287,
  "vdu the": 0.07073812529489287,
  "up to tex": 0.07073812529489287,
  "thanks ed campbell": 0.07073812529489287,
  "display quickly": 0.07073812529489287,
  "the vdu": 0.07073812529489287,
  "metzuneeduau does anyone": 0.07073812529489287,
  "text mathematical": 0.07073812529489287,
  "circlesellipsesetc on the": 0.07073812529489287,
  "displaying quickly": 0.07073812529489287,
  "mathematical equations and": 0.07073812529489287,
  "libraries for preparing": 0.07073812529489287,
  "the maths": 0.07073812529489287,
  "display": 0.07987436295384089,
  "preparing": 0.04323707099696389,
  "equations and": 0.05683876708735493,
  "for textmathgraphics": 0.07073812529489287,
  "graphics": 0.02491600415795291,
  "equations": 0.04534278199853992,
  "or c": 0.04934003762665008,
  "ccode apr": 0.07073812529489287,
  "formatting code": 0.07073812529489287
}