{
  "librarian": 0.10014293916119689,
  "of cincinnati academic": 0.11370605383611182,
  "viewing": 0.06770983868504203,
  "files apr": 0.0938364499789007,
  "academic it": 0.11370605383611182,
  "jpeg files without": 0.11370605383611182,
  "academic it services": 0.11370605383611182,
  "services can": 0.10514868123660633,
  "college": 0.037194178038738715,
  "academic": 0.0576159947957414,
  "of engineering university": 0.10870031176070238,
  "services librarian": 0.11370605383611182,
  "apr": 0.01622004553443382,
  "it services": 0.11370605383611182,
  "university of": 0.019493842081211146,
  "jpeg": 0.14513545309999637,
  "access services": 0.10870031176070238,
  "edt world univ": 0.11370605383611182,
  "lucy wilson": 0.11370605383611182,
  "wilson access": 0.11370605383611182,
  "view": 0.04058360933521217,
  "of cincinnati": 0.1731596489725639,
  "of engineering": 0.06578551312076074,
  "services can i": 0.12226342643561731,
  "world univ": 0.10870031176070238,
  "jpeg files": 0.1876728999578014,
  "hardware": 0.04418492072720607,
  "univ of cincinnati": 0.11370605383611182,
  "engineering university of": 0.07396684612168958,
  "without special": 0.1023938225784062,
  "cincinnati": 0.14145556225652753,
  "apr edt": 0.06981286789179807,
  "hardware lucy": 0.11370605383611182,
  "files without": 0.09823984434851468,
  "univ of": 0.04983789486853958,
  "university of cincinnati": 0.08728548391640477,
  "viewing jpeg": 0.10870031176070238,
  "apr edt world": 0.09513719708578744,
  "files without special": 0.11370605383611182,
  "engineering university": 0.07396684612168958,
  "college of engineering": 0.07234921325247472,
  "cincinnati ": 0.24452685287123463,
  "services": 0.08083887130487788,
  "special": 0.04272589351625684,
  "files": 0.08270133672244917,
  "viewing jpeg files": 0.10870031176070238,
  "librarian college of": 0.11370605383611182,
  "special hardware lucy": 0.11370605383611182,
  "college of": 0.05501975518047769,
  "services librarian college": 0.11370605383611182,
  "i view": 0.08968247174900919,
  "access services librarian": 0.11370605383611182,
  "special hardware": 0.09659130863710082,
  "view jpeg files": 0.11370605383611182,
  "access": 0.03460877005747831,
  "cincinnati academic it": 0.11370605383611182,
  "lucy wilson access": 0.11370605383611182,
  "can i view": 0.11370605383611182,
  "hardware lucy wilson": 0.11370605383611182,
  "librarian college": 0.11370605383611182,
  "files apr edt": 0.12226342643561731,
  "without special hardware": 0.10870031176070238,
  "univ": 0.043857429932966215,
  "lucy": 0.10014293916119689,
  "wilson access services": 0.11370605383611182,
  "edt": 0.045441497200168324,
  "cincinnati academic": 0.11370605383611182,
  "edt world": 0.08728548391640477,
  "wilson": 0.06480712581638863,
  "view jpeg": 0.1023938225784062,
  "university": 0.012051310531271809,
  "engineering": 0.03828324417235422,
  "jpeg files apr": 0.11370605383611182,
  "i view jpeg": 0.11370605383611182
}