{
  "viper card": 0.11512737950906322,
  "baltimore": 0.03133117758164531,
  "sender usenetnews poster": 0.06189585963303127,
  "daniel t hotopp": 0.06189585963303127,
  "wondering": 0.022785437208764775,
  "vesa driver": 0.04349311601324102,
  "out of touch": 0.048899349997532295,
  "westinghouse electronic systems": 0.06189585963303127,
  "friapr": 0.013823004490465356,
  "windows": 0.01744890890493029,
  "systems": 0.016786838184927943,
  "t": 0.024114576420306195,
  "w vax westinghouse": 0.06189585963303127,
  "windows driver version": 0.06189585963303127,
  "antennamicrowaveintegration": 0.06189585963303127,
  "internet": 0.01743363394824355,
  "driver version": 0.04973392120143556,
  "drivers for": 0.03412928927996679,
  "hotopp internet": 0.06189585963303127,
  "antennamicrowaveintegration w": 0.06189585963303127,
  "internet antennamicrowaveintegration": 0.06189585963303127,
  "know if diamond": 0.06189585963303127,
  "touch": 0.029945935955802874,
  "version is": 0.03474707574644575,
  "any vesa driver": 0.06189585963303127,
  "gmt ive been": 0.046909014178041455,
  "touch with": 0.039856106354180264,
  "was wondering": 0.027641866362143826,
  "of weeks": 0.03610126972649945,
  "driver updates lately": 0.06189585963303127,
  "drivers": 0.024310139907763758,
  "on the diamond": 0.05183687268031814,
  "for diamond": 0.05323151987603195,
  "westinghouse": 0.11005906565771117,
  "with the latest": 0.046909014178041455,
  "group baltimore": 0.06189585963303127,
  "w": 0.020101430833865553,
  "ive been away": 0.05756368975453161,
  "sender usenetnews": 0.06189585963303127,
  "driver version is": 0.06189585963303127,
  "updates": 0.03732194942850423,
  "group baltimore md": 0.06189585963303127,
  "card does anyone": 0.05756368975453161,
  "usenetnews poster": 0.06189585963303127,
  "couple of": 0.022009509524243156,
  "baltimore md friapr": 0.06189585963303127,
  "daniel": 0.028358509539144695,
  "touch with the": 0.048899349997532295,
  "viper card sender": 0.06189585963303127,
  "corp voice": 0.05502953282885559,
  "weeks and have": 0.06189585963303127,
  "diamond has": 0.05183687268031814,
  "ive": 0.012980590036431185,
  "md friapr gmt": 0.06189585963303127,
  "t hotopp": 0.06189585963303127,
  "card does": 0.044567180119032636,
  "electronic": 0.02676835422229908,
  "vax westinghouse": 0.06189585963303127,
  "electronic systems": 0.05502953282885559,
  "gmt": 0.0010276866504167024,
  "wondering what the": 0.048899349997532295,
  "driver updates": 0.05502953282885559,
  "a couple": 0.02071506914844677,
  "diamond viper card": 0.12379171926606254,
  "windows driver": 0.043172532923318824,
  "drivers for diamond": 0.06189585963303127,
  "voice ": 0.08306551254079401,
  "poster westinghouse electronic": 0.06189585963303127,
  "antennamicrowaveintegration w vax": 0.06189585963303127,
  "card sender usenetnews": 0.06189585963303127,
  "dan daniel": 0.04750470280181848,
  "with any vesa": 0.05502953282885559,
  "card": 0.03869253246981347,
  "couple": 0.019849411352713422,
  "diamond viper": 0.09172985229779333,
  "driver": 0.047205854464635225,
  "electronic systems group": 0.06189585963303127,
  "daniel t": 0.06189585963303127,
  "the latest": 0.056485530981198934,
  "latest windows driver": 0.06189585963303127,
  "internet antennamicrowaveintegration w": 0.06189585963303127,
  "friapr gmt": 0.014383972383811481,
  "vesa": 0.03330391601738513,
  "ive been": 0.025004401299272727,
  "westinghouse electric corp": 0.06189585963303127,
  "latest windows": 0.05069736295035593,
  "md": 0.026022153931911055,
  "card sender": 0.03899859934472098,
  "latest": 0.05283229673770902,
  "diamond has come": 0.06189585963303127,
  "i was wondering": 0.02815734274854531,
  "westinghouse electronic": 0.06189585963303127,
  "poster": 0.023982684069882847,
  "advance dan": 0.0481632060246799,
  "updates lately": 0.06189585963303127,
  "poster westinghouse": 0.06189585963303127,
  "what the latest": 0.05756368975453161,
  "viper card does": 0.06189585963303127,
  "diamond": 0.09442130795305163,
  "electric corp": 0.06189585963303127,
  "viper": 0.07899773253536117,
  "the diamond": 0.038535424518760214,
  "in advance dan": 0.0481632060246799,
  "usenetnews": 0.06189585963303127,
  "updates lately also": 0.06189585963303127,
  "for diamond viper": 0.06189585963303127,
  "in advance": 0.02056220826815902,
  "advance dan daniel": 0.06189585963303127,
  "t hotopp internet": 0.06189585963303127,
  "latest information": 0.05502953282885559,
  "hotopp": 0.06189585963303127,
  "latest information on": 0.05502953282885559,
  "corp voice ": 0.06189585963303127,
  "gmt ive": 0.037966850904974425,
  "advance": 0.019879423415184717,
  "weeks": 0.023630279573566355,
  "usenetnews poster westinghouse": 0.06189585963303127,
  "friapr gmt ive": 0.046909014178041455,
  "group": 0.016060382160170746,
  "version": 0.01590316651839156,
  "thanks in advance": 0.02248163908960617,
  "westinghouse electric": 0.06189585963303127,
  "electric corp voice": 0.06189585963303127,
  "dan": 0.02503864796030164,
  "any vesa": 0.05502953282885559,
  "vax": 0.036850027225328326,
  "sender": 0.004089709660728849,
  "vax westinghouse electric": 0.06189585963303127,
  "systems group": 0.0425768442995418,
  "version is up": 0.06189585963303127,
  "hotopp internet antennamicrowaveintegration": 0.06189585963303127,
  "the diamond viper": 0.05183687268031814,
  "voice": 0.02239105779396513,
  "baltimore md": 0.038104219071966774,
  "systems group baltimore": 0.06189585963303127,
  "the latest windows": 0.05069736295035593,
  "corp": 0.024114576420306195,
  "of touch": 0.048899349997532295,
  "if diamond": 0.06189585963303127,
  "couple of weeks": 0.03641125060862052,
  "md friapr": 0.06189585963303127,
  "w vax": 0.06189585963303127,
  "electric": 0.032574935369099126,
  "wondering what": 0.037571982769839855,
  "dan daniel t": 0.06189585963303127,
  "for a couple": 0.037571982769839855,
  "weeks and": 0.04085026069561581,
  "vesa driver updates": 0.06189585963303127
}