{
  "latest": 0.045447136978674425,
  "writes": 0.006881992306910909,
  "review of in": 0.10648750044392477,
  "check it out": 0.06655661800624404,
  "monmay": 0.053199037458964975,
  "aaron hightower ": 0.10648750044392477,
  "hightower": 0.10648750044392477,
  "read": 0.024470894094586016,
  "magazine": 0.04628941486329708,
  "monmay gmt in": 0.0670943644640361,
  "aaron": 0.05686254864993273,
  "inc monmay": 0.09903430495403288,
  "is a review": 0.0946744650819021,
  "hightower ": 0.21297500088784954,
  "monmay gmt": 0.054315132014681564,
  "the local bookstore": 0.10648750044392477,
  "more aaron hightower": 0.10648750044392477,
  "is texas": 0.09903430495403288,
  "wired": 0.06655661800624404,
  "please fill": 0.08556373540031925,
  "wired magazine": 0.091581109464141,
  "instruments": 0.052326719772810476,
  "the latest wired": 0.10648750044392477,
  "trip": 0.05565537336099637,
  "the local": 0.04605308253298766,
  "someone please fill": 0.09903430495403288,
  "in the latest": 0.07890739982605878,
  "fill me in": 0.07890739982605878,
  "you more aaron": 0.10648750044392477,
  "instruments inc monmay": 0.10648750044392477,
  "too i havent": 0.10648750044392477,
  "gmt": 0.0017680630544803482,
  "latest wired": 0.10648750044392477,
  "local bookstore and": 0.09903430495403288,
  "havent read it": 0.08918171643925701,
  "some cool": 0.09903430495403288,
  "local bookstore": 0.0946744650819021,
  "thanks bh": 0.09903430495403288,
  "more aaron": 0.10648750044392477,
  "cool pics": 0.10648750044392477,
  "writes someone": 0.0754082342299875,
  "review": 0.046653947677014085,
  "havent read": 0.07065734442053548,
  "texas instruments inc": 0.06682212996958137,
  "bookstore and check": 0.10648750044392477,
  "pics too": 0.10648750044392477,
  "cool pics too": 0.10648750044392477,
  "theres some cool": 0.10648750044392477,
  "in writes": 0.05810245022531977,
  "writes someone please": 0.0946744650819021,
  "fill me": 0.07890739982605878,
  "check": 0.035668450391723956,
  "what is texas": 0.10648750044392477,
  "review of": 0.06282682291116758,
  "aaron hightower": 0.10648750044392477,
  "havent": 0.03478612142868387,
  "magazine you": 0.0946744650819021,
  "texas instruments": 0.06176832750457345,
  "wired magazine you": 0.10648750044392477,
  "bookstore and": 0.08412791397424911,
  "what thanks bh": 0.09903430495403288,
  "pics": 0.07602284083041708,
  "trip to the": 0.08412791397424911,
  "bh there is": 0.10648750044392477,
  "inc monmay gmt": 0.09903430495403288,
  "trip to": 0.07065734442053548,
  "to the local": 0.0673736707694475,
  "i havent read": 0.07976807410211831,
  "i havent": 0.040868590824424025,
  "texas": 0.037560888809879955,
  "a trip": 0.07482686625933938,
  "latest wired magazine": 0.10648750044392477,
  "some cool pics": 0.10648750044392477,
  "read it": 0.05335156041586773,
  "pics too i": 0.10648750044392477,
  "take a trip": 0.08722126959201021,
  "instruments inc": 0.0630138308973167,
  "and check": 0.0682579513956515,
  "bh there": 0.10648750044392477,
  "a review": 0.06856964534052519,
  "gmt in writes": 0.07028001840105945,
  "the latest": 0.04858970406984854,
  "bookstore": 0.06795503874009563,
  "cool": 0.05006788676477976,
  "bh": 0.0714542043361669,
  "read it yet": 0.10648750044392477,
  "magazine you may": 0.10648750044392477,
  "local": 0.03289879131482557,
  "gmt in": 0.01843110769407636,
  "check it": 0.0630138308973167,
  "is texas instruments": 0.10648750044392477,
  "fill": 0.05253825488677504
}