{
  "rather info": 0.06348293295695515,
  "parametric drafting does": 0.06348293295695515,
  "the university": 0.023788301614167503,
  "interest thanks": 0.048111809413375846,
  "usenet royal institute": 0.0501531794846485,
  "royal institute": 0.044608324116144626,
  "documentationbooks on parametric": 0.06348293295695515,
  "of such material": 0.06348293295695515,
  "parametric drafting may": 0.06348293295695515,
  "lasse larserik": 0.06348293295695515,
  "drafting does anyone": 0.06348293295695515,
  "stockholm": 0.07344808040242776,
  "larserik": 0.06348293295695515,
  "drafting may gmt": 0.06348293295695515,
  "info on": 0.028966938964717397,
  "on a gopherftpsite": 0.06348293295695515,
  "and theory": 0.048111809413375846,
  "university of": 0.010121802619090403,
  "technology stockholm swedennntppostinghost": 0.0501531794846485,
  "software": 0.017288206729568913,
  "drafting": 0.08990981773575432,
  "theory of the": 0.04872277210442921,
  "autocad and": 0.0590396817995196,
  "of interest": 0.034157862581933464,
  "booksauthors im": 0.06348293295695515,
  "software rather info": 0.06348293295695515,
  "stenholm student at": 0.06348293295695515,
  "swedennntppostinghost": 0.047040949896304265,
  "of the subject": 0.0501531794846485,
  "electronic on a": 0.06348293295695515,
  "hello networld": 0.0590396817995196,
  "a gopherftpsite": 0.06348293295695515,
  "hemulnadakthse hello": 0.06348293295695515,
  "such material": 0.06348293295695515,
  "generator for autocad": 0.06348293295695515,
  "booksauthors": 0.06348293295695515,
  "material electronic": 0.06348293295695515,
  "in advace": 0.06348293295695515,
  "parametric": 0.1426621325287885,
  "advace lasse": 0.06348293295695515,
  "documentationbooks on": 0.06348293295695515,
  "advace": 0.06348293295695515,
  "referance": 0.06348293295695515,
  "swedennntppostinghost hemulnadakthse": 0.0501531794846485,
  "commercial": 0.02648651550099351,
  "planning to make": 0.05644054649113393,
  "referance everything": 0.06348293295695515,
  "electronic on": 0.06348293295695515,
  "im planning": 0.04284911356677437,
  "of technology": 0.023418989096317434,
  "need some referance": 0.06348293295695515,
  "for documentationbooks": 0.06348293295695515,
  "electronic": 0.027454722279281106,
  "networld": 0.05316602326186475,
  "gmt": 0.0010540375901709766,
  "autocad": 0.0436685582559403,
  "or booksauthors": 0.06348293295695515,
  "parametric generator for": 0.06348293295695515,
  "stenholm": 0.06348293295695515,
  "of stockholm": 0.0590396817995196,
  "stockholm swedennntppostinghost hemulnadakthse": 0.0501531794846485,
  "technology stockholm": 0.04495490886787716,
  "gopherftpsite or": 0.06348293295695515,
  "usenet": 0.013062601176924439,
  "stockholm sweden": 0.0423557735594915,
  "commercial software": 0.04495490886787716,
  "institute": 0.01935817278764045,
  "subject": 0.01965387645256033,
  "theory": 0.024479731591088662,
  "networld im": 0.0590396817995196,
  "may gmt": 0.02156251016453419,
  "larserik stenholm student": 0.06348293295695515,
  "of technology stockholm": 0.04495490886787716,
  "thanks in advace": 0.06348293295695515,
  "looking for documentationbooks": 0.06348293295695515,
  "parametric generator": 0.06348293295695515,
  "autocad and i": 0.06348293295695515,
  "is of interest": 0.054596430642084054,
  "software rather": 0.0590396817995196,
  "sweden": 0.03238017485490632,
  "for commercial software": 0.0590396817995196,
  "may gmt sender": 0.022873610831967588,
  "implementation": 0.03185168979586096,
  "sweden ": 0.0873371165118806,
  "larserik stenholm": 0.06348293295695515,
  "hemulnadakthse": 0.047554044176262834,
  "hemulnadakthse hello networld": 0.06348293295695515,
  "subject im": 0.06348293295695515,
  "student": 0.025304488280898537,
  "subject im planning": 0.06348293295695515,
  "drafting may": 0.06348293295695515,
  "a parametric": 0.06348293295695515,
  "usenet royal": 0.0501531794846485,
  "on parametric": 0.06348293295695515,
  "info on implementation": 0.06348293295695515,
  "institute of": 0.022445002208703956,
  "booksauthors im not": 0.06348293295695515,
  "networld im looking": 0.0590396817995196,
  "info": 0.019006750367102837,
  "generator": 0.037026943309230204,
  "gopherftpsite": 0.06348293295695515,
  "parametric drafting": 0.1269658659139103,
  "make a parametric": 0.06348293295695515,
  "planning to": 0.03672404020121388,
  "for autocad": 0.05644054649113393,
  "of stockholm sweden": 0.06348293295695515,
  "interest": 0.023188073376770115,
  "royal": 0.03341019012215295,
  "such material electronic": 0.06348293295695515,
  "on parametric drafting": 0.06348293295695515,
  "looking for commercial": 0.0590396817995196,
  "implementation and theory": 0.06348293295695515,
  "institute of technology": 0.025028211406014873,
  "commercial software rather": 0.06348293295695515,
  "interest thanks in": 0.06348293295695515,
  "gopherftpsite or booksauthors": 0.06348293295695515,
  "documentationbooks": 0.06348293295695515,
  "gmt sender": 0.0115258334985888,
  "technology": 0.018464547789758725,
  "sender usenet": 0.014298587465657002,
  "generator for": 0.05199729533369839,
  "gmt sender usenet": 0.02609907092308645,
  "university of stockholm": 0.0590396817995196,
  "stockholm sweden ": 0.05644054649113393,
  "sender": 0.004194574011003947,
  "lasse": 0.05644054649113393,
  "sender usenet royal": 0.0501531794846485,
  "at the university": 0.037565937650323414,
  "material electronic on": 0.06348293295695515,
  "advace lasse larserik": 0.06348293295695515,
  "material": 0.026668809958176415,
  "the subject": 0.025558560760753638,
  "for commercial": 0.04427952094699367,
  "stenholm student": 0.06348293295695515,
  "referance everything you": 0.06348293295695515,
  "some referance": 0.06348293295695515,
  "implementation and": 0.05199729533369839,
  "student at the": 0.05316602326186475,
  "in advace lasse": 0.06348293295695515,
  "royal institute of": 0.044608324116144626,
  "stockholm swedennntppostinghost": 0.047040949896304265,
  "planning": 0.029915997297788807,
  "on implementation": 0.05644054649113393,
  "student at": 0.04427952094699367,
  "drafting does": 0.06348293295695515,
  "university": 0.006257411237391132,
  "a parametric generator": 0.06348293295695515,
  "theory of": 0.032740685869796546,
  "lasse larserik stenholm": 0.06348293295695515,
  "swedennntppostinghost hemulnadakthse hello": 0.06348293295695515
}