{
  "service": 0.006508723143978495,
  "finally in total": 0.018971910998630274,
  "had a bad": 0.014058214911539206,
  "rebate if i": 0.018971910998630274,
  "credit miraculously appeared": 0.018971910998630274,
  "disgusted salessupport people": 0.018971910998630274,
  "knowing that": 0.011555817108002131,
  "were ever returned": 0.017644042836638042,
  "wouldnt giveup": 0.018971910998630274,
  "such great lengths": 0.018971910998630274,
  "receipts attempted": 0.018971910998630274,
  "vie": 0.015539421593978827,
  "right i finally": 0.018971910998630274,
  "original": 0.017695194662309868,
  "company": 0.01228942001619353,
  "this past summer": 0.018971910998630274,
  "i reasoned": 0.01686728975597106,
  "the university": 0.007109147608831668,
  "chapel hillworld siriuscsuncedu": 0.018971910998630274,
  "original receipts attempted": 0.018971910998630274,
  "returned arghhh i": 0.017644042836638042,
  "giveup because": 0.018971910998630274,
  "old chips": 0.017644042836638042,
  "miraculously": 0.014560828445001834,
  "would not budge": 0.01686728975597106,
  "the credit": 0.012805482215357858,
  "to prove": 0.00864801879591667,
  "la vie i": 0.018971910998630274,
  "we never received": 0.017644042836638042,
  "fedex etc": 0.017644042836638042,
  "stuff": 0.005630655036143215,
  "re techworks": 0.018971910998630274,
  "in recent memory": 0.014988306512653576,
  "fedex": 0.015888696606994063,
  "lengths to": 0.01686728975597106,
  "avail": 0.011402478587554743,
  "fairness": 0.013331223299077705,
  "months went": 0.017644042836638042,
  "disgusted with the": 0.015539421593978827,
  "university of north": 0.011004702026676878,
  "company asking them": 0.018971910998630274,
  "university of": 0.003024906529843109,
  "procedure that i": 0.016316174674645807,
  "budge the": 0.01686728975597106,
  "sayapr gmt the": 0.018971910998630274,
  "do to pursuade": 0.018971910998630274,
  "your old chips": 0.017644042836638042,
  "happened": 0.006384012603343713,
  "powerbook": 0.010601321242946325,
  "credit on my": 0.017644042836638042,
  "summer": 0.008692263460274236,
  "person that they": 0.017644042836638042,
  "so disgusted salessupport": 0.018971910998630274,
  "copies": 0.008665594229395676,
  "persons": 0.008529308597163414,
  "sales persons instructions": 0.017644042836638042,
  "stuff via": 0.017644042836638042,
  "weeks later the": 0.017644042836638042,
  "visa within": 0.017644042836638042,
  "miraculously appeared on": 0.018971910998630274,
  "few weeks": 0.010268281147538312,
  "loss": 0.008254073106672727,
  "chips i": 0.014211553431986594,
  "carolina at": 0.012160899386581587,
  "reasoned that": 0.015888696606994063,
  "me a rebate": 0.018971910998630274,
  "cest": 0.014762668513311844,
  "return the original": 0.018971910998630274,
  "returning the": 0.014560828445001834,
  "pursuade": 0.016316174674645807,
  "place the": 0.010700860972698643,
  "siriuscsuncedu well": 0.018971910998630274,
  "knowing": 0.008150121270352102,
  "order": 0.0053374176975491535,
  "us mail": 0.03756345811091108,
  "bad experience": 0.015244113778217796,
  "with the service": 0.015539421593978827,
  "were absolutely": 0.017644042836638042,
  "in total": 0.013544299228407638,
  "original ram": 0.018971910998630274,
  "replied you mean": 0.017644042836638042,
  "problem three": 0.018971910998630274,
  "increased": 0.009385806964252,
  "rebate if": 0.018971910998630274,
  "not uncommon": 0.014058214911539206,
  "investigate the problem": 0.018971910998630274,
  "also techworks ram": 0.018971910998630274,
  "product from": 0.014560828445001834,
  "later the credit": 0.018971910998630274,
  "sales person": 0.015539421593978827,
  "package through": 0.01686728975597106,
  "bad": 0.005216987867782005,
  "visa": 0.013331223299077705,
  "original sales persons": 0.017644042836638042,
  "techworks": 0.059050674053247376,
  "replied": 0.01062572550688776,
  "prove to them": 0.018971910998630274,
  "at chapel": 0.012393391449808154,
  "sayapr gmt": 0.018971910998630274,
  "pursuade them to": 0.018971910998630274,
  "the package": 0.010752640038575883,
  "then explained": 0.01686728975597106,
  "in all fairness": 0.015539421593978827,
  "place the order": 0.018971910998630274,
  "to pursuade": 0.016316174674645807,
  "wrote a letter": 0.014762668513311844,
  "shipments": 0.014988306512653576,
  "of the original": 0.010752640038575883,
  "not budge": 0.01686728975597106,
  "techworks this": 0.018971910998630274,
  "a ci": 0.017644042836638042,
  "occurrence": 0.013916245616225563,
  "no credit": 0.016316174674645807,
  "company asking": 0.018971910998630274,
  "my chest": 0.013544299228407638,
  "fairness they had": 0.018971910998630274,
  "a credit": 0.014058214911539206,
  "return the": 0.011160536585017783,
  "ram which": 0.017644042836638042,
  "the original ram": 0.018971910998630274,
  "return them": 0.01686728975597106,
  "sayapr": 0.018971910998630274,
  "memory in": 0.013139492535558581,
  "memory": 0.013075149451273931,
  "person": 0.010804404956550604,
  "north carolina at": 0.012160899386581587,
  "salessupport": 0.018971910998630274,
  "many calls": 0.017644042836638042,
  "shipments is not": 0.017644042836638042,
  "i sent letters": 0.018971910998630274,
  "siriuscsuncedu well although": 0.018971910998630274,
  "ci": 0.012003355137085473,
  "mail shipments is": 0.017644042836638042,
  "package": 0.00747021163635721,
  "package through the": 0.017644042836638042,
  "ram expecting to": 0.017644042836638042,
  "my credit card": 0.01686728975597106,
  "budge": 0.014988306512653576,
  "company in all": 0.018971910998630274,
  "great lengths to": 0.01686728975597106,
  "the memory": 0.010945752489001105,
  "explained": 0.009023717797691174,
  "the credit miraculously": 0.018971910998630274,
  "problem": 0.004083194032278236,
  "instructions for returning": 0.017644042836638042,
  "a rebate": 0.015888696606994063,
  "will never buy": 0.017644042836638042,
  "spoke": 0.009932641130248866,
  "mail which i": 0.01686728975597106,
  "well cest": 0.018971910998630274,
  "company in": 0.011953593668879993,
  "sales persons": 0.017644042836638042,
  "i upgraded": 0.012521152703637028,
  "total": 0.007109147608831668,
  "increased the": 0.013434800351319613,
  "pursuade them": 0.018971910998630274,
  "happened oh": 0.01686728975597106,
  "north carolina": 0.009753167022821044,
  "i finally": 0.022256678080700774,
  "disgusted with": 0.015244113778217796,
  "sales person that": 0.018971910998630274,
  "total disgust": 0.018971910998630274,
  "trace the": 0.014058214911539206,
  "letters copies": 0.018971910998630274,
  "lengths": 0.0132329602830096,
  "another product": 0.018971910998630274,
  "i spoke": 0.012805482215357858,
  "budge the people": 0.018971910998630274,
  "service that": 0.014560828445001834,
  "wrote": 0.004920221575504193,
  "in total disgust": 0.018971910998630274,
  "a powerbook": 0.01305037373166032,
  "people i spoke": 0.01686728975597106,
  "the old ram": 0.017644042836638042,
  "letters": 0.00863929117803188,
  "techworks what": 0.017644042836638042,
  "months went by": 0.017644042836638042,
  "mail made": 0.018971910998630274,
  "the original receipts": 0.018971910998630274,
  "the instructions": 0.012332570188669111,
  "investigate": 0.010752640038575883,
  "credit card company": 0.016316174674645807,
  "miraculously appeared": 0.018971910998630274,
  "persons instructions i": 0.017644042836638042,
  "rip": 0.012393391449808154,
  "more phone calls": 0.018971910998630274,
  "hillworld siriuscsuncedu": 0.018971910998630274,
  "total disgust wrote": 0.018971910998630274,
  "phone calls": 0.011857788265480259,
  "instructions": 0.018498711594065805,
  "buy": 0.005765672771422159,
  "arghhh i": 0.017644042836638042,
  "chapel hillworld": 0.017644042836638042,
  "of us mail": 0.017644042836638042,
  "the order": 0.009932641130248866,
  "upgraded increased the": 0.018971910998630274,
  "to place": 0.01091694429481616,