{
  "article": 0.009010369761296896,
  "babcock writes there": 0.056590500235914304,
  "a funny": 0.040400709698450214,
  "family": 0.044764406125720746,
  "deleted i": 0.03458965679757111,
  "sender usenet administrator": 0.03423608306203918,
  "post a": 0.02983546465234733,
  "newspaper the": 0.05031271572923939,
  "monapr": 0.014939484838649977,
  "florida international university": 0.056590500235914304,
  "e": 0.018900325870421092,
  "add in": 0.04111592765818738,
  "international university": 0.052629659204143184,
  "post a few": 0.052629659204143184,
  "post": 0.014770274244097723,
  "family values florida": 0.056590500235914304,
  "sunday newspaper": 0.056590500235914304,
  "in the ad": 0.052629659204143184,
  "emphases": 0.05031271572923939,
  "florida international": 0.056590500235914304,
  "a few choice": 0.056590500235914304,
  "not adding": 0.05031271572923939,
  "gmt": 0.0009395992232381278,
  "place": 0.015385823358930188,
  "american family": 0.056590500235914304,
  "dan": 0.02289247813513293,
  "ill post": 0.03401196470116329,
  "yk": 0.052629659204143184,
  "ad": 0.07329799590161772,
  "deleted": 0.019970335715574314,
  "usatoday ad": 0.056590500235914304,
  "association ill": 0.056590500235914304,
  "dan e": 0.052629659204143184,
  "yk ": 0.11318100047182861,
  "parts": 0.020987749106894407,
  "usenet administrator in": 0.056590500235914304,
  "article dan": 0.032915444656534114,
  "writes there": 0.029996441092157024,
  "parts for": 0.0381969240938103,
  "mine": 0.018559412519527745,
  "the ad": 0.03734880977884873,
  "ill post a": 0.03867339043060488,
  "emphases is in": 0.056590500235914304,
  "adding": 0.027310706067895683,
  "re usatoday ad": 0.056590500235914304,
  "all emphases": 0.056590500235914304,
  "family association": 0.056590500235914304,
  "family association ill": 0.056590500235914304,
  "usatoday ad family": 0.056590500235914304,
  "are mine": 0.02727679329349674,
  "in article dan": 0.03300687517851378,
  "dans article deleted": 0.056590500235914304,
  "international university miami": 0.056590500235914304,
  "a funny ad": 0.056590500235914304,
  "the typos": 0.04635187469746828,
  "values florida international": 0.056590500235914304,
  "funny": 0.02579580463696287,
  "article deleted": 0.047393712164862295,
  "in our local": 0.041510172638112824,
  "usatoday from": 0.056590500235914304,
  "ad in usatoday": 0.056590500235914304,
  "local sunday newspaper": 0.056590500235914304,
  "university": 0.0055780351601886664,
  "typos": 0.040400709698450214,
  "university miami monapr": 0.056590500235914304,
  "mine dans": 0.056590500235914304,
  "im not adding": 0.056590500235914304,
  "monapr gmt": 0.015618388559059285,
  "in article": 0.004900103437012962,
  "american": 0.01831468278382623,
  "babcock writes": 0.052629659204143184,
  "international": 0.021335581764534556,
  "gmt sender": 0.010274457290170586,
  "miami monapr": 0.056590500235914304,
  "ad family": 0.056590500235914304,
  "our local": 0.0350979281462368,
  "the perfect place": 0.056590500235914304,
  "your enjoyment": 0.05031271572923939,
  "choice": 0.021159019241384646,
  "cartoon": 0.04343287113309118,
  "newspaper the add": 0.056590500235914304,
  "e babcock writes": 0.052629659204143184,
  "ad family values": 0.056590500235914304,
  "dans article": 0.056590500235914304,
  "for it yk": 0.056590500235914304,
  "administrator in article": 0.052629659204143184,
  "e babcock": 0.052629659204143184,
  "perfect place for": 0.052629659204143184,
  "sunday newspaper the": 0.056590500235914304,
  "administrator": 0.02210203490720141,
  "add was placed": 0.056590500235914304,
  "usenet": 0.01164437590628693,
  "from american": 0.04635187469746828,
  "usenet administrator": 0.034122925191775295,
  "deleted i found": 0.056590500235914304,
  "mine dans article": 0.056590500235914304,
  "newspaper": 0.02811274811186667,
  "it yk": 0.056590500235914304,
  "place for it": 0.052629659204143184,
  "in the cartoon": 0.056590500235914304,
  "values florida": 0.056590500235914304,
  "article deleted i": 0.056590500235914304,
  "ad im": 0.056590500235914304,
  "emphases is": 0.056590500235914304,
  "same add": 0.056590500235914304,
  "enjoyment all": 0.056590500235914304,
  "for your enjoyment": 0.05031271572923939,
  "funny ad": 0.056590500235914304,
  "ad im not": 0.056590500235914304,
  "typos are": 0.05031271572923939,
  "miami": 0.03523238813143791,
  "miami monapr gmt": 0.056590500235914304,
  "add was": 0.04866881817237207,
  "perfect": 0.023248724595556557,
  "usatoday from american": 0.056590500235914304,
  "local": 0.017483357670164446,
  "re usatoday": 0.056590500235914304,
  "add": 0.03917605513806757,
  "babcock": 0.052629659204143184,
  "enjoyment": 0.03867339043060488,
  "typos are mine": 0.05031271572923939,
  "all the typos": 0.056590500235914304,
  "values": 0.0227990544894099,
  "add in our": 0.056590500235914304,
  "place for": 0.033487350134002586,
  "few choice": 0.056590500235914304,
  "dans": 0.04343287113309118,
  "cartoon section": 0.056590500235914304,
  "local sunday": 0.056590500235914304,
  "in usatoday": 0.056590500235914304,
  "adding anything all": 0.056590500235914304,
  "the cartoon": 0.056590500235914304,
  "university miami": 0.056590500235914304,
  "gmt sender usenet": 0.02326545750857992,
  "dan e babcock": 0.052629659204143184,
  "perfect place": 0.04866881817237207,
  "are mine dans": 0.056590500235914304,
  "sender": 0.0037391631183806614,
  "administrator in": 0.052629659204143184,
  "association ill post": 0.056590500235914304,
  "section the perfect": 0.056590500235914304,
  "ill": 0.0157879114181934,
  "sunday": 0.02620124312823307,
  "few choice parts": 0.056590500235914304,
  "american family association": 0.056590500235914304,
  "the add": 0.052629659204143184,
  "the perfect": 0.0381969240938103,
  "sender usenet": 0.0127461693979571,
  "enjoyment all emphases": 0.056590500235914304,
  "ad in": 0.03947203010132007,
  "the same add": 0.056590500235914304,
  "adding anything": 0.056590500235914304,
  "writes there was": 0.04470797714060095,
  "writes": 0.0036572873402440824,
  "florida": 0.02603560006038591,
  "article dan e": 0.052629659204143184,
  "choice parts for": 0.056590500235914304,
  "from american family": 0.056590500235914304,
  "family values": 0.04193364676470552,
  "was a funny": 0.052629659204143184,
  "our local sunday": 0.056590500235914304,
  "funny ad in": 0.056590500235914304,
  "usatoday": 0.11318100047182861,
  "parts for your": 0.056590500235914304,
  "choice parts": 0.056590500235914304,
  "cartoon section the": 0.056590500235914304,
  "association": 0.026429845040311345,
  "monapr gmt sender": 0.03140924739440428
}