{
  "article": 0.002877399102603936,
  "antibigot basically": 0.03614356766892337,
  "long as": 0.014702214636616688,
  "monapr": 0.009541641776510021,
  "ofapr gmt sender": 0.021866111444733053,
  "scouts inreplyto": 0.03614356766892337,
  "absolutely": 0.014531967597230612,
  "straight": 0.014795667012183007,
  "of gay": 0.027074565297434315,
  "socmotss et": 0.028124499868426214,
  "elses": 0.01805660760468519,
  "an antibigot basically": 0.03614356766892337,
  "arrow year": 0.03614356766892337,
  "care what": 0.02470015812173669,
  "boss is": 0.025594765632805976,
  "my summer": 0.03614356766892337,
  "male that is": 0.03614356766892337,
  "mathemagician": 0.03361383343330313,
  "year": 0.009392656395049236,
  "i dont care": 0.021653451196105403,
  "what do gay": 0.03614356766892337,
  "tolerance or something": 0.03361383343330313,
  "boss": 0.021387906107483402,
  "a pansy": 0.03614356766892337,
  "position if anything": 0.03614356766892337,
  "guys he doesnt": 0.03614356766892337,
  "i work": 0.02201509682619384,
  "do that straight": 0.03614356766892337,
  "male that": 0.03614356766892337,
  "i thought": 0.013035896683909897,
  "mathemagician writes just": 0.03614356766892337,
  "straightas": 0.03614356766892337,
  "violates": 0.023854166829556673,
  "camp": 0.020797974167496482,
  "funds for boy": 0.028124499868426214,
  "sender news manager": 0.021452503104196545,
  "his position": 0.02470015812173669,
  "matching funds for": 0.028124499868426214,
  "dont": 0.017789752973094382,
  "elses civil": 0.03614356766892337,
  "gmt sender news": 0.018435428019581698,
  "antibigot": 0.03361383343330313,
  "it violates": 0.03108409919768289,
  "axes": 0.02296503514102474,
  "arrow": 0.023854166829556673,
  "met this guy": 0.03361383343330313,
  "involved": 0.013016466460359715,
  "in article mathemagician": 0.03361383343330313,
  "so the bsa": 0.03361383343330313,
  "your own business": 0.03361383343330313,
  "message": 0.009941713765623974,
  "position": 0.012555868921037711,
  "al": 0.013711709064292355,
  "passes at": 0.03614356766892337,
  "the same respect": 0.03361383343330313,
  "in the bsa": 0.03361383343330313,
  "straight people": 0.0321340337686748,
  "passes at me": 0.03614356766892337,
  "funds": 0.017930310052942575,
  "violates someone": 0.03614356766892337,
  "thought all gays": 0.03361383343330313,
  "scouts inreplyto message": 0.03614356766892337,
  "way of gay": 0.03614356766892337,
  "push anything on": 0.03614356766892337,
  "in article": 0.003129628107581271,
  "gay not": 0.0321340337686748,
  "make passes": 0.03614356766892337,
  "very straightas": 0.03614356766892337,
  "push anything": 0.03614356766892337,
  "princeton": 0.0198446329293081,
  "manager ulowell": 0.023982237339816782,
  "re socmotss": 0.028124499868426214,
  "monapr gmt": 0.00997524816728239,
  "doesnt": 0.008041953043386922,
  "guy i thought": 0.03361383343330313,
  "matching funds": 0.028124499868426214,
  "pansy way": 0.03614356766892337,
  "axes matching": 0.028124499868426214,
  "that straight": 0.0321340337686748,
  "people dont absolutely": 0.03614356766892337,
  "know tolerance": 0.03361383343330313,
  "is gay": 0.02678243862709294,
  "gay people": 0.05356487725418588,
  "dont make passes": 0.03614356766892337,
  "they dont": 0.0139540304605453,
  "princeton axes": 0.028124499868426214,
  "boy scouts": 0.028124499868426214,
  "an antibigot": 0.03361383343330313,
  "someone elses civil": 0.03614356766892337,
  "i dont": 0.01332540129597141,
  "scouts": 0.026024630726442413,
  "as long": 0.01512567798323986,
  "taught me": 0.0571087299241253,
  "dont care what": 0.02855436496206265,
  "bsa i dont": 0.03614356766892337,
  "ulowell monapr": 0.03614356766892337,
  "message ofapr": 0.016716523949440124,
  "summer": 0.01655971359950055,
  "dont care": 0.017808237300871263,
  "male": 0.017508730172935846,
  "summer camp where": 0.03614356766892337,
  "involved in the": 0.019929511988301774,
  "tolerance or": 0.03108409919768289,
  "is involved": 0.02296503514102474,
  "sender news": 0.011178069386847867,
  "inreplyto message ofapr": 0.017530916472484687,
  "respect back": 0.03614356766892337,
  "gmt": 0.0012002179858881194,
  "mathemagician writes": 0.03361383343330313,
  "passes": 0.01682493692175369,
  "gmt sender": 0.006562153378758586,
  "care what gay": 0.03614356766892337,
  "news manager ulowell": 0.023982237339816782,
  "he doesnt": 0.018295578149865873,
  "where i work": 0.029604299533054556,
  "doesnt push anything": 0.03614356766892337,
  "pansy way of": 0.03614356766892337,
  "faries": 0.03361383343330313,
  "pansy": 0.03614356766892337,
  "inreplyto message": 0.014397492146916865,
  "boy": 0.016770327897386125,
  "matching": 0.021722970155852468,
  "for boy": 0.028124499868426214,
  "bsa": 0.08712511743317179,
  "taught": 0.035242070993074276,
  "old male": 0.030269706674638325,
  "news manager": 0.018858171871863165,
  "were faries": 0.03361383343330313,
  "guys": 0.014090163166432924,
  "civil rights": 0.019410109717570914,
  "for boy scouts": 0.02855436496206265,
  "has taught": 0.05624899973685243,
  "monapr gmt in": 0.014213592539570831,
  "long as they": 0.023273638746966575,
  "me i dont": 0.023854166829556673,
  "basically it comes": 0.03614356766892337,
  "gay people do": 0.07228713533784674,
  "dont make": 0.020797974167496482,
  "be an antibigot": 0.03361383343330313,
  "business no": 0.029604299533054556,
  "met": 0.016936669169270502,
  "absolutely nothing im": 0.03614356766892337,
  "straightas an": 0.03614356766892337,
  "respect back due": 0.03614356766892337,
  "funds for": 0.0242527043914727,
  "the bsa": 0.09080912002391499,
  "article mathemagician writes": 0.03361383343330313,
  "straight people dont": 0.03614356766892337,
  "article mathemagician": 0.03361383343330313,
  "guy i": 0.025032171910808684,
  "dont know": 0.010249172131379094,
  "sender": 0.002388151626702977,
  "people dont": 0.020435300905404498,
  "gmt in": 0.006255813925361684,
  "anything the bsa": 0.03361383343330313,
  "al princeton axes": 0.028124499868426214,
  "straightas an arrow": 0.03614356766892337,
  "message ofapr gmt": 0.018241104973892603,
  "thought all": 0.03108409919768289,
  "tolerance": 0.020743904511346337,
  "as they dont": 0.029604299533054556,
  "my summer camp": 0.03614356766892337,
  "summer camp": 0.03614356766892337,
  "in a pansy": 0.03614356766892337,
  "guys he": 0.03614356766892337,
  "manager": 0.013573681205647881,
  "i met": 0.02539744000773198,
  "socmotss": 0.025803372982586812,
  "gays were": 0.029604299533054556,
  "taught me i": 0.03361383343330313,
  "gmt in article": 0.006642368366783314,
  "this guy": 0.018826297127451652,
  "inreplyto": 0.013134630433806648,
  "boss is gay": 0.03614356766892337,
  "civil": 0.01467158814889315,
  "the guys": 0.02114037838361931,
  "dont absolutely": 0.03614356766892337,
  "taught me to": 0.0321340337686748,
  "arrow year old": 0.03614356766892337,
  "basically": 0.01437867955352758,
  "rights": 0.012271195409106204,
  "own business": 0.027074565297434315,
  "year old": 0.019336377209112816,
  "camp where i": 0.03614356766892337,
  "work my boss": 0.03614356766892337,
  "business": 0.013029408442136176,
  "gays were faries": 0.03361383343330313,
  "doesnt push": 0.03614356766892337,
  "ofapr": 0.016716523949440124,
  "guy": 0.012477015714050186,
  "met this": 0.030269706674638325,
  "that is involved": 0.03614356766892337,
  "rights ": 0.0642680675373496,
  "work my": 0.027074565297434315,
  "bsa has": 0.06722766686660626,
  "civil rights ": 0.03614356766892337,
  "camp where": 0.03614356766892337,
  "axes matching funds": 0.028124499868426214,
  "ulowell": 0.023854166829556673,
  "bsa has taught": 0.06722766686660626,
  "violates someone elses": 0.03614356766892337,
  "dont absolutely nothing": 0.03614356766892337,
  "antibigot basically it": 0.03614356766892337,
  "writes": 0.0023358587027106368,
  "he doesnt push": 0.03614356766892337,
  "to his position": 0.0321340337686748,