{
  "michigan engineering": 0.013651893963780935,
  "ray ingles": 0.01594674828102142,
  "god that": 0.012047128743836424,
  "object is": 0.01416858556558875,
  "university of michigan": 0.011361184442260006,
  "a euclidean": 0.09923183909103209,
  "language": 0.024495342226501772,
  "description is inconsistent": 0.019846367818206416,
  "cannot exist": 0.02941237749027441,
  "object that could": 0.019846367818206416,
  "is a euclidean": 0.019846367818206416,
  "the rest": 0.006835867146822708,
  "describes an object": 0.019846367818206416,
  "the earth": 0.008687360796641093,
  "euclidean circlesquare": 0.019846367818206416,
  "if i correct": 0.017644739985204196,
  "great authority if": 0.01845729531207426,
  "description an object": 0.019846367818206416,
  "meek can": 0.017644739985204196,
  "authority if it": 0.01845729531207426,
  "atheists": 0.008695024316557734,
  "objectivist remember": 0.017644739985204196,
  "arborworld agarenginumichedu": 0.01845729531207426,
  "of god": 0.007770484103125627,
  "god": 0.010827339574161826,
  "kidding sincerely": 0.019846367818206416,
  "is roughly analogous": 0.019846367818206416,
  "suppose someone": 0.016621041340382565,
  "people who claim": 0.01594674828102142,
  "measn that the": 0.019846367818206416,
  "writes benedikt rosenau": 0.01845729531207426,
  "a euclidean square": 0.03969273563641283,
  "exist contradictory": 0.017644739985204196,
  "remember no kidding": 0.019846367818206416,
  "re benediktine": 0.019846367818206416,
  "authority if": 0.016621041340382565,
  "by contradictory language": 0.03528947997040839,
  "object that": 0.0283371711311775,
  "is contradictory": 0.01706822280594211,
  "bicycle does": 0.01845729531207426,
  "metaphysicsapr gmt university": 0.019846367818206416,
  "object is at": 0.019846367818206416,
  "arborworld": 0.013945688501239601,
  "exist the": 0.014054039646069813,
  "arborworld agarenginumichedu in": 0.01845729531207426,
  "in article": 0.0017184731492530425,
  "god exists": 0.011928043732872897,
  "language if": 0.01706822280594211,
  "bicycle and": 0.03691459062414852,
  "circlesquare": 0.019846367818206416,
  "no kidding sincerely": 0.019846367818206416,
  "gather": 0.011511932781413487,
  "university of": 0.0031643310793148353,
  "simply bad": 0.019846367818206416,
  "of language": 0.014290077793677797,
  "atheist": 0.009083566158631942,
  "authority": 0.008422633202193018,
  "now suppose": 0.015679150299809954,
  "exist then": 0.014557675774889266,
  "description how": 0.019846367818206416,
  "this bicycle exists": 0.019846367818206416,
  "exist now": 0.03413644561188422,
  "suppose someone pointed": 0.019846367818206416,
  "defined by": 0.012088449960675575,
  "by contradictory": 0.03528947997040839,
  "description from": 0.01845729531207426,
  "earth the rest": 0.017644739985204196,
  "hence describe": 0.019846367818206416,
  "your position": 0.01356281227526223,
  "pointed to": 0.01416858556558875,
  "wingate writes": 0.013842896328118259,
  "describes": 0.009739303455642797,
  "wingate": 0.012308892636455791,
  "could exist": 0.01504096646991309,
  "square and a": 0.03969273563641283,
  "stars": 0.010061193624646558,
  "description an": 0.01845729531207426,
  "gather is": 0.019846367818206416,
  "descriptions of god": 0.019846367818206416,
  "about this description": 0.019846367818206416,
  "university": 0.0019562247555771875,
  "in article charley": 0.014290077793677797,
  "rest of": 0.007309794588239751,
  "writes benedikt": 0.01845729531207426,
  "both a euclidean": 0.03969273563641283,
  "inconsistent": 0.012130641161472834,
  "hold that no": 0.019846367818206416,
  "false failures in": 0.017644739985204196,
  "exist it": 0.013745120448019196,
  "this description": 0.02941237749027441,
  "have the earth": 0.017644739985204196,
  "weve": 0.009055796550092012,
  "stars robert a": 0.017644739985204196,
  "object to definitions": 0.017644739985204196,
  "definitions": 0.010444869056224167,
  "description could": 0.019846367818206416,
  "circlesquare can they": 0.019846367818206416,
  "sincerely ray ingles": 0.016621041340382565,
  "benediktine metaphysicsapr": 0.019846367818206416,
  "bicycle": 0.0532684649560202,
  "hold that": 0.01303034100124819,
  "with great authority": 0.017644739985204196,
  "engineering": 0.006214314184289964,
  "object": 0.04168671696869259,
  "circle": 0.02156933452599584,
  "that the description": 0.01845729531207426,
  "simply bad descriptions": 0.019846367818206416,
  "article": 0.0015799746575420408,
  "not exist": 0.0422333350946322,
  "gmt university": 0.007794834439363127,
  "is plainly": 0.016621041340382565,
  "described by contradictory": 0.017644739985204196,
  "description was": 0.01706822280594211,
  "euclidean circle": 0.03969273563641283,
  "circle this does": 0.019846367818206416,
  "to things defined": 0.017644739985204196,
  "have been presented": 0.03528947997040839,
  "presented": 0.018299797441217173,
  "kidding": 0.011815639992089242,
  "heinlein": 0.014054039646069813,
  "things defined": 0.017644739985204196,
  "are simply bad": 0.019846367818206416,
  "correct": 0.006498521826543721,
  "the descriptions": 0.03413644561188422,
  "great": 0.005010574048486797,
  "exists at all": 0.01706822280594211,
  "contradictory and": 0.01706822280594211,
  "plainly false": 0.017644739985204196,
  "rosenau writes": 0.01339571486255872,
  "satisfying this": 0.019846367818206416,
  "property of language": 0.017644739985204196,
  "incorrectly applied the": 0.019846367818206416,
  "defined": 0.008725974862504574,
  "is inconsistent": 0.016621041340382565,
  "exist it measn": 0.019846367818206416,
  "god exists but": 0.01706822280594211,
  "no object": 0.016621041340382565,
  "and a euclidean": 0.03969273563641283,
  "stars robert": 0.017644739985204196,
  "i hold": 0.01309827998256218,
  "object to": 0.010966975435754887,
  "i will object": 0.017644739985204196,
  "euclidean circlesquare can": 0.019846367818206416,
  "of michigan engineering": 0.013651893963780935,
  "to a bicycle": 0.019846367818206416,
  "to definitions": 0.017644739985204196,
  "doubting rather": 0.019846367818206416,
  "contradictory it": 0.016621041340382565,
  "things": 0.00888831454930042,
  "description was incorrectly": 0.019846367818206416,
  "reality": 0.00796876055173265,
  "applied": 0.008511714890711723,
  "plainly": 0.013477522466807728,
  "square": 0.020214529606907138,
  "things described by": 0.017644739985204196,
  "writes with": 0.012901005287545642,
  "inconsistent and hence": 0.019846367818206416,
  "this to things": 0.017644739985204196,
  "a property": 0.015443112152201968,
  "contradictory it cannot": 0.017644739985204196,
  "description": 0.061301876488782325,
  "circle i hold": 0.019846367818206416,
  "is that god": 0.013945688501239601,
  "object that is": 0.017644739985204196,
  "are contradictory": 0.016621041340382565,
  "are merely failures": 0.017644739985204196,
  "michigan": 0.00885479079718306,
  "presented with are": 0.03969273563641283,
  "rosenau writes with": 0.01845729531207426,
  "weve come to": 0.01625566747907204,
  "amend it to": 0.017644739985204196,
  "exist contradictory is": 0.017644739985204196,
  "rosenau": 0.01331711623900505,
  "and hence describes": 0.019846367818206416,
  "no object satisfying": 0.019846367818206416,
  "robert a": 0.014706188745137206,
  "but the descriptions": 0.019846367818206416,
  "you then amend": 0.017644739985204196,
  "the descriptions atheists": 0.019846367818206416,
  "language do": 0.03528947997040839,
  "an objectivist": 0.01625566747907204,
  "cannot exist contradictory": 0.017644739985204196,
  "ray ingles the": 0.016621041340382565,
  "to the stars": 0.015679150299809954,
  "blamed": 0.012453823821986103,
  "and hence describe": 0.019846367818206416,
  "objectivist": 0.015231968834250414,
  "hold": 0.006997032612374961,
  "reality if you": 0.017644739985204196,
  "time both": 0.03251133495814408,
  "descriptions of it": 0.019846367818206416,