{
  "nubus is": 0.015572264955439705,
  "exist nubus expansion": 0.017230382099054586,
  "bus i": 0.014874270935990131,
  "family": 0.007665138035226155,
  "card cage": 0.01623072334413092,
  "hughes": 0.010510250583428075,
  "in article": 0.0033562352308307954,
  "problem is": 0.007157007389047828,
  "iivx": 0.013422338754523639,
  "expensive because no": 0.017230382099054586,
  "macs can only": 0.015873929690913793,
  "expansion cages im": 0.017230382099054586,
  "jockey": 0.013161024874632204,
  "no problem": 0.009273095043760251,
  "friend has": 0.012367551081856934,
  "a lc iii": 0.01531095107554827,
  "re pds": 0.01623072334413092,
  "isnt a special": 0.017230382099054586,
  "rd worcester": 0.017230382099054586,
  "i reada": 0.01802385589182986,
  "iii nubus": 0.015080455898138518,
  "a demon": 0.014874270935990131,
  "card cage at": 0.01623072334413092,
  "to use nubus": 0.015873929690913793,
  "bus i got": 0.01802385589182986,
  "special apple": 0.017230382099054586,
  "difference": 0.012477315674952335,
  "these extra": 0.01623072334413092,
  "and ends": 0.014517477282772999,
  "hope": 0.005649173889218755,
  "jockey wrote": 0.016667403483689065,
  "plugs": 0.011468270593836502,
  "lc family": 0.015873929690913793,
  "that i reada": 0.01802385589182986,
  "adapter for": 0.013081138388291197,
  "wrote": 0.0050261363256618174,
  "pds vs": 0.015873929690913793,
  "sneaky": 0.01531095107554827,
  "ends in a": 0.01623072334413092,
  "slot the lc": 0.01623072334413092,
  "chase macintosh": 0.017230382099054586,
  "locate one and": 0.01623072334413092,
  "vs nubus": 0.015873929690913793,
  "v hughes": 0.014874270935990131,
  "nubus was re": 0.015873929690913793,
  "a special": 0.009695846674964452,
  "than the difference": 0.016667403483689065,
  "some technicallyhip macslinger": 0.01623072334413092,
  "is the fundamental": 0.01531095107554827,
  "ive seen them": 0.013954498667407477,
  "writes bill": 0.014687753950071688,
  "worcester": 0.023691545751761033,
  "these extra boxes": 0.017230382099054586,
  "marvins friend": 0.01623072334413092,
  "expansion": 0.018062898280197526,
  "weeks ago": 0.009995199600172724,
  "reason for": 0.00863067729539032,
  "for his pds": 0.01531095107554827,
  "helps bret": 0.017230382099054586,
  "feeling": 0.008590819559921761,
  "you snailnet wpi": 0.017230382099054586,
  "price between": 0.016667403483689065,
  "i reada couple": 0.01802385589182986,
  "pds cards they": 0.015873929690913793,
  "worth the bother": 0.017230382099054586,
  "worth": 0.006819907251171803,
  "so expensive nubus": 0.017230382099054586,
  "a special apple": 0.017230382099054586,
  "pds and": 0.030160911796277036,
  "worth the": 0.010348761300281298,
  "bill higgins beam": 0.013331301541930893,
  "at least marvins": 0.01623072334413092,
  "family of macs": 0.015873929690913793,
  "demon": 0.012598046259266684,
  "reason for this": 0.013004385524977534,
  "v hughes writes": 0.015080455898138518,
  "expensive": 0.015981427048660044,
  "into pds": 0.01623072334413092,
  "couple of weeks": 0.011400782969431082,
  "helps": 0.008332467012997584,
  "institutebigwpiwpiedu": 0.01531095107554827,
  "iivx so": 0.017230382099054586,
  "snailnet wpi box": 0.017230382099054586,
  "some technicallyhip": 0.01623072334413092,
  "advertised": 0.011845772875880517,
  "nubus": 0.11724685980150404,
  "marvin": 0.013081138388291197,
  "not worth": 0.012261744386611775,
  "you snailnet": 0.017230382099054586,
  "kill": 0.007108315282635428,
  "pds vs nubus": 0.015873929690913793,
  "apple proprietry": 0.017230382099054586,
  "cage": 0.010468611838912841,
  "problem is that": 0.008798758845058482,
  "bill": 0.005903729743159476,
  "an expansion": 0.013422338754523639,
  "from texas": 0.014687753950071688,
  "worcester ma": 0.015572264955439705,
  "macs": 0.01004433056129029,
  "special apple proprietry": 0.017230382099054586,
  "advertised occassionally but": 0.017230382099054586,
  "licensed from texas": 0.017230382099054586,
  "price": 0.00610127181267529,
  "wpi box": 0.017230382099054586,
  "reada couple": 0.01802385589182986,
  "fundamental reason for": 0.01623072334413092,
  "of weeks ago": 0.012859360139158118,
  "pds and ends": 0.01623072334413092,
  "writes": 0.0037574869934014544,
  "pds": 0.059228864379402585,
  "hope this": 0.009341367566266006,
  "apple proprietry thing": 0.017230382099054586,
  "nubus capableapr gmt": 0.01802385589182986,
  "institute rd": 0.017230382099054586,
  "nubus card cage": 0.01623072334413092,
  "problem building": 0.01623072334413092,
  "bother of": 0.017230382099054586,
  "bret": 0.014215812547298912,
  "kill you snailnet": 0.017230382099054586,
  "recently purchased": 0.012422679999599978,
  "writes my": 0.010146455322876531,
  "other stuff deleted": 0.015873929690913793,
  "there do exist": 0.017230382099054586,
  "building an": 0.014517477282772999,
  "was re lc": 0.015873929690913793,
  "purchased a": 0.012113043981566917,
  "hughes writes": 0.012598046259266684,
  "in article brian": 0.010077783464146063,
  "friend recently": 0.014874270935990131,
  "ago": 0.00560749819537734,
  "re lc": 0.014517477282772999,
  "my friend": 0.010387901548239556,
  "wi": 0.011272412553607574,
  "this sneaky": 0.017230382099054586,
  "use pds cards": 0.015873929690913793,
  "worcester polytechnic": 0.012161366119708545,
  "uses the ieee": 0.01802385589182986,
  "between pds": 0.01623072334413092,
  "from a technote": 0.01802385589182986,
  "marvins friend has": 0.01623072334413092,
  "macintosh bellnet": 0.017230382099054586,
  "them advertised": 0.015873929690913793,
  "bellnet smile": 0.017230382099054586,
  "ago other stuff": 0.01938030829997065,
  "nubus expansion": 0.017230382099054586,
  "and nubus": 0.015873929690913793,
  "isnt a": 0.009654646265575346,
  "this helps": 0.01001143991879248,
  "nubus ah but": 0.01623072334413092,
  "that the main": 0.014687753950071688,
  "family of": 0.012313932737066102,
  "boxes are so": 0.017230382099054586,
  "difference is": 0.010489320467739724,
  "worcester polytechnic institutebigwpiwpiedu": 0.01531095107554827,
  "problem": 0.008342181154008763,
  "in price": 0.012161366119708545,
  "beam jockey wrote": 0.016667403483689065,
  "to locate": 0.0119748491337901,
  "iii and he": 0.015080455898138518,
  "nubus capableapr": 0.017230382099054586,
  "writes bill higgins": 0.017230382099054586,
  "of nubus": 0.016667403483689065,
  "higgins": 0.012313932737066102,
  "exist": 0.007007382194437806,
  "smile it wont": 0.017230382099054586,
  "ma ": 0.022483187702251783,
  "that plugs": 0.013835859485770619,
  "boxes are": 0.015873929690913793,
  "the lc family": 0.015873929690913793,
  "chase": 0.011434235872286857,
  "sneaky feeling that": 0.017230382099054586,
  "writes marvin": 0.01623072334413092,
  "technicallyhip": 0.01623072334413092,
  "fundamental": 0.00941210829839186,
  "backplane bus": 0.01802385589182986,
  "slots its": 0.017230382099054586,
  "that these extra": 0.017230382099054586,
  "lc": 0.041874447355651365,
  "macintosh": 0.008963459025727191,
  "of macs": 0.014360837933118327,
  "special": 0.006772597602381221,
  "make a gadget": 0.01623072334413092,
  "plugs into": 0.013004385524977534,
  "his pds": 0.01531095107554827,
  "texas instruments": 0.011241593851125891,
  "technicallyhip macslinger tell": 0.01623072334413092,
  "sellers": 0.014080797143214857,
  "technote": 0.017230382099054586,
  "nubus technology isnt": 0.017230382099054586,
  "ends": 0.009239831684917647,
  "buys them because": 0.017230382099054586,
  "sneaky feeling": 0.017230382099054586,
  "pds slot": 0.012660176784344142,
  "article brian v": 0.01623072334413092,
  "sellers writes": 0.01802385589182986,
  "friend": 0.013958950333223334,
  "jockey wrote in": 0.017230382099054586,
  "nubus ah": 0.01623072334413092,
  "theirbit": 0.01802385589182986,
  "the lc": 0.012261744386611775,
  "building an expansion": 0.017230382099054586,
  "mr wi": 0.01802385589182986,
  "for theirbit": 0.01802385589182986,