{
  "sender": 0.004333467190176263,
  "a single": 0.024042784998270433,
  "power feed secondly": 0.06099463815049707,
  "the pds slot": 0.04859859724386401,
  "and the hard": 0.05371906007984734,
  "power limitations what": 0.06099463815049707,
  "satapr": 0.021517781596700557,
  "feed": 0.03258099946739514,
  "iisi power limitations": 0.06099463815049707,
  "single": 0.02159503801270031,
  "usa usa": 0.04453830272143746,
  "pds slot": 0.04284337971390634,
  "iisi": 0.07264234348991265,
  "university ca": 0.038927058612912936,
  "slot": 0.03416162525113744,
  "iisi and": 0.04574573024987425,
  "questions thanks felix": 0.06558501682970201,
  "limit": 0.059258171024245854,
  "readers i own": 0.06558501682970201,
  "limitations": 0.0765060020694028,
  "they sender": 0.05103386068840254,
  "stanford": 0.030048751829557293,
  "answers to these": 0.0518138807920872,
  "combined please": 0.06558501682970201,
  "satapr gmt readers": 0.06099463815049707,
  "usa satapr gmt": 0.041323019173214286,
  "a separate limit": 0.06099463815049707,
  "dsg stanford": 0.038927058612912936,
  "the power limitations": 0.06099463815049707,
  "mr news": 0.03399107891933337,
  "drive etc": 0.0518138807920872,
  "power limitations are": 0.06099463815049707,
  "gmt readers": 0.06099463815049707,
  "a single limit": 0.06099463815049707,
  "the pds": 0.04608542094118253,
  "separate limit for": 0.06099463815049707,
  "hard": 0.03593927643098272,
  "drive": 0.03780241986793598,
  "upgrades cards": 0.06099463815049707,
  "both combined": 0.06099463815049707,
  "am considering upgrades": 0.06099463815049707,
  "are they sender": 0.05103386068840254,
  "mac iisi power": 0.06099463815049707,
  "iisi power": 0.06099463815049707,
  "mr news dsg": 0.0396775797076613,
  "limit for both": 0.06099463815049707,
  "felix": 0.0385814575985383,
  "usa": 0.030729669099094588,
  "drop": 0.02843619699404002,
  "questions": 0.019831673920329685,
  "considering upgrades": 0.06099463815049707,
  "these questions": 0.03708127449060154,
  "the hard": 0.03476408735846013,
  "ca usa usa": 0.0491286814006424,
  "cards": 0.026194056636452696,
  "drop me a": 0.04203966542910986,
  "considering upgrades cards": 0.06099463815049707,
  "readers i": 0.0518138807920872,
  "drive power": 0.05269819465052775,
  "news dsg": 0.0396775797076613,
  "ca": 0.020891244992008767,
  "news dsg stanford": 0.0396775797076613,
  "usa satapr": 0.041323019173214286,
  "the answers": 0.038927058612912936,
  "to these questions": 0.05269819465052775,
  "single limit": 0.06099463815049707,
  "satapr gmt": 0.02233417161297429,
  "limitations what": 0.06099463815049707,
  "for both combined": 0.06099463815049707,
  "sender mr news": 0.034047441102564545,
  "dsg stanford university": 0.038927058612912936,
  "readers": 0.029956557534732076,
  "sender mr": 0.031157884172312432,
  "thanks felix": 0.06099463815049707,
  "answers": 0.027900517132191674,
  "hard drive": 0.05973125821102836,
  "upgrades": 0.03929169289889325,
  "a separate": 0.03600946637503589,
  "upgrades cards hard": 0.06099463815049707,
  "power": 0.05365582141910793,
  "gmt": 0.0010889394971302807,
  "know the answers": 0.05830943875905228,
  "drive power feed": 0.06099463815049707,
  "own a mac": 0.06099463815049707,
  "felix lin": 0.05830943875905228,
  "is a separate": 0.04810781597132281,
  "gmt readers i": 0.06099463815049707,
  "stanford university": 0.032811772522561816,
  "dsg": 0.0385814575985383,
  "limit for each": 0.06099463815049707,
  "for the pds": 0.06099463815049707,
  "slot and": 0.0518138807920872,
  "feed secondly": 0.06099463815049707,
  "limit for": 0.1053963893010555,
  "felix lin ": 0.06099463815049707,
  "separate limit": 0.06099463815049707,
  "limitations are": 0.05830943875905228,
  "mac iisi and": 0.05492648760828412,
  "thanks felix lin": 0.06558501682970201,
  "drop me": 0.04067640679199629,
  "the power": 0.0273019471886932,
  "hard drive power": 0.056404259471292136,
  "lin": 0.04574573024987425,
  "combined": 0.03366262235549646,
  "limitations are for": 0.06099463815049707,
  "iisi and am": 0.06099463815049707,
  "feed secondly can": 0.06099463815049707,
  "single limit for": 0.06099463815049707,
  "mac iisi": 0.08853591677373247,
  "limitations what are": 0.06099463815049707,
  "hard drive etc": 0.05830943875905228,
  "a mac iisi": 0.050336108929079186,
  "combined please drop": 0.06558501682970201,
  "is a single": 0.04765090953763439,
  "pds": 0.04008735059321156,
  "separate": 0.028174591411415872,
  "mac": 0.045280825240394056,
  "lin ": 0.1036277615841744,
  "please drop": 0.04970491568534194,
  "slot and the": 0.05830943875905228,
  "answers to": 0.03585894815597923,
  "pds slot and": 0.06099463815049707,
  "news": 0.010166281476878964,
  "usa usa satapr": 0.056404259471292136,
  "the hard drive": 0.04223163587197908,
  "power limitations": 0.12198927630099414,
  "university ca usa": 0.039046386463924054,
  "what the power": 0.06099463815049707,
  "power feed": 0.05830943875905228,
  "questions thanks": 0.0518138807920872,
  "stanford university ca": 0.038927058612912936,
  "ca usa": 0.03508720102845637,
  "cards hard drive": 0.06099463815049707,
  "a mac": 0.031730793065751384,
  "cards hard": 0.06099463815049707,
  "drive etc can": 0.06099463815049707,
  "university": 0.006464610284986865
}