{
  "junior social": 0.021623007732063323,
  "dont": 0.0026606944948842034,
  "idea is": 0.012055263988233887,
  "for laptop": 0.021623007732063323,
  "class and id": 0.020109585940447722,
  "ridiculous i": 0.018108951154696292,
  "plan is": 0.01556932056560092,
  "popular among": 0.018108951154696292,
  "users and applications": 0.021623007732063323,
  "motivation behind": 0.01922429094457837,
  "decision": 0.009028420405002688,
  "very convenient": 0.016595529363080692,
  "a product": 0.012683390783980137,
  "and the monitor": 0.018108951154696292,
  "a large": 0.008647463244887122,
  "pay for": 0.00899456846933464,
  "adjusting the fold": 0.021623007732063323,
  "and spreadsheet": 0.021623007732063323,
  "and applications color": 0.021623007732063323,
  "fold in such": 0.021623007732063323,
  "technical issues": 0.03474859123244406,
  "idea also if": 0.021623007732063323,
  "commonly use": 0.021623007732063323,
  "applications": 0.0171152893475887,
  "constructive feedback so": 0.021623007732063323,
  "business people business": 0.021623007732063323,
  "product and create": 0.020109585940447722,
  "pb screen": 0.020109585940447722,
  "at this point": 0.010396668089044415,
  "help the assignment": 0.020109585940447722,
  "take this idea": 0.021623007732063323,
  "a marketing": 0.01531215236547781,
  "be installed": 0.013860239038854997,
  "create": 0.008303534037696373,
  "laptop computers": 0.043246015464126646,
  "decision sciences carnegie": 0.020109585940447722,
  "cost between and": 0.020109585940447722,
  "and create": 0.01398871174632865,
  "advance mike ": 0.018596164148832122,
  "to be installed": 0.016595529363080692,
  "motivation behind this": 0.021623007732063323,
  "the motivation": 0.01708274235721652,
  "target": 0.01044834875298744,
  "some constructive feedback": 0.021623007732063323,
  "of the target": 0.01682557415709341,
  "authorized": 0.012196177789844305,
  "technologys palettebook": 0.021623007732063323,
  "neccessity we": 0.021623007732063323,
  "or full": 0.018596164148832122,
  "is to market": 0.021623007732063323,
  "use word": 0.020109585940447722,
  "product": 0.01741107195929069,
  "now please dont": 0.021623007732063323,
  "completely": 0.007818280133968817,
  "fold in": 0.021623007732063323,
  "screens arent": 0.021623007732063323,
  "neccessity": 0.020109585940447722,
  "junior": 0.013360584950582404,
  "a normal": 0.01194873524550587,
  "page monitor": 0.021623007732063323,
  "monitor for laptop": 0.021623007732063323,
  "to market": 0.01508210757146509,
  "buying a full": 0.021623007732063323,
  "please reply": 0.010333741367351202,
  "and applications": 0.01508210757146509,
  "convenient to see": 0.021623007732063323,
  "terribly important": 0.018108951154696292,
  "project for my": 0.01922429094457837,
  "applications for which": 0.021623007732063323,
  "on a project": 0.014975578828737072,
  "commonly": 0.011281963084913771,
  "product and": 0.016022681624068703,
  "point well": 0.018596164148832122,
  "assignment is": 0.01922429094457837,
  "plan": 0.017148413240118204,
  "see a large": 0.018596164148832122,
  "need some constructive": 0.021623007732063323,
  "plan for it": 0.020109585940447722,
  "document because": 0.021623007732063323,
  "people also commonly": 0.021623007732063323,
  "full page monitor": 0.021623007732063323,
  "some constructive": 0.020109585940447722,
  "laptop computers it": 0.021623007732063323,
  "technologys palettebook screen": 0.021623007732063323,
  "for laptop computers": 0.021623007732063323,
  "buying a": 0.011098375492751018,
  "money": 0.006741697710066968,
  "like newer technologys": 0.021623007732063323,
  "email and": 0.01228530878224661,
  "mellon": 0.00944844637148185,
  "processing and": 0.014874006742198007,
  "the monitor": 0.012110543044968147,
  "dont write": 0.01737429561622203,
  "marketing class and": 0.020109585940447722,
  "idea": 0.018128713062817853,
  "pay for it": 0.013125583500380733,
  "my marketing": 0.01922429094457837,
  "please dont": 0.011420324687386673,
  "issues are": 0.014270833430782812,
  "that laptop": 0.021623007732063323,
  "people business": 0.021623007732063323,
  "is that laptop": 0.021623007732063323,
  "completely ridiculous": 0.020109585940447722,
  "off it doubtful": 0.021623007732063323,
  "probably be monochrome": 0.021623007732063323,
  "technical issues aside": 0.021623007732063323,
  "social decision": 0.020109585940447722,
  "mike": 0.00704697449705274,
  "reply to me": 0.01531215236547781,
  "document because of": 0.021623007732063323,
  "create a": 0.010248583817562405,
  "color screens arent": 0.021623007732063323,
  "working on": 0.009730568055936011,
  "applications color": 0.021623007732063323,
  "marketing plan": 0.020109585940447722,
  "applications color screens": 0.021623007732063323,
  "social": 0.009198642111268434,
  "this idea": 0.012410108812464838,
  "well my groups": 0.021623007732063323,
  "full": 0.026843177325524693,
  "full height": 0.01708274235721652,
  "newer": 0.01086481191294279,
  "knows please send": 0.021623007732063323,
  "full page": 0.05313260745888831,
  "i am working": 0.013081472785713661,
  "repair centers like": 0.021623007732063323,
  "the assignment": 0.01922429094457837,
  "reply to": 0.009990090332959436,
  "lot of": 0.006571356302799929,
  "idea also": 0.020109585940447722,
  "email": 0.004560999797992393,
  "technical issues are": 0.020109585940447722,
  "write": 0.007099925038635973,
  "as completely": 0.018596164148832122,
  "advance mike": 0.015710234367211338,
  "mellon pittsburgh": 0.010213080496881662,
  "a full": 0.021222324997230375,
  "is very convenient": 0.01922429094457837,
  "fold": 0.02839362515119147,
  "cost between": 0.018596164148832122,
  "of the screen": 0.01356868577984949,
  "computers seem to": 0.021623007732063323,
  "idea and": 0.014874006742198007,
  "money off it": 0.018596164148832122,
  "terribly": 0.012683390783980137,
  "word processing and": 0.018596164148832122,
  "send me": 0.009730568055936011,
  "please dont write": 0.01922429094457837,
  "commonly use word": 0.021623007732063323,
  "ridiculous i really": 0.021623007732063323,
  "page pb": 0.020109585940447722,
  "computers it would": 0.021623007732063323,
  "market": 0.008682121212477275,
  "portion of the": 0.01244245616134069,
  "the idea": 0.01652943381329107,
  "create a marketing": 0.020109585940447722,
  "normal screen remember": 0.021623007732063323,
  "authorized repair centers": 0.021623007732063323,
  "screen remember technical": 0.021623007732063323,
  "sciences carnegie": 0.020109585940447722,
  "in advance": 0.0071833041984835,
  "a marketing plan": 0.020109585940447722,
  "installed": 0.008783416058699351,
  "plan for": 0.013738907486115236,
  "reply": 0.007890004302131017,
  "my groups plan": 0.021623007732063323,
  "screen the": 0.01508210757146509,
  "willing to pay": 0.01412521907598222,
  "social decision sciences": 0.020109585940447722,
  "carnegie": 0.009465050300270535,
  "business people": 0.040219171880895445,
  "target users and": 0.021623007732063323,
  "color screens": 0.017710869152962768,
  "color": 0.008120499236566636,
  "marketing": 0.0219237363261949,
  "by adjusting": 0.01737429561622203,
  "working on a": 0.013038235608211084,
  "paandrewcmuedu hi": 0.01708274235721652,
  "popular among business": 0.021623007732063323,
  "processing and spreadsheet": 0.021623007732063323,
  "am working": 0.013081472785713661,
  "dont write this": 0.021623007732063323,
  "pay": 0.007055250209222566,
  "it technical": 0.020109585940447722,
  "screens": 0.01257686204125212,
  "marketing plan for": 0.020109585940447722,
  "by authorized repair": 0.021623007732063323,
  "page laptop screen": 0.021623007732063323,
  "that laptop computers": 0.021623007732063323,
  "groups plan is": 0.021623007732063323,
  "feedback": 0.0120827285782052,
  "of money": 0.010945389548173033,
  "monochrome": 0.013360584950582404,
  "assignment is to": 0.020109585940447722,