{
  "white": 0.010092005048119915,
  "this problem": 0.013236662462516455,
  "done particularly vertical": 0.023147621300607,
  "problems dch ": 0.029299815210902375,
  "in article": 0.0025370358031871843,
  "problem is": 0.010820209395868167,
  "a bad video": 0.02354268459239553,
  "have these problems": 0.02604948299590797,
  "line disappear": 0.023147621300607,
  "suspect a": 0.02279915078091356,
  "article david kantrowitz": 0.029299815210902375,
  "david kantrowitz writes": 0.02604948299590797,
  "from pushpinder": 0.029299815210902375,
  "open": 0.009545130414313216,
  "area": 0.018631558827201425,
  "problem im": 0.04087340395107107,
  "apparent": 0.014321723397213125,
  "certain the problem": 0.02354268459239553,
  "the problem": 0.009125483656832786,
  "forcolors and certain": 0.023147621300607,
  "chip but cannot": 0.02354268459239553,
  "video ram": 0.02109688999717521,
  "windows": 0.008259838534878243,
  "mmtg": 0.027249083907470585,
  "forcolors or ainch": 0.023147621300607,
  "if the monitor": 0.02248743327896733,
  "singh": 0.02279915078091356,
  "sender": 0.0019359572358479756,
  "which generally": 0.023147621300607,
  "suspect": 0.01130508470683005,
  "window": 0.02097926198092842,
  "centris": 0.01582680665587119,
  "gmt in": 0.005071281111092016,
  "horizontal white": 0.023147621300607,
  "data point": 0.02128783236740471,
  "the involved": 0.021948020389044386,
  "subject re": 0.016486994677510865,
  "help eliminate": 0.024538164582399116,
  "problems in": 0.016565894816807196,
  "kantrowitz": 0.02604948299590797,
  "these lines": 0.019660476341016333,
  "as the operation": 0.023147621300607,
  "david": 0.007718817284012371,
  "withcolors is": 0.023147621300607,
  "oakhill austin": 0.027249083907470585,
  "a bad": 0.013097260323531042,
  "on the monitor": 0.021948020389044386,
  "these problems dch": 0.029299815210902375,
  "a centris": 0.019897289085612595,
  "withcolors is used": 0.023147621300607,
  "explanation as a": 0.027249083907470585,
  "video": 0.01033967085865534,
  "with the apple": 0.02279915078091356,
  "a window horizontal": 0.023147621300607,
  "motorola": 0.013410353589222898,
  "bad video ram": 0.02354268459239553,
  "mmtg oakhill": 0.027249083907470585,
  "oakhill austin texas": 0.027249083907470585,
  "lines appear": 0.02220545049848116,
  "gmt when the": 0.025198352604038795,
  "apple monitor": 0.03979457817122519,
  "ainch apple monitor": 0.023147621300607,
  "monapr": 0.007734940375040669,
  "involved": 0.010551810089167342,
  "the screen": 0.026959940890932156,
  "apparent since": 0.02354268459239553,
  "motorola inc mmtg": 0.027249083907470585,
  "windows these": 0.02248743327896733,
  "gmt when": 0.021948020389044386,
  "dch": 0.027249083907470585,
  "problem im having": 0.046295242601214,
  "operation is continued": 0.023147621300607,
  "moved over": 0.02128783236740471,
  "oakhill": 0.027249083907470585,
  "scrolling through a": 0.023147621300607,
  "explanation": 0.013565732388878067,
  "accummulate as": 0.023147621300607,
  "would help eliminate": 0.024538164582399116,
  "set forcolors": 0.023147621300607,
  "is moved": 0.02058845728437444,
  "has gotten worse": 0.02354268459239553,
  "eliminate design": 0.024538164582399116,
  "writes from": 0.014303057216167963,
  "operations are done": 0.023147621300607,
  "austin": 0.012917169450492504,
  "scrolling through": 0.023147621300607,
  "problem has": 0.020436701975535536,
  "withcolors": 0.02248743327896733,
  "disappear": 0.017089358450413938,
  "centrisvideo problem im": 0.04799750338495236,
  "area of": 0.030626921435341195,
  "ram": 0.011603323461628765,
  "spare": 0.015038627146982148,
  "motorola inc": 0.016949557015944867,
  "operation": 0.012545494263754606,
  "is set": 0.016730302660460484,
  "configured": 0.01749808726248736,
  "also sender nntppostinghost": 0.029299815210902375,
  "a data": 0.01933740151271754,
  "given configurations": 0.024538164582399116,
  "a data point": 0.02354268459239553,
  "screen this": 0.02248743327896733,
  "data": 0.008577998238350067,
  "particularly vertical": 0.023147621300607,
  "daybut has gotten": 0.02354268459239553,
  "vertical scrolling through": 0.023147621300607,
  "article david": 0.012243036800296328,
  "i suspect": 0.01248449045546249,
  "open windows these": 0.023147621300607,
  "also sender": 0.02604948299590797,
  "ainch apple": 0.023147621300607,
  "operations are": 0.020748419477481767,
  "pushpinder singh subject": 0.029299815210902375,
  "point": 0.006442503253541571,
  "computer is set": 0.023147621300607,
  "observed": 0.014515163513375406,
  "operation is": 0.020292352377401124,
  "kantrowitz writes from": 0.029299815210902375,
  "not observed": 0.02279915078091356,
  "bad": 0.00805700493190002,
  "that area": 0.018460875429453717,
  "subject re centrisvideo": 0.029299815210902375,
  "generally but not": 0.02279915078091356,
  "writes": 0.0018935659305997468,
  "these lines accummulate": 0.023147621300607,
  "forcolors and": 0.023147621300607,
  "flaw": 0.018172004217726155,
  "mmtg oakhill austin": 0.027249083907470585,
  "moved": 0.026344965016090544,
  "david kantrowitz": 0.02604948299590797,
  "configured forcolors or": 0.023147621300607,
  "explanation as": 0.024538164582399116,
  "observed if": 0.02248743327896733,
  "involved area of": 0.023147621300607,
  "design flaw": 0.021711207644448123,
  "then moved": 0.02248743327896733,
  "is not observed": 0.023147621300607,
  "texas monapr gmt": 0.024538164582399116,
  "window horizontal white": 0.023147621300607,
  "configured forcolors": 0.023147621300607,
  "austin texas monapr": 0.025198352604038795,
  "point im using": 0.027249083907470585,
  "nntppostinghost": 0.005037795101409583,
  "configurations": 0.01914008975384573,
  "satapr gmt": 0.009977692051950052,
  "the apple monitor": 0.02279915078091356,
  "lines accummulate": 0.023147621300607,
  "screen and then": 0.02279915078091356,
  "used i suspect": 0.02248743327896733,
  "monitor withcolors": 0.023147621300607,
  "when the computer": 0.02279915078091356,
  "vertical scrolling": 0.023147621300607,
  "satapr": 0.009612973435212379,
  "over the involved": 0.023147621300607,
  "worse etc": 0.027249083907470585,
  "daybut has": 0.02354268459239553,
  "monitor which generally": 0.023147621300607,
  "the operation": 0.01755338943116237,
  "problems dch": 0.029299815210902375,
  "apparent since daybut": 0.02354268459239553,
  "continued": 0.014070541610862571,
  "chip": 0.009666837235498096,
  "area of the": 0.03707545196188531,
  "window horizontal": 0.023147621300607,
  "the line disappear": 0.023147621300607,
  "in article david": 0.012308681519158345,
  "spare open windows": 0.023147621300607,
  "not always spare": 0.023147621300607,
  "problems in the": 0.02058845728437444,
  "subject": 0.009071019901181691,
  "monapr gmt": 0.008086443780578033,
  "generally but": 0.02220545049848116,
  "horizontal": 0.01612127291429436,
  "spare open": 0.023147621300607,
  "these problems": 0.03545156530092815,
  "problem": 0.025223991536677388,
  "observed if the": 0.023147621300607,
  "gotten worse": 0.023147621300607,
  "monapr gmt in": 0.011522261407817775,
  "lines": 0.021241357958626673,
  "computer": 0.0060448298337657915,
  "disappear from": 0.021948020389044386,
  "centris with": 0.027249083907470585,
  "continued if": 0.023147621300607,
  "inc mmtg": 0.027249083907470585,
  "article": 0.0023325661364304094,
  "scrolling": 0.01944122198553195,
  "problem has been": 0.021948020389044386,
  "sender nntppostinghost motorola": 0.018312915605268328,
  "set": 0.00779413435825823,
  "particularly vertical scrolling": 0.023147621300607,
  "austin texas": 0.017972473801171326,
  "ram chip": 0.023147621300607,
  "and then moved": 0.023147621300607,
  "moved away": 0.023147621300607,
  "of the screen": 0.03677194134420749,
  "continued if a": 0.023147621300607,
  "and certain operations": 0.023147621300607,
  "monitor is": 0.018103987891617577,
  "ainch": 0.02248743327896733,