{
  "dont": 0.009483253530404398,
  "eufratnadakthse": 0.035837316578696723,
  "size for": 0.026506984777924854,
  "sender usenet": 0.008679298228180905,
  "the market": 0.0190637791258348,
  "nntppostinghost eufratnadakthse": 0.035837316578696723,
  "fear death its": 0.035837316578696723,
  "rom sender": 0.03853438732017511,
  "toandprocessors": 0.035837316578696723,
  "should be perfectly": 0.033140245837218335,
  "death its": 0.03425963133313967,
  "would belike": 0.03853438732017511,
  "for color quickdraw": 0.03853438732017511,
  "death": 0.01303824768190822,
  "too small": 0.023636949979750615,
  "toandprocessors which should": 0.035837316578696723,
  "small": 0.011571287044830169,
  "classics and": 0.033140245837218335,
  "color quickdraw for": 0.03853438732017511,
  "a color": 0.022291635297234887,
  "small the extra": 0.03853438732017511,
  "of mac pluses": 0.035837316578696723,
  "deal with": 0.01599347833813564,
  "institute of": 0.013624203675322247,
  "gmt in": 0.006669622628595726,
  "market size the": 0.03853438732017511,
  "quickdraw for accellerated": 0.03853438732017511,
  "color classic": 0.03156256059166128,
  "one reason market": 0.03853438732017511,
  "belike and with": 0.03853438732017511,
  "writes there is": 0.023553268247373325,
  "with color": 0.03044317509573995,
  "eufratnadakthse royal institute": 0.035837316578696723,
  "release": 0.015339814014247975,
  "hacker deluxe": 0.028554039625772243,
  "color classic instead": 0.03853438732017511,
  "size": 0.028400846145599453,
  "lots": 0.014148392967874089,
  "ses": 0.06312512118332256,
  "dont go": 0.02339111767772131,
  "computers": 0.016637028901145393,
  "in writes": 0.021025400276088475,
  "beyondmb anyway is": 0.03853438732017511,
  "patches for": 0.027077426311745378,
  "perfectly able": 0.033140245837218335,
  "release software patches": 0.035837316578696723,
  "gmt in writes": 0.02543206891555848,
  "death its dying": 0.035837316578696723,
  "size the": 0.02687784150868098,
  "older": 0.0172251906200525,
  "that scares": 0.03156256059166128,
  "se rom": 0.033140245837218335,
  "is no reason": 0.022291635297234887,
  "cheers h jon": 0.02920405551940324,
  "for color": 0.02920405551940324,
  "a difficult": 0.024380355570266993,
  "difficult there is": 0.03853438732017511,
  "sweden tueapr": 0.03096275249894821,
  "perfectly able to": 0.033140245837218335,
  "for older computers": 0.035837316578696723,
  "sweden": 0.019654892129826403,
  "pluses classics and": 0.035837316578696723,
  "beyondmb": 0.03853438732017511,
  "institute": 0.011750486205727276,
  "dying that": 0.035837316578696723,
  "re se": 0.03096275249894821,
  "its dying": 0.035837316578696723,
  "have been upgraded": 0.035837316578696723,
  "deluxe i dont": 0.035837316578696723,
  "older computers": 0.035837316578696723,
  "quickdraw but": 0.035837316578696723,
  "money you can": 0.03227198299163775,
  "perfectly": 0.017324120963888336,
  "cheers h": 0.02920405551940324,
  "classic": 0.01953515804941102,
  "difficult there": 0.03425963133313967,
  "usenet": 0.007929049741635068,
  "mac pluses": 0.03096275249894821,
  "wtte": 0.027287804604625827,
  "parties are": 0.028265681757469824,
  "computers there are": 0.035837316578696723,
  "having a difficult": 0.035837316578696723,
  "royal institute of": 0.027077426311745378,
  "quickdraw": 0.05375568301736196,
  "able to deal": 0.03156256059166128,
  "plusses": 0.035837316578696723,
  "technology stockholm sweden": 0.029984875346104216,
  "h jon wtte": 0.028865489850182887,
  "ses that": 0.035837316578696723,
  "plusses and ses": 0.03853438732017511,
  "can buy": 0.021435363372033323,
  "buy a": 0.016693421925669,
  "upgraded toandprocessors which": 0.035837316578696723,
  "quickdraw for": 0.03853438732017511,
  "lots of": 0.014519988108459485,
  "computers there": 0.035837316578696723,
  "reason": 0.020643595559426638,
  "money": 0.012014387358796388,
  "writes": 0.0024903707569755426,
  "upgraded": 0.021532644703571913,
  "h jon": 0.028865489850182887,
  "mac": 0.026604687203500007,
  "reason that": 0.020576719939469818,
  "extra cost": 0.02687784150868098,
  "cost": 0.01304936497685289,
  "pluses": 0.02920405551940324,
  "deluxe i": 0.03425963133313967,
  "deal": 0.012688135174777225,
  "instead cheers": 0.03853438732017511,
  "classics and ses": 0.035837316578696723,
  "be perfectly": 0.027287804604625827,
  "instead cheers h": 0.03853438732017511,
  "dying that scares": 0.035837316578696723,
  "parties": 0.019011897682762954,
  "that money": 0.02543206891555848,
  "nntppostinghost": 0.006625582662554238,
  "plusses and": 0.03853438732017511,
  "accellerated": 0.035837316578696723,
  "accellerated plusses": 0.03853438732017511,
  "belike": 0.03853438732017511,
  "sender": 0.0025461227459790494,
  "been upgraded toandprocessors": 0.035837316578696723,
  "deluxe": 0.022941651190865883,
  "are lots": 0.023809914036446465,
  "go beyondmb": 0.03853438732017511,
  "wtte mac hacker": 0.028554039625772243,
  "reason market": 0.03853438732017511,
  "institute of technology": 0.015192221709487627,
  "wont and parties": 0.035837316578696723,
  "market size for": 0.03853438732017511,
  "release software": 0.035837316578696723,
  "dying": 0.02003792743260171,
  "jon wtte": 0.027287804604625827,
  "classics": 0.028554039625772243,
  "the extra cost": 0.028865489850182887,
  "patches for older": 0.035837316578696723,
  "jon wtte mac": 0.028554039625772243,
  "usenet nntppostinghost eufratnadakthse": 0.035837316578696723,
  "ses which": 0.03853438732017511,
  "classic instead cheers": 0.03853438732017511,
  "which dont": 0.027997227004602308,
  "patches": 0.022475498662412108,
  "beyondmb anyway": 0.03853438732017511,
  "jon": 0.016053249875728974,
  "stockholm sweden tueapr": 0.033140245837218335,
  "of mac": 0.029574912250159367,
  "rom": 0.01984169843016244,
  "mac hacker": 0.028554039625772243,
  "money you": 0.029574912250159367,
  "wtte mac": 0.028554039625772243,
  "accellerated plusses and": 0.03853438732017511,
  "sender usenet nntppostinghost": 0.02211606940120193,
  "i dont fear": 0.029574912250159367,
  "with color quickdraw": 0.035837316578696723,
  "usenet nntppostinghost": 0.021340454994118307,
  "that apple": 0.02543206891555848,
  "i dont": 0.0071034240371520745,
  "small the": 0.03227198299163775,
  "technology": 0.011208052354873002,
  "hacker deluxe i": 0.035837316578696723,
  "been upgraded": 0.03425963133313967,
  "se rom sender": 0.03853438732017511,
  "of technology stockholm": 0.027287804604625827,
  "mac pluses classics": 0.035837316578696723,
  "cost would": 0.03044317509573995,
  "cost would belike": 0.03853438732017511,
  "re se rom": 0.03425963133313967,
  "lots of mac": 0.035837316578696723,
  "you can buy": 0.023636949979750615,
  "for older": 0.033140245837218335,
  "cheers": 0.016808720749040093,
  "parties are having": 0.035837316578696723,
  "ses which dont": 0.03853438732017511,
  "dont fear death": 0.035837316578696723,
  "extra": 0.015410654343028412,
  "buy a color": 0.033140245837218335,
  "market": 0.03094483669505519,
  "reason that apple": 0.035837316578696723,
  "fear": 0.016406078540642736,
  "toandprocessors which": 0.035837316578696723,
  "stockholm sweden": 0.02571011935906877,
  "sweden tueapr gmt": 0.03156256059166128,
  "no reason": 0.018690549079614024,
  "gmt": 0.0006398049185473633,
  "belike and": 0.03853438732017511,
  "mac hacker deluxe": 0.028554039625772243,
  "color quickdraw": 0.0645439659832755,
  "eufratnadakthse royal": 0.035837316578696723,
  "buy": 0.011710821738063686,
  "ses that have": 0.035837316578696723,
  "size for color": 0.03853438732017511,
  "dont fear": 0.02920405551940324,
  "a color classic": 0.03425963133313967,
  "tueapr": 0.008789481633184581,
  "software": 0.010494008754135217,
  "royal institute": 0.027077426311745378,
  "quickdraw but they": 0.035837316578696723,
  "of technology": 0.014215417505935876,
  "for accellerated plusses": 0.03853438732017511,