{
  "helvetica in various": 0.023467624505414703,
  "edwards department": 0.023467624505414703,
  "and fixedsize": 0.023467624505414703,
  "iisi however": 0.023467624505414703,
  "increase": 0.009983360395642045,
  "previous": 0.016439767879135307,
  "to real flowers": 0.023467624505414703,
  "ive encountered": 0.01826093119419143,
  "email artificial flowers": 0.023467624505414703,
  "worked": 0.009188321249904475,
  "centris on my": 0.023467624505414703,
  "word apple uk": 0.023467624505414703,
  "characters has increased": 0.023467624505414703,
  "computers ": 0.046935249010829405,
  "credible attempt": 0.023467624505414703,
  "my previous": 0.028208975463050127,
  "on my iisi": 0.02086427784980307,
  "friendly approach and": 0.023467624505414703,
  "complexity": 0.01419742781008734,
  "printed": 0.011547155497375753,
  "weve": 0.01070815753198084,
  "internal complexity in": 0.023467624505414703,
  "of form": 0.019221748985916942,
  "pieces": 0.012142687317946621,
  "department of computing": 0.015839956673973466,
  "occur for": 0.019653790589694083,
  "plastic": 0.012223709509293254,
  "department": 0.006840587339788587,
  "computing science": 0.015657584538579798,
  "xpriorityhighest xsender centrisfont": 0.023467624505414703,
  "terms of form": 0.023467624505414703,
  "occur": 0.010888791099250707,
  "plain and bold": 0.023467624505414703,
  "causing lines": 0.023467624505414703,
  "tueapr": 0.005352835970920468,
  "xpriorityhighest xsender": 0.023467624505414703,
  "previous mac": 0.023467624505414703,
  "fax": 0.007205164995814223,
  "a centris": 0.015936691258144686,
  "to call": 0.010774292100978652,
  "filemaker database which": 0.023467624505414703,
  "approach and": 0.017579220122030812,
  "call our": 0.0188564630147623,
  "iisi when": 0.023467624505414703,
  "university of": 0.003741709025066595,
  "look wierd": 0.023467624505414703,
  "centrisfont": 0.023467624505414703,
  "occur for all": 0.023467624505414703,
  "fashioned": 0.017389545459297315,
  "desk": 0.012778383968644913,
  "vast improvement": 0.02018256677764245,
  "tel aberdeen fax": 0.023467624505414703,
  "uk adopted": 0.023467624505414703,
  "mixture": 0.014150502152987387,
  "of computing": 0.013805213500898778,
  "of computing science": 0.016753848808599023,
  "real flowers but": 0.023467624505414703,
  "worked perfectly": 0.01826093119419143,
  "behaviour using": 0.023467624505414703,
  "styles": 0.015571405286990046,
  "form function or": 0.023467624505414703,
  "got a centris": 0.023467624505414703,
  "character": 0.010865444425215136,
  "my desk": 0.016490280952887588,
  "a filemaker database": 0.023467624505414703,
  "metal": 0.012026122758252848,
  "behavior": 0.009896895245729398,
  "seems to occur": 0.01826093119419143,
  "us any ideas": 0.023467624505414703,
  "superficial resemblance": 0.023467624505414703,
  "encountered": 0.013333344602533053,
  "science kings college": 0.023467624505414703,
  "their internal": 0.019221748985916942,
  "xpriorityhighest": 0.023467624505414703,
  "no credible": 0.021825095641528576,
  "between characters": 0.023467624505414703,
  "artificial flowers": 0.023467624505414703,
  "wierd": 0.014786198803685681,
  "centris on": 0.02018256677764245,
  "behavior artificial": 0.023467624505414703,
  "bear a": 0.02086427784980307,
  "in a filemaker": 0.023467624505414703,
  "intelligence": 0.010281557189484146,
  "flowers pieces of": 0.023467624505414703,
  "attempt to match": 0.021825095641528576,
  "increased": 0.011609931837297499,
  "dealer god": 0.023467624505414703,
  "improvement": 0.012103191932910574,
  "and fixedsize fonts": 0.023467624505414703,
  "all sizes": 0.023467624505414703,
  "truncated im": 0.023467624505414703,
  "local dealer": 0.016753848808599023,
  "mac": 0.008101190297748225,
  "xsender": 0.01705044393408245,
  "centrisfont problems": 0.023467624505414703,
  "increase in": 0.013612451322097941,
  "credible attempt to": 0.023467624505414703,
  "edwards department of": 0.023467624505414703,
  "resemblance": 0.016037543425013873,
  "xsender centrisfont": 0.023467624505414703,
  "fine when": 0.01705044393408245,
  "match": 0.011175241079251774,
  "of aberdeen": 0.021825095641528576,
  "cc tueapr": 0.023467624505414703,
  "kings college university": 0.023467624505414703,
  "for all sizes": 0.023467624505414703,
  "to real": 0.016490280952887588,
  "approach": 0.009725698783944258,
  "sender": 0.0015506008192336868,
  "which looked fine": 0.023467624505414703,
  "artificial flowers pieces": 0.023467624505414703,
  "on my desk": 0.01778540821916264,
  "match their internal": 0.023467624505414703,
  "has increased": 0.019221748985916942,
  "entries in a": 0.02018256677764245,
  "xsender centrisfont problems": 0.023467624505414703,
  "department of": 0.008340831531755919,
  "complexity in terms": 0.023467624505414703,
  "function or behavior": 0.023467624505414703,
  "cc": 0.012461958867638937,
  "truncated": 0.019653790589694083,
  "managed to": 0.01187911946223519,
  "in character spacing": 0.023467624505414703,
  "causing lines to": 0.023467624505414703,
  "database": 0.012045156340473854,
  "cc tueapr sender": 0.023467624505414703,
  "a filemaker": 0.023467624505414703,
  "dealer": 0.010550471771846688,
  "problems cc": 0.023467624505414703,
  "styles im": 0.023467624505414703,
  "limited superficial": 0.023467624505414703,
  "problem": 0.005050775556514785,
  "lines": 0.008506610177743857,
  "fonts exactly as": 0.023467624505414703,
  "sizes": 0.02769144327364258,
  "helvetica": 0.021825095641528576,
  "kings college": 0.021825095641528576,
  "email": 0.004950089828152882,
  "adopted their": 0.023467624505414703,
  "sizes the": 0.02018256677764245,
  "crudely fashioned to": 0.023467624505414703,
  "fax scotland": 0.023467624505414703,
  "flowers pieces": 0.023467624505414703,
  "usual friendly approach": 0.023467624505414703,
  "real flowers": 0.023467624505414703,
  "problems": 0.00654711966394276,
  "really smart computers": 0.023467624505414703,
  "when things": 0.01826093119419143,
  "im using plain": 0.023467624505414703,
  "on my previous": 0.021825095641528576,
  "spacing": 0.035158440244061624,
  "in various sizes": 0.023467624505414703,
  "desk its a": 0.023467624505414703,
  "truncated im using": 0.023467624505414703,
  "local": 0.0072502075646416544,
  "to be truncated": 0.023467624505414703,
  "behaviour": 0.012531319963136833,
  "internal complexity": 0.023467624505414703,
  "terms of": 0.010900551263568549,
  "no credible attempt": 0.023467624505414703,
  "spacing between characters": 0.023467624505414703,
  "local dealer god": 0.023467624505414703,
  "entries": 0.014104487731525063,
  "a limited": 0.015407915070196322,
  "our local dealer": 0.023467624505414703,
  "using a mixture": 0.023467624505414703,
  "their usual": 0.02018256677764245,
  "adopted": 0.01346879108082677,
  "smart computers ": 0.023467624505414703,
  "usual friendly": 0.023467624505414703,
  "ideas": 0.008567485737258813,
  "spacing between": 0.023467624505414703,
  "apple": 0.008913033496913856,
  "be truncated": 0.023467624505414703,
  "science kings": 0.023467624505414703,
  "characters": 0.012329045439555894,
  "to occur": 0.014554828022728533,
  "artificial intelligence really": 0.023467624505414703,
  "fine when printed": 0.023467624505414703,
  "previous mac using": 0.023467624505414703,
  "call our local": 0.023467624505414703,
  "using plain": 0.023467624505414703,
  "system now": 0.01854003791375632,
  "aberdeen fax scotland": 0.023467624505414703,
  "centrisfont problems cc": 0.023467624505414703,
  "truetype and": 0.021825095641528576,
  "resemblance to": 0.0188564630147623,
  "bold": 0.015747016595411188,
  "uk adopted their": 0.023467624505414703,
  "and metal": 0.019221748985916942,
  "encountered a problem": 0.02086427784980307,
  "friendly approach": 0.023467624505414703,
  "artificial": 0.023481410667804906,
  "a iisi": 0.016753848808599023,
  "in terms": 0.011071632522346959,