{
  "clean rom": 0.03237031342873858,
  "difference needless": 0.036409329195900744,
  "clean bit": 0.033860993973253886,
  "the virtual memory": 0.02925524776555033,
  "his iix": 0.033860993973253886,
  "the sale": 0.023784376238234768,
  "rom what would": 0.033860993973253886,
  "virtual memory nightmare": 0.033860993973253886,
  "say im interested": 0.033860993973253886,
  "macweek article": 0.03131265875060703,
  "original used": 0.036409329195900744,
  "morgan": 0.021062317174225607,
  "original used rom": 0.036409329195900744,
  "sale of the": 0.03237031342873858,
  "reselling": 0.036409329195900744,
  "original": 0.01131972011485999,
  "a rom": 0.02670691254290347,
  "remanufacturer to resell": 0.036409329195900744,
  "iix from": 0.033860993973253886,
  "computer involves": 0.036409329195900744,
  "difference": 0.01172041968731736,
  "needless to say": 0.02225437477784906,
  "all reselling": 0.036409329195900744,
  "services crash": 0.030492278047245962,
  "network services crash": 0.030492278047245962,
  "rom chips": 0.03131265875060703,
  "only rom": 0.036409329195900744,
  "rom for": 0.028764323527960173,
  "offering clean bit": 0.033860993973253886,
  "indicated that david": 0.033860993973253886,
  "only rom chips": 0.036409329195900744,
  "ford indicated": 0.033860993973253886,
  "david": 0.009591765595574196,
  "offer morgan": 0.036409329195900744,
  "last weeks macweek": 0.033860993973253886,
  "iici rom in": 0.03237031342873858,
  "system": 0.006464588691901205,
  "virtual memory": 0.025045202529142233,
  "bit rom": 0.033860993973253886,
  "code liberating his": 0.033860993973253886,
  "chips": 0.015415112220257843,
  "interested": 0.010492951103048405,
  "used machines": 0.036409329195900744,
  "rom code liberating": 0.033860993973253886,
  "rom after all": 0.036409329195900744,
  "caused by": 0.016839439566715422,
  "a mac": 0.017615256444589923,
  "services": 0.012036670175910126,
  "offering clean": 0.033860993973253886,
  "resell only": 0.036409329195900744,
  "davis": 0.017867325089579986,
  "chips from": 0.030492278047245962,
  "the virtual": 0.02539560760195225,
  "ramseys mac iix": 0.033860993973253886,
  "gmt last": 0.028764323527960173,
  "mac iici": 0.02670691254290347,
  "been running nicely": 0.033860993973253886,
  "iix": 0.08946593461827516,
  "copies cannot be": 0.036409329195900744,
  "crash ctsnet el": 0.030492278047245962,
  "code liberating": 0.033860993973253886,
  "copies": 0.01663029480788435,
  "apples": 0.019515506217464753,
  "weeks macweek": 0.03237031342873858,
  "gmt last weeks": 0.036409329195900744,
  "davis group": 0.036409329195900744,
  "machines i": 0.02539560760195225,
  "iix cts network": 0.033860993973253886,
  "memory nightmare": 0.033860993973253886,
  "to resell": 0.06772198794650777,
  "been running": 0.024029565115068117,
  "it offering clean": 0.033860993973253886,
  "in it offering": 0.033860993973253886,
  "to offer": 0.020842761164293174,
  "sale": 0.011921920556784253,
  "rom anyway": 0.03237031342873858,
  "liberating his": 0.033860993973253886,
  "that copies": 0.033860993973253886,
  "interested in purchasing": 0.028331297661576407,
  "reasonably price": 0.033860993973253886,
  "network services": 0.02759353775178909,
  "cajon": 0.030492278047245962,
  "resell the original": 0.036409329195900744,
  "in purchasing": 0.028331297661576407,
  "a remanufacturer": 0.036409329195900744,
  "used rom": 0.033860993973253886,
  "resell only rom": 0.036409329195900744,
  "ctsnet el": 0.030492278047245962,
  "caapr gmt": 0.030492278047245962,
  "cajon caapr gmt": 0.03237031342873858,
  "group": 0.00944728362362985,
  "bit clean": 0.02925524776555033,
  "roms is it": 0.036409329195900744,
  "mac iix has": 0.033860993973253886,
  "liberating his iix": 0.033860993973253886,
  "price": 0.0114623157951363,
  "bit system enabler": 0.033860993973253886,
  "macweek article by": 0.033860993973253886,
  "resell the": 0.036409329195900744,
  "rom what": 0.03237031342873858,
  "bit system": 0.03237031342873858,
  "mac": 0.02513751695330699,
  "im interested": 0.0211193178600196,
  "offer": 0.012878970941088903,
  "caused by apples": 0.033860993973253886,
  "with a mac": 0.025993103666282304,
  "resell": 0.06262531750121406,
  "iix cts": 0.033860993973253886,
  "to offer morgan": 0.036409329195900744,
  "iici rom": 0.06474062685747715,
  "roms is": 0.03131265875060703,
  "network": 0.01133172819495786,
  "bit": 0.029994119406866363,
  "internet ": 0.034842290936481536,
  "chips from used": 0.036409329195900744,
  "clean bit rom": 0.033860993973253886,
  "caapr gmt last": 0.036409329195900744,
  "ric ford indicated": 0.033860993973253886,
  "remanufacturer": 0.036409329195900744,
  "clean rom for": 0.03237031342873858,
  "machines i know": 0.036409329195900744,
  "mac iix": 0.033860993973253886,
  "offers bit clean": 0.03237031342873858,
  "involves the": 0.028764323527960173,
  "el": 0.022026891675944325,
  "rom code": 0.03237031342873858,
  "enabler": 0.027943942824599107,
  "memory": 0.012546375024935646,
  "the original": 0.013184459024035733,
  "weeks": 0.013900164455039032,
  "apples bit system": 0.033860993973253886,
  "know that copies": 0.036409329195900744,
  "cts network": 0.030492278047245962,
  "clean": 0.03221968105457909,
  "running nicely": 0.03237031342873858,
  "liberating": 0.028764323527960173,
  "remanufacturer to": 0.036409329195900744,
  "crash": 0.01902922692122302,
  "morgan davis group": 0.036409329195900744,
  "needless to": 0.02225437477784906,
  "purchasing such a": 0.033860993973253886,
  "rom in": 0.029821978206091723,
  "used computer involves": 0.036409329195900744,
  "enabler does": 0.036409329195900744,
  "involves": 0.019369884386232966,
  "caused": 0.014541553500383666,
  "nicely": 0.02003305237143932,
  "running": 0.011225041820365817,
  "rom": 0.14997989695740432,
  "rom for iix": 0.03237031342873858,
  "a used computer": 0.033860993973253886,
  "iix from the": 0.033860993973253886,
  "macweek": 0.024575226898591183,
  "crash ctsnet": 0.030492278047245962,
  "nicely with": 0.029821978206091723,
  "by apples": 0.033860993973253886,
  "computer": 0.007511590014017785,
  "offers bit": 0.03237031342873858,
  "nicely with a": 0.033860993973253886,
  "group internet": 0.02759353775178909,
  "involves the sale": 0.036409329195900744,
  "el cajon caapr": 0.03237031342873858,
  "the difference": 0.014599604242047766,
  "of the rom": 0.033860993973253886,
  "david ramseys": 0.033860993973253886,
  "offer morgan davis": 0.036409329195900744,
  "caapr": 0.030492278047245962,
  "ric ford": 0.03237031342873858,
  "these roms": 0.033860993973253886,
  "purchasing such": 0.033860993973253886,
  "davis group internet": 0.036409329195900744,
  "roms": 0.02210116633519991,
  "cajon caapr": 0.03237031342873858,
  "ford": 0.017750601934011675,
  "such a rom": 0.033860993973253886,
  "okay to resell": 0.036409329195900744,
  "last weeks": 0.02759353775178909,
  "rom after": 0.036409329195900744,
  "mac iici rom": 0.033860993973253886,
  "running nicely with": 0.033860993973253886,
  "whats the difference": 0.023035850667494917,
  "by ric ford": 0.033860993973253886,
  "david ramseys mac": 0.033860993973253886,
  "system enabler does": 0.036409329195900744,
  "cts network services": 0.030492278047245962,
  "ramseys mac": 0.033860993973253886,
  "rom offers bit": 0.03237031342873858,
  "bit clean rom": 0.03237031342873858,
  "cts": 0.026215988305313315,
  "internet": 0.010255078793084441,
  "machines": 0.014409563458080192,
  "iici rom offers": 0.03237031342873858,
  "from used machines": 0.036409329195900744,
  "el cajon": 0.030492278047245962,
  "rom anyway so": 0.036409329195900744,
  "iix has": 0.033860993973253886,
  "code": 0.01201729479199749,
  "bit rom code": 0.033860993973253886,
  "that david": 0.021954087899120137,
  "for iix cts": 0.033860993973253886,
  "gmt": 0.0006045215590686484,
  "group internet ": 0.036409329195900744,
  "nightmare caused by": 0.033860993973253886,