{
  "remain": 0.029096701433835602,
  "guest xnewsreader tin": 0.04323113836256447,
  "this problem": 0.029434157317964223,
  "jiggles": 0.0579258240303743,
  "monitor that": 0.04544477149823034,
  "woes": 0.04827886963041754,
  "monitor woes monitor": 0.06515353645582239,
  "relocate the": 0.06515353645582239,
  "jiggles to": 0.06515353645582239,
  "thanks jeff": 0.05147299999740241,
  "apple monitor woes": 0.06515353645582239,
  "version": 0.016740175282517426,
  "attempted to relocate": 0.06515353645582239,
  "wedapr gmt": 0.01820298903088655,
  "attempted to": 0.03649097838549613,
  "apple color monitor": 0.06515353645582239,
  "version na wedapr": 0.06515353645582239,
  "wedapr gmt i": 0.0357725619909896,
  "netcom": 0.028273259703875033,
  "remain no matter": 0.06515353645582239,
  "the apple color": 0.0579258240303743,
  "remain no": 0.06515353645582239,
  "i have amonth": 0.06515353645582239,
  "online communication": 0.03117468136422032,
  "problem isnt interference": 0.06515353645582239,
  "attempted": 0.03411078072361781,
  "of jiggles": 0.06515353645582239,
  "problem": 0.042067643779919194,
  "color monitor": 0.04371869081094421,
  "woes monitor": 0.06515353645582239,
  "the jitters": 0.06515353645582239,
  "have amonth": 0.06515353645582239,
  "monitor to": 0.04578222738235896,
  "xnewsreader tin": 0.020769246136260713,
  "guest": 0.026942072705951045,
  "have acquired": 0.0579258240303743,
  "of late": 0.04481773084162294,
  "services guest": 0.03132680253146278,
  "problem isnt": 0.05456512913717698,
  "apple monitor": 0.04424528757195432,
  "left": 0.019330639445286818,
  "encountered this problem": 0.06059335763634906,
  "has anybody encountered": 0.06515353645582239,
  "lciii sort": 0.06515353645582239,
  "late": 0.025290883853310565,
  "problem seems to": 0.05456512913717698,
  "woes monitor netcom": 0.06515353645582239,
  "tin version na": 0.048805466391427646,
  "the problem isnt": 0.0579258240303743,
  "to relocate": 0.06059335763634906,
  "but the problem": 0.04397672181853159,
  "to have acquired": 0.06059335763634906,
  "services": 0.021539304525312854,
  "acquired the": 0.052351496001511115,
  "monitor woes": 0.06515353645582239,
  "sure the problem": 0.05603317881687574,
  "matter what i": 0.05147299999740241,
  "problem seems": 0.053365645210900974,
  "monitor that im": 0.06515353645582239,
  "amonth old": 0.06059335763634906,
  "seems to remain": 0.06515353645582239,
  "matter what": 0.03278524089116367,
  "time now i": 0.06059335763634906,
  "online communication services": 0.031212383171516273,
  "communication": 0.027001611097529448,
  "gmt i": 0.022313106655528124,
  "interference": 0.03710958989634005,
  "amonth": 0.0579258240303743,
  "gmt": 0.0010817754214912656,
  "problem thanks jeff": 0.06515353645582239,
  "to remain": 0.03800133655420994,
  "acquired the jitters": 0.06515353645582239,
  "the time": 0.020100870175714734,
  "matter": 0.019424491926594862,
  "the left": 0.032503242835691414,
  "sort": 0.020723023833468572,
  "version na": 0.048805466391427646,
  "services guest xnewsreader": 0.04323113836256447,
  "time": 0.010369045617284283,
  "isnt interference": 0.06515353645582239,
  "xnewsreader tin version": 0.02213945866787719,
  "budzinski": 0.06515353645582239,
  "encountered": 0.037017575146506235,
  "the problem": 0.04058438784223002,
  "netcom online": 0.028907560556954114,
  "apple": 0.04949079125917956,
  "jiggles to the": 0.06515353645582239,
  "acquired": 0.03915851199147089,
  "jitters of late": 0.06515353645582239,
  "an lciii": 0.044525285035235874,
  "jeff budzinski ": 0.06515353645582239,
  "i have attempted": 0.0579258240303743,
  "na wedapr": 0.03954945554719984,
  "monitor": 0.09961158798009617,
  "jeff budzinski": 0.06515353645582239,
  "communication services guest": 0.03132680253146278,
  "encountered this": 0.05456512913717698,
  "an lciii sort": 0.06515353645582239,
  "amonth old that": 0.06515353645582239,
  "sort of": 0.02192404328253565,
  "xnewsreader": 0.019299650469627717,
  "color": 0.02446834638386526,
  "time now": 0.046137932785452876,
  "with an lciii": 0.06515353645582239,
  "left and right": 0.04371869081094421,
  "relocate": 0.0579258240303743,
  "late the": 0.04827886963041754,
  "wedapr": 0.017484753116384654,
  "tin": 0.02017814647373642,
  "jitters": 0.0579258240303743,
  "thanks jeff budzinski": 0.06515353645582239,
  "color monitor that": 0.06515353645582239,
  "anybody encountered": 0.06515353645582239,
  "relocate the monitor": 0.06515353645582239,
  "guest xnewsreader": 0.04323113836256447,
  "online": 0.023123527208811664,
  "sort of jiggles": 0.06515353645582239,
  "isnt": 0.017424031126366216,
  "na wedapr gmt": 0.03954945554719984,
  "jitters of": 0.06515353645582239,
  "interference from": 0.053365645210900974,
  "apple color": 0.052351496001511115,
  "monitor netcom online": 0.06515353645582239,
  "interference from something": 0.06059335763634906,
  "gmt i have": 0.030329162608950726,
  "isnt interference from": 0.06515353645582239,
  "all the time": 0.03070326038457272,
  "no matter": 0.029151755707983736,
  "monitor to make": 0.06515353645582239,
  "have attempted": 0.053365645210900974,
  "communication services": 0.03117468136422032,
  "lciii": 0.03844009559696437,
  "the monitor": 0.03649097838549613,
  "tin version": 0.021662115108995024,
  "budzinski ": 0.13030707291164478,
  "netcom online communication": 0.031288441213628615,
  "the apple": 0.03505675370251066,
  "lciii sort of": 0.06515353645582239,
  "left and": 0.03800133655420994,
  "late the apple": 0.06515353645582239,
  "problem thanks": 0.04424528757195432,
  "to the left": 0.04040879885257526,
  "jeff": 0.027897217507559583,
  "monitor netcom": 0.06515353645582239
}