{
  "service": 0.0074182390418270185,
  "circuit board i": 0.021623007732063323,
  "meant that the": 0.016387428533813607,
  "problem is": 0.007985220034505329,
  "whatsoever": 0.01134019069863028,
  "grateful for": 0.01543695239569604,
  "highlight": 0.01556932056560092,
  "highresolution": 0.016197447361347164,
  "jitter": 0.020109585940447722,
  "then rights": 0.021623007732063323,
  "screen to": 0.01543695239569604,
  "received by": 0.014874006742198007,
  "a large": 0.017294926489774244,
  "gmt the santa": 0.020109585940447722,
  "that the problem": 0.014270833430782812,
  "loses sync the": 0.021623007732063323,
  "swap of a": 0.021623007732063323,
  "the santa fe": 0.020109585940447722,
  "owner who": 0.021623007732063323,
  "an eighth": 0.021623007732063323,
  "board i would": 0.021623007732063323,
  "window": 0.007741256058464854,
  "power supply there": 0.020109585940447722,
  "rights": 0.007341282843002401,
  "loses sync": 0.021623007732063323,
  "several weeks ago": 0.016197447361347164,
  "wrong i guess": 0.020109585940447722,
  "meant": 0.008889639877732503,
  "after i close": 0.021623007732063323,
  "ago i": 0.010487928195329267,
  "image on": 0.016022681624068703,
  "be endured": 0.020109585940447722,
  "correction the": 0.016197447361347164,
  "about monitors": 0.016387428533813607,
  "image bounces": 0.021623007732063323,
  "simply couldnt always": 0.021623007732063323,
  "institutesfisantafeede": 0.021623007732063323,
  "correction": 0.011897358613605883,
  "guess he": 0.016197447361347164,
  "weeks ago": 0.01115184933556389,
  "simply": 0.006675671759871077,
  "bounces down about": 0.021623007732063323,
  "the heading": 0.01586087382460643,
  "monitors who": 0.018596164148832122,
  "sudden changes of": 0.021623007732063323,
  "rights itself": 0.021623007732063323,
  "image the rapid": 0.021623007732063323,
  "screen sometimes": 0.021623007732063323,
  "flaw was so": 0.021623007732063323,
  "highresolution monitor and": 0.021623007732063323,
  "image": 0.024429376227399997,
  "of an inch": 0.01922429094457837,
  "the entire": 0.008870515030374683,
  "the monitors": 0.03016421514293018,
  "attitude": 0.009602633199459911,
  "bewildering range of": 0.021623007732063323,
  "xnewsreader tin version": 0.007347593269688499,
  "been tempted": 0.01922429094457837,
  "that radically alters": 0.021623007732063323,
  "apple highresolution": 0.021623007732063323,
  "hours or": 0.016387428533813607,
  "and promised": 0.018108951154696292,
  "the raster image": 0.021623007732063323,
  "heading jitter": 0.021623007732063323,
  "failing": 0.012001349986944868,
  "fe institutesfisantafeede": 0.021623007732063323,
  "whatsoever i have": 0.018596164148832122,
  "wrong i": 0.011872116643297858,
  "supply": 0.01771571513636366,
  "adjustment of a": 0.021623007732063323,
  "a fix involving": 0.021623007732063323,
  "sync the": 0.020109585940447722,
  "in the apple": 0.021623007732063323,
  "summarize replies received": 0.021623007732063323,
  "area or": 0.01556932056560092,
  "a monitor": 0.01247528995471305,
  "santa fe": 0.018596164148832122,
  "clearly quite knowledgable": 0.021623007732063323,
  "have had experience": 0.01922429094457837,
  "dark one overtaxed": 0.021623007732063323,
  "monitor and": 0.013125583500380733,
  "promised to": 0.01543695239569604,
  "by email": 0.010422355516074082,
  "problem was": 0.012720087548863064,
  "service technical procedures": 0.021623007732063323,
  "discussion": 0.007508186108286116,
  "fix involving": 0.021623007732063323,
  "to recapitulate": 0.020109585940447722,
  "no provocation": 0.021623007732063323,
  "technical procedures": 0.020109585940447722,
  "a bewildering": 0.021623007732063323,
  "sort of": 0.007276101700754188,
  "a largely dark": 0.021623007732063323,
  "jitterapr": 0.021623007732063323,
  "have received": 0.01356868577984949,
  "capacitor": 0.01398871174632865,
  "image the": 0.01556932056560092,
  "i close": 0.016197447361347164,
  "sync": 0.01321657192046931,
  "change": 0.006488789815907314,
  "was really wrong": 0.021623007732063323,
  "close a": 0.020109585940447722,
  "no provocation whatsoever": 0.021623007732063323,
  "a large area": 0.021623007732063323,
  "endured this": 0.021623007732063323,
  "jitterapr gmt the": 0.021623007732063323,
  "large area or": 0.021623007732063323,
  "jitterapr gmt": 0.021623007732063323,
  "version": 0.005555691360136788,
  "santa": 0.010422355516074082,
  "large": 0.013241249985477977,
  "be grateful": 0.014684025569731564,
  "documented": 0.0120827285782052,
  "failing that the": 0.01922429094457837,
  "close a large": 0.021623007732063323,
  "discovered that": 0.012346817247239397,
  "simply couldnt": 0.018596164148832122,
  "endured this seemed": 0.021623007732063323,
  "a large window": 0.021623007732063323,
  "monitor jitterapr gmt": 0.021623007732063323,
  "screen": 0.016500673145811343,
  "adopt an": 0.020109585940447722,
  "largely light screen": 0.021623007732063323,
  "apple service technical": 0.021623007732063323,
  "guess he meant": 0.021623007732063323,
  "recapitulate": 0.020109585940447722,
  "supply simply": 0.021623007732063323,
  "institutesfisantafeede xnewsreader tin": 0.021623007732063323,
  "recapitulate occasionally every": 0.021623007732063323,
  "large window highlight": 0.021623007732063323,
  "large area": 0.020109585940447722,
  "highlight a large": 0.021623007732063323,
  "section describes": 0.020109585940447722,
  "involving the replacement": 0.021623007732063323,
  "email": 0.004560999797992393,
  "capacitor the": 0.021623007732063323,
  "extreme was": 0.021623007732063323,
  "stoicism except for": 0.021623007732063323,
  "monitors power supply": 0.043246015464126646,
  "overtaxed the": 0.021623007732063323,
  "email to": 0.010189728337238108,
  " monitor jitterapr": 0.021623007732063323,
  "the rapid": 0.01708274235721652,
  "documented in the": 0.016595529363080692,
  "highlight a": 0.021623007732063323,
  "momentarily loses": 0.021623007732063323,
  "fundamental": 0.010501282402790918,
  "potentiometer or failing": 0.021623007732063323,
  "replacement of a": 0.021623007732063323,
  "service technical": 0.021623007732063323,
  "occasionally every two": 0.021623007732063323,
  "describes a": 0.016022681624068703,
  "procedures volume under": 0.021623007732063323,
  "monitor momentarily": 0.021623007732063323,
  "heading": 0.01247528995471305,
  "a largely light": 0.021623007732063323,
  "that the swap": 0.021623007732063323,
  "area or do": 0.021623007732063323,
  "my monitor momentarily": 0.021623007732063323,
  "is documented": 0.01682557415709341,
  "so fundamental": 0.021623007732063323,
  "replies at": 0.021623007732063323,
  "sort": 0.006877510093203544,
  "power": 0.011793346483675832,
  "the section describes": 0.021623007732063323,
  "monitors power": 0.043246015464126646,
  "discussion among": 0.021623007732063323,
  "reply": 0.007890004302131017,
  "the entire raster": 0.021623007732063323,
  "apple": 0.016424891422260467,
  "supply there was": 0.021623007732063323,
  "tin": 0.006696677432331737,
  "dark one": 0.01922429094457837,
  "very problem": 0.018108951154696292,
  "radically alters the": 0.021623007732063323,
  "stoicism": 0.021623007732063323,
  "persuasive and i": 0.021623007732063323,
  "change from": 0.01543695239569604,
  "my apple": 0.01586087382460643,
  "alters the": 0.01922429094457837,
  "large window": 0.020109585940447722,
  "version several weeks": 0.021623007732063323,
  "screen sometimes though": 0.021623007732063323,
  "xnewsreader": 0.006405124173326229,
  "email to recapitulate": 0.021623007732063323,
  "sudden changes": 0.021623007732063323,
  "the raster": 0.016595529363080692,
  "had experience": 0.016595529363080692,
  "persuasive": 0.014975578828737072,
  "grateful for a": 0.021623007732063323,
  "an attitude": 0.014874006742198007,
  "of a capacitor": 0.020109585940447722,
  "board": 0.007787143690258868,
  "raster image bounces": 0.021623007732063323,