{
  "wright state university": 0.09951068783109238,
  "sytem": 0.1071766575288379,
  "state": 0.03047326771350478,
  "sad mac": 0.21801170937615588,
  "disk i": 0.09103069867484274,
  "est": 0.06099039846190824,
  "code": 0.0895535392718717,
  "mac upon powerup": 0.126166991242809,
  "a clue": 0.07726928307183133,
  "means thanks steve": 0.13566215809979457,
  "code apr est": 0.13566215809979457,
  "get sad mac": 0.126166991242809,
  "of the sytem": 0.126166991242809,
  "mac code apr": 0.126166991242809,
  "state university": 0.04269343274904003,
  "university hello": 0.11667182438582345,
  "clue to what": 0.1206126746933821,
  "of a mac": 0.10281427765050181,
  "get sad": 0.126166991242809,
  "upon powerup": 0.1206126746933821,
  "insertion of the": 0.1206126746933821,
  "new owner": 0.1071766575288379,
  "steve": 0.04506785373843073,
  "steve ": 0.16203708204714323,
  "university hello i": 0.13566215809979457,
  "est wright": 0.10281427765050181,
  "disk": 0.047919302510330976,
  "disk i get": 0.126166991242809,
  "owner": 0.051118314299645036,
  "code can anyone": 0.1206126746933821,
  "the sytem disk": 0.126166991242809,
  "clue": 0.06985365063769515,
  "sytem disk": 0.126166991242809,
  "mac code can": 0.126166991242809,
  "state university hello": 0.126166991242809,
  "thanks steve": 0.09395637128166547,
  "sad": 0.1274264140613253,
  "mac upon": 0.126166991242809,
  "powerup and": 0.11667182438582345,
  "sad mac code": 0.2412253493867642,
  "insertion": 0.09212717412242544,
  "sytem disk i": 0.126166991242809,
  "est wright state": 0.10281427765050181,
  "powerup": 0.098565580002504,
  "and insertion": 0.126166991242809,
  "code can": 0.09606802442998408,
  "me a clue": 0.11667182438582345,
  "proud new owner": 0.126166991242809,
  "a mac": 0.06563492812230766,
  "wright": 0.07726928307183133,
  "code apr": 0.11667182438582345,
  "mac": 0.1404946153006747,
  "owner of": 0.08413886884371835,
  "wright state": 0.09951068783109238,
  "apr est": 0.07299488442166603,
  "the sytem": 0.126166991242809,
  "i get sad": 0.126166991242809,
  "apr est wright": 0.10281427765050181,
  "clue to": 0.10411989655193092,
  "apr": 0.0179975847710841,
  "insertion of": 0.1206126746933821,
  "mac code": 0.2412253493867642,
  "powerup and insertion": 0.126166991242809,
  "owner of a": 0.10411989655193092,
  "university": 0.013372002096342693
}