{
  "price wedapr gmt": 0.057244725672167644,
  "vx board": 0.05323809457066507,
  "illinois microorder": 0.05323809457066507,
  "quotevendor for": 0.05323809457066507,
  "doesnt include": 0.04121820126615735,
  "tradein rebate of": 0.05323809457066507,
  "price is": 0.03213602381174173,
  "the university": 0.021450722842833125,
  "price of till": 0.05323809457066507,
  "ive been": 0.02312545784903836,
  "will cost": 0.03863850703131099,
  "vx centris": 0.05323809457066507,
  "sender net": 0.023723958883378474,
  "other vendors": 0.0391204816494558,
  "fpu and ethernet": 0.05089436562206297,
  "till august": 0.05323809457066507,
  "center are": 0.04794161635173931,
  "a price quotevendor": 0.05323809457066507,
  "meg onboard with": 0.05323809457066507,
  "wedapr gmt": 0.015993377645634424,
  "have a price": 0.05323809457066507,
  "vx to": 0.05323809457066507,
  "centris upgrade price": 0.05323809457066507,
  "any info": 0.027558029504247055,
  "center": 0.01692441395276908,
  "fpu and": 0.043384059355414055,
  "the tradein": 0.0492314634691625,
  "the vx": 0.10647618914133014,
  "gmt sender": 0.010393237143236143,
  "doesnt": 0.012736966091838248,
  "sender": 0.003782390437668299,
  "centrisupgrade ive been": 0.05323809457066507,
  "a price": 0.06903481975214655,
  "microorder center": 0.05323809457066507,
  "vendors who": 0.0492314634691625,
  "any other vendors": 0.05323809457066507,
  "cost this of": 0.05323809457066507,
  "centris": 0.061843475718895514,
  "who offer": 0.04599669012849531,
  "quotevendor": 0.05323809457066507,
  "noise": 0.021754063520570795,
  "this price": 0.04086776992617796,
  "centrisupgrade ive": 0.05323809457066507,
  "johann": 0.0492314634691625,
  "vx": 0.11110109791592812,
  "noise owner university": 0.026309129524907146,
  "illinois microorder center": 0.05323809457066507,
  "gets a centris": 0.05323809457066507,
  "price quotevendor for": 0.05323809457066507,
  "centris meg onboard": 0.05323809457066507,
  "vendors who offer": 0.05323809457066507,
  "illinois at urbana": 0.02549292542164424,
  "price of": 0.029198307961649624,
  "a centris": 0.03887447231755524,
  "of illinois microorder": 0.05323809457066507,
  "of illinois": 0.04516630581116742,
  "onboard with": 0.05323809457066507,
  "ethernet anyone": 0.05323809457066507,
  "of till": 0.05323809457066507,
  "urbana anyone": 0.05323809457066507,
  "include the": 0.029428631132442686,
  "august after": 0.05323809457066507,
  "university of": 0.018254349232116794,
  "onboard": 0.035113850547953226,
  "price quotevendor": 0.05323809457066507,
  "vx centris upgrade": 0.05323809457066507,
  "net noise": 0.0251243322519391,
  "meg": 0.03104472860191761,
  "doesnt include the": 0.046887734520560394,
  "upgrade": 0.025937786931101634,
  "to centrisupgrade ive": 0.05323809457066507,
  "rebate of": 0.05323809457066507,
  "gmt sender net": 0.025613103281003052,
  "till": 0.02851748116594799,
  "vendors": 0.030625244828305843,
  "prices": 0.02523701314604894,
  "info": 0.017139035013110072,
  "owner university": 0.026200575220562655,
  "ethernet anyone else": 0.05323809457066507,
  "rebate": 0.044544005571958284,
  "net": 0.016542924147342153,
  "cost this": 0.05323809457066507,
  "centris meg": 0.05323809457066507,
  "offer similar": 0.05089436562206297,
  "quoted a price": 0.04794161635173931,
  "vx board thus": 0.05323809457066507,
  "upgrade price": 0.05089436562206297,
  "johann ": 0.11448945134433529,
  "gmt": 0.0009504616420038865,
  "ive been quoted": 0.0492314634691625,
  "both the fpu": 0.05323809457066507,
  "quoted a": 0.04522483236765992,
  "august after which": 0.05323809457066507,
  "info this price": 0.05323809457066507,
  "course doesnt": 0.05323809457066507,
  "wedapr gmt sender": 0.03260495759678432,
  "course doesnt include": 0.05323809457066507,
  "include": 0.019079477740437376,
  "tradein rebate": 0.05323809457066507,
  "ethernet": 0.0305107787745707,
  "center are there": 0.05323809457066507,
  "meg onboard": 0.05323809457066507,
  "ive": 0.012005169975890111,
  "owner university of": 0.026200575220562655,
  "fpu": 0.03268694970656441,
  "for the vx": 0.10647618914133014,
  "august": 0.029381826449017143,
  "the fpu": 0.03841179770672555,
  "onboard with both": 0.05323809457066507,
  "price is from": 0.05089436562206297,
  "similar prices": 0.05323809457066507,
  "the vx board": 0.05323809457066507,
  "the tradein rebate": 0.05323809457066507,
  "to centrisupgrade": 0.05323809457066507,
  "board thus": 0.05323809457066507,
  "university of illinois": 0.04545752256063052,
  "prices johann ": 0.057244725672167644,
  "at urbana": 0.02549292542164424,
  "wedapr": 0.015362326437517154,
  "prices johann": 0.057244725672167644,
  "similar prices johann": 0.057244725672167644,
  "owner": 0.021570155744936922,
  "info this": 0.044544005571958284,
  "it will cost": 0.04599669012849531,
  "price": 0.07208670280409418,
  "offer": 0.02024901789581608,
  "microorder center are": 0.05323809457066507,
  "board": 0.02061567520311307,
  "offer similar prices": 0.05323809457066507,
  "board thus for": 0.05323809457066507,
  "have any info": 0.03739508865202229,
  "and ethernet": 0.04599669012849531,
  "noise owner": 0.0251243322519391,
  "quotevendor for the": 0.05323809457066507,
  "till august after": 0.05323809457066507,
  "urbana": 0.02445094956134977,
  "been quoted": 0.043384059355414055,
  "of till august": 0.05323809457066507,
  "centrisupgrade": 0.05323809457066507,
  "centris upgrade": 0.05323809457066507,
  "illinois": 0.042807264361182804,
  "a centris meg": 0.05323809457066507,
  "vx to centrisupgrade": 0.05323809457066507,
  "cost": 0.019385472826885505,
  "illinois at": 0.023812210167371478,
  "rebate of for": 0.05323809457066507,
  "microorder": 0.05323809457066507,
  "of course doesnt": 0.05323809457066507,
  "include the tradein": 0.05323809457066507,
  "sender net noise": 0.0251243322519391,
  "upgrade price wedapr": 0.057244725672167644,
  "price wedapr": 0.057244725672167644,
  "urbana anyone have": 0.057244725672167644,
  "net noise owner": 0.0251243322519391,
  "quoted": 0.025912153422038824,
  "from the university": 0.043384059355414055,
  "tradein": 0.043934985250236744,
  "university": 0.011285042231595568
}