{
  "up fine": 0.018519584639399424,
  "list of": 0.009090774250322346,
  "waiting to": 0.014559308257234798,
  "has refused": 0.01944530406430391,
  "list of buggedowners": 0.02261035968329909,
  "the file fax": 0.02261035968329909,
  "oracle add": 0.02261035968329909,
  "backlighting": 0.02261035968329909,
  "open": 0.007365876895063623,
  "xdisclaimer this": 0.012388129513257524,
  "aboutminutes": 0.014627465707348224,
  "up until powered": 0.02261035968329909,
  "shores ca": 0.03256049689061745,
  "am waiting": 0.016011337404997345,
  "for aboutminutes": 0.017353316091988487,
  "fine but with": 0.018935843901486078,
  "sender": 0.0014939578669329126,
  "disk spins when": 0.02261035968329909,
  "message": 0.006219245597673444,
  "disk spins": 0.01944530406430391,
  "fine but": 0.012440616997788801,
  "an unauthenticated": 0.01517178311247379,
  "modem preferences": 0.0210278318738015,
  "memory and": 0.013379649026142585,
  "opinions": 0.006177858874859388,
  "refused to": 0.012165814070277671,
  "brought the machine": 0.02261035968329909,
  "oracle corp": 0.015770788282490893,
  "buggedowners": 0.02261035968329909,
  "oracle add me": 0.02261035968329909,
  "machine has": 0.033508621843942765,
  "snaps open and": 0.02261035968329909,
  "replaced": 0.009871250491549728,
  "forrest": 0.0331702292770308,
  "like red": 0.0210278318738015,
  "no mouse action": 0.02261035968329909,
  "fax": 0.013883925243075806,
  "looked like red": 0.02261035968329909,
  "opened the docking": 0.02261035968329909,
  "sender oracle news": 0.015451697089853545,
  "user": 0.016285442055427223,
  "oracle corporationoracle": 0.0210278318738015,
  "forrest forrest": 0.02261035968329909,
  "have removed": 0.02010211244889702,
  "horizontal lines": 0.016754310921971383,
  "the file": 0.01071655568137804,
  "to wake": 0.015451697089853545,
  "the machine": 0.05435700895870254,
  "door": 0.009626397682523248,
  "waiting to see": 0.018519584639399424,
  "waiting": 0.009995170324550728,
  "time this": 0.025756427690610446,
  "the opinions expressed": 0.010939154687051277,
  "few decades": 0.017353316091988487,
  "expressed are those": 0.01202878665081134,
  "preferences": 0.014627465707348224,
  "re duocrashes": 0.017862776254806315,
  "removed all": 0.02010211244889702,
  "disinfectent i": 0.02261035968329909,
  "mouse action twice": 0.02261035968329909,
  "duocrashes aftersleep sender": 0.02261035968329909,
  "the docking": 0.02010211244889702,
  "preferences has been": 0.02261035968329909,
  "by an unauthenticated": 0.01517178311247379,
  "oracle corporation": 0.015085617980092862,
  "monapr gmt xdisclaimer": 0.018935843901486078,
  "the user": 0.009995170324550728,
  "removed": 0.010502357610104856,
  "disinfectent": 0.02261035968329909,
  "oracle news": 0.015451697089853545,
  "a bunch": 0.009542813788430644,
  "software and": 0.012846281786002164,
  "corp monapr": 0.017593865214494936,
  "open and the": 0.018519584639399424,
  "unauthenticated": 0.01517178311247379,
  "finally it died": 0.02261035968329909,
  "memory and am": 0.02261035968329909,
  "bunch": 0.009140274401147286,
  "removing both power": 0.02261035968329909,
  "good battery the": 0.02261035968329909,
  "problems regarding": 0.02261035968329909,
  "for minute": 0.02261035968329909,
  "powered down for": 0.0210278318738015,
  "door which snaps": 0.02261035968329909,
  "techworks": 0.017593865214494936,
  "fax and": 0.016427596667084002,
  "power adaptor is": 0.02261035968329909,
  "buggedowners i": 0.02261035968329909,
  "corrupted": 0.013869169280355954,
  "duocrashes": 0.017862776254806315,
  "written": 0.00789773124334375,
  "of oracle add": 0.02261035968329909,
  "been corrupted": 0.01944530406430391,
  "third party": 0.013379649026142585,
  "screen had": 0.02261035968329909,
  "plugged": 0.013772001210906649,
  "powered": 0.012846281786002164,
  "wake up acutally": 0.02261035968329909,
  "start": 0.006385231514971919,
  "docking door which": 0.02261035968329909,
  "nntppostinghost": 0.003887613571407395,
  "sender oracle": 0.015451697089853545,
  "happened removing both": 0.02261035968329909,
  "usoraclecom": 0.018519584639399424,
  "fax and modem": 0.02261035968329909,
  "memory": 0.007791356179868712,
  "adaptor": 0.028610736902094144,
  "buggedowners i had": 0.02261035968329909,
  "snaps open": 0.02261035968329909,
  "party memory and": 0.02261035968329909,
  "aftersleep sender oracle": 0.02261035968329909,
  "machine has refused": 0.02261035968329909,
  "and battery": 0.017862776254806315,
  "add": 0.007826266722787472,
  "aftersleep sender": 0.02261035968329909,
  "processor": 0.01132807104720479,
  "adaptor and battery": 0.02261035968329909,
  "powered down": 0.01944530406430391,
  "with a good": 0.01517178311247379,
  "door which": 0.02010211244889702,
  "it both timse": 0.02261035968329909,
  "lines": 0.008195866426958694,
  "processor board": 0.0210278318738015,
  "corp": 0.008808977687783085,
  "machine wouldnt wake": 0.02261035968329909,
  "disk": 0.007986550418388496,
  "a good battery": 0.02261035968329909,
  "corrupted according to": 0.02261035968329909,
  "xdisclaimer": 0.011479772187406052,
  "oracle corporation the": 0.01517178311247379,
  "the first time": 0.010571547905756292,
  "start until": 0.0210278318738015,
  "modem": 0.01939427274185,
  "parkway boxredwood shores": 0.0210278318738015,
  "accross it": 0.02261035968329909,
  "howard oracle corporationoracle": 0.0210278318738015,
  "timse the": 0.02261035968329909,
  "died": 0.009165432837790232,
  "red horizontal": 0.02261035968329909,
  "disinfectent i have": 0.02261035968329909,
  "the techworks": 0.02261035968329909,
  "board now twice": 0.02261035968329909,
  "modem software and": 0.02261035968329909,
  "preferences has": 0.02261035968329909,
  "file fax": 0.02261035968329909,
  "problems regarding sleepwakeuprestart": 0.02261035968329909,
  "happened removing": 0.02261035968329909,
  "which snaps": 0.02261035968329909,
  "software": 0.006157443492723175,
  "apple replaced": 0.02261035968329909,
  "both power adaptor": 0.02261035968329909,
  "all the fax": 0.02261035968329909,
  "machine": 0.037135370921205266,
  "was written": 0.011201199240915267,
  "power": 0.012331855455533175,
  "timse the file": 0.02261035968329909,
  "poster nntppostinghost": 0.013151147979208836,
  "message was": 0.01202878665081134,
  "at oracle corporation": 0.01517178311247379,
  "apple": 0.008587443232186407,
  "and am waiting": 0.017593865214494936,
  "clock a few": 0.02261035968329909,
  "poster": 0.008760797833747157,
  "frozen": 0.014076867404113319,
  "add me to": 0.0210278318738015,
  "a few decades": 0.017862776254806315,
  "red": 0.00828441899553211,
  "oracle": 0.06959674716340962,
  "according to disinfectent": 0.02261035968329909,
  "thewhen i first": 0.02261035968329909,
  "mouse": 0.010041109601261734,
  "wake": 0.02472466288380303,
  "the power": 0.009412315126695601,
  "corporationoracle parkway": 0.0210278318738015,
  "refused to wake": 0.02261035968329909,
  "thewhen i": 0.02261035968329909,
  "refused": 0.011279664180422592,
  "minute brought the": 0.02261035968329909,
  "gmt xdisclaimer": 0.014305368451047072,
  "time this happened": 0.04522071936659818,
  "frozen no": 0.02261035968329909,
  "corporation the opinions": 0.015002586829017804,
  "battery for": 0.01816764244801299,
  "corporation the": 0.014845068857586408,
  "an unauthenticated user": 0.01517178311247379,
  "and the disk": 0.01816764244801299,
  "techworks ram finally": 0.02261035968329909,
  "machine came": 0.0210278318738015,
  "expressed": 0.008729233667099115,
  "of oracle": 0.015085617980092862,
  "again forrest": 0.02261035968329909,
  "parkway boxredwood": 0.0210278318738015,
  "timse": 0.02261035968329909,
  "good": 0.0036896364965077716,
  "machine wouldnt": 0.02261035968329909,
  "adaptor is": 0.02261035968329909,
  "decades off apple": 0.02261035968329909,
  "mouse action": 0.02261035968329909,
  "a good": 0.006191571258558501,