{
  "dont": 0.009988508841450534,
  "change": 0.024359555210537297,
  "i was reading": 0.0595432804235225,
  "friapr gmt i": 0.04257219131125138,
  "months": 0.030251897094536757,
  "the reviewer": 0.07549336361250047,
  "reviewer said": 0.08117489787938527,
  "dont think": 0.027099933109822553,
  "much talk": 0.07549336361250047,
  "chip and change": 0.08117489787938527,
  "chip": 0.026781893324576693,
  "this months": 0.06230124957615539,
  "reading a review": 0.07549336361250047,
  "centrisin this": 0.08117489787938527,
  "centrisin": 0.08117489787938527,
  "review of the": 0.0570401521485128,
  "talk": 0.028148255938436315,
  "talk about": 0.03604922955207082,
  "sender": 0.005363553653414883,
  "ideas ": 0.13962365869123136,
  "netnews university": 0.06648834485292582,
  "friapr gmt": 0.01886422607712981,
  "netnews": 0.034757189025811944,
  "clock": 0.035722623744306896,
  "review": 0.03556407486854352,
  "make an adjustment": 0.08117489787938527,
  "reading": 0.027044210792496155,
  "with fpu": 0.0595432804235225,
  "clock speed": 0.05583848432726793,
  "denver denver": 0.07216987911981061,
  "centrisclock": 0.07549336361250047,
  "usa friapr gmt": 0.03879388152661353,
  "the chip": 0.038609677790121255,
  "of the centrisin": 0.08117489787938527,
  "i dont": 0.014963770307771174,
  "denver colorado usa": 0.08117489787938527,
  "adjustment": 0.10271723576325603,
  "the clock speed": 0.06522481469040729,
  "speed of": 0.043593197234544516,
  "and change": 0.050345388734356074,
  "adjustment sender netnews": 0.08117489787938527,
  "of denver denver": 0.07216987911981061,
  "fpu that": 0.08117489787938527,
  "heard of": 0.03415381347381812,
  "university of": 0.012942632857197565,
  "usa": 0.019017131286734767,
  "adjustment sender": 0.07549336361250047,
  "chip and": 0.04235359912205334,
  "centrisin this months": 0.08117489787938527,
  "centrisclock adjustment": 0.07549336361250047,
  "adjustment on": 0.07549336361250047,
  "colorado usa": 0.07216987911981061,
  "replacement with fpu": 0.08117489787938527,
  "friapr": 0.018128530479298827,
  "adjustment on the": 0.08117489787938527,
  "an adjustment": 0.07549336361250047,
  "sender netnews": 0.035917021503465214,
  "macworld": 0.0547906698066951,
  "university of denver": 0.04485672739706303,
  "macworld and": 0.06798278384304018,
  "review of": 0.04789257812080807,
  "speed": 0.027739264371677112,
  "sender netnews university": 0.06648834485292582,
  "gmt i": 0.027799936160985864,
  "this months macworld": 0.08117489787938527,
  "was reading": 0.057951837682203175,
  "colorado": 0.03281508350575829,
  "reviewer said that": 0.08117489787938527,
  "thechip": 0.06798278384304018,
  "of the chip": 0.05329623081658072,
  "gmt": 0.001347785771038298,
  "ideas": 0.02963507361576409,
  "denver": 0.07815637875794658,
  "the centrisin": 0.08117489787938527,
  "change it": 0.051358617881628016,
  "heard of this": 0.05512527631915621,
  "thechip replacement": 0.08117489787938527,
  "replacement": 0.04038199835134778,
  "months macworld": 0.08117489787938527,
  "i havent": 0.031153925792388803,
  "colorado usa friapr": 0.08117489787938527,
  "the clock": 0.046958608781880046,
  "fpu": 0.04635116638717741,
  "denver colorado": 0.06798278384304018,
  "heard": 0.022167264758990404,
  "havent heard": 0.04803513338893814,
  "dont think that": 0.04140415801119168,
  "talk about anyone": 0.08117489787938527,
  "so much talk": 0.07549336361250047,
  "havent": 0.026517289285799998,
  "i havent heard": 0.052270303415318374,
  "fpu that i": 0.08117489787938527,
  "and i dont": 0.03808067351850182,
  "macworld and the": 0.08117489787938527,
  "on the clock": 0.06152001859415273,
  "to i havent": 0.08117489787938527,
  "replacement with": 0.07549336361250047,
  "reviewer": 0.06798278384304018,
  "speed of the": 0.05357411238769286,
  "is thechip replacement": 0.08117489787938527,
  "have any ideas": 0.05329623081658072,
  "usa friapr": 0.03874744105500962,
  "clock speed of": 0.06522481469040729,
  "havent heard of": 0.05844876081184608,
  "centrisclock adjustment sender": 0.08117489787938527,
  "a review": 0.052270303415318374,
  "thechip replacement with": 0.08117489787938527,
  "this is thechip": 0.08117489787938527,
  "gmt i was": 0.054159841600661264,
  "netnews university of": 0.06648834485292582,
  "and the reviewer": 0.08117489787938527,
  "denver denver colorado": 0.07216987911981061,
  "any ideas": 0.040553364620358544,
  "is thechip": 0.08117489787938527,
  "months macworld and": 0.08117489787938527,
  "of denver": 0.04221104385392327,
  "reading a": 0.05073578257853029,
  "change it from": 0.08117489787938527,
  "university": 0.00800127994289358
}