{
  "chime new": 0.057244725672167644,
  "my classic": 0.0492314634691625,
  "repowerup this": 0.05323809457066507,
  "the music": 0.041591256301634634,
  "willie": 0.03577899118254737,
  "whats that chime": 0.05089436562206297,
  "on the music": 0.05323809457066507,
  "like domisoldo": 0.05323809457066507,
  "c on": 0.04599669012849531,
  "unusual": 0.028847876621670234,
  "usual powerup": 0.05323809457066507,
  "happened": 0.019262743230898372,
  "once at startup": 0.05323809457066507,
  "memory": 0.01972609252475431,
  "c": 0.031904276746599784,
  "c e g": 0.05323809457066507,
  "e": 0.01911882674753579,
  "unusual chimes mean": 0.05323809457066507,
  "sites but": 0.043934985250236744,
  "after the usual": 0.05323809457066507,
  "chimes mean": 0.05323809457066507,
  "mexico": 0.02957136299712692,
  "faqs": 0.03418701442035103,
  "powerup": 0.041591256301634634,
  "chimes kinda like": 0.05323809457066507,
  "kinda like": 0.03863850703131099,
  "spurious memory check": 0.05323809457066507,
  "find": 0.012264633422252386,
  "scale and it": 0.05089436562206297,
  "check error": 0.05089436562206297,
  "i cant remember": 0.03329597002828596,
  "thuapr gmt": 0.014782238909663065,
  "happy mac i": 0.05323809457066507,
  "mean a spurious": 0.05323809457066507,
  "remember the answer": 0.05323809457066507,
  "the usual": 0.028398294534718302,
  "or c e": 0.05323809457066507,
  "domisoldo": 0.05323809457066507,
  "gmt it": 0.03758462520013206,
  "gmt it happened": 0.057244725672167644,
  "hanged before": 0.05323809457066507,
  "e g": 0.04599669012849531,
  "unusual chimes": 0.05323809457066507,
  "happened to my": 0.042418428808228124,
  "the faqs": 0.037211570164654775,
  "happy": 0.02177903266013447,
  "error thanks willie": 0.05323809457066507,
  "had to repowerup": 0.05323809457066507,
  "startup after the": 0.05323809457066507,
  "remember the": 0.025861224926766253,
  "avail": 0.034405166605222984,
  "the happy mac": 0.0492314634691625,
  "willie ": 0.10647618914133014,
  "g c": 0.0492314634691625,
  "the answer ive": 0.05089436562206297,
  "avail can": 0.05323809457066507,
  "new mexico": 0.03191509194572902,
  "check": 0.019174369285724437,
  "g": 0.02148629432014167,
  "ii once at": 0.05323809457066507,
  "find the": 0.024236477016821578,
  "answer from": 0.04086776992617796,
  "domisoldo or c": 0.05323809457066507,
  "spurious memory": 0.05323809457066507,
  "and it hanged": 0.05323809457066507,
  "ftp sites": 0.03377395682507852,
  "spurious": 0.04053737447045571,
  "thuapr gmt it": 0.04599669012849531,
  "tried to find": 0.042418428808228124,
  "ive tried": 0.031843285471748924,
  "there were chimes": 0.05323809457066507,
  "thuapr": 0.014097269980627027,
  "chimes": 0.09044966473531985,
  "happened to": 0.02614705310834996,
  "at startup": 0.04199005902699274,
  "were chimes": 0.05323809457066507,
  "the music scale": 0.05323809457066507,
  "what those unusual": 0.05323809457066507,
  "c on the": 0.05089436562206297,
  "tone there": 0.05323809457066507,
  "error": 0.02161862853901943,
  "those unusual": 0.05323809457066507,
  "g c on": 0.05323809457066507,
  "answer ive": 0.0492314634691625,
  "ftp sites but": 0.05323809457066507,
  "classic ii once": 0.05323809457066507,
  "the answer": 0.0502486645038782,
  "happy mac": 0.04794161635173931,
  "other ftp": 0.046887734520560394,
  "that chime": 0.05089436562206297,
  "tone": 0.03268694970656441,
  "music scale": 0.05323809457066507,
  "tech thuapr": 0.057244725672167644,
  "hanged": 0.039646330078390635,
  "hanged before giving": 0.05323809457066507,
  "music scale and": 0.05323809457066507,
  "gmt": 0.0009504616420038865,
  "e g c": 0.05323809457066507,
  "new mexico tech": 0.046887734520560394,
  "cant remember": 0.031234265150027387,
  "and other ftp": 0.05323809457066507,
  "mac i had": 0.05323809457066507,
  "classic": 0.029020437102304234,
  "the usual powerup": 0.05323809457066507,
  "ii once": 0.05323809457066507,
  "thanks willie": 0.05323809457066507,
  "c e": 0.04199005902699274,
  "repowerup": 0.05323809457066507,
  "tech thuapr gmt": 0.057244725672167644,
  "faqs and": 0.04599669012849531,
  "repowerup this was": 0.05323809457066507,
  "ftp": 0.022127118556048084,
  "a spurious": 0.046887734520560394,
  "scale and": 0.043934985250236744,
  "mexico tech thuapr": 0.057244725672167644,
  "tone there were": 0.05323809457066507,
  "my classic ii": 0.05323809457066507,
  "kinda like domisoldo": 0.05323809457066507,
  "powerup tone there": 0.05323809457066507,
  "scale": 0.02828151587970374,
  "usual": 0.024905353535740832,
  "were chimes kinda": 0.05323809457066507,
  "chimes kinda": 0.05323809457066507,
  "answer": 0.03488818348266111,
  "the happy": 0.04522483236765992,
  "or c": 0.03992835414873417,
  "ii": 0.020974424971347192,
  "chimes mean a": 0.05323809457066507,
  "no avail": 0.03577899118254737,
  "chime new mexico": 0.057244725672167644,
  "ive tried to": 0.04053737447045571,
  "chime": 0.046887734520560394,
  "find the answer": 0.04599669012849531,
  "to no avail": 0.036530743368953136,
  "remember": 0.01610949940573143,
  "sites": 0.025963534620982442,
  "those unusual chimes": 0.05323809457066507,
  "other ftp sites": 0.0492314634691625,
  "tech": 0.024673687503559263,
  "faqs and other": 0.05323809457066507,
  "a spurious memory": 0.05323809457066507,
  "it happened": 0.03367514507155655,
  "startup": 0.03098290612147398,
  "to repowerup": 0.05323809457066507,
  "from the faqs": 0.05323809457066507,
  "mac": 0.019761285003755784,
  "error thanks": 0.05089436562206297,
  "answer ive tried": 0.05323809457066507,
  "answer from the": 0.046887734520560394,
  "memory check": 0.0492314634691625,
  "domisoldo or": 0.05323809457066507,
  "to find": 0.018420478426381646,
  "usual powerup tone": 0.05323809457066507,
  "avail can anyone": 0.05323809457066507,
  "giving the happy": 0.05323809457066507,
  "it hanged": 0.05323809457066507,
  "ive": 0.012005169975890111,
  "sites but to": 0.05323809457066507,
  "mexico tech": 0.046887734520560394,
  "kinda": 0.029918784523541398,
  "music": 0.02682455116982727,
  "powerup tone": 0.05323809457066507,
  "mac i": 0.04086776992617796,
  "memory check error": 0.05323809457066507,
  "classic ii": 0.04522483236765992,
  "check error thanks": 0.05323809457066507,
  "startup after": 0.05323809457066507,
  "to my classic": 0.05323809457066507
}