{
  "dont": 0.003413439996237998,
  "stated": 0.010615281124517567,
  "stations suns": 0.024663095945705586,
  "formin": 0.024663095945705586,
  "responsible": 0.010659000725822864,
  "softwares or": 0.027740441292114854,
  "it does save": 0.027740441292114854,
  "onhours": 0.035562966273364645,
  "in article": 0.007206034466195531,
  "all the computers": 0.021915675068922037,
  "shuts off": 0.02579885255105058,
  "ive": 0.005817631388876721,
  "if left untouched": 0.024663095945705586,
  "hsiung yang": 0.023232211845520732,
  "a day": 0.01297013440538167,
  "to police searches": 0.019492713059155637,
  "seizures make": 0.019492713059155637,
  "left onhours": 0.02228971258327644,
  "formin none": 0.02579885255105058,
  "force not responsible": 0.019492713059155637,
  "untouched": 0.042581246208912925,
  "have turned": 0.018508405252887043,
  "ibm": 0.010315818966905501,
  "the necessary softwares": 0.027740441292114854,
  "installing": 0.014812932841579113,
  "monitors": 0.012984536084654552,
  "police": 0.010195908343678933,
  "matthew t russotto": 0.037447964797853235,
  "engineering": 0.00868611422397953,
  "decs": 0.019492713059155637,
  "mostly work": 0.024663095945705586,
  "hardwares that allows": 0.027740441292114854,
  "chung yang matthew": 0.027740441292114854,
  "news": 0.004300023817951607,
  "which turns": 0.02385726380998631,
  "article matthew": 0.017946302464477655,
  "for bodily": 0.019492713059155637,
  "lot of": 0.008430479514516436,
  "russotto": 0.037447964797853235,
  "the unix": 0.01747836385197579,
  "stated that": 0.01368643614697501,
  "officials and": 0.019082059069822653,
  "turned": 0.011079278857435173,
  "and educational institutions": 0.024663095945705586,
  "day apr": 0.02228971258327644,
  "necessary softwares": 0.027740441292114854,
  "world university": 0.017551124318091367,
  "included industries": 0.024663095945705586,
  "turns monitor": 0.024663095945705586,
  "police searches": 0.01934903436339219,
  "chung yang": 0.02158575059929631,
  "unix works": 0.027740441292114854,
  "article matthew t": 0.023232211845520732,
  "industries and": 0.020779918463577036,
  "ann arborparonomasiaenginumichedu in": 0.027740441292114854,
  "a daydays": 0.021023647810886927,
  "computers in the": 0.021023647810886927,
  "harm resulting from": 0.019492713059155637,
  "left": 0.024691236938517616,
  "arborparonomasiaenginumichedu in": 0.027740441292114854,
  "work stations": 0.02385726380998631,
  "computers": 0.011976796715950606,
  "the suns": 0.019974086327857764,
  "university of": 0.004422972573047908,
  "daydays": 0.021023647810886927,
  "article leslie": 0.02385726380998631,
  "expect disclaimer": 0.019492713059155637,
  "softwares": 0.01934903436339219,
  "use force": 0.01803249758679349,
  "bodily": 0.016672531716256517,
  "when left": 0.02579885255105058,
  "a cnn factiod": 0.02228971258327644,
  "dont recall": 0.016090908845729217,
  "disclaimer here just": 0.019492713059155637,
  "apr": 0.003680178398569018,
  "installing the": 0.020154866499111464,
  "russotto writes": 0.02228971258327644,
  "force": 0.009892789058972399,
  "last few months": 0.01812142951484554,
  "ann arborparonomasiaenginumichedu": 0.027740441292114854,
  "stated that of": 0.02228971258327644,
  "decs or ive": 0.02579885255105058,
  "automatically": 0.013338022366337094,
  "educational institutions": 0.021023647810886927,
  "dec ibm etc": 0.024663095945705586,
  "chung": 0.03869806872678438,
  "writes a cnn": 0.024663095945705586,
  "hsiung yang writes": 0.023232211845520732,
  "when left untouched": 0.027740441292114854,
  "hardwares that": 0.027740441292114854,
  "readers": 0.012670700806007124,
  "ibm etc etc": 0.024663095945705586,
  "factiod in the": 0.02228971258327644,
  "energy chung yang": 0.027740441292114854,
  "of michigan": 0.015760984376103494,
  "shuts off its": 0.027740441292114854,
  "jones writes a": 0.02385726380998631,
  "turned off the": 0.021023647810886927,
  "michigan": 0.012376864447603214,
  "institutions": 0.016090908845729217,
  "energy": 0.012581768877955077,
  "included": 0.01054188512341386,
  "works stations": 0.027740441292114854,
  "responsible for bodily": 0.019492713059155637,
  "institutions that": 0.02385726380998631,
  "t russotto": 0.037447964797853235,
  "consider installing": 0.02579885255105058,
  "cnns source yeah": 0.024663095945705586,
  "should contact": 0.019974086327857764,
  "readers expect disclaimer": 0.019492713059155637,
  "in article matthew": 0.01803249758679349,
  "they probably included": 0.024663095945705586,
  "works": 0.008343767913827571,
  "and educational": 0.020154866499111464,
  "contact your schools": 0.027740441292114854,
  "its monitor": 0.02579885255105058,
  "stations to": 0.021915675068922037,
  "t": 0.021615306595232444,
  "if left": 0.02385726380998631,
  "or ive": 0.024663095945705586,
  "yeah but": 0.018723982398926618,
  "yeah": 0.010999962554585628,
  "which turns monitor": 0.024663095945705586,
  "monitor when": 0.02158575059929631,
  "your schools": 0.027740441292114854,
  "searches and": 0.01786268071896034,
  "yang writes in": 0.02228971258327644,
  "yang matthew": 0.027740441292114854,
  "schools officials and": 0.027740441292114854,
  "engineering ann": 0.019082059069822653,
  "stations": 0.030271864823275842,
  "your schools officials": 0.027740441292114854,
  "the unix works": 0.027740441292114854,
  "schools officials": 0.027740441292114854,
  "writes": 0.0053783637356530625,
  "monitor automatically maybe": 0.027740441292114854,
  "recall": 0.011042947343590279,
  "a week": 0.013472233446717762,
  "ibm etc": 0.024663095945705586,
  "a lot": 0.0072070933597775935,
  "mostly work stations": 0.024663095945705586,
  "of the suns": 0.02579885255105058,
  "chung hsiung yang": 0.023232211845520732,
  "work": 0.005698370209484538,
  "of michigan engineering": 0.019082059069822653,
  "are left": 0.01733827864028206,
  "the monitor": 0.015536775110911517,
  "expect disclaimer here": 0.019492713059155637,
  "off if left": 0.024663095945705586,
  "left untouched": 0.04771452761997262,
  "no to police": 0.019492713059155637,
  "a day apr": 0.02228971258327644,
  "yang": 0.03767665944502553,
  "included industries and": 0.024663095945705586,
  "a cnn": 0.021290623104456462,
  "unix": 0.00925340908143464,
  "bodily harm": 0.018723982398926618,
  "uses mostly work": 0.024663095945705586,
  "advice ": 0.038164118139645306,
  "university": 0.002734330960876797,
  "contact": 0.009748152878855696,
  "few months": 0.014260933293872787,
  "months": 0.010338183320822085,
  "monitors should": 0.01812142951484554,
  "daydays a": 0.021023647810886927,
  "apr gmt": 0.004213592264283177,
  "monitor automatically": 0.02579885255105058,
  "recall cnns": 0.02228971258327644,
  "cnn": 0.014063124982349112,
  "untouched it does": 0.027740441292114854,
  "expect": 0.009589055964589215,
  "automatically maybe": 0.027740441292114854,
  "the monitor automatically": 0.02579885255105058,
  "russotto some news": 0.019492713059155637,
  "does save": 0.027740441292114854,
  "be kept onhours": 0.01812142951484554,
  "t russotto some": 0.019492713059155637,
  "you should contact": 0.02579885255105058,
  "industries and educational": 0.024663095945705586,
  "untouched formin": 0.024663095945705586,
  "factiod in": 0.02228971258327644,
  "news readers": 0.01821327775804719,
  "apr gmt world": 0.014306854329658997,
  "article chung": 0.023232211845520732,
  "yeah but they": 0.024663095945705586,
  "t russotto writes": 0.02228971258327644,
  "to shuts": 0.027740441292114854,
  "ive used": 0.017702573117167768,
  "them use force": 0.019492713059155637,
  "seizures": 0.016366651346606677,
  "dec ibm": 0.023232211845520732,
  "michigan engineering ann": 0.019082059069822653,
  "i dont recall": 0.01627168901698292,
  "chung hsiung": 0.023232211845520732,
  "yang writes": 0.021915675068922037,
  "writes in article": 0.012209147812935223,
  "seizures make them": 0.019492713059155637,