{
  "send": 0.016313168903727887,
  "result": 0.0195734166910291,
  "macworld and macuser": 0.047316906556472846,
  "meimei su software": 0.0550185418960278,
  "wondering if": 0.023615824227868624,
  "new disk": 0.04506432262253861,
  "personnal statement only": 0.0550185418960278,
  "result was": 0.03784608382181493,
  "decided to try": 0.04346608888669538,
  "mail": 0.03342963890946135,
  "the president": 0.02744718283902831,
  "letter to": 0.029163206617374884,
  "official": 0.022411336823062383,
  "software engineer": 0.032180353761731624,
  "i needed": 0.03466542163975198,
  "president of": 0.029110546928738535,
  "address is": 0.03209001753466618,
  "return the": 0.032365556096551576,
  "dealt": 0.03165913845496687,
  "that fits": 0.11208806184895094,
  "president of hardware": 0.0550185418960278,
  "macuser": 0.037599129585310295,
  "su": 0.036311342840547385,
  "case i like": 0.0550185418960278,
  "needed": 0.018768377130230784,
  "like to send": 0.04607722016028279,
  "their ad": 0.04506432262253861,
  "isolated": 0.03285751941511516,
  "macuser and": 0.047316906556472846,
  "wondering if i": 0.03784608382181493,
  "fits do anyone": 0.0550185418960278,
  "anyone dealt": 0.05116772422625032,
  "result was not": 0.0550185418960278,
  "know the address": 0.047316906556472846,
  "fits do": 0.0550185418960278,
  "order mail": 0.0550185418960278,
  "is a personnal": 0.0550185418960278,
  "ad": 0.023753980153302035,
  "address as": 0.0396152712169179,
  "dealt with": 0.03209001753466618,
  "email": 0.01160521059711398,
  "macuser and decided": 0.0550185418960278,
  "i return": 0.04506432262253861,
  "that fits mail": 0.04891514029231608,
  "mail order": 0.06436070752346325,
  "friapr gmt": 0.01278575323005465,
  "and decided": 0.03736268728298365,
  "the address": 0.029110546928738535,
  "letter to the": 0.03559349988788068,
  "statement": 0.019086882306559163,
  "gmt have anyone": 0.05116772422625032,
  "return": 0.0206279007523992,
  "send a letter": 0.041213504952761125,
  "just wondering": 0.02895549810586589,
  "isolated case i": 0.0550185418960278,
  "case": 0.012791306009682892,
  "usa": 0.012889388983231342,
  "friapr gmt have": 0.0550185418960278,
  "mail order mail": 0.0550185418960278,
  "fits before": 0.0550185418960278,
  "statement only nothing": 0.0550185418960278,
  "when i needed": 0.04891514029231608,
  "products to meimei": 0.0550185418960278,
  "hardware": 0.059649642981728195,
  "to meimei": 0.0550185418960278,
  "meimei": 0.0550185418960278,
  "not satisfactory": 0.044207929956831614,
  "meimei su": 0.0550185418960278,
  "the same address": 0.04281173868860435,
  "friapr": 0.012287115102635872,
  "hardware that fits": 0.13823166048084837,
  "email ltx corporation": 0.0550185418960278,
  "products to": 0.0361230008867936,
  "macworld": 0.03713589842453779,
  "one i return": 0.0550185418960278,
  "in both macworld": 0.0550185418960278,
  "macworld and": 0.04607722016028279,
  "to the president": 0.03997381855657107,
  "address": 0.035777517727985875,
  "both macworld": 0.0550185418960278,
  "corporation usa": 0.0407688232434637,
  "usa friapr": 0.02626215449283985,
  "decided to": 0.024255573745924814,
  "software": 0.014983112498959728,
  "an isolated": 0.04222640249050532,
  "needed a": 0.03650629461727666,
  "seen their ad": 0.0550185418960278,
  "disk": 0.019433939351412008,
  "address is it": 0.05116772422625032,
  "ltx corporation usa": 0.0550185418960278,
  "products": 0.02155494415735539,
  "disclaimer this": 0.03001959928308188,
  "fits mail": 0.04891514029231608,
  "gmt": 0.0009134992448148466,
  "was not satisfactory": 0.0550185418960278,
  "mail order ltx": 0.0550185418960278,
  "to send": 0.024758889831214964,
  "send a": 0.02828418436618103,
  "order ltx": 0.0550185418960278,
  "was just wondering": 0.033995266152037455,
  "su software engineer": 0.0550185418960278,
  "satisfactory and i": 0.0550185418960278,
  "president": 0.01976500655809115,
  "case i": 0.028854485222070382,
  "with hardware": 0.041213504952761125,
  "email ltx": 0.0550185418960278,
  "isolated case": 0.047316906556472846,
  "official ": 0.1100370837920556,
  "ltx corporation disclaimer": 0.0550185418960278,
  "the products": 0.037599129585310295,
  "dealt with hardware": 0.0550185418960278,
  "order": 0.030957022645785096,
  "corporation": 0.03753675426046157,
  "a letter": 0.02819457668879279,
  "engineer": 0.024831197431837575,
  "to meimei su": 0.0550185418960278,
  "decided": 0.020872268242311698,
  "engineer email ltx": 0.0550185418960278,
  "disclaimer this is": 0.04222640249050532,
  "address as the": 0.04891514029231608,
  "same address": 0.04222640249050532,
  "an isolated case": 0.04891514029231608,
  "satisfactory and": 0.0550185418960278,
  "corporation disclaimer this": 0.0550185418960278,
  "a personnal statement": 0.0550185418960278,
  "ltx": 0.1100370837920556,
  "return the products": 0.0550185418960278,
  "of hardware": 0.036311342840547385,
  "ltx corporation": 0.1100370837920556,
  "personnal statement": 0.0550185418960278,
  "a personnal": 0.0550185418960278,
  "corporation usa friapr": 0.05116772422625032,
  "engineer email": 0.0550185418960278,
  "fits mail order": 0.04891514029231608,
  "personnal": 0.05116772422625032,
  "nothing official": 0.0550185418960278,
  "fits": 0.0855442152803223,
  "disclaimer": 0.019279985825254576,
  "wondering": 0.020253721963346467,
  "and macuser": 0.044207929956831614,
  "corporation disclaimer": 0.0550185418960278,
  "su software": 0.0550185418960278,
  "fits before i": 0.0550185418960278,
  "a new disk": 0.04891514029231608,
  "ad in": 0.038375584820727844,
  "disk the": 0.03650629461727666,
  "letter": 0.02239566528783104,
  "have anyone dealt": 0.0550185418960278,
  "disk the result": 0.04891514029231608,
  "just an isolated": 0.05116772422625032,
  "statement only": 0.04891514029231608,
  "software engineer email": 0.0550185418960278,
  "hardware that": 0.11688276305648063,
  "only nothing official": 0.0550185418960278,
  "usa friapr gmt": 0.026293630812482507,
  "gmt have": 0.04506432262253861,
  "satisfactory": 0.03511010334904941,
  "ad in both": 0.0550185418960278,
  "needed a new": 0.0550185418960278,
  "the result": 0.025695682678080475,
  "order mail order": 0.0550185418960278,
  "order ltx corporation": 0.0550185418960278
}