{
  "originator from article": 0.02550457497509516,
  "e callan hey": 0.06348293295695515,
  "pain": 0.0142978199703949,
  "devices off": 0.03174146647847757,
  "like that incline": 0.03174146647847757,
  "hey": 0.025076108937032184,
  "ass": 0.015681737971758807,
  "wi and": 0.05644054649113393,
  "your setup": 0.02550457497509516,
  "sit on": 0.04495490886787716,
  "to work": 0.011552526584708527,
  "e": 0.02120228863669033,
  "user i think": 0.0295198408997598,
  "the problem": 0.009885940628235518,
  "success milwaukee": 0.06348293295695515,
  "title says it": 0.023520474948152133,
  "anybody that relies": 0.027298215321042027,
  "it scsi": 0.0295198408997598,
  "isscsi": 0.03174146647847757,
  "without a problem": 0.028220273245566967,
  "you really intend": 0.03174146647847757,
  "nasty email": 0.03174146647847757,
  "posting to altmasochistic": 0.03174146647847757,
  "joel e callan": 0.06348293295695515,
  "setup too": 0.03174146647847757,
  "type of newsgroup": 0.03174146647847757,
  "pain in the": 0.02198338174218455,
  "university of": 0.0050609013095452016,
  "nasty": 0.017078931290966732,
  "of success": 0.04284911356677437,
  "street": 0.02569829940397533,
  "occasion joel": 0.03174146647847757,
  "joel": 0.036068406553006076,
  "isnt working for": 0.03174146647847757,
  "setup": 0.014109228624167549,
  "subject title": 0.027298215321042027,
  "altmasochistic type": 0.03174146647847757,
  "disksapr": 0.0295198408997598,
  "wisconsin milwaukeeusa": 0.025998647666849194,
  "gmt university of": 0.012498238699289947,
  "mac without a": 0.03174146647847757,
  "success": 0.029085650809379172,
  "type of": 0.013223350057892136,
  "email in": 0.026583011630932376,
  "user": 0.011431127596597954,
  "dick": 0.016646818397348294,
  "occasion": 0.039225307098504754,
  "posting": 0.010014591806409697,
  "hey why": 0.05199729533369839,
  "to get nasty": 0.03174146647847757,
  "the occasion": 0.049398160025312714,
  "tack of": 0.06348293295695515,
  "that case": 0.01889744985914273,
  "to altmasochistic type": 0.03174146647847757,
  "problem limit": 0.03174146647847757,
  "bad ive": 0.025998647666849194,
  "macintosh weenies suck": 0.027298215321042027,
  "tack": 0.047554044176262834,
  "things like that": 0.022854964163606478,
  "setup too bad": 0.03174146647847757,
  "e callan": 0.06348293295695515,
  "limit isscsi devices": 0.03174146647847757,
  "and rise": 0.054596430642084054,
  "from article": 0.017179624227612177,
  "wisconsin milwaukeeusa originator": 0.026583011630932376,
  "by unknown class": 0.03174146647847757,
  "the answer": 0.02786224025375298,
  "milwaukee wi": 0.04495490886787716,
  "things like": 0.015299483417826698,
  "class": 0.012498238699289947,
  "you sit": 0.045709928327212955,
  "better to state": 0.03174146647847757,
  "in the daisychain": 0.03174146647847757,
  "of newsgroup": 0.0295198408997598,
  "of success milwaukee": 0.06348293295695515,
  "off my mac": 0.03174146647847757,
  "problem limit isscsi": 0.03174146647847757,
  "state the": 0.01889744985914273,
  "callan hey why": 0.06348293295695515,
  "get nasty": 0.0295198408997598,
  "a scsi dick": 0.027298215321042027,
  "intend to": 0.017112145351978098,
  "ive": 0.006656712839195478,
  "posting to": 0.01907722379071659,
  "by unknown": 0.03174146647847757,
  "answer n street": 0.06348293295695515,
  "devices in": 0.02106132381765961,
  "suck scsi disksapr": 0.0295198408997598,
  "sit on the": 0.0590396817995196,
  "milwaukeeusa originator": 0.026583011630932376,
  "milwaukee wi and": 0.06348293295695515,
  "re macintosh": 0.028220273245566967,
  "class user": 0.028220273245566967,
  "newsgroup joel": 0.03174146647847757,
  "of newsgroup joel": 0.03174146647847757,
  "ive daisychainedscsi devices": 0.03174146647847757,
  "callan hey": 0.06348293295695515,
  "stoarage is a": 0.027298215321042027,
  "too bad": 0.015280574052034425,
  "dick for stoarage": 0.027298215321042027,
  "working for you": 0.0295198408997598,
  "incline": 0.0295198408997598,
  "weenies suck": 0.027298215321042027,
  "bad": 0.008728422009558354,
  "it isnt": 0.014188698683825295,
  "mac": 0.010957379184774843,
  "isnt": 0.008488630548742515,
  "occasion joel e": 0.03174146647847757,
  "stoarage": 0.027298215321042027,
  "wisconsin": 0.016115834032320035,
  "suck": 0.01781901320330551,
  "a scsi": 0.017777656136523753,
  "of wisconsin milwaukeeusa": 0.025998647666849194,
  "it isnt working": 0.0295198408997598,
  "ass saying": 0.03174146647847757,
  "weenies suck scsi": 0.027298215321042027,
  "limit isscsi": 0.03174146647847757,
  "subject": 0.009826938226280165,
  "case perhaps": 0.027298215321042027,
  "the ass": 0.02247745443393858,
  "may you sit": 0.0590396817995196,
  "daisychain": 0.0295198408997598,
  "title says": 0.022304162058072313,
  "that incline": 0.03174146647847757,
  "really intend": 0.0295198408997598,
  "university": 0.003128705618695566,
  "state": 0.007129963279121311,
  "disksapr gmt university": 0.03174146647847757,
  "wi": 0.03692437701854789,
  "the daisychain": 0.03174146647847757,
  "altmasochistic": 0.03174146647847757,
  "rise to": 0.0436685582559403,
  "problem unless all": 0.03174146647847757,
  "on a scsi": 0.023777022088131417,
  "incline one to": 0.03174146647847757,
  "answer n": 0.06348293295695515,
  "the subject title": 0.027298215321042027,
  "tack of success": 0.06348293295695515,
  "for stoarage": 0.027298215321042027,
  "work for": 0.015206032827148955,
  "limit": 0.01433971766772616,
  "occasion ": 0.06348293295695515,
  "joel e": 0.06348293295695515,
  "unknown": 0.014857305712248957,
  "get it scsi": 0.03174146647847757,
  "my mac": 0.01836202010060694,
  "user i": 0.02507658974232425,
  "problem": 0.013662995415700251,
  "street may": 0.06348293295695515,
  "devices": 0.026877631563526495,
  "n": 0.024180199050011935,
  "sit": 0.029747739438334087,
  "daisychain if it": 0.03174146647847757,
  "email": 0.006695313806027295,
  "suck scsi": 0.027298215321042027,
  "nasty email in": 0.03174146647847757,
  "n street": 0.0590396817995196,
  "working for": 0.020633338584888705,
  "article": 0.0025269466477996104,
  "think the subject": 0.026583011630932376,
  "milwaukeeusa originator from": 0.03174146647847757,
  "mac without": 0.028220273245566967,
  "work": 0.006520250528160192,
  "class user i": 0.03174146647847757,
  "dick for": 0.027298215321042027,
  "if it isnt": 0.020534711473777313,
  "re macintosh weenies": 0.028220273245566967,
  "relies on": 0.022660654478297394,
  "devices off my": 0.03174146647847757,
  "in the ass": 0.02306181839802177,
  "relies on a": 0.026583011630932376,
  "case": 0.0073795996209708985,
  "a pain": 0.020534711473777313,
  "isscsi devices": 0.03174146647847757,
  "macintosh": 0.014680537058162161,
  "better off posting": 0.03174146647847757,
  "in that case": 0.01907722379071659,
  "success milwaukee wi": 0.06348293295695515,
  "pain in": 0.02043902889957962,
  "is a pain": 0.023520474948152133,
  "rise": 0.0321345411093798,
  "the occasion joel": 0.03174146647847757,
  "gmt university": 0.012466738414237823,
  "to state": 0.01907722379071659,
  "state the problem": 0.03174146647847757,
  "originator": 0.0121110709948423,
  "scsi dick for": 0.027298215321042027,
  "macintosh weenies": 0.027298215321042027,
  "to altmasochistic": 0.03174146647847757,
  "off posting": 0.03174146647847757,
  "originator from": 0.02550457497509516,
  "title": 0.013407133861146125,
  "gmt": 0.0005270187950854883,
  "scsi to work": 0.03174146647847757,
  "case perhaps you": 0.028220273245566967,
  "relies": 0.02106132381765961,
  "callan": 0.06348293295695515,
  "newsgroup": 0.012328697205308905,
  "hey why do": 0.06348293295695515,
  "problem unless": 0.027298215321042027,
  "disksapr gmt": 0.03174146647847757,
  "working": 0.010237285900726615,
  "have the answer": 0.05100914995019032,
  "scsi disksapr": 0.0295198408997598,
  "the answer n": 0.06348293295695515,
  "work for your": 0.03174146647847757,
  "the subject": 0.012779280380376819,