{
  "send": 0.02127804639616681,
  "needed sender": 0.045403995518540706,
  "mayo foundation": 0.13348101972065302,
  "wondering if": 0.03080324899287212,
  "sender usenet": 0.016163620613351394,
  "wondering if someone": 0.05317672596973526,
  "news": 0.011123974659483506,
  "are mine": 0.03459013642291253,
  "usenet news administrator": 0.050818592633252446,
  "other person": 0.048153920313503774,
  "mayo foundation mayo": 0.071763315516558,
  "not necessarily represent": 0.058779551246789484,
  "kevin": 0.065358115868589,
  "misplaced": 0.05005511063573197,
  "person": 0.020434418069997882,
  "clinic or": 0.071763315516558,
  "disclaimer these opinions": 0.05317672596973526,
  "parts": 0.026614899229757398,
  "docs seem": 0.06674050986032651,
  "needed": 0.024480491908996673,
  "your help kevin": 0.071763315516558,
  "of the docs": 0.06674050986032651,
  "o lepard": 0.071763315516558,
  "represent those": 0.0487339399343265,
  "monitors": 0.03359043030595417,
  "rgb": 0.03965594740899774,
  "foundation": 0.06884124560561194,
  "sender": 0.004741692360265332,
  "me the pinouts": 0.06674050986032651,
  "lepard internet": 0.071763315516558,
  "to the apple": 0.06380235690302097,
  "administrator": 0.02802794281710324,
  "lot for your": 0.06010072194819494,
  "opinions": 0.019607986863684146,
  "misplaced around here": 0.071763315516558,
  "monitors those parts": 0.071763315516558,
  "sender usenet news": 0.017726851102627696,
  "o": 0.026012967355129767,
  "mine alone and": 0.05584139828948394,
  "these opinions": 0.04140349854535201,
  "pinouts needed": 0.071763315516558,
  "or institution": 0.06674050986032651,
  "friapr gmt": 0.016677069430506064,
  "and rgb monitors": 0.071763315516558,
  "rgb monitors": 0.06674050986032651,
  "the mayo": 0.06171770420409502,
  "could send": 0.05005511063573197,
  "someone could send": 0.06010072194819494,
  "lepard internet disclaimer": 0.071763315516558,
  "have been misplaced": 0.071763315516558,
  "needed sender usenet": 0.06010072194819494,
  "person or": 0.04579578697702097,
  "apple and": 0.056694898547863526,
  "the docs": 0.051232784037889764,
  "internet disclaimer these": 0.071763315516558,
  "monitor pinouts": 0.071763315516558,
  "send me": 0.03229420412767169,
  "news administrator": 0.032201101645948145,
  "docs seem to": 0.06674050986032651,
  "kevin kevin o": 0.071763315516558,
  "rgb monitors those": 0.071763315516558,
  "friapr": 0.016026671873003308,
  "kevin o": 0.071763315516558,
  "mayo clinic or": 0.071763315516558,
  "monitor pinouts needed": 0.071763315516558,
  "lepard": 0.071763315516558,
  "mayo foundation friapr": 0.071763315516558,
  "the pinouts": 0.05167209289163204,
  "internet": 0.020212908925499765,
  "docs": 0.040381189862309215,
  "foundation mayo clinic": 0.071763315516558,
  "foundation friapr": 0.06380235690302097,
  "kevin o lepard": 0.071763315516558,
  "person or institution": 0.071763315516558,
  "monitors those": 0.071763315516558,
  "opinions are mine": 0.041514132401372215,
  "wondering": 0.02641789821306061,
  "usenet news": 0.017419668483280974,
  "gmt i": 0.02457675515681359,
  "gmt": 0.0011915207541063216,
  "was wondering": 0.03204854070973197,
  "apple": 0.027255798084765557,
  "lot": 0.017909026264327558,
  "the apple": 0.03861323596218565,
  "kevin kevin": 0.06010072194819494,
  "usenet": 0.01476641872174067,
  "parts of the": 0.03632600299321195,
  "i was wondering": 0.03264619449106703,
  "thanks a lot": 0.041294528419522004,
  "pinouts to the": 0.071763315516558,
  "monitor": 0.0274292778495917,
  "internet disclaimer": 0.049701558721460724,
  "administrator mayo": 0.06171770420409502,
  "clinic": 0.04087433090031658,
  "apple and rgb": 0.071763315516558,
  "represent those of": 0.04904234293736126,
  "necessarily represent": 0.057662517334997755,
  "help kevin kevin": 0.071763315516558,
  "pinouts needed sender": 0.071763315516558,
  "mayo": 0.15016533190719591,
  "administrator mayo foundation": 0.06674050986032651,
  "institution": 0.04356171915343751,
  "misplaced around": 0.071763315516558,
  "mine": 0.023535486890705472,
  "o lepard internet": 0.071763315516558,
  "clinic or any": 0.071763315516558,
  "pinouts to": 0.071763315516558,
  "foundation mayo": 0.071763315516558,
  "foundation friapr gmt": 0.06380235690302097,
  "help kevin": 0.06674050986032651,
  "news administrator mayo": 0.06171770420409502,
  "opinions are": 0.03238851838935335,
  "a lot": 0.018644437169859425,
  "pinouts": 0.09423391535685285,
  "represent": 0.03454738481329522,
  "mayo clinic": 0.058779551246789484,
  "send me the": 0.050818592633252446,
  "disclaimer": 0.02514780759815814,
  "friapr gmt i": 0.03763628507226571,
  "gmt i was": 0.04788043967594691,
  "and rgb": 0.06380235690302097,
  "the mayo foundation": 0.071763315516558,
  "of the mayo": 0.071763315516558,
  "institution ": 0.12343540840819003,
  "mine alone": 0.04904234293736126,
  "any other person": 0.056694898547863526,
  "those parts": 0.057662517334997755,
  "been misplaced": 0.071763315516558,
  "lot for": 0.049364457158889034,
  "parts of": 0.03261347941603423,
  "disclaimer these": 0.0487339399343265
}