{
  "dont": 0.01450711998401149,
  "advance martin": 0.050696685596220904,
  "floppy": 0.026375398021509094,
  "to whether running": 0.05894843774574406,
  "worse than switching": 0.05894843774574406,
  "wordand dont see": 0.05894843774574406,
  "martin lin ": 0.054822561670982484,
  "apr gmt": 0.00895388356160175,
  "swii": 0.048283202809862785,
  "running system is": 0.05894843774574406,
  "gmt california": 0.0298392167444241,
  "in advance martin": 0.050696685596220904,
  "im planning": 0.03978846259771906,
  "slower any": 0.05894843774574406,
  "ram": 0.023344781726372155,
  "floppy drives": 0.03795819652779072,
  "stylewriter": 0.04524257409696998,
  "mac": 0.02034941848601042,
  "california institute": 0.029366215724458345,
  "mb": 0.029975018397794165,
  "to i dont": 0.04586972002350466,
  "much real work": 0.05894843774574406,
  "advantage to": 0.04028478169854675,
  "whether running": 0.05894843774574406,
  "for word": 0.04524257409696998,
  "drives do": 0.054822561670982484,
  "recommendations as to": 0.05894843774574406,
  "se system or": 0.05894843774574406,
  "advance": 0.018932784204937825,
  "word processing using": 0.05894843774574406,
  "ii for": 0.050696685596220904,
  "running": 0.018173877232973226,
  "processing using": 0.05894843774574406,
  "thanks in advance": 0.02141108484724397,
  "institute": 0.017975446159951846,
  "recommendations as": 0.05894843774574406,
  "advantage": 0.025558724679166922,
  "mb ram": 0.042444933446697745,
  "word processing": 0.0411166980222084,
  "switching to i": 0.05894843774574406,
  "processing": 0.028343297528466326,
  "have any recommendations": 0.05894843774574406,
  "california": 0.01897591758899001,
  "for word processing": 0.049368450171731554,
  "system is": 0.027716151601931648,
  "institute of technology": 0.023240482019870952,
  "it is slower": 0.052409078884624365,
  "swii on": 0.05894843774574406,
  "i dont": 0.010866547485405257,
  "california institute of": 0.029366215724458345,
  "technology": 0.017145651519061673,
  "mac se mb": 0.05894843774574406,
  "machine": 0.01936344340891417,
  "for my mac": 0.04736563923946244,
  "two floppy": 0.04524257409696998,
  "hd two": 0.054822561670982484,
  "gmt california institute": 0.030304483249479673,
  "work on": 0.026980354244984163,
  "dont see much": 0.049368450171731554,
  "much advantage": 0.05894843774574406,
  "swii on se": 0.05894843774574406,
  "slower": 0.029407695898958898,
  "real work": 0.049368450171731554,
  "hd": 0.026400460715177806,
  "running system": 0.0420840726025523,
  "planning on getting": 0.049368450171731554,
  "comments": 0.02168902426916714,
  "technology pasadenasandmancaltechedu": 0.03955500597180667,
  "worse": 0.023255270551583225,
  "ram hd two": 0.05894843774574406,
  "getting a stylewriter": 0.05894843774574406,
  "apr": 0.007820379096959163,
  "stylewriter ii": 0.04736563923946244,
  "or worse": 0.0411166980222084,
  "switching to": 0.04028478169854675,
  "do much real": 0.05894843774574406,
  "dont see": 0.025472143066057527,
  "is slower": 0.04003145066033962,
  "system or apr": 0.05894843774574406,
  "ii for my": 0.05894843774574406,
  "word since it": 0.05894843774574406,
  "institute of": 0.020841787765225103,
  "martin lin": 0.054822561670982484,
  "se system": 0.052409078884624365,
  "planning": 0.02777914034794675,
  "word since": 0.05894843774574406,
  "to word": 0.048283202809862785,
  "comments would be": 0.043680882046568247,
  "comments would": 0.043680882046568247,
  "on this machine": 0.046570809521459325,
  "appreciated thanks in": 0.03933036116238496,
  "in advance": 0.01958305549348478,
  "dont do": 0.03357534323954576,
  "gmt": 0.0009787491908730497,
  "recommendations": 0.03177969851081647,
  "wordand dont": 0.05894843774574406,
  "pasadenasandmancaltechedu im planning": 0.05894843774574406,
  "lin ": 0.09314161904291865,
  "better or worse": 0.04736563923946244,
  "dont do much": 0.054822561670982484,
  "system is better": 0.05894843774574406,
  "using wordand dont": 0.05894843774574406,
  "se": 0.059768281174983715,
  "on se system": 0.05894843774574406,
  "a stylewriter": 0.048283202809862785,
  "switching": 0.0317180152546525,
  "my mac se": 0.050696685596220904,
  "any recommendations": 0.043680882046568247,
  "be appreciated": 0.02668334846436141,
  "going to word": 0.05894843774574406,
  "drives": 0.024234851571437416,
  "apr gmt california": 0.03813589273701501,
  "slower any help": 0.05894843774574406,
  "or comments": 0.03714152318544855,
  "martin": 0.027716151601931648,
  "ii": 0.021598663809780143,
  "or apr": 0.044675251598134715,
  "advantage to going": 0.05894843774574406,
  "worse than": 0.029407695898958898,
  "wordand": 0.05894843774574406,
  "mac se": 0.04174384394874308,
  "whether running system": 0.05894843774574406,
  "word": 0.03614766972408477,
  "se mb": 0.05894843774574406,
  "drives do any": 0.05894843774574406,
  "stylewriter ii for": 0.05894843774574406,
  "machine any": 0.052409078884624365,
  "two floppy drives": 0.048283202809862785,
  "work on this": 0.04736563923946244,
  "see much advantage": 0.05894843774574406,
  "it for word": 0.05894843774574406,
  "advance martin lin": 0.054822561670982484,
  "a stylewriter ii": 0.048283202809862785,
  "of technology": 0.02174620416086619,
  "or apr gmt": 0.046570809521459325,
  "se mb ram": 0.05894843774574406,
  "this machine": 0.03933036116238496,
  "technology pasadenasandmancaltechedu im": 0.054822561670982484,
  "hd two floppy": 0.05894843774574406,
  "on se": 0.05894843774574406,
  "pasadenasandmancaltechedu": 0.03955500597180667,
  "work": 0.01210903669515464,
  "much real": 0.05894843774574406,
  "real": 0.015081766790229724,
  "processing using wordand": 0.05894843774574406,
  "lin": 0.0411166980222084,
  "ram hd": 0.049368450171731554,
  "planning on": 0.03566258652295748,
  "appreciated thanks": 0.030256285569523606,
  "system": 0.020932953859489616,
  "of technology pasadenasandmancaltechedu": 0.03955500597180667,
  "machine any more": 0.05894843774574406,
  "my mac": 0.034100894472555744,
  "pasadenasandmancaltechedu im": 0.054822561670982484,
  "using wordand": 0.05894843774574406,
  "help or comments": 0.054822561670982484,
  "floppy drives do": 0.05894843774574406,
  "would be appreciated": 0.028378208953778218,
  "appreciated": 0.020205764311388815,
  "than switching": 0.05894843774574406,
  "system or": 0.03729613917594415,
  "mb ram hd": 0.05894843774574406,
  "real work on": 0.05894843774574406
}