{
  "workstations and see": 0.030466177344695134,
  "aquisition board for": 0.034267603949083056,
  "printed": 0.016861244359489855,
  "writes i need": 0.023129625316321116,
  "smoke comes out": 0.030466177344695134,
  "in my mac": 0.028698614632702082,
  "our hp workstations": 0.030466177344695134,
  "mac ii series": 0.034267603949083056,
  "kevin": 0.03120906570887641,
  "board for": 0.023129625316321116,
  "state": 0.0076973998030652226,
  "helps saiid paryavi": 0.034267603949083056,
  "for the mac": 0.021095761423926242,
  "saiid paryavi": 0.057397229265404165,
  "helps saiid": 0.034267603949083056,
  "last option": 0.029470737647630148,
  "may call": 0.02806774419396868,
  "called the dma": 0.034267603949083056,
  "ni at": 0.034267603949083056,
  "gpib interface you": 0.034267603949083056,
  "mac iici and": 0.029470737647630148,
  "heard of": 0.014417872815937063,
  "dma": 0.020801097727246975,
  "all clueless": 0.030466177344695134,
  "processor on": 0.027072304496903694,
  "hope": 0.009988677707234547,
  "unknown mac": 0.030466177344695134,
  "is national": 0.028698614632702082,
  "it is national": 0.030466177344695134,
  "option is": 0.022498754877587707,
  "lot kevin": 0.031869170798356605,
  "need help identifying": 0.029470737647630148,
  "an intel": 0.02513591768743856,
  "mac board": 0.030466177344695134,
  "fine in my": 0.028698614632702082,
  "our last option": 0.030466177344695134,
  "eeprom there": 0.030466177344695134,
  "hpib connector": 0.028698614632702082,
  "eeprom there is": 0.030466177344695134,
  "board it": 0.027072304496903694,
  "hook": 0.01784915367792994,
  "on it intel": 0.030466177344695134,
  "state universityusa": 0.027072304496903694,
  "processor on it": 0.030466177344695134,
  "the top": 0.014960580329753568,
  "call ni at": 0.034267603949083056,
  "hope this helps": 0.01826423781315132,
  "top rows bypins": 0.030466177344695134,
  "nbdma": 0.030466177344695134,
  "rows bypins it": 0.030466177344695134,
  "m radke writes": 0.034267603949083056,
  "if any smoke": 0.030466177344695134,
  "the top rows": 0.030466177344695134,
  "option": 0.014696698029291176,
  "identifying": 0.02133449108305064,
  "iici and": 0.02666475074030721,
  "paryavi": 0.057397229265404165,
  "thanks a lot": 0.019718494539425733,
  "kansas state": 0.022993913506102148,
  "my mac": 0.01982335734044763,
  "paryavi ": 0.058941475295260295,
  "saiid": 0.057397229265404165,
  "gpib": 0.034267603949083056,
  "kevin it": 0.030466177344695134,
  "series": 0.012736198177209808,
  "connector on the": 0.0507846933136572,
  "series it is": 0.031869170798356605,
  "hp workstations": 0.030466177344695134,
  "a lot kevin": 0.031869170798356605,
  "identifying this": 0.027534350838165016,
  "ni at ieee": 0.034267603949083056,
  "found stuffed": 0.030466177344695134,
  "fine in": 0.023129625316321116,
  "instruments": 0.033677404421255185,
  "lot": 0.008551714963588938,
  "connector": 0.036596657608607225,
  "eeprom": 0.025970388472272087,
  "aquisition": 0.031869170798356605,
  "has an intel": 0.030466177344695134,
  "kansas": 0.019061897531531365,
  "universityusa": 0.02513591768743856,
  "mattksuksuedu kevin": 0.034267603949083056,
  "the dma": 0.02666475074030721,
  "pn anybody": 0.030466177344695134,
  "sticker with": 0.030466177344695134,
  "data": 0.010032399323745063,
  "kevin m radke": 0.031869170798356605,
  "our hp": 0.029470737647630148,
  "universityusa mattksuksuedu kevin": 0.034267603949083056,
  "corner as": 0.030466177344695134,
  "stuffed away": 0.030466177344695134,
  "heard": 0.009357807268501139,
  "snooper gives the": 0.030466177344695134,
  "smoke": 0.017505710916354368,
  "printed on it": 0.028698614632702082,
  "workstations and": 0.02327087789251577,
  "bypins it also": 0.030466177344695134,
  "data aquisition": 0.034267603949083056,
  "gpib interface": 0.034267603949083056,
  "aquisition board": 0.034267603949083056,
  "paryavi saiid": 0.034267603949083056,
  "title says all": 0.028698614632702082,
  "nbdma it": 0.030466177344695134,
  "is printed": 0.0244640975682657,
  "instruments nbdma it": 0.030466177344695134,
  "intel on an": 0.030466177344695134,
  "a corner": 0.022993913506102148,
  "to find": 0.011026791583958565,
  "on an eeprom": 0.030466177344695134,
  "mac iici": 0.02513591768743856,
  "hpib": 0.02806774419396868,
  "hope this": 0.01651708936457415,
  "mac": 0.03548825922819811,
  "hp workstations and": 0.030466177344695134,
  "a lot": 0.00890288003266644,
  "board national instruments": 0.030466177344695134,
  "universityusa mattksuksuedu": 0.031869170798356605,
  "heard of one": 0.02806774419396868,
  "rows": 0.0253923466568286,
  "national": 0.021277684911026426,
  "writes i": 0.009164196301756626,
  "it fits fine": 0.030466177344695134,
  "on the top": 0.023129625316321116,
  "with gpib interface": 0.034267603949083056,
  "state universityusa mattksuksuedu": 0.031869170798356605,
  "saiid paryavi saiid": 0.034267603949083056,
  "any smoke": 0.029470737647630148,
  "title says": 0.024079233778956963,
  "an eeprom": 0.028698614632702082,
  "intel processor": 0.029470737647630148,
  "radke writes i": 0.034267603949083056,
  "saiid paryavi ": 0.029470737647630148,
  "i found stuffed": 0.030466177344695134,
  "call": 0.009074880089620282,
  "snooper gives": 0.030466177344695134,
  "stuffed": 0.024673871346177236,
  "clueless": 0.023732924233777094,
  "option is to": 0.027072304496903694,
  "interface you": 0.02806774419396868,
  "an hpib": 0.028698614632702082,
  "m": 0.011751072072318309,
  "workstations": 0.018332759014868204,
  "national instruments nbdmaapr": 0.034267603949083056,
  "unknown": 0.01603972104574974,
  "may call ni": 0.034267603949083056,
  "identifying this board": 0.030466177344695134,
  "intel on": 0.029470737647630148,
  "unknown mac board": 0.030466177344695134,
  "board for the": 0.027534350838165016,
  "sticker": 0.020595480355375697,
  "about it hope": 0.031869170798356605,
  "find out more": 0.0244640975682657,
  "paryavi saiid paryavi": 0.034267603949083056,
  "fits": 0.017760044694876603,
  "ieee to find": 0.034267603949083056,
  "mac board national": 0.030466177344695134,
  "find": 0.007341804782178765,
  "is a sticker": 0.029470737647630148,
  "rows bypins": 0.030466177344695134,
  "ieee to": 0.034267603949083056,
  "help identifying": 0.027534350838165016,
  "for the board": 0.029470737647630148,
  "national instruments nbdma": 0.030466177344695134,
  "hp": 0.014542885702056458,
  "board with": 0.023129625316321116,
  "lot kevin it": 0.034267603949083056,
  "ii series": 0.029470737647630148,
  "instruments nbdmaapr": 0.034267603949083056,
  "to our hp": 0.030466177344695134,
  "mattksuksuedu": 0.029470737647630148,
  "helps": 0.014733185618137598,
  "sticker with the": 0.030466177344695134,
  "fits fine in": 0.030466177344695134,
  "clueless here": 0.030466177344695134,
  "kevin m": 0.031869170798356605,
  "dma board": 0.034267603949083056,
  "instruments nbdma": 0.030466177344695134,
  "are all clueless": 0.030466177344695134,
  "corner": 0.016999671122859054,
  "at ieee": 0.034267603949083056,
  "nbdmaapr kansas": 0.034267603949083056,
  "this helps saiid": 0.034267603949083056,
  "processor": 0.017168495220331138,
  "an intel processor": 0.030466177344695134,
  "board national": 0.029470737647630148,
  "board it looks": 0.030466177344695134,
  "re unknown mac": 0.031869170798356605,
  "the title": 0.01761644701007815,
  "the dma board": 0.034267603949083056,
  "stuffed away in": 0.030466177344695134,
  "has an hpib": 0.030466177344695134,
  "mac ii": 0.022616061284769996,
  "fine": 0.011172235811316876,
  "title": 0.014474137594040109,
  "this board": 0.02094529390856382,
  "intel": 0.034537596232172674,
  "interface you may": 0.034267603949083056,
  "call ni": 0.034267603949083056,
  "and another connector": 0.030466177344695134,
  "data aquisition board": 0.034267603949083056,
  "to hook": 0.02133449108305064,
  "or heard": 0.0253923466568286,
  "ni": 0.021965361521784046,