{
  "u add": 0.06877317737003474,
  "islanders email list": 0.1375463547400695,
  "count me in": 0.11519305040070696,
  "cbnewsl na att": 0.06877317737003474,
  "go isles don": 0.06877317737003474,
  "rex": 0.04233802119107419,
  "att in article": 0.050446390358817664,
  "in article": 0.011909973631628726,
  "apr gmt": 0.010446197488535376,
  "article buidonmr writes": 0.06877317737003474,
  "u": 0.02377286791221076,
  "can u": 0.0639596552828129,
  "for islanders email": 0.06877317737003474,
  "last friday": 0.05633040327817325,
  "excited": 0.043512162371934844,
  "please add": 0.049967273195713834,
  "beat": 0.03021095803030129,
  "article writes if": 0.04951908902114737,
  "there is keeping": 0.06877317737003474,
  "att in": 0.04909808470297768,
  "beat the": 0.039573923068708584,
  "add": 0.04760978923029045,
  "cbnewsl": 0.0639596552828129,
  "advance ercu": 0.06877317737003474,
  "list toothanks": 0.06877317737003474,
  "islanders": 0.11451288112543229,
  "writes in": 0.014212713529091406,
  "ercu": 0.06877317737003474,
  "buidonmr writes in": 0.06877317737003474,
  "rex count": 0.06877317737003474,
  "email list could": 0.06877317737003474,
  "email": 0.029013026492784946,
  "list apr gmt": 0.05096102905432962,
  "please count": 0.06877317737003474,
  "u add me": 0.06877317737003474,
  "article": 0.010950102140464978,
  "overtime on last": 0.06877317737003474,
  "when the islanders": 0.06877317737003474,
  "keeping an": 0.05633040327817325,
  "apr gmt cbnewsl": 0.0639596552828129,
  "isles don": 0.06877317737003474,
  "islanders email": 0.1375463547400695,
  "you please add": 0.06877317737003474,
  "article buidonmr": 0.06877317737003474,
  "the list toothanks": 0.06877317737003474,
  "count": 0.059285388029385454,
  "re request": 0.052783003113131645,
  "thanks in advance": 0.0249795989884513,
  "the islanders beat": 0.059146133195591054,
  "gmt cbnewsl na": 0.06877317737003474,
  "toothanks rex count": 0.06877317737003474,
  "buidonmr writes": 0.06877317737003474,
  "rangers in": 0.055259912446039505,
  "na att": 0.05759652520035348,
  "list": 0.06099840862143856,
  "can u add": 0.06877317737003474,
  "excited i": 0.06877317737003474,
  "rangers in overtime": 0.06877317737003474,
  "cbnewsl na": 0.06877317737003474,
  "apr": 0.009123775613119023,
  "gmt cbnewsl": 0.0639596552828129,
  "for islanders": 0.06877317737003474,
  "the rangers": 0.03936965997699821,
  "keeping an islanders": 0.06877317737003474,
  "an islanders": 0.06877317737003474,
  "onto the list": 0.06877317737003474,
  "writes if": 0.03134906813519793,
  "writes in article": 0.015134256143117619,
  "advance": 0.022088248239094128,
  "buidonmr": 0.06877317737003474,
  "the islanders": 0.042984482462365935,
  "in advance": 0.022846898075732244,
  "att": 0.02791677189442169,
  "gmt": 0.001141874056018558,
  "in advance ercu": 0.06877317737003474,
  "don please count": 0.06877317737003474,
  "toothanks rex": 0.06877317737003474,
  "excited i was": 0.06877317737003474,
  "ercu can": 0.06877317737003474,
  "don": 0.031807830292684684,
  "list could": 0.06114392536539509,
  "request for": 0.04000140843676021,
  "in overtime": 0.05433261110836921,
  "islanders beat the": 0.059146133195591054,
  "in article buidonmr": 0.06877317737003474,
  "rex count me": 0.06877317737003474,
  "ercu can u": 0.06877317737003474,
  "count me": 0.10866522221673842,
  "an islanders email": 0.06877317737003474,
  "list toothanks rex": 0.06877317737003474,
  "add me onto": 0.06877317737003474,
  "toothanks": 0.06877317737003474,
  "on last friday": 0.06877317737003474,
  "keeping": 0.029375099125788263,
  "is keeping": 0.05351467336075544,
  "list apr": 0.049967273195713834,
  "overtime on": 0.06877317737003474,
  "you how excited": 0.06877317737003474,
  "isles": 0.09177084271223158,
  "email list apr": 0.06877317737003474,
  "beat the rangers": 0.06877317737003474,
  "email list": 0.11051982489207901,
  "writes": 0.008889240063093256,
  "in go isles": 0.06877317737003474,
  "request for islanders": 0.06877317737003474,
  "isles don please": 0.06877317737003474,
  "writes if anyone": 0.05433261110836921,
  "list could you": 0.06114392536539509,
  "friday go isles": 0.06877317737003474,
  "article writes": 0.019292044790099248,
  "how excited": 0.06877317737003474,
  "overtime": 0.040944474694809246,
  "isles ": 0.1375463547400695,
  "rangers": 0.03286703851560313,
  "friday go": 0.06877317737003474,
  "islanders beat": 0.059146133195591054,
  "don please": 0.06877317737003474,
  "request": 0.026843518203908786,
  "in article writes": 0.019303227472780522,
  "friday": 0.035024480117523134,
  "go isles": 0.1279193105656258,
  "advance ercu can": 0.06877317737003474,
  "add me to": 0.0639596552828129,
  "the list": 0.030025053578463756,
  "add me": 0.1279193105656258
}