{
  "didnt": 0.005616370564107544,
  "to mention": 0.010865386812544496,
  "in article": 0.001989601163520344,
  "afford": 0.010803511529291222,
  "in phillie": 0.01924338660986288,
  "nordiques or": 0.022977581302285388,
  "the franchise ottawa": 0.019761121067668475,
  "trade him": 0.018820366756512642,
  "sendplayers": 0.01924338660986288,
  "get lindros": 0.02136935118497693,
  "lindros and": 0.01846270856665821,
  "lindros to ottawa": 0.01924338660986288,
  "sports media": 0.022977581302285388,
  "from montreal": 0.017026422700286464,
  "like for examplewho": 0.022977581302285388,
  "reimburse the": 0.022977581302285388,
  "brian bellows to": 0.01924338660986288,
  "examplewho is going": 0.022977581302285388,
  "salary can you": 0.022977581302285388,
  "nordiques": 0.01591372413819392,
  "tsn": 0.015702652727043742,
  "equivalent oforplayers": 0.022977581302285388,
  "chemistry department tueapr": 0.017635156492554423,
  "chosen to publicize": 0.022977581302285388,
  "department": 0.006697744448702515,
  "depend on": 0.012461109160398484,
  "the ottawa sun": 0.03848677321972576,
  "sports media has": 0.022977581302285388,
  "re trade rumor": 0.0204285968738211,
  "ottawa will": 0.018820366756512642,
  "that montreal": 0.019761121067668475,
  "true": 0.005940970654183659,
  "re trade": 0.019761121067668475,
  "likely depend": 0.019761121067668475,
  "salary": 0.014663152210739891,
  "just reported": 0.01846270856665821,
  "not to mention": 0.011719970481126184,
  "cant see philli": 0.01924338660986288,
  "include the": 0.011812420384947992,
  "the remotest": 0.019761121067668475,
  "university of": 0.003663575889972396,
  "if personally": 0.022977581302285388,
  "choose overall": 0.019761121067668475,
  "much to quebec": 0.019761121067668475,
  "reporter was had": 0.022977581302285388,
  "montreal": 0.03322579229486262,
  "theplayers": 0.019761121067668475,
  "nordiqueslike the senators": 0.022977581302285388,
  "quebec and they": 0.022977581302285388,
  "nordiqueslike the": 0.022977581302285388,
  "round": 0.010166767107709411,
  "mention that": 0.013900961800131917,
  "to phillidelphia": 0.019761121067668475,
  "reported that the": 0.015418192582978005,
  "paid": 0.009565183353811306,
  "crap even": 0.022977581302285388,
  "fools jokeprobably started": 0.022977581302285388,
  "overall can ottawa": 0.019761121067668475,
  "montreal for the": 0.019761121067668475,
  "publicize": 0.017635156492554423,
  "the if personally": 0.022977581302285388,
  "the ottawa": 0.03527031298510885,
  "started by someone": 0.022977581302285388,
  "vin": 0.017212136639204182,
  "include": 0.00765835185405027,
  "or not ottawa": 0.019761121067668475,
  "phillie will": 0.01924338660986288,
  "the senators": 0.01741401918442374,
  "reporter for": 0.022977581302285388,
  "ottawa": 0.0796818488924506,
  "trade": 0.019774619351957724,
  "future for": 0.018152890950360014,
  "examplewho": 0.022977581302285388,
  "that lindros": 0.01924338660986288,
  "the equivalent": 0.014250898899284084,
  "the sports": 0.016404000457607395,
  "can you thinkit": 0.022977581302285388,
  "utter nonsense": 0.022977581302285388,
  "afford lindros": 0.019761121067668475,
  "department tueapr gmt": 0.015010093588862777,
  "consideration gerald ": 0.022977581302285388,
  "they paid": 0.01741401918442374,
  "ottawa sun got": 0.022977581302285388,
  "such crap": 0.0204285968738211,
  "choose overall can": 0.019761121067668475,
  "phillie will send": 0.01924338660986288,
  "the bruins": 0.01336473970972963,
  "publicize this": 0.022977581302285388,
  "equivalent": 0.010865386812544496,
  "a real good": 0.016854478449349754,
  "not ottawa": 0.019761121067668475,
  "reporter": 0.027991352809174534,
  "badly and": 0.02136935118497693,
  "bellows to": 0.01924338660986288,
  "true it will": 0.019761121067668475,
  "good laugh": 0.01669440218139859,
  "media has": 0.017879612445356803,
  "mention that lindros": 0.019761121067668475,
  "first round": 0.013947835831031034,
  "april fools jokeprobably": 0.022977581302285388,
  "theplayers from montreal": 0.019761121067668475,
  "ottawa afford lindros": 0.019761121067668475,
  "the flyers": 0.02945702774847141,
  "a huge": 0.0119483697219922,
  "had real badly": 0.022977581302285388,
  "jokeprobably started by": 0.022977581302285388,
  "sun": 0.016074186404570322,
  "lindros salary": 0.019761121067668475,
  "pick to": 0.01846270856665821,
  "to reimburse": 0.022977581302285388,
  "round pick": 0.016544660833051558,
  "ottawa and": 0.01846270856665821,
  "lindros seems": 0.019761121067668475,
  "ottawa and ottawa": 0.01924338660986288,
  "for examplewho": 0.022977581302285388,
  "lindros and million": 0.022977581302285388,
  "montreal obviously some": 0.022977581302285388,
  "they didnt": 0.010411223060511792,
  "the draft": 0.014477438271822173,
  "to montreal": 0.01846270856665821,
  "successful future": 0.019761121067668475,
  "you thinkit": 0.022977581302285388,
  "ottawa sun has": 0.01924338660986288,
  "philli giving": 0.01924338660986288,
  "possibly be trueno": 0.022977581302285388,
  "depend": 0.011756509592421171,
  "trueno need for": 0.022977581302285388,
  "started by": 0.014305494020885462,
  "lindros to": 0.01924338660986288,
  "million including vin": 0.01924338660986288,
  "tueapr gmt in": 0.007623978105128829,
  "gmt in": 0.003977013957190491,
  "draw": 0.009759266948444544,
  "thinkit cannot possibly": 0.022977581302285388,
  "lindros for anything": 0.01924338660986288,
  "eric lindros": 0.016026926375245967,
  "pick": 0.018628582751517964,
  "theplayers from": 0.019761121067668475,
  "of toronto chemistry": 0.013722397899584057,
  "a successful future": 0.019761121067668475,
  "sun has reported": 0.01924338660986288,
  "see philli": 0.01924338660986288,
  "huge draw": 0.019761121067668475,
  "damphousse": 0.015603906521895724,
  "phillidelphia": 0.019761121067668475,
  "salary can": 0.02136935118497693,
  "ottawa afford": 0.019761121067668475,
  "of toronto": 0.01075517258056073,
  "gets to choose": 0.019761121067668475,
  "depend on whether": 0.01924338660986288,
  "flyers sent the": 0.022977581302285388,
  "franchise ottawa may": 0.019761121067668475,
  "sun has": 0.017635156492554423,
  "reimburse": 0.018820366756512642,
  "draft": 0.01157931010568202,
  "million the flyers": 0.022977581302285388,
  "remotest": 0.019761121067668475,
  "an april": 0.0204285968738211,
  "consideration gerald": 0.022977581302285388,
  "franchise": 0.014537706221713728,
  "to the nordiqueslike": 0.022977581302285388,
  "will send": 0.014537706221713728,
  "nonsense if": 0.02136935118497693,
  "crap": 0.011414688908530549,
  "bellows": 0.01591372413819392,
  "montrealottawaphillie university of": 0.022977581302285388,
  "tueapr": 0.005241059813755075,
  "lindros": 0.07152747010442731,
  "laugh seeing": 0.022977581302285388,
  "publicize this utter": 0.022977581302285388,
  "choices to quebec": 0.022977581302285388,
  "to quebec": 0.03848677321972576,
  "most likely depend": 0.019761121067668475,
  "million they paid": 0.022977581302285388,
  "anything they didnt": 0.018820366756512642,
  "was had real": 0.022977581302285388,
  "senators are going": 0.022977581302285388,
  "the nordiqueslike": 0.022977581302285388,
  "toronto": 0.008716956574515326,
  "quebec": 0.024448299550140915,
  "to publicize": 0.01924338660986288,
  "sun got taken": 0.022977581302285388,
  "fools jokeprobably": 0.022977581302285388,
  "phillie and that": 0.019761121067668475,
  "pick i cant": 0.02136935118497693,
  "tsn sportsdesk": 0.01924338660986288,
  "the nordiques": 0.018820366756512642,
  "choices": 0.011968458034621236,
  "back some reporter": 0.022977581302285388,
  "the draft choices": 0.022977581302285388,
  "draft choices": 0.02136935118497693,
  "chosen": 0.011321245987096813,
  "jokeprobably": 0.022977581302285388,
  "had real": 0.022977581302285388,
  "gerald ": 0.0275315342354194,
  "good laugh seeing": 0.022977581302285388,