{
  "writes lake": 0.13954833879886452,
  "lake statemaine": 0.13340492806995294,
  "post maine lssu": 0.15005056880734854,
  "finalswinner tue apr": 0.15005056880734854,
  "paandrewcmuedu inreplyto": 0.09341921095457022,
  "statemaine": 0.13340492806995294,
  "please post": 0.07802647500270665,
  "freshman physics": 0.13340492806995294,
  "in finalswho": 0.13340492806995294,
  "maine lssu": 0.15005056880734854,
  "statemaine in": 0.13340492806995294,
  "inreplyto": 0.05452861725550033,
  "finalswho": 0.13340492806995294,
  "inreplyto writes lake": 0.15005056880734854,
  "re ncaa finalswinner": 0.13340492806995294,
  "lake statemaine in": 0.13340492806995294,
  "re ncaa": 0.13340492806995294,
  "finalswho won": 0.13340492806995294,
  "pittsburgh paandrewcmuedu": 0.07997522315152623,
  "terry": 0.08256045825805296,
  "apr freshman": 0.12290269806146892,
  "ncaa": 0.10189823804450086,
  "physics": 0.06362962222164852,
  "paandrewcmuedu": 0.07997522315152623,
  "in finalswho won": 0.13340492806995294,
  "carnegie mellon pittsburgh": 0.07087258890260305,
  "writes lake statemaine": 0.13954833879886452,
  "terry ": 0.22012970338393165,
  "post maine": 0.13954833879886452,
  "pittsburgh paandrewcmuedu inreplyto": 0.09341921095457022,
  "post": 0.03916360595025911,
  "mellon pittsburgh": 0.07087258890260305,
  "statemaine in finalswho": 0.13340492806995294,
  "ncaa finalswinner": 0.1290461087903805,
  "lssu terry": 0.15005056880734854,
  "freshman physics carnegie": 0.13954833879886452,
  "please post maine": 0.13954833879886452,
  "physics carnegie": 0.12566514589168032,
  "carnegie mellon": 0.06568171268975614,
  "finalswinner": 0.1290461087903805,
  "ncaa finalswinner tue": 0.15005056880734854,
  "paandrewcmuedu inreplyto writes": 0.15005056880734854,
  "inreplyto writes": 0.13954833879886452,
  "maine lssu terry": 0.15005056880734854,
  "won please post": 0.13340492806995294,
  "writes": 0.009697352796101734,
  "mellon": 0.0655664914869498,
  "tue apr freshman": 0.13340492806995294,
  "lssu": 0.12566514589168032,
  "carnegie": 0.06568171268975614,
  "tue apr": 0.111187699754901,
  "finalswho won please": 0.13340492806995294,
  "maine": 0.09171499908446887,
  "won": 0.06732957616880067,
  "finalswinner tue": 0.15005056880734854,
  "mellon pittsburgh paandrewcmuedu": 0.07997522315152623,
  "pittsburgh": 0.05541258751217334,
  "physics carnegie mellon": 0.12566514589168032,
  "tue": 0.1046606858747123,
  "won please": 0.13340492806995294,
  "lake": 0.07726237115987494,
  "apr": 0.019906419519532415,
  "freshman": 0.08567942877629764,
  "apr freshman physics": 0.15005056880734854,
  "lssu terry ": 0.15005056880734854
}