{
  "blues": 0.04243917648420854,
  "jdr microdevices": 0.06074372055137167,
  "writes": 0.004885689194982553,
  "finding": 0.034186164303844274,
  "fyzzicks": 0.0755979964983588,
  "availability": 0.04083557747850734,
  "monapr gmt in": 0.029729193556048916,
  "sender usenet news": 0.01867408742108872,
  "no can find": 0.0755979964983588,
  "trouble": 0.029186292719003148,
  "rainer m": 0.0755979964983588,
  "university of": 0.012053444340290861,
  "jdr microdevices catalog": 0.0755979964983588,
  "fyzzicks cu": 0.0755979964983588,
  "s when i": 0.07030679664675617,
  "boulder monapr gmt": 0.05972439694355089,
  "boulder monapr": 0.05972439694355089,
  "writes i": 0.020217196421432555,
  "colorado": 0.0305606121198665,
  "nntppostinghost spotcoloradoedu": 0.04938435371602944,
  "can find": 0.033666229755301175,
  "spotcoloradoedu university of": 0.04989344817785136,
  "jdr": 0.058825289801135744,
  "colorado boulder monapr": 0.05972439694355089,
  "hearing": 0.03489021945053156,
  "news": 0.011718385519150562,
  "niemeyer writes i": 0.0755979964983588,
  "find": 0.016196805969844755,
  "trouble finding s": 0.07030679664675617,
  "can find sender": 0.0755979964983588,
  "be interesting": 0.04500766684009566,
  "m malzbender fyzzicks": 0.0755979964983588,
  "article patrick niemeyer": 0.07030679664675617,
  "variant": 0.04914199724034562,
  "university of colorado": 0.03709856812492943,
  "usenet news": 0.01835049046330362,
  "spotcoloradoedu": 0.048907099082584136,
  "article patrick": 0.05312136306960734,
  "finding s": 0.07030679664675617,
  "too had trouble": 0.07030679664675617,
  "news system nntppostinghost": 0.027742299676173598,
  "system nntppostinghost": 0.02772785579715041,
  "in article patrick": 0.05312136306960734,
  "now the newest": 0.0755979964983588,
  "had trouble finding": 0.06721164314974729,
  "boulder ": 0.09274345259230393,
  "niemeyer": 0.07030679664675617,
  "in article": 0.006545939705933345,
  "rainer": 0.051026425316158794,
  "malzbender fyzzicks": 0.0755979964983588,
  "re blues": 0.06501559679515352,
  "cu boulder": 0.04914199724034562,
  "sender": 0.004995065234477983,
  "when i looked": 0.06074372055137167,
  "newest jdr microdevices": 0.0755979964983588,
  "malzbender fyzzicks cu": 0.0755979964983588,
  "blues no can": 0.07030679664675617,
  "interesting in hearing": 0.06721164314974729,
  "patrick": 0.0359996315682767,
  "interesting in": 0.05601823041086615,
  "the rainer m": 0.0755979964983588,
  "their availability": 0.06721164314974729,
  "microdevices": 0.06074372055137167,
  "one variant": 0.0755979964983588,
  "malzbender": 0.0755979964983588,
  "spotcoloradoedu university": 0.04989344817785136,
  "microdevices catalog": 0.0755979964983588,
  "gmt in article": 0.013893197958004793,
  "patrick niemeyer writes": 0.07030679664675617,
  "id be interesting": 0.07030679664675617,
  "gmt in": 0.013084679508008408,
  "fyzzicks cu boulder": 0.0755979964983588,
  "trouble finding": 0.058825289801135744,
  "usenet": 0.015555463996948187,
  "nntppostinghost spotcoloradoedu university": 0.04989344817785136,
  "catalog": 0.04168462812820371,
  "monapr": 0.019957327074532412,
  "s": 0.02103647534424083,
  "availability now the": 0.0755979964983588,
  "find sender usenet": 0.0755979964983588,
  "monapr gmt": 0.020864259525460876,
  "cu boulder ": 0.05043893645252423,
  "cu": 0.046371726296151966,
  "looked for them": 0.07030679664675617,
  "system": 0.013422657436619296,
  "boulder": 0.06941604987195406,
  "the rainer": 0.0755979964983588,
  "the newest": 0.0501613208481664,
  "hearing if anyone": 0.07030679664675617,
  "find sender": 0.0755979964983588,
  "newest": 0.04914199724034562,
  "rainer m malzbender": 0.0755979964983588,
  "writes i too": 0.06721164314974729,
  "the newest jdr": 0.0755979964983588,
  "system nntppostinghost spotcoloradoedu": 0.04938435371602944,
  "of the rainer": 0.0755979964983588,
  "catalog has at": 0.0755979964983588,
  "usenet news system": 0.021826753007712352,
  "availability now": 0.06331221090725879,
  "nntppostinghost": 0.01299828049065984,
  "s when": 0.06074372055137167,
  "catalog has": 0.0755979964983588,
  "i looked": 0.03999922478757966,
  "gmt": 0.001255189802035667,
  "article": 0.00601837674895785,
  "finding s when": 0.07030679664675617,
  "niemeyer writes": 0.07030679664675617,
  "sender usenet": 0.01702732553162208,
  "hearing if": 0.07030679664675617,
  "news system": 0.02087601254977838,
  "microdevices catalog has": 0.0755979964983588,
  "least one variant": 0.0755979964983588,
  "had trouble": 0.05353408994953311,
  "of colorado": 0.03695223288746592,
  "patrick niemeyer": 0.07030679664675617,
  "m malzbender": 0.0755979964983588,
  "about their availability": 0.07030679664675617,
  "variant of the": 0.06331221090725879,
  "newest jdr": 0.0755979964983588,
  "of colorado boulder": 0.03844124496816351,
  "looked": 0.028234960142872616,
  "in hearing": 0.04824289009793048,
  "variant of": 0.056629243446542,
  "interesting": 0.024882044336926187,
  "blues no": 0.07030679664675617,
  "looked for": 0.051662926147754605,
  "m": 0.02592412083129764,
  "university": 0.007451573687274935,
  "colorado boulder": 0.03844124496816351
}