{
  "frequency low power": 0.03174146647847757,
  "are larger": 0.024361386052214606,
  "capacitors at": 0.03174146647847757,
  "a crystal": 0.02507658974232425,
  "other crystal types": 0.03174146647847757,
  "washington": 0.011442493311363182,
  "john haddy": 0.023777022088131417,
  "and higher frequency": 0.03174146647847757,
  "the quartz": 0.028220273245566967,
  "unreliable": 0.019918134894779057,
  "frequency mhz": 0.03174146647847757,
  "larger": 0.013704219319212712,
  "larger and higher": 0.03174146647847757,
  "true": 0.008206917794721658,
  "michael covington": 0.019999281715241526,
  "gmt": 0.0005270187950854883,
  "quartz oscillators are": 0.03174146647847757,
  "sensitivity": 0.017354811447284818,
  "to leakage true": 0.03174146647847757,
  "timers": 0.023282949396377383,
  "for timing": 0.0295198408997598,
  "leakage true especially": 0.03174146647847757,
  "seattlecarsonuwashingtonedu": 0.02169180552998671,
  "leakage true": 0.03174146647847757,
  "capacitors": 0.04532130895659479,
  "watch on": 0.025998647666849194,
  "at high": 0.01907722379071659,
  "powerstingy than": 0.03174146647847757,
  "battery power": 0.02550457497509516,
  "low": 0.02206326515981593,
  "mechanically": 0.023520474948152133,
  "extreme cold is": 0.028220273245566967,
  "affect the": 0.018513471654615102,
  "types which": 0.03174146647847757,
  "cold": 0.0285956399407898,
  "of washington": 0.017179624227612177,
  "timing apr gmt": 0.027298215321042027,
  "quartz oscillators": 0.03174146647847757,
  "powerstingy": 0.03174146647847757,
  "battery": 0.01522450623970264,
  "gmt shelley world": 0.023777022088131417,
  "feeling": 0.014070220497179552,
  "likely to affect": 0.025998647666849194,
  "mechanically resonating": 0.028220273245566967,
  "are unreliable": 0.028220273245566967,
  "electrolytic": 0.02550457497509516,
  "michael covington writes": 0.02106132381765961,
  "sensitivity is": 0.026583011630932376,
  "accurate but": 0.024699080012656357,
  "timing due to": 0.027298215321042027,
  "extreme": 0.01557664238578768,
  "john whitmore": 0.024699080012656357,
  "significant temperature drifts": 0.03174146647847757,
  "covington writes": 0.02106132381765961,
  "in article": 0.005496910906905565,
  "washington seattlecarsonuwashingtonedu in": 0.022660654478297394,
  "than suitable": 0.03174146647847757,
  "writes dont": 0.02198338174218455,
  "article michael covington": 0.02169180552998671,
  "suitable": 0.016589582444143148,
  "to affect": 0.02247745443393858,
  "especially for electrolytic": 0.03174146647847757,
  "high": 0.008942934078775368,
  "timing due": 0.027298215321042027,
  "are usuallykhz": 0.03174146647847757,
  "be less accurate": 0.03174146647847757,
  "oscillators john": 0.03174146647847757,
  "higher frequency": 0.025998647666849194,
  "apr gmt": 0.004821321917785558,
  "significant temperature": 0.03174146647847757,
  "dont use": 0.017112145351978098,
  "use big capacitors": 0.0295198408997598,
  "resonating device extreme": 0.028220273245566967,
  "ultralong": 0.02507658974232425,
  "often notice": 0.03174146647847757,
  "affected by cold": 0.028220273245566967,
  "drifts which": 0.03174146647847757,
  "power programmable timers": 0.03174146647847757,
  "shelley world": 0.023777022088131417,
  "device extreme cold": 0.028220273245566967,
  "low temperature sensitivity": 0.03174146647847757,
  "gut feeling": 0.025998647666849194,
  "its frequency": 0.028220273245566967,
  "gmt shelley": 0.01940124980632995,
  "due to leakage": 0.0295198408997598,
  "programmable timers": 0.03174146647847757,
  "temperature": 0.05038363891512439,
  "affect": 0.015535550435694533,
  "temperature instead use": 0.03174146647847757,
  "extreme cold": 0.028220273245566967,
  "crystal types which": 0.03174146647847757,
  "crystal": 0.07405388661846041,
  "world university": 0.020082536479354544,
  "on ones wrist": 0.03174146647847757,
  "in other crystal": 0.03174146647847757,
  "dont": 0.003905763072618478,
  "washington seattlecarsonuwashingtonedu": 0.02169180552998671,
  "seattlecarsonuwashingtonedu in article": 0.022660654478297394,
  "for electrolytic capacitors": 0.03174146647847757,
  "writes in": 0.006559713936503726,
  "wearing": 0.016165144669626062,
  "haddy": 0.023777022088131417,
  "notice": 0.012984407248431182,
  "dont use big": 0.0295198408997598,
  "john": 0.01741790536386332,
  "a mechanically resonating": 0.028220273245566967,
  "unfortunately are larger": 0.03174146647847757,
  "at high temperature": 0.03174146647847757,
  "types which unfortunately": 0.03174146647847757,
  "high temperature": 0.025998647666849194,
  "cold my": 0.028220273245566967,
  "low temperature": 0.028220273245566967,
  "resonant frequency low": 0.03174146647847757,
  "doesnt": 0.007062484403487233,
  "mhz or": 0.028220273245566967,
  "crystal types": 0.03174146647847757,
  "frequency low": 0.03174146647847757,
  "other crystal": 0.03174146647847757,
  "mhz or so": 0.0295198408997598,
  "resonating device": 0.028220273245566967,
  "divide": 0.019267683471712743,
  "are more powerstingy": 0.03174146647847757,
  "crystal be": 0.028220273245566967,
  "doesnt often": 0.03174146647847757,
  "timing": 0.035473651851397316,
  "accurate": 0.014006243758197059,
  "they are unreliable": 0.028220273245566967,
  "wouldnt a crystal": 0.028220273245566967,
  "cold is": 0.027298215321042027,
  "frequency by": 0.027298215321042027,
  "frequency": 0.04834750209696011,
  "high temperature instead": 0.03174146647847757,
  "compliance terminology": 0.028220273245566967,
  "true especially": 0.0295198408997598,
  "big capacitors": 0.028220273245566967,
  "timing apr": 0.026583011630932376,
  "and divide": 0.025998647666849194,
  "crystal and": 0.02550457497509516,
  "oscillators": 0.047040949896304265,
  "to leakage": 0.0295198408997598,
  "cold my gut": 0.028220273245566967,
  "times": 0.009310345830238466,
  "article": 0.005053893295599221,
  "university": 0.003128705618695566,
  "covington writes dont": 0.0295198408997598,
  "a mechanically": 0.028220273245566967,
  "notice while": 0.03174146647847757,
  "crystal be affected": 0.028220273245566967,
  "help with ultralong": 0.02507658974232425,
  "writes": 0.004102726182966118,
  "more powerstingy": 0.03174146647847757,
  "frequency by times": 0.028220273245566967,
  "one doesnt": 0.019540625165111163,
  "leakage": 0.02306181839802177,
  "oscillators are": 0.0295198408997598,
  "use big": 0.0295198408997598,
  "apr gmt shelley": 0.01940124980632995,
  "electrolytic capacitors": 0.028220273245566967,
  "capacitors at high": 0.03174146647847757,
  "its resonant": 0.028220273245566967,
  "university of": 0.0050609013095452016,
  "ones wrist": 0.03174146647847757,
  "big": 0.00893771824653378,
  "divide its": 0.028220273245566967,
  "resonating": 0.026583011630932376,
  "article john": 0.013955966206377509,
  "programmable timers might": 0.03174146647847757,
  "shelley world university": 0.024055904706687923,
  "for electrolytic": 0.03174146647847757,
  "more battery power": 0.03174146647847757,
  "big capacitors they": 0.0295198408997598,
  "gut": 0.02025582885522081,
  "haddy writes": 0.028220273245566967,
  "as a mechanically": 0.028220273245566967,
  "capacitors they are": 0.0295198408997598,
  "frequency mhz or": 0.03174146647847757,
  "a quartz": 0.028220273245566967,
  "a quartz crystal": 0.028220273245566967,
  "cold is likely": 0.028220273245566967,
  "the watch": 0.026583011630932376,
  "notice while wearing": 0.03174146647847757,
  "higher": 0.011654285233152694,
  "while wearing": 0.025998647666849194,
  "drifts": 0.028220273245566967,
  "take more battery": 0.03174146647847757,
  "quartz crystal": 0.028220273245566967,
  "wrist": 0.02117788677974575,
  "crystal oscillators": 0.03174146647847757,
  "hence its resonant": 0.028220273245566967,
  "powerstingy than suitable": 0.03174146647847757,
  "crystal oscillators john": 0.03174146647847757,
  "accurate but they": 0.03174146647847757,
  "suitable crystal": 0.03174146647847757,