{
  "the quartz": 0.0368398546134598,
  "a crystal": 0.03273596652554463,
  "tueapr": 0.00945145096120685,
  "john haddy": 0.031039459797058584,
  "mechanically resonating": 0.0368398546134598,
  "michael covington writes": 0.027494280464894553,
  "smidgen of the": 0.04143655875014645,
  "darling anyway btw": 0.04143655875014645,
  "michael covington": 0.02610784893370442,
  "on frozen": 0.04143655875014645,
  "ultralong timing trivializers": 0.04143655875014645,
  "in john": 0.025417138681154423,
  "found to fire": 0.04143655875014645,
  "resonating device": 0.0368398546134598,
  "frequency": 0.042076487180617995,
  "in a fairly": 0.0339396572052592,
  "trivializers": 0.04143655875014645,
  "capacitors": 0.029582109611835924,
  "r": 0.01379367094178572,
  "extreme cold is": 0.0368398546134598,
  "affect the": 0.024168214042844815,
  "capacitors you found": 0.04143655875014645,
  "high current drain": 0.04143655875014645,
  "cold": 0.037329873060779985,
  "cold is": 0.03563616393374524,
  "tueapr gmt in": 0.013748680181215587,
  "quartz": 0.0678793144105184,
  "case youre": 0.03329467528129577,
  "those big capacitors": 0.04143655875014645,
  "haddy writes": 0.0368398546134598,
  "likely to affect": 0.0339396572052592,
  "high current": 0.03563616393374524,
  "drain on frozen": 0.04143655875014645,
  "testcalibrate": 0.04143655875014645,
  "freezer space": 0.04143655875014645,
  "resonant": 0.03180231149912534,
  "gmt": 0.0006879910630404701,
  "extreme": 0.02033436160822492,
  "covington writes": 0.027494280464894553,
  "in article": 0.0035879418471852225,
  "absolute": 0.018945854115484675,
  "article michael covington": 0.028317336089355032,
  "the solenoid high": 0.04143655875014645,
  "to affect": 0.02934295306857254,
  "high": 0.01167445787689504,
  "the distance": 0.025417138681154423,
  "fire the": 0.02569931977234912,
  "capacitors you": 0.04143655875014645,
  "timing": 0.02315435016241833,
  "john haddy writes": 0.0368398546134598,
  "trivializers r": 0.04143655875014645,
  "cold my gut": 0.0368398546134598,
  "resonating device extreme": 0.0368398546134598,
  "current drain on": 0.04143655875014645,
  "affected by cold": 0.0368398546134598,
  "from a bio": 0.04143655875014645,
  "absolute zero": 0.04143655875014645,
  "an ugly": 0.03329467528129577,
  "this darling": 0.04143655875014645,
  "device extreme cold": 0.0368398546134598,
  "darling": 0.031039459797058584,
  "gut feeling": 0.0339396572052592,
  "its frequency": 0.0368398546134598,
  "paul": 0.01427871969365061,
  "cold my": 0.0368398546134598,
  "a smidgen": 0.04143655875014645,
  "smidgen": 0.04143655875014645,
  "use a quartz": 0.0368398546134598,
  "gmt in john": 0.03329467528129577,
  "borrow freezer": 0.04143655875014645,
  "fairly": 0.01657128939815189,
  "crystal": 0.04833642808568963,
  "by times": 0.0368398546134598,
  "testcalibrate this darling": 0.04143655875014645,
  "batteries can": 0.04143655875014645,
  "writes in": 0.008563308569829132,
  "in any case": 0.021070305819369955,
  "haddy": 0.031039459797058584,
  "reproducible way": 0.04143655875014645,
  "john": 0.011369009358839655,
  "a mechanically resonating": 0.0368398546134598,
  "fire the solenoid": 0.038536361341945845,
  "frequency yes but": 0.04143655875014645,
  "trivializers r us": 0.04143655875014645,
  "someone to testcalibrate": 0.04143655875014645,
  "frozen batteries": 0.04143655875014645,
  "crystal be": 0.0368398546134598,
  "wouldnt a crystal": 0.0368398546134598,
  "timing trivializers r": 0.04143655875014645,
  "article": 0.003298775540223759,
  "divide": 0.025152791812445088,
  "btw youre": 0.04143655875014645,
  "frozen": 0.02579777373640851,
  "as a mechanically": 0.0368398546134598,
  "case": 0.009633619588882512,
  "frequency by": 0.03563616393374524,
  "the solenoid": 0.0368398546134598,
  "have to borrow": 0.04143655875014645,
  "bio": 0.03329467528129577,
  "compliance terminology": 0.0368398546134598,
  "big capacitors": 0.0368398546134598,
  "us tueapr": 0.03563616393374524,
  "and divide": 0.0339396572052592,
  "crystal and": 0.03329467528129577,
  "distance to": 0.03273596652554463,
  "affect": 0.020280718560404577,
  "bio lab": 0.04143655875014645,
  "times": 0.012154091627759002,
  "lab or": 0.04143655875014645,
  "bio lab or": 0.04143655875014645,
  "drain": 0.024669474293106827,
  "ultralong timing": 0.0339396572052592,
  "ultralong": 0.03273596652554463,
  "a mechanically": 0.0368398546134598,
  "in john haddy": 0.04143655875014645,
  "batteries": 0.02238268054261281,
  "crystal be affected": 0.0368398546134598,
  "to borrow freezer": 0.04143655875014645,
  "writes": 0.005355860121696355,
  "fairly reproducible way": 0.04143655875014645,
  "lab or someone": 0.04143655875014645,
  "frequency by times": 0.0368398546134598,
  "gut": 0.026442755660371936,
  "resonant frequency yes": 0.04143655875014645,
  "ugly thing": 0.0368398546134598,
  "big": 0.011667648924345353,
  "resonating": 0.034702508907325944,
  "freezer space from": 0.04143655875014645,
  "of the distance": 0.03329467528129577,
  "its resonant": 0.0368398546134598,
  "divide its": 0.0368398546134598,
  "a quartz": 0.0368398546134598,
  "to fire": 0.026935571709143413,
  "reproducible way is": 0.04143655875014645,
  "fire": 0.014769948751916277,
  "a quartz crystal": 0.0368398546134598,
  "cold is likely": 0.0368398546134598,
  "my gut": 0.03140352413592733,
  "quartz crystal": 0.0368398546134598,
  "distance to absolute": 0.04143655875014645,
  "current": 0.013343795026675863,
  "device extreme": 0.0368398546134598,
  "reproducible": 0.038536361341945845,
  "space": 0.012414204206907753,
  "drain on": 0.03224315047677315,
  "r us": 0.02934295306857254,
  "paul ": 0.057804228181849465,
  "timing trivializers": 0.04143655875014645,
  "space from a": 0.04143655875014645,
  "with ultralong timing": 0.0339396572052592,
  "the compliance terminology": 0.0368398546134598,
  "fairly reproducible": 0.04143655875014645,
  "smidgen of": 0.04143655875014645,
  "feeling is": 0.030394477873095162,
  "quartz crystal and": 0.0368398546134598,
  "covington": 0.0233163355690321,
  "gut feeling is": 0.03563616393374524,
  "on frozen batteries": 0.04143655875014645,
  "ugly": 0.02315435016241833,
  "darling anyway": 0.04143655875014645,
  "divide its frequency": 0.0368398546134598,
  "times or something": 0.0368398546134598,
  "to absolute": 0.0368398546134598,
  "want those big": 0.04143655875014645,
  "testcalibrate this": 0.04143655875014645,
  "help with ultralong": 0.03273596652554463,
  "batteries can be": 0.04143655875014645,
  "current drain": 0.0368398546134598,
  "michael": 0.01337437324134835,
  "freezer": 0.04143655875014645,
  "haddy writes in": 0.0368398546134598,
  "device": 0.016974471825218735,
  "its resonant frequency": 0.0368398546134598,
  "resonant frequency": 0.0368398546134598,
  "affect the compliance": 0.0368398546134598,
  "with ultralong": 0.03273596652554463,
  "to borrow": 0.03180231149912534,
  "terminology": 0.025152791812445088,
  "borrow freezer space": 0.04143655875014645,
  "absolute zero and": 0.04143655875014645,
  "those big": 0.03224315047677315,
  "mechanically resonating device": 0.0368398546134598,
  "frequency yes": 0.04143655875014645,
  "by cold": 0.0368398546134598,
  "gmt in": 0.007171937303552725,
  "compliance terminology of": 0.0368398546134598,
  "solenoid": 0.034702508907325944,
  "us tueapr gmt": 0.03563616393374524,
  "a fairly reproducible": 0.04143655875014645,
  "big capacitors you": 0.04143655875014645,
  "r us tueapr": 0.04143655875014645,
  "mechanically": 0.030704553070391067,
  "space from": 0.03563616393374524,
  "writes instead": 0.0368398546134598,
  "anyway btw": 0.038536361341945845,
  "crystal and divide": 0.0368398546134598,
  "times or": 0.030704553070391067,
  "hence its resonant": 0.0368398546134598,
  "article michael": 0.019826575595654764,
  "terminology of the": 0.0368398546134598,
  "a bio lab": 0.04143655875014645,
  "case youre going": 0.04143655875014645,