{
  "didnt exist gotta": 0.09903337541285004,
  "workapr": 0.08111578072056949,
  "i claimed didnt": 0.09903337541285004,
  "accurate though": 0.09903337541285004,
  "exist gotta": 0.09903337541285004,
  "radarjust how": 0.07957427392229689,
  "knew": 0.0387988994832397,
  "servicehpctdkzcolhpcom ive": 0.09903337541285004,
  "aware of them": 0.09903337541285004,
  "beam i believe": 0.09903337541285004,
  "gmt your servicehpctdkzcolhpcom": 0.07706112963948783,
  "claimed didnt exist": 0.09903337541285004,
  "one beam": 0.08517043180165113,
  "rest of what": 0.07505442268486633,
  "re police": 0.07957427392229689,
  "split or": 0.09210190360725058,
  "accurate": 0.043699480525574826,
  "your servicehpctdkzcolhpcom": 0.07706112963948783,
  "it workapr gmt": 0.09210190360725058,
  "though mmmmmmmcrow": 0.09903337541285004,
  "gotta eat some": 0.09903337541285004,
  "workapr gmt": 0.09210190360725058,
  "accurate though mmmmmmmcrow": 0.09903337541285004,
  "group ": 0.14676776367646932,
  "radars which": 0.09903337541285004,
  "radars which i": 0.09903337541285004,
  "believe the rest": 0.09210190360725058,
  "i claimed": 0.07505442268486633,
  "does it workapr": 0.08804725252616895,
  "servicehpctdkzcolhpcom": 0.07706112963948783,
  "eat": 0.045280591336008376,
  "crow": 0.07823895999605167,
  "police radarjust how": 0.07957427392229689,
  "crow here": 0.09903337541285004,
  "ive": 0.020768944058289895,
  "rest of": 0.03647587499531636,
  "separatebeam radars": 0.09903337541285004,
  "mmmmmmmcrow oopswrong": 0.09903337541285004,
  "several references": 0.09210190360725058,
  "claimed didnt": 0.09903337541285004,
  "exist": 0.03580772301357719,
  "separatebeam": 0.09903337541285004,
  "gmt": 0.0016442986406667236,
  "separatebeam radars which": 0.09903337541285004,
  "wasnt aware": 0.06958898562118562,
  "radarjust": 0.07957427392229689,
  "references to": 0.052589466421436304,
  "crow here i": 0.09903337541285004,
  "claimed": 0.04173237758311428,
  "though mmmmmmmcrow oopswrong": 0.09903337541285004,
  "aware of": 0.044566001696186935,
  "your servicehpctdkzcolhpcom ive": 0.09903337541285004,
  "really knew": 0.08804725252616895,
  "didnt": 0.024206557131303517,
  "mmmmmmmcrow oopswrong group": 0.09903337541285004,
  "rest": 0.032351092928675995,
  "didnt exist": 0.08804725252616895,
  "knew was": 0.08517043180165113,
  "i wasnt aware": 0.07505442268486633,
  "or separatebeam radars": 0.09903337541285004,
  "said is accurate": 0.09903337541285004,
  "workapr gmt your": 0.09903337541285004,
  "oopswrong group ": 0.09903337541285004,
  "police": 0.03639939278693379,
  "oopswrong": 0.09903337541285004,
  "ive seen": 0.039526949886972765,
  "to split": 0.06958898562118562,
  "i really knew": 0.09903337541285004,
  "split": 0.048095873404782406,
  "re police radarjust": 0.07957427392229689,
  "references to split": 0.09903337541285004,
  "gmt your": 0.07418430891497002,
  "radarjust how does": 0.07957427392229689,
  "or separatebeam": 0.09903337541285004,
  "exist gotta eat": 0.09903337541285004,
  "police radarjust": 0.07957427392229689,
  "the rest": 0.03411097706264531,
  "knew was that": 0.09903337541285004,
  "with one beam": 0.08517043180165113,
  "ive seen several": 0.09903337541285004,
  "seen several references": 0.09903337541285004,
  "which i claimed": 0.09903337541285004,
  "gotta eat": 0.09903337541285004,
  "gotta": 0.052882170244437435,
  "eat some": 0.08804725252616895,
  "split or separatebeam": 0.09903337541285004,
  "beam i": 0.09903337541285004,
  "references": 0.041256852180623464,
  "it workapr": 0.08517043180165113,
  "group": 0.02569661145627319,
  "aware": 0.04006183673648263,
  "is accurate": 0.06907605267731012,
  "some crow": 0.09903337541285004,
  "beam": 0.05626671422268948,
  "servicehpctdkzcolhpcom ive seen": 0.09903337541285004,
  "radars": 0.08517043180165113,
  "oopswrong group": 0.09903337541285004,
  "eat some crow": 0.09903337541285004,
  "mmmmmmmcrow": 0.09903337541285004
}