{
  "jdr microdevices current": 0.024465780616079357,
  "jdr microdevices": 0.046946474290440646,
  "jdr microdevices jdr": 0.02716870312898247,
  "sale apr": 0.015842885097733767,
  "o div o": 0.048931561232158714,
  "nonmagnified waveform": 0.024465780616079357,
  "frys electronics": 0.02307933923187365,
  "area": 0.009288299238339353,
  "trigger": 0.017135672504610334,
  "input intensity modulation": 0.025972640863176678,
  "who pays": 0.022731896648816467,
  "their showroom": 0.02716870312898247,
  "floor samplehurry its": 0.02716870312898247,
  "analog": 0.03162267114463126,
  "magnification magnified": 0.024465780616079357,
  "offset o alternate": 0.024465780616079357,
  "o vert": 0.024465780616079357,
  "tester": 0.022139947694650833,
  "for jdr microdevices": 0.048931561232158714,
  "international your price": 0.024465780616079357,
  "who pays retail": 0.02716870312898247,
  "mode trigger o": 0.024465780616079357,
  "apple computer inc": 0.017919457654265215,
  "jdr": 0.09092758659526587,
  "buyer so a": 0.025972640863176678,
  "price products": 0.024465780616079357,
  "in their showroom": 0.02716870312898247,
  "pays": 0.01672339538845942,
  "magnification magnified nonmagnified": 0.024465780616079357,
  "waveform": 0.021883276966067854,
  "used obo": 0.048931561232158714,
  "floor samplehurry": 0.02716870312898247,
  "inc cupertino": 0.020232492930860116,
  "computer": 0.0060269984773240045,
  "cupertino ca used": 0.02716870312898247,
  "buyer so": 0.025972640863176678,
  "vert": 0.02307933923187365,
  "b she or": 0.025972640863176678,
  "price i thinkbut": 0.02716870312898247,
  "good condition hitachi": 0.024465780616079357,
  "examine the scope": 0.025972640863176678,
  "the scope": 0.018561709818999347,
  "oscilliscopes for": 0.025972640863176678,
  "o tv": 0.048931561232158714,
  "list": 0.017273885627310036,
  "retail sells": 0.02716870312898247,
  "gmt": 0.0004850438468043433,
  "have to ship": 0.024465780616079357,
  "o vert mode": 0.024465780616079357,
  "price used obo": 0.048931561232158714,
  "tester resistorscapsdiodescoils o": 0.025972640863176678,
  "magnification": 0.02307933923187365,
  "and the price": 0.02068721470026206,
  "o tv video": 0.025972640863176678,
  "hitachi v dualchannel": 0.024465780616079357,
  "zaxis": 0.025972640863176678,
  "a local": 0.014151599018833103,
  "ship": 0.015216535141362102,
  "inc cupertino ca": 0.022421098667524945,
  "oscilliscopes": 0.02512402118042806,
  "just quoted": 0.022731896648816467,
  "oscilliscope o div": 0.048931561232158714,
  "current price products": 0.024465780616079357,
  "prior to purchase": 0.025972640863176678,
  "v dualchannel": 0.024465780616079357,
  "div o": 0.048931561232158714,
  "bay area": 0.016680950735208387,
  "prefer a": 0.018899203480290627,
  "ca used good": 0.02716870312898247,
  "filter o": 0.025972640863176678,
  "circuit": 0.013814105357541823,
  "waveform o": 0.024465780616079357,
  "used good": 0.023473237145220323,
  "dc offset": 0.024465780616079357,
  "dualchannel": 0.048931561232158714,
  "obo jdr dualchannel": 0.02716870312898247,
  "o zaxis": 0.025972640863176678,
  "separation circuit": 0.024465780616079357,
  "the price": 0.012427663973336115,
  "showroom your": 0.02716870312898247,
  "trigger o tv": 0.024465780616079357,
  "california buyer": 0.025972640863176678,
  "gmt bamarketmisc": 0.02716870312898247,
  "floor": 0.014452481520175645,
  "jdr floor": 0.02716870312898247,
  "examine": 0.015749231120404623,
  "trigger o": 0.024465780616079357,
  "frys electronics just": 0.024465780616079357,
  "computer inc": 0.016178457030939248,
  "your price": 0.042069314566638476,
  "oscilliscope": 0.04785591782924453,
  "div o dc": 0.024465780616079357,
  "bay": 0.014080940490743155,
  "dont": 0.003594684597808157,
  "o zaxis input": 0.025972640863176678,
  "i dont": 0.0053851916741831365,
  "quoted sells": 0.024465780616079357,
  "o alternate": 0.024465780616079357,
  "input": 0.012644738771735786,
  "separation circuit list": 0.024465780616079357,
  "o": 0.09530414588516568,
  "just quoted sells": 0.024465780616079357,
  "price products international": 0.024465780616079357,
  "purchase": 0.012832973322605858,
  "can examine": 0.025972640863176678,
  "bamarketmisc apple computer": 0.02716870312898247,
  "microdevices jdr floor": 0.02716870312898247,
  "jdr dualchannel": 0.025972640863176678,
  "tester resistorscapsdiodescoils": 0.025972640863176678,
  "examine the": 0.0187256326837628,
  "tv video sync": 0.025972640863176678,
  "a i dont": 0.023927958914622266,
  "a local bay": 0.025972640863176678,
  "electronics just": 0.024465780616079357,
  "dualchannel portable": 0.048931561232158714,
  "quoted sells for": 0.024465780616079357,
  "retail": 0.017135672504610334,
  "the scope prior": 0.025972640863176678,
  "bamarketmisc": 0.02716870312898247,
  "div": 0.030484596418233083,
  "price frys electronics": 0.024465780616079357,
  "intensity modulation": 0.02512402118042806,
  "frys": 0.022139947694650833,
  "o alternate magnification": 0.024465780616079357,
  "hitachi v": 0.024465780616079357,
  "list price and": 0.022731896648816467,
  "pays retail sells": 0.02716870312898247,
  "filter o zaxis": 0.025972640863176678,
  "international your": 0.024465780616079357,
  "jdr dualchannel portable": 0.025972640863176678,
  "video sync filter": 0.025972640863176678,
  "apple": 0.011095280636276244,
  "buyer": 0.01672339538845942,
  "dont have to": 0.014393678526367925,
  "thinkbut": 0.02716870312898247,
  "sells for": 0.040752833437941074,
  "dualchannel portable analog": 0.048931561232158714,
  "sync filter": 0.025972640863176678,
  "for sale apr": 0.016214213256698376,
  "price and": 0.016766459693536566,
  "area california buyer": 0.025972640863176678,
  "o component": 0.025972640863176678,
  "local bay": 0.025972640863176678,
  "obo jdr": 0.02716870312898247,
  "samplehurry its": 0.02716870312898247,
  "b": 0.009386170620927314,
  "o div": 0.04785591782924453,
  "price used": 0.04785591782924453,
  "intensity": 0.01848304242347675,
  "area california": 0.025972640863176678,
  "good condition": 0.016899558322682494,
  "portable analog oscilliscope": 0.048931561232158714,
  "magnified": 0.021034657283319238,
  "ca": 0.00930553980470007,
  "hitachi": 0.02122503640171915,
  "v": 0.011095280636276244,
  "magnified nonmagnified waveform": 0.024465780616079357,
  "resistorscapsdiodescoils": 0.025972640863176678,
  "products international your": 0.024465780616079357,
  "current price": 0.022731896648816467,
  "mode": 0.011353681991196555,
  "oscilliscope o": 0.048931561232158714,
  "resistorscapsdiodescoils o tv": 0.025972640863176678,
  "alternate": 0.017446470485901856,
  "cupertino ca": 0.018989975334764826,
  "sync": 0.03571203504174009,
  "dc offset o": 0.024465780616079357,
  "jdr floor samplehurry": 0.02716870312898247,
  "id prefer": 0.018331734770416126,
  "magnified nonmagnified": 0.024465780616079357,
  "apple computer": 0.017135672504610334,
  "input intensity": 0.025972640863176678,
  "o dc": 0.024465780616079357,
  "tv sync": 0.024465780616079357,
  "products": 0.011445103092401092,
  "component tester": 0.025972640863176678,
  "international": 0.011013943388771525,
  "sync separation": 0.024465780616079357,
  "alternate magnification magnified": 0.024465780616079357,
  "b she": 0.024465780616079357,
  "sync separation circuit": 0.024465780616079357,
  "prefer": 0.012036258542188745,
  "oscilliscopes for sale": 0.025972640863176678,
  "current": 0.00940757230494257,
  "obo": 0.03257410564372343,
  "sale": 0.009565670771225124,
  "price frys": 0.024465780616079357,
  "prior to": 0.014923747654355198,
  "gmt bamarketmisc apple": 0.02716870312898247,
  "waveform o vert": 0.024465780616079357,
  "for jdr": 0.048931561232158714,
  "condition hitachi v": 0.024465780616079357,
  "component tester resistorscapsdiodescoils": 0.025972640863176678,
  "alternate magnification": 0.024465780616079357,
  "video sync": 0.02512402118042806,