{
  "picking": 0.025892521060144856,
  "intermediate frequency if": 0.02357937509829763,
  "howland": 0.016697537579497233,
  "a passive": 0.0174723528186273,
  "a passive device": 0.02096363155384975,
  "amplified the detector": 0.02357937509829763,
  "key ": 0.03574020127850778,
  "reradiated from your": 0.02357937509829763,
  "detector any": 0.02096363155384975,
  "they work": 0.014126299113649717,
  "enclosure": 0.018097029638787995,
  "understand about": 0.018347888009401868,
  "signals that": 0.020278674238488364,
  "article neal": 0.018097029638787995,
  "howland writes from": 0.021929024668392996,
  "that radar signals": 0.02096363155384975,
  "detector vans": 0.021929024668392996,
  "oscillator giving": 0.02357937509829763,
  "vaxvms vnews": 0.010137834865813728,
  "from the rest": 0.01582200238872267,
  "device much like": 0.02096363155384975,
  "more easily amplified": 0.02357937509829763,
  "picking up if": 0.02357937509829763,
  "your car": 0.013532928181211658,
  "arewere": 0.021929024668392996,
  "canada finger": 0.021929024668392996,
  "the streets": 0.01399520440607108,
  "meson": 0.016833629041020922,
  "article neal patrick": 0.02357937509829763,
  "shielded enclosure": 0.02357937509829763,
  "regtriumfca newssoftware": 0.02096363155384975,
  "hasused to": 0.02357937509829763,
  "rf shielded enclosure": 0.02357937509829763,
  "long solenoid antennae": 0.02357937509829763,
  "amplified the": 0.02357937509829763,
  "mixed": 0.013430137295818306,
  "most radio": 0.02357937509829763,
  "radar detector any": 0.02096363155384975,
  "newssoftware vaxvms vnews": 0.010631567219909066,
  "superhet circuit so": 0.02357937509829763,
  "detectorsapr": 0.020278674238488364,
  "sends out therefore": 0.02096363155384975,
  "in article": 0.0020417097654220674,
  "antennae on": 0.02096363155384975,
  "proper rf shielded": 0.02357937509829763,
  "a radar detector": 0.01656880610028229,
  "re radar detector": 0.016697537579497233,
  "a superhet": 0.02357937509829763,
  "meson facilityworld regtriumfca": 0.020278674238488364,
  "triumf": 0.016833629041020922,
  "roof and i": 0.02357937509829763,
  "long solenoid": 0.02357937509829763,
  "be worth putting": 0.02357937509829763,
  "vaxvms": 0.009967404380663765,
  "about radar": 0.02096363155384975,
  "couple": 0.007561680515319399,
  "radar": 0.0736915058988822,
  "intermediate": 0.015481286094340114,
  "receivers": 0.01564555483597571,
  "enclosure andrew daviel": 0.02357937509829763,
  "paid": 0.009815700060696842,
  "reradiated from": 0.02357937509829763,
  "car": 0.014750547561276275,
  "radar gun sends": 0.02096363155384975,
  "finger for pgp": 0.018097029638787995,
  "oscillator giving a": 0.02357937509829763,
  "superhet": 0.021929024668392996,
  "mixed with": 0.020278674238488364,
  "andrew daviel": 0.021929024668392996,
  "licence fee": 0.02357937509829763,
  "is a passive": 0.02096363155384975,
  "the incoming signal": 0.02357937509829763,
  "your radar detector": 0.020278674238488364,
  "from the detector": 0.02357937509829763,
  "signals that the": 0.02096363155384975,
  "be worth": 0.013299641494639745,
  "triuniversity": 0.016833629041020922,
  "about radar dectectors": 0.02096363155384975,
  "knowledge of radio": 0.02357937509829763,
  "work as": 0.013752864657714076,
  "detector vans prowling": 0.02357937509829763,
  "what i understand": 0.01582200238872267,
  "detector in a": 0.02096363155384975,
  "picking up": 0.030094374299185208,
  "putting the": 0.015183278611116291,
  "dectectors all they": 0.02096363155384975,
  "proper": 0.009815700060696842,
  "an antenna": 0.018097029638787995,
  "howland writes": 0.020278674238488364,
  "detector antenna and": 0.02357937509829763,
  "radiated back from": 0.02357937509829763,
  "their car": 0.01766293069404048,
  "device much": 0.02096363155384975,
  "is more easily": 0.02357937509829763,
  "article": 0.0018771603669368534,
  "superhet circuit": 0.02357937509829763,
  "frequency if": 0.02357937509829763,
  "proper rf": 0.02357937509829763,
  "detecting a radar": 0.02096363155384975,
  "picking up that": 0.02096363155384975,
  "radar gun": 0.018097029638787995,
  "licence there arewere": 0.02357937509829763,
  "antenna picking": 0.02096363155384975,
  "rest of": 0.008684732141741992,
  "by picking": 0.018946255695784977,
  "fixed intermediate frequency": 0.02357937509829763,
  "fee they had": 0.02357937509829763,
  "gun sends out": 0.02096363155384975,
  "receivers use": 0.02357937509829763,
  "radio receivers": 0.02096363155384975,
  "shielded enclosure andrew": 0.02357937509829763,
  "circuit": 0.011149956467158757,
  "radar signals": 0.020278674238488364,
  "vans prowling": 0.02357937509829763,
  "work as an": 0.020278674238488364,
  "vaxvms vnews in": 0.012787471543170828,
  "regtriumfca": 0.020278674238488364,
  "pgp": 0.011036855671956369,
  "receivers use a": 0.02357937509829763,
  "passive device": 0.02096363155384975,
  "incoming signal": 0.02357937509829763,
  "solenoid antennae on": 0.02357937509829763,
  "detector": 0.08933404598358334,
  "a fixed": 0.015481286094340114,
  "re radar": 0.01656880610028229,
  "rusty knowledge": 0.02357937509829763,
  "tv licence": 0.02357937509829763,
  "antenna and how": 0.02357937509829763,
  "solenoid antennae": 0.02357937509829763,
  "pay for": 0.009808362759417301,
  "finger": 0.011813559806370711,
  "frequency": 0.01197176242400917,
  "newssoftware": 0.010197468275161554,
  "the roof": 0.015047187149592604,
  "radiated back": 0.021929024668392996,
  "triuniversity meson facilityworld": 0.0174723528186273,
  "canada": 0.0077701469225201596,
  "who hadnt paid": 0.02357937509829763,
  "meson facilityworld": 0.0174723528186273,
  "britain": 0.013299641494639745,
  "work": 0.009687229356123714,
  "tv from": 0.02357937509829763,
  "like the radio": 0.020278674238488364,
  "arewere tv detector": 0.02357937509829763,
  "for a tv": 0.019313281123945116,
  "radio most radio": 0.02357937509829763,
  "patrick howland": 0.021929024668392996,
  "fixed intermediate": 0.02357937509829763,
  "local oscillator giving": 0.02357937509829763,
  "radar dectectors all": 0.02096363155384975,
  "a local oscillator": 0.020278674238488364,
  "car they": 0.0174723528186273,
  "a proper rf": 0.02357937509829763,
  "way of detecting": 0.020278674238488364,
  "device": 0.009659282776731616,
  "intermediate frequency": 0.02357937509829763,
  "frequency if that": 0.02357937509829763,
  "couple of": 0.008384575056854535,
  "triangulate an": 0.02357937509829763,
  "hadnt paid their": 0.02357937509829763,
  "more easily": 0.015915385039087626,
  "people who hadnt": 0.02357937509829763,
  "radar detector detectorsapr": 0.020278674238488364,
  "car from": 0.018628323808583733,
  "antenna picking up": 0.02096363155384975,
  "gun sends": 0.02096363155384975,
  "oscillator": 0.015403215087618709,
  "one hasused": 0.02357937509829763,
  "paid their licence": 0.02357937509829763,
  "radio in your": 0.02096363155384975,
  "operating tv": 0.02357937509829763,
  "worth putting the": 0.02357937509829763,
  "local": 0.00728473236256852,
  "vans prowling the": 0.02357937509829763,
  "arewere tv": 0.02357937509829763,
  "worth putting": 0.02357937509829763,
  "in a proper": 0.02096363155384975,
  "antennae on the": 0.021929024668392996,
  "neal patrick howland": 0.021929024668392996,
  "daviel": 0.021929024668392996,
  "andrew daviel vancouver": 0.021929024668392996,
  "had a radio": 0.02096363155384975,
  "rusty": 0.01582200238872267,
  "prowling the streets": 0.02357937509829763,
  "detector detectors work": 0.02357937509829763,
  "incoming": 0.015254357094806006,
  "local oscillator": 0.019747380068692626,
  "a proper": 0.014463562249514068,
  "radar signals that": 0.02096363155384975,
  "radiated": 0.018946255695784977,
  "operating tv from": 0.02357937509829763,
  "prowling": 0.021929024668392996,
  "radio most": 0.02357937509829763,
  "rather rusty": 0.02357937509829763,
  "sends": 0.014362229834231221,