{
  "ubsiler memstedu ": 0.03391553952494864,
  "works": 0.02040222702216742,
  "friends vcr": 0.03391553952494864,
  "build the same": 0.03391553952494864,
  "brian ubsiler": 0.03391553952494864,
  "works like": 0.02383184439081699,
  "advice": 0.01328729434357524,
  "but coincidentally": 0.03391553952494864,
  "heres a question": 0.024212754100098585,
  "the glove compartment": 0.029167956096455862,
  "at radio": 0.024641395000626,
  "output signal": 0.03154174781070225,
  "the circuit": 0.04090076649699093,
  "the cd": 0.021941198561022335,
  "remotes": 0.05205994827596546,
  "signal": 0.015413219724016176,
  "hidden in": 0.02777937695909914,
  "homemade ir remote": 0.03391553952494864,
  "be appreciated": 0.01535206350004355,
  "compartment": 0.021838962385852197,
  "transistor to an": 0.03391553952494864,
  "module at radio": 0.03391553952494864,
  "memphis state university": 0.02777937695909914,
  "fine": 0.011057452566680058,
  "player any": 0.03391553952494864,
  "like a minature": 0.03391553952494864,
  "it didnt work": 0.022891992179509595,
  "module at": 0.03154174781070225,
  "gizmo that senses": 0.03391553952494864,
  "an output signal": 0.03391553952494864,
  "player any advice": 0.03391553952494864,
  "ubsiler memstedu": 0.03391553952494864,
  "a transistor": 0.02777937695909914,
  "radio shack for": 0.03391553952494864,
  "commands are": 0.02602997413798273,
  "engineers": 0.018866056118536177,
  "state university heres": 0.03391553952494864,
  "player but": 0.025703569412625454,
  "engineers out": 0.030153168673345526,
  "my denon cd": 0.03391553952494864,
  "apr memphis state": 0.030153168673345526,
  "memphis state": 0.02777937695909914,
  "player hidden in": 0.03391553952494864,
  "little gizmo": 0.028403765852229115,
  "extender in": 0.03391553952494864,
  "control extender in": 0.03391553952494864,
  "advice would be": 0.025703569412625454,
  "an infrared led": 0.03391553952494864,
  "hooked": 0.019951370196504396,
  "an infrared detector": 0.03391553952494864,
  "at radio shack": 0.024877671957773094,
  "transistor": 0.022628426970139292,
  "work for other": 0.03391553952494864,
  "ubsiler": 0.03391553952494864,
  "memstedu": 0.03391553952494864,
  "player hidden": 0.03391553952494864,
  "shack for": 0.03391553952494864,
  "sony": 0.017665771962060796,
  "engineers out there": 0.03154174781070225,
  "memstedu ": 0.06783107904989728,
  "cd": 0.0464264638201635,
  "work": 0.020900529090266916,
  "circuit": 0.048112825851438466,
  "appreciated brian ubsiler": 0.03391553952494864,
  "minature remote": 0.03391553952494864,
  "circuit for": 0.026794164382209475,
  "electrical engineers": 0.03154174781070225,
  "infrared": 0.088621237490409,
  "remote extender": 0.03391553952494864,
  "infrared detector module": 0.03391553952494864,
  "it works": 0.014768323838267625,
  "hooked the": 0.028403765852229115,
  "transistor to": 0.03391553952494864,
  "extender": 0.05358832876441895,
  "brian ubsiler memstedu": 0.03391553952494864,
  "it works fine": 0.0220465809537167,
  "it didnt": 0.016621512102861183,
  "remote commands": 0.029167956096455862,
  "circuit appears to": 0.03391553952494864,
  "you electrical engineers": 0.03391553952494864,
  "cd player but": 0.03391553952494864,
  "remotes and": 0.03154174781070225,
  "minature": 0.03391553952494864,
  "car": 0.01060827050639732,
  "circuit for a": 0.03154174781070225,
  "a question": 0.014806875737324593,
  "an infrared": 0.06783107904989728,
  "question for": 0.018621333639145272,
  "produces an": 0.027251463672019485,
  "led the circuit": 0.03391553952494864,
  "player but when": 0.03154174781070225,
  "didnt work": 0.01961969271023755,
  "detector module": 0.03391553952494864,
  "ir remote extender": 0.03391553952494864,
  "ir": 0.020450383248495466,
  "glove": 0.02154938228986568,
  "a sony": 0.021941198561022335,
  "denon": 0.030153168673345526,
  "relayed to": 0.03391553952494864,
  "infrared with": 0.03391553952494864,
  "all remote commands": 0.03391553952494864,
  "remotes you": 0.03391553952494864,
  "work the circuit": 0.03391553952494864,
  "through a transistor": 0.03391553952494864,
  "work the": 0.017380218506790075,
  "remote": 0.046761774737763044,
  "appears to": 0.016429424888302815,
  "remote commands are": 0.03391553952494864,
  "ccd camcorder": 0.03154174781070225,
  "can see infrared": 0.03391553952494864,
  "a little gizmo": 0.029167956096455862,
  "other remotes": 0.03391553952494864,
  "that senses": 0.028403765852229115,
  "senses": 0.02080375392053393,
  "remote control extender": 0.03391553952494864,
  "work for": 0.03249508384979777,
  "coincidentally it": 0.03391553952494864,
  "apr memphis": 0.030153168673345526,
  "are relayed": 0.03391553952494864,
  "didnt": 0.008289916825788874,
  "camcorder": 0.024641395000626,
  "cd player hidden": 0.03391553952494864,
  "vcr": 0.021197826967742105,
  "for a friends": 0.03391553952494864,
  "my car": 0.01846739053002792,
  "university": 0.0033430005240856733,
  "led the": 0.0220465809537167,
  "extender apr": 0.03391553952494864,
  "remote extender apr": 0.03391553952494864,
  "to build": 0.014979138540320477,
  "coincidentally it only": 0.03391553952494864,
  "output through a": 0.03391553952494864,
  "control": 0.01017762238248476,
  "the glove": 0.025703569412625454,
  "my denon": 0.03391553952494864,
  "circuit works like": 0.03391553952494864,
  "for my cd": 0.03154174781070225,
  "senses infrared": 0.03391553952494864,
  "senses infrared remotes": 0.03391553952494864,
  "output through": 0.03391553952494864,
  "memphis": 0.024420372667963087,
  "gizmo": 0.026390797821742407,
  "camcorder but": 0.03391553952494864,
  "with my denon": 0.03391553952494864,
  "minature remote control": 0.03391553952494864,
  "a friends": 0.024212754100098585,
  "fine with my": 0.03154174781070225,
  "question": 0.007518410991265454,
  "hooked the output": 0.03391553952494864,
  "the cd player": 0.029167956096455862,
  "remotes you can": 0.03391553952494864,
  "denon cd": 0.03391553952494864,
  "an output": 0.026794164382209475,
  "produces": 0.018248721105416508,
  "hidden": 0.01743545611613899,
  "bought": 0.012558109421511296,
  "car all": 0.029167956096455862,
  "university heres a": 0.03391553952494864,
  "the circuit works": 0.03391553952494864,
  "infrared led": 0.03391553952494864,
  "detector": 0.018356310818544518,
  "compartment it": 0.03154174781070225,
  "relayed": 0.027251463672019485,
  "any advice": 0.018782523744823303,
  "relayed to the": 0.03391553952494864,
  "friends": 0.01322973571920407,
  "i bought": 0.01535206350004355,
  "would be appreciated": 0.016327188713132674,
  "electrical": 0.015047771248825429,
  "radio shack": 0.019951370196504396,
  "infrared detector": 0.03154174781070225,
  "remote control": 0.024641395000626,
  "coincidentally": 0.027251463672019485,
  "shack for it": 0.03391553952494864,
  "brian": 0.013024036264605954,
  "circuit appears": 0.03391553952494864,
  "then i hooked": 0.03391553952494864,
  "bought an": 0.024212754100098585,
  "infrared remotes and": 0.03391553952494864,
  "build": 0.012955616857308398,
  "build the": 0.02080375392053393,
  "output signal then": 0.03391553952494864,
  "you electrical": 0.03391553952494864,
  "didnt work the": 0.029167956096455862,
  "sony ccd": 0.03154174781070225,
  "with a sony": 0.030153168673345526,
  "cd player any": 0.03391553952494864,
  "camcorder but coincidentally": 0.03391553952494864,
  "extender in my": 0.03391553952494864,
  "detector module at": 0.03391553952494864,
  "hidden in the": 0.03154174781070225,
  "seems to work": 0.021739689999299962,
  "vcr it didnt": 0.03391553952494864,
  "extender apr memphis": 0.03391553952494864,
  "sony ccd camcorder": 0.03154174781070225,
  "and produces": 0.02777937695909914,
  "homemade ir": 0.03391553952494864,
  "circuit works": 0.03391553952494864,
  "car all remote": 0.03391553952494864,
  "a friends vcr": 0.03391553952494864,
  "vcr it": 0.03391553952494864,