{
  "notion of": 0.019700831241414564,
  "classical": 0.021635912712176367,
  "sense to": 0.018689874684499105,
  "fit into": 0.022897893488510485,
  "thoughts sender": 0.02658836298486763,
  "bound": 0.036380692889120526,
  "title but": 0.02792069914474197,
  "the classical": 0.026878372795278993,
  "he didnt understand": 0.035881657758279,
  "read tony campollos": 0.028831258667498878,
  "to the classical": 0.035881657758279,
  "christian himself seems": 0.035881657758279,
  "some thoughts sender": 0.02792069914474197,
  "alink": 0.01965942292321303,
  "scheme so anyone": 0.035881657758279,
  "classical lewis notion": 0.035881657758279,
  "alink ksand private": 0.01965942292321303,
  "jesus": 0.024762150379281984,
  "sigh it": 0.031901178451510484,
  "realities liar": 0.035881657758279,
  "lawrence bissell wrote": 0.035881657758279,
  "didnt understand": 0.02753895814598173,
  "lewis": 0.017875087832278994,
  "with jesus": 0.023940219837973457,
  "a christian cheers": 0.035881657758279,
  "liar lunatic or": 0.08649377600249662,
  "campollos book": 0.028831258667498878,
  "to start": 0.014515158237856023,
  "net ": 0.03965594740899774,
  "or the real": 0.05507791629196346,
  "effort to destroy": 0.028831258667498878,
  "article dan": 0.02087030005396185,
  "bissell wrote": 0.035881657758279,
  "personal": 0.012140687153081205,
  "view of": 0.01712749206054773,
  "thuapr gmt": 0.009265678736854023,
  "mindbrain filter": 0.035881657758279,
  "cookamunga": 0.02043716545015829,
  "the process": 0.016648803782187672,
  "it makes sense": 0.022798621842901372,
  "the possibilities": 0.05167209289163204,
  "scheme": 0.016795215152977085,
  "message": 0.009869672361525248,
  "scheme so": 0.028831258667498878,
  "your personal scheme": 0.035881657758279,
  "thuapr": 0.00883633227046549,
  "not fit": 0.023681310548183076,
  "your mindbrain": 0.035881657758279,
  "read tony": 0.028831258667498878,
  "saint is indeed": 0.035881657758279,
  "in article": 0.0031069496430335807,
  "tourist bureau altatheism": 0.02452117146868063,
  "kent alink ksand": 0.019742718279099618,
  "on the title": 0.02753895814598173,
  "thinks the possibilities": 0.035881657758279,
  "personal scheme so": 0.035881657758279,
  "realities liar lunatic": 0.035881657758279,
  "religion makes": 0.035881657758279,
  "religion": 0.012348086903434764,
  "writes the book": 0.028831258667498878,
  "he didnt": 0.0176318294886644,
  "start": 0.010133084795498916,
  "a very narrow": 0.03005036097409747,
  "campollos": 0.028831258667498878,
  "narrow": 0.02005032495948544,
  "you read tony": 0.028831258667498878,
  "classical lewis": 0.035881657758279,
  "bound to": 0.04313111465727229,
  "about realities": 0.035881657758279,
  "to destroy": 0.020757066200686108,
  "tourist bureau": 0.02043716545015829,
  "dan": 0.014515158237856023,
  "possibilities of jesus": 0.035881657758279,
  "bound to become": 0.035881657758279,
  "fit into your": 0.03005036097409747,
  "notion of liar": 0.035881657758279,
  "tourist": 0.020004749661634496,
  "jesus is": 0.019871365701044946,
  "or saint": 0.03085885210204751,
  "narrow view of": 0.031901178451510484,
  "title": 0.015155890451730403,
  "on the net": 0.014575378822044575,
  "alink ksand": 0.01965942292321303,
  "bureau altatheism in": 0.025027555317865983,
  "dan lawrence bissell": 0.025213400587386095,
  "he writes": 0.025027555317865983,
  "narrow view": 0.031901178451510484,
  "destroy christianity": 0.028831258667498878,
  "but he writes": 0.029389775623394742,
  "bissell": 0.024682228579444517,
  "sense to be": 0.026878372795278993,
  "book": 0.022683022939343968,
  "book anyway": 0.028831258667498878,
  "private activities": 0.01965942292321303,
  "lawrence bissell": 0.025213400587386095,
  "personal scheme": 0.035881657758279,
  "become a christian": 0.027193631407560263,
  "lawrence": 0.0174483377030892,
  "didnt understand anything": 0.035881657758279,
  "christian it": 0.025213400587386095,
  "view of the": 0.01995974053120494,
  "lunatic or the": 0.057662517334997755,
  "thuapr gmt cookamunga": 0.02792069914474197,
  "mindbrain filter out": 0.035881657758279,
  "effort": 0.014741039145733324,
  "writes": 0.002318932190372154,
  "read": 0.008245627357958332,
  "realities": 0.02452117146868063,
  "some thoughts": 0.02251615248975024,
  "book anyway he": 0.028831258667498878,
  "want to start": 0.023213152100791747,
  "is indeed bound": 0.035881657758279,
  "very narrow view": 0.033370254930163254,
  "jesus message sigh": 0.035881657758279,
  "christian it makes": 0.03005036097409747,
  "christianity in": 0.023681310548183076,
  "article": 0.0028565483844691245,
  "thoughts sender thuapr": 0.035881657758279,
  "sense": 0.011703041933033873,
  "ksand private activities": 0.01965942292321303,
  "writes the": 0.012771417962439914,
  "altatheism in article": 0.025027555317865983,
  "liar": 0.06178075908814017,
  "became a christian": 0.02658836298486763,
  "effort to": 0.018358897225846105,
  "title but he": 0.028831258667498878,
  "process he": 0.02753895814598173,
  "christian": 0.03242028301126434,
  "seems he didnt": 0.035881657758279,
  "christianity in the": 0.02753895814598173,
  "gmt": 0.0005957603770531608,
  "bissell wrote first": 0.035881657758279,
  "wrote first": 0.028831258667498878,
  "understand anything about": 0.035881657758279,
  "saint": 0.020336514855567433,
  "sigh": 0.019700831241414564,
  "tony campollos book": 0.028831258667498878,
  "the title": 0.018446207195335455,
  "ksand": 0.01965942292321303,
  "gmt cookamunga tourist": 0.02260788367809912,
  "sender thuapr gmt": 0.024076960156751887,
  "saint is": 0.035881657758279,
  "filter out": 0.03005036097409747,
  "real thing is": 0.031901178451510484,
  "book liar lunatic": 0.029389775623394742,
  "destroy christianity in": 0.029389775623394742,
  "of the possibilities": 0.029389775623394742,
  "lunatic or": 0.08504234782179529,
  "message sigh it": 0.035881657758279,
  "real": 0.01836041174462749,
  "about realities liar": 0.035881657758279,
  "bound to the": 0.033370254930163254,
  "anyone that thinks": 0.035881657758279,
  "jesus is bound": 0.035881657758279,
  "fit": 0.014575378822044575,
  "ksand private": 0.01965942292321303,
  "the book": 0.015624458553529516,
  "christianity": 0.013996676920317351,
  "of liar lunatic": 0.035881657758279,
  "anything about realities": 0.035881657758279,
  "process he became": 0.028831258667498878,
  "wrote": 0.009305636458018799,
  "mindbrain": 0.035881657758279,
  "tony campollos": 0.028831258667498878,
  "indeed bound": 0.035881657758279,
  "process": 0.013174409393998698,
  "possibilities with jesus": 0.035881657758279,
  "very narrow": 0.02792069914474197,
  "notion": 0.017252441973849068,
  "book liar": 0.028831258667498878,
  "lewis notion": 0.035881657758279,
  "sender thuapr": 0.022426686502103967,
  "bureau": 0.017951368300387082,
  "to destroy christianity": 0.028831258667498878,
  "sigh it seems": 0.035881657758279,
  "start right out": 0.027193631407560263,
  "of liar": 0.035881657758279,
  "religion makes your": 0.035881657758279,
  "understand": 0.01080318607657201,
  "activities on": 0.019196258533684462,
  "does not fit": 0.02753895814598173,
  "makes sense": 0.0194591958265643,
  "dan lawrence": 0.025213400587386095,
  "filter out anything": 0.035881657758279,
  "of an effort": 0.028347449273931763,
  "christian himself": 0.028831258667498878,
  "activities": 0.015132209397455817,
  "the real": 0.027789217051020963,
  "message sigh": 0.035881657758279,
  "lunatic": 0.06899988564995205,
  "net": 0.010369296657573161,
  "makes your mindbrain": 0.035881657758279,
  "view": 0.011910407087507919,
  "of jesus message": 0.035881657758279,
  "cheers kent alink": 0.020190594931154607,
  "it seems religion": 0.035881657758279,
  "thoughts": 0.015610964353924508,
  "filter": 0.01898513930135122,
  "in article dan": 0.02092827230521707,
  "cookamunga tourist": 0.02043716545015829,
  "cookamunga tourist bureau": 0.02043716545015829,