{
  "evil thats like": 0.01653311776508348,
  "insects": 0.024769385280457436,
  "not making": 0.011030885935360057,
  "ready at a": 0.03306623553016696,
  "theist": 0.019938270145444664,
  "a moral": 0.00909681176132136,
  "mathematics includes no": 0.01653311776508348,
  "scores of": 0.023606424698593614,
  "set how can": 0.01653311776508348,
  "wrong there is": 0.012529953703650471,
  "theism thats": 0.01653311776508348,
  "their theism": 0.01653311776508348,
  "scores of thousands": 0.03306623553016696,
  "and instructions": 0.012689069195811281,
  "moments": 0.020210984773205157,
  "writes stuff": 0.00964307705549234,
  "includes": 0.00624026658940498,
  "mathematics": 0.008190526323073268,
  "atheism as has": 0.01653311776508348,
  "deleted": 0.005834405259141077,
  "recognise that what": 0.01653311776508348,
  "null set": 0.015375943840943335,
  "particular theist system": 0.01653311776508348,
  "causes genocide david": 0.01653311776508348,
  "ussr with as": 0.01653311776508348,
  "evil atheism": 0.01653311776508348,
  "of god": 0.012946482696025672,
  "god": 0.01352965554467467,
  "of human": 0.016381052646146536,
  "fallacy": 0.009564190770266053,
  "set how": 0.01653311776508348,
  "validity of": 0.021391752854151996,
  "it speak": 0.01653311776508348,
  "communist what to": 0.01653311776508348,
  "a lot": 0.004295379514925878,
  "no instructions": 0.014218769916803193,
  "systems": 0.004483963455072572,
  "atheism causes whatever": 0.01653311776508348,
  "siliconcscicsusbedu in article": 0.01653311776508348,
  "plenty": 0.007782288023748515,
  "argument": 0.01738095550189895,
  "jon": 0.006887621399102415,
  "in the book": 0.00964307705549234,
  "russia has": 0.014699040488509006,
  "set of": 0.006924199211516012,
  "are theistic creeds": 0.01653311776508348,
  "subject": 0.010237077551250123,
  "deal recognise": 0.01653311776508348,
  "for theists": 0.015375943840943335,
  "constructing a logical": 0.01306159599266305,
  "theists they": 0.01653311776508348,
  "case for": 0.00964307705549234,
  "of sundry": 0.01653311776508348,
  "in article": 0.004294748421422045,
  "russia": 0.00864098451180745,
  "are scores": 0.03075188768188667,
  "university san": 0.010800250979632482,
  "fallacy is": 0.014218769916803193,
  "jon livesey writes": 0.00889587072250688,
  "as much bearing": 0.01653311776508348,
  "wrong": 0.004420277574342801,
  "because theist": 0.01653311776508348,
  "bernard shaw ": 0.01653311776508348,
  "thats zip nada": 0.01653311776508348,
  "logical": 0.0078000482878638,
  "large how about": 0.01653311776508348,
  "plenty of": 0.007969013065712738,
  "holy faq": 0.01653311776508348,
  "validity as theism": 0.01653311776508348,
  "system so": 0.011450442576897462,
  "belief in god": 0.012127345929331793,
  "livesey writes in": 0.010550615363654247,
  "of instructions": 0.040625599693106584,
  "argument that": 0.018312176739527227,
  "plenty of theists": 0.01653311776508348,
  "to the newsgroup": 0.012251065415398107,
  "gmt california": 0.008368928903277546,
  "communist": 0.01939563599019333,
  "insects who are": 0.03306623553016696,
  "madly": 0.01653311776508348,
  "validity of atheism": 0.01653311776508348,
  "happened in former": 0.01653311776508348,
  "another issue": 0.01201216584337695,
  "includes no": 0.01653311776508348,
  "book of": 0.008526789642217465,
  "convincingly than": 0.01653311776508348,
  "recognise": 0.011531895271671139,
  "the argument": 0.008485903131352198,
  "choweller": 0.015375943840943335,
  "simply lack of": 0.01653311776508348,
  "atheism causes": 0.044097121465527016,
  "a deal recognise": 0.01653311776508348,
  "faq in": 0.011904422068522907,
  "atheism there": 0.014699040488509006,
  "making": 0.005081339962655761,
  "fallacy is known": 0.01653311776508348,
  "frank": 0.012185337995691251,
  "deleted to": 0.012689069195811281,
  "null set how": 0.01653311776508348,
  "set": 0.008796051462742175,
  "to act atheism": 0.01653311776508348,
  "a moments": 0.026569039706943874,
  "notice": 0.013526327417397425,
  "issue lack of": 0.01653311776508348,
  "writes stuff deleted": 0.010333498288114683,
  "creed that": 0.015375943840943335,
  "more convincingly": 0.01653311776508348,
  "taught": 0.008060373499250711,
  "theists think so": 0.01653311776508348,
  "convincingly": 0.014699040488509006,
  "caused": 0.006603176213863702,
  "odwyer writes stuff": 0.01653311776508348,
  "state": 0.0037137705226808833,
  "creeds and": 0.01653311776508348,
  "communist russia": 0.013541866564368862,
  "odwyer writes": 0.015898744523480276,
  "act atheism": 0.01653311776508348,
  "in the holy": 0.011707789287794387,
  "faq": 0.006590150537262391,
  "writes in": 0.00683349164670839,
  "the former ussr": 0.014218769916803193,
  "sundry": 0.014699040488509006,
  "article": 0.00394861780023445,
  "state university": 0.005203039383438935,
  "article jon": 0.009156088369763614,
  "university san bernardinonntppostinghost": 0.01653311776508348,
  "hominem and its": 0.01653311776508348,
  "moral system": 0.009725876623337702,
  "ready": 0.01414661386702027,
  "be evil": 0.014218769916803193,
  "ready at": 0.026569039706943874,
  "newsgroup at large": 0.01653311776508348,
  "argument apart": 0.01653311776508348,
  "large": 0.005062180712311281,
  "ad": 0.00713809086409744,
  "thats zip": 0.01653311776508348,
  "gmt": 0.0002745072855870991,
  "apr gmt california": 0.010695876427075998,
  "newsgroup at": 0.015375943840943335,
  "former communist russia": 0.01653311776508348,
  "madly conflict with": 0.01653311776508348,
  "california state university": 0.011372779779510329,
  "former communist": 0.013541866564368862,
  "null": 0.009488864501016521,
  "genocide david": 0.01653311776508348,
  "jon livesey": 0.008763567931765408,
  "argument that a": 0.01653311776508348,
  "of their theism": 0.01653311776508348,
  "as much validity": 0.01653311776508348,
  "by atheism apr": 0.015375943840943335,
  "known as ad": 0.01653311776508348,
  "genocide can be": 0.01653311776508348,
  "ad hominem and": 0.01653311776508348,
  "validity as": 0.01653311776508348,
  "notice to": 0.027692486239902843,
  "recognise that": 0.013846243119951421,
  "bearing on the": 0.012529953703650471,
  "the null": 0.012689069195811281,
  "for atheism": 0.014218769916803193,
  "issue": 0.005212487337811057,
  "university": 0.0016296429933773233,
  "genocide": 0.04464040236679826,
  "logical argument": 0.011531895271671139,
  "the atheist set": 0.01653311776508348,
  "doings of": 0.015375943840943335,
  "also be evil": 0.01653311776508348,
  "theistic": 0.010374721347530995,
  "conflict with": 0.010253985685461504,
  "belief in": 0.008611695180169871,
  "theists think": 0.01653311776508348,
  "lack of belief": 0.012529953703650471,
  "reveal": 0.01874082838109052,
  "deal": 0.005443824273652332,
  "case": 0.0038437981331267456,
  "that atheism": 0.024769385280457436,
  "evil atheism is": 0.01653311776508348,
  "making a": 0.00821324026640512,
  "lack of": 0.013367079090826416,
  "all madly conflict": 0.01653311776508348,
  "thats another issue": 0.014699040488509006,
  "deleted to the": 0.01653311776508348,
  "one could argue": 0.012864963211934529,
  "atheism there clearly": 0.01653311776508348,
  "atheism is": 0.021195290416679766,
  "deal recognise that": 0.01653311776508348,
  "much bearing": 0.015375943840943335,
  "san": 0.005907490458152073,
  "genocide can": 0.01653311776508348,
  "zip nada none": 0.01653311776508348,
  "communist what": 0.01653311776508348,
  "happened in": 0.009325291198244896,
  "russia has as": 0.01653311776508348,
  "on the validity": 0.0261231919853261,
  "moral system so": 0.01653311776508348,
  "a deal": 0.009843079058518417,
  "theism causes": 0.01653311776508348,
  "system so why": 0.01653311776508348,
  "constructing a": 0.01201216584337695,
  "shaw ": 0.03306623553016696,
  "theist system causes": 0.01653311776508348,
  "the fallacy": 0.01201216584337695,