{
  "cursing": 0.01846270856665821,
  "of my knowledge": 0.015603906521895724,
  "schools of law": 0.02136935118497693,
  "matter": 0.006850400865063617,
  "library": 0.009630545017307122,
  "constitutes a criminal": 0.02136935118497693,
  "public": 0.006191274062575803,
  "insisted": 0.014795770340298936,
  "insisted that": 0.017026422700286464,
  "nh": 0.012071594374692775,
  "rushdie islamic": 0.022977581302285388,
  "another faith": 0.022977581302285388,
  "law": 0.027455094919342633,
  "borrowed a book": 0.01924338660986288,
  "deleted what we": 0.022977581302285388,
  "accompanied by open": 0.022977581302285388,
  "fatwa etc": 0.02136935118497693,
  "agree there": 0.01846270856665821,
  "is for khomeini": 0.022977581302285388,
  "publicly": 0.012135751059914376,
  "conversion to": 0.017212136639204182,
  "gmt in": 0.003977013957190491,
  "deleted": 0.01621720997784457,
  "to another faith": 0.022977581302285388,
  "category of shatim": 0.022977581302285388,
  "disavowal": 0.022977581302285388,
  "jurists who": 0.022977581302285388,
  "for khomeini": 0.02136935118497693,
  "no legal": 0.017212136639204182,
  "khomeinis": 0.034424273278408364,
  "law punishes": 0.022977581302285388,
  "for rushdies": 0.022977581302285388,
  "clean and": 0.015805789067115283,
  "the above analysis": 0.02136935118497693,
  "support": 0.01250114749272433,
  "quran": 0.013187540222990478,
  "is not punishable": 0.02136935118497693,
  "law please see": 0.022977581302285388,
  "i agree": 0.009087901475639362,
  "rushdies death in": 0.022977581302285388,
  "thuapr": 0.005658532962061428,
  "the library": 0.013221913971911917,
  "are some jurists": 0.022977581302285388,
  "clear": 0.0075446999250470435,
  "the death sentence": 0.022977581302285388,
  "post": 0.0059972111199932746,
  "of shatim": 0.01924338660986288,
  "apostacy": 0.01846270856665821,
  "that belief": 0.016271382328048346,
  "punishes apostacy": 0.022977581302285388,
  "accompanied by": 0.015330628016892514,
  "makes it clear": 0.01741401918442374,
  "in article": 0.003979202327040688,
  "rushdie": 0.026307336597158903,
  "rice": 0.012697263903577003,
  "of law": 0.012486192492426827,
  "fred": 0.011367497065753001,
  "islam": 0.03270995954205249,
  "khomeini and his": 0.022977581302285388,
  "disavowal of islam": 0.022977581302285388,
  "to publicly": 0.018820366756512642,
  "law to": 0.015246248332041296,
  "in article umar": 0.018820366756512642,
  "in fact": 0.007405097787073835,
  "accompanied": 0.014936430715743099,
  "about islam": 0.015418192582978005,
  "punishment of": 0.017635156492554423,
  "in fact constitutes": 0.022977581302285388,
  "reward for": 0.01846270856665821,
  "death or": 0.015702652727043742,
  "on khomeinis": 0.02136935118497693,
  "usenet nntppostinghost nh": 0.018820366756512642,
  "falls under": 0.017026422700286464,
  "fact": 0.0054782461208621805,
  "schools": 0.011351977371667628,
  "the prophets": 0.013947835831031034,
  "of stuff deleted": 0.018152890950360014,
  "the category": 0.01591372413819392,
  "open": 0.00748550830635236,
  "an anecdote": 0.016026926375245967,
  "punishment": 0.011007615410836367,
  "apostasy": 0.03848677321972576,
  "khomeinis offering of": 0.022977581302285388,
  "support the": 0.010743243579399667,
  "lots": 0.00843651274418478,
  "article fred": 0.01380996246566955,
  "post under re": 0.022977581302285388,
  "inimitable rushdie": 0.01591372413819392,
  "punishes": 0.01846270856665821,
  "reward": 0.013947835831031034,
  "the death": 0.01143063526418661,
  "clear that": 0.011187779991416565,
  "persistent and aggravated": 0.022977581302285388,
  "are the exception": 0.022977581302285388,
  "it clear": 0.014250898899284084,
  "like khomeinis": 0.022977581302285388,
  "offering of": 0.022977581302285388,
  "and his ilk": 0.022977581302285388,
  "legal support for": 0.022977581302285388,
  "belief is a": 0.017879612445356803,
  "writes stuff deleted": 0.014361404813412285,
  "ilk to": 0.022977581302285388,
  "analysis it": 0.019761121067668475,
  "coversion of": 0.022977581302285388,
  "conscience public or": 0.022977581302285388,
  "under the category": 0.022977581302285388,
  "altatheism sender": 0.017026422700286464,
  "jurists who have": 0.022977581302285388,
  "five schools": 0.02136935118497693,
  "knowledge support the": 0.022977581302285388,
  "islamic law": 0.042283267829205856,
  "belief is": 0.014537706221713728,
  "article": 0.0036585028033108043,
  "nntppostinghost nh": 0.018820366756512642,
  "more rushdie": 0.014537706221713728,
  "clean and to": 0.022977581302285388,
  "fact constitutes a": 0.022977581302285388,
  "nntppostinghost": 0.003950753466998699,
  "lots of stuff": 0.016854478449349754,
  "or private": 0.016544660833051558,
  "of stuff": 0.012224149775070458,
  "islamic": 0.032158704031649755,
  "in article fred": 0.01380996246566955,
  "a book": 0.011216782689245409,
  "gmt": 0.0003815078052591006,
  "yet more rushdie": 0.014537706221713728,
  "even by death": 0.022977581302285388,
  "clear that belief": 0.022977581302285388,
  "prophets": 0.012781643588428222,
  "of conscience": 0.03101838383488075,
  "a matter": 0.010057988486134352,
  "conscience public": 0.022977581302285388,
  "ilk to publicly": 0.022977581302285388,
  "the exception cursing": 0.022977581302285388,
  "article fred rice": 0.015086172064090133,
  "demanding is": 0.022977581302285388,
  "by open persistent": 0.022977581302285388,
  "disbelief the quran": 0.022977581302285388,
  "not punishable": 0.02136935118497693,
  "and aggravated hostility": 0.022977581302285388,
  "to islamic": 0.01669440218139859,
  "against this trend": 0.022977581302285388,
  "aggravated hostility to": 0.022977581302285388,
  "wrote": 0.005959061861747537,
  "historically": 0.013679824492001233,
  "exception cursing and": 0.022977581302285388,
  "form of coversion": 0.022977581302285388,
  "nh thuapr": 0.01924338660986288,
  "tolerates any": 0.022977581302285388,
  "prophets falls": 0.022977581302285388,
  "islam otherwise": 0.022977581302285388,
  "for apostasy": 0.0204285968738211,
  "should be demanding": 0.022977581302285388,
  "fatwa": 0.016145936339022185,
  "faith is": 0.014044524221751611,
  "otherwise i agree": 0.02136935118497693,
  "legal": 0.00872193017902403,
  "apostacy with": 0.022977581302285388,
  "proof that islamic": 0.022977581302285388,
  "open persistent": 0.022977581302285388,
  "islam otherwise i": 0.022977581302285388,
  "rushdie re": 0.014044524221751611,
  "my knowledge support": 0.022977581302285388,
  "freedom of conscience": 0.019761121067668475,
  "khomeini": 0.015246248332041296,
  "knowledge support": 0.022977581302285388,
  "just borrowed": 0.02136935118497693,
  "support the death": 0.022977581302285388,
  "disavowal of": 0.022977581302285388,
  "any similar form": 0.022977581302285388,
  "public or": 0.01669440218139859,
  "khan writes stuff": 0.02136935118497693,
  "conversion": 0.011812420384947992,
  "punishable even by": 0.022977581302285388,
  "insulting the": 0.0204285968738211,
  "show their proof": 0.022977581302285388,
  "private disavowal": 0.022977581302285388,
  "all five schools": 0.02136935118497693,
  "anecdote about": 0.016271382328048346,
  "category": 0.012114167782275599,
  "borrowed": 0.014663152210739891,
  "rice wrote": 0.018820366756512642,
  "coversion of freedom": 0.022977581302285388,
  "historically they are": 0.022977581302285388,
  "islamic law ": 0.022977581302285388,
  "of disbelief": 0.0204285968738211,
  "khomeinis offering": 0.022977581302285388,
  "book from the": 0.019761121067668475,
  "offering of a": 0.022977581302285388,
  "to islam": 0.014936430715743099,
  "death in": 0.015418192582978005,
  "stuff deleted": 0.022734994131506002,
  "inimitable": 0.015330628016892514,
  "persistent and": 0.01924338660986288,
  "with death": 0.018820366756512642,
  "private disavowal of": 0.022977581302285388,
  "private": 0.007865678492744074,
  "some jurists": 0.022977581302285388,
  "rushdies": 0.015702652727043742,