{
  "article": 0.006257201223122844,
  "in kindergarten": 0.06759558079496121,
  "keith allan": 0.04874712242532889,
  "chimps have": 0.0730967488946433,
  "they live": 0.05061092870372096,
  "moral will": 0.06759558079496121,
  "chimps are almost": 0.06987877184616582,
  "live in social": 0.06315418565261659,
  "human does": 0.0730967488946433,
  "laws": 0.05741808645676409,
  "a moral": 0.043245954325646783,
  "kindergarten so": 0.0730967488946433,
  "groups as we": 0.0620944126952791,
  "allan schneider": 0.04874712242532889,
  "sgiworld solntzewpdsgicom": 0.04559090839623278,
  "dictating undesired behavior": 0.06315418565261659,
  "gmt": 0.0013049989211640664,
  "keith allan schneider": 0.04874712242532889,
  "chimps must": 0.06315418565261659,
  "solntzewpdsgicom": 0.0445466515883858,
  "m": 0.026952855784920564,
  "groups as": 0.05522935366760763,
  "laws dictating": 0.06315418565261659,
  "have such laws": 0.0658246002289754,
  "such laws": 0.05710545508081581,
  "but chimps": 0.06987877184616582,
  "article keith": 0.041661723739106975,
  "re political atheistsapr": 0.04804118999662654,
  "warned about that": 0.0730967488946433,
  "live in": 0.03247775038339922,
  "writes but": 0.04412327078913745,
  "human": 0.02506429517302096,
  "political": 0.02839038149309447,
  "chimps have a": 0.0730967488946433,
  "system they": 0.05160428698113371,
  "have some system": 0.06315418565261659,
  "article keith allan": 0.0495220309139314,
  "warned": 0.04559090839623278,
  "schneider writes keith": 0.06437760374648371,
  "dictating undesired": 0.06315418565261659,
  "chimps must have": 0.06315418565261659,
  "in article keith": 0.041891783555561356,
  "mean that chimps": 0.0730967488946433,
  "behavior": 0.033146744394427025,
  "jon": 0.03274353347668529,
  "in social groups": 0.0620944126952791,
  "sgiworld": 0.04546785929674099,
  "ryan writes": 0.04723883986272679,
  "behavior ah": 0.0730967488946433,
  "atheistsapr": 0.04804118999662654,
  "sgiworld solntzewpdsgicom in": 0.04559090839623278,
  "atheistsapr gmt": 0.04821187416504689,
  "verb to must": 0.0730967488946433,
  "social groups as": 0.06315418565261659,
  "political atheistsapr gmt": 0.04821187416504689,
  "have a moral": 0.0620944126952791,
  "in article": 0.006805699218073558,
  "re political": 0.042128711834527086,
  "m ryan writes": 0.047874099447437396,
  "that chimps": 0.06987877184616582,
  "back in kindergarten": 0.0730967488946433,
  "the verb": 0.0620944126952791,
  "verb": 0.05710545508081581,
  "system they live": 0.06315418565261659,
  "allan schneider writes": 0.049321095929929094,
  "such laws jon": 0.0730967488946433,
  "some system": 0.0588764356468016,
  "live": 0.024215039462167656,
  "chimps are": 0.06987877184616582,
  "laws jon ": 0.07859791699432542,
  "are almost human": 0.06987877184616582,
  "laws dictating undesired": 0.06315418565261659,
  "solntzewpdsgicom in": 0.0445466515883858,
  "was warned": 0.0658246002289754,
  "system": 0.013955302572993078,
  "schneider": 0.045227340649952666,
  "social groups": 0.06115962669800621,
  "undesired": 0.06032343212929331,
  "some laws dictating": 0.06315418565261659,
  "writes but chimps": 0.0730967488946433,
  "chimps": 0.17870100639253886,
  "keith m": 0.04651020851944804,
  "ah the verb": 0.0730967488946433,
  "kindergarten so why": 0.0730967488946433,
  "warned about": 0.06987877184616582,
  "ryan": 0.03635180604878249,
  "some laws": 0.059567002130846286,
  "jon ": 0.08332344747821395,
  "m ryan": 0.04651020851944804,
  "writes keith": 0.056112096803403066,
  "ryan writes but": 0.06987877184616582,
  "verb to": 0.0730967488946433,
  "moral will well": 0.0730967488946433,
  "keith": 0.06490804776920535,
  "atheistsapr gmt sgiworld": 0.058241176062091,
  "schneider writes": 0.049321095929929094,
  "undesired behavior": 0.06315418565261659,
  "well chimps": 0.06315418565261659,
  "gmt sgiworld": 0.04546785929674099,
  "human does this": 0.0730967488946433,
  "social": 0.03343633402349955,
  "almost human": 0.06987877184616582,
  "writes keith m": 0.06437760374648371,
  "gmt sgiworld solntzewpdsgicom": 0.04559090839623278,
  "keith m ryan": 0.04651020851944804,
  "groups": 0.02890353854733302,
  "undesired behavior ah": 0.0730967488946433,
  "will well chimps": 0.0730967488946433,
  "dictating": 0.06115962669800621,
  "in social": 0.056593244595596996,
  "solntzewpdsgicom in article": 0.0445466515883858,
  "political atheistsapr": 0.04804118999662654,
  "writes": 0.010159131500678006,
  "behavior ah the": 0.0730967488946433,
  "laws jon": 0.0730967488946433,
  "have some laws": 0.06315418565261659,
  "i was warned": 0.0730967488946433,
  "moral": 0.03085063794910039,
  "kindergarten": 0.06759558079496121,
  "allan": 0.044227017468243424
}