{
  "good science": 0.034954651073751085,
  "judgements are objective": 0.04175021166747604,
  "is good logic": 0.03777506354876854,
  "and useless": 0.036791383669052116,
  "hens": 0.02648788172036636,
  "logic": 0.020300422345611892,
  "the idea": 0.018555099721782622,
  "with accurate predictions": 0.034954651073751085,
  "conlon frank": 0.04514799196433852,
  "prefer": 0.020001429636284235,
  "scotland friapr": 0.043160417904984774,
  "objective is": 0.03465747155504307,
  "sense": 0.015833527321163474,
  "accurate": 0.021421313983124916,
  "theories": 0.047458259884882704,
  "hatching that from": 0.026598042778464687,
  "gmt in": 0.008402416742887752,
  "questions": 0.014679327264557757,
  "objective or": 0.03339360337218964,
  "objective or not": 0.03725859043279881,
  "st andrews": 0.03777506354876854,
  "questions for": 0.029777922278411313,
  "prefer simple theories": 0.04175021166747604,
  "objective": 0.03895831762642263,
  "afteryears can we": 0.020331349645578877,
  "there a sense": 0.04175021166747604,
  "preferable to": 0.03527101637344506,
  "odwyer writes plus": 0.03835243137061356,
  "quite simple": 0.035972491097173855,
  "predictions to": 0.036791383669052116,
  "to prefer": 0.03835243137061356,
  "relativism": 0.02786191096131812,
  "scotland": 0.03221143642700882,
  "re afteryears": 0.020118847484433707,
  "complex and useless": 0.04175021166747604,
  "simple objective is": 0.04514799196433852,
  "better than objectivism": 0.03725859043279881,
  "subjective norman ": 0.04514799196433852,
  "bad ought i": 0.04175021166747604,
  "in article": 0.0042035201052807265,
  "a sense": 0.030108516792114903,
  "christian morality": 0.020001429636284235,
  "logic better than": 0.03777506354876854,
  "andrews university": 0.03777506354876854,
  "morality is": 0.020837491965766432,
  "is st": 0.03900699702073377,
  "article frank odwyer": 0.0236674692453489,
  "university scotland": 0.036791383669052116,
  "preferable to genocide": 0.04175021166747604,
  "relativism is better": 0.03725859043279881,
  "good logic": 0.03725859043279881,
  "friapr": 0.010841572149384592,
  "christian morality is": 0.022040028283455314,
  "writes plus": 0.03835243137061356,
  "say that christian": 0.020331349645578877,
  "better than bad": 0.07555012709753708,
  "morality": 0.018151119447266238,
  "and useless theories": 0.04175021166747604,
  "norman": 0.02612071844500794,
  "by evelyn conlon": 0.026598042778464687,
  "idea": 0.013566912716945385,
  "that christian morality": 0.02034688677676162,
  "that from hens": 0.026598042778464687,
  "not hatching": 0.026598042778464687,
  "theories with accurate": 0.034954651073751085,
  "norman ": 0.07451718086559762,
  "st": 0.018221220183257395,
  "odwyer im not": 0.026598042778464687,
  "afteryears": 0.019774708961525632,
  "or not frank": 0.043160417904984774,
  "preferable": 0.03171250165097969,
  "in article frank": 0.022722938148145466,
  "odwyer": 0.044953113210203795,
  "questions for you": 0.03527101637344506,
  "frank odwyer im": 0.026542652801729724,
  "frank": 0.053669246025140144,
  "science better": 0.03777506354876854,
  "plus questions": 0.03725859043279881,
  "evelyn": 0.02612071844500794,
  "complex and": 0.03155687077688861,
  "andrews": 0.03465747155504307,
  "genocide is there": 0.04175021166747604,
  "university": 0.004785079181534395,
  "frank odwyer writes": 0.023341539141089915,
  "prefer simple": 0.04175021166747604,
  "idea that relativism": 0.03725859043279881,
  "with accurate": 0.034954651073751085,
  "het up": 0.03725859043279881,
  "is good": 0.04514725661506829,
  "writes": 0.00313737884579762,
  "science better than": 0.03777506354876854,
  "odwyer writes": 0.023341539141089915,
  "bad ought": 0.04175021166747604,
  "article": 0.0038647419319288155,
  "its quite simple": 0.04175021166747604,
  "is st andrews": 0.04065637072966128,
  "almost anything preferable": 0.04175021166747604,
  "so het": 0.03725859043279881,
  "friapr gmt in": 0.016280943148981257,
  "objectivism": 0.03221143642700882,
  "subjectivistsrelativistsnihilists get": 0.03725859043279881,
  "is good science": 0.03725859043279881,
  "judgements are": 0.03725859043279881,
  "christian": 0.014620911946256468,
  "bad": 0.026698702617472612,
  "value judgements": 0.03725859043279881,
  "simple": 0.03185475510884102,
  "gmt": 0.0008060287454248646,
  "i to prefer": 0.04175021166747604,
  "morality is st": 0.04065637072966128,
  "to prefer simple": 0.04175021166747604,
  "university scotland friapr": 0.043160417904984774,
  "that relativism": 0.035609216723871295,
  "relativism is": 0.035609216723871295,
  "subjective": 0.024357174549776033,
  "theories with": 0.034954651073751085,
  "im not hatching": 0.026598042778464687,
  "sense in which": 0.03835243137061356,
  "hens by evelyn": 0.026598042778464687,
  "simple theories": 0.034954651073751085,
  "good science better": 0.03777506354876854,
  "afteryears can": 0.020331349645578877,
  "such value judgements": 0.04175021166747604,
  "useless": 0.023546427026768648,
  "genocide is": 0.029569296717534863,
  "anything preferable": 0.04175021166747604,
  "hens by": 0.026598042778464687,
  "why do subjectivistsrelativistsnihilists": 0.03725859043279881,
  "logic better": 0.03777506354876854,
  "judgements": 0.03084519425804303,
  "writes plus questions": 0.03835243137061356,
  "not frank odwyer": 0.043160417904984774,
  "accurate predictions to": 0.04175021166747604,
  "genocide": 0.021846079262836732,
  "objectivism is": 0.035972491097173855,
  "than subjective norman": 0.04514799196433852,
  "complex": 0.021909880086915506,
  "than objectivism": 0.03725859043279881,
  "het up about": 0.03725859043279881,
  "hatching": 0.026598042778464687,
  "subjectivistsrelativistsnihilists": 0.03725859043279881,
  "that christian": 0.02020879424261114,
  "theories is almost": 0.04175021166747604,
  "idea that": 0.023284538954839333,
  "subjectivistsrelativistsnihilists get so": 0.03725859043279881,
  "frank its": 0.035972491097173855,
  "het": 0.03276696919812158,
  "evelyn conlon frank": 0.04514799196433852,
  "objective is better": 0.04514799196433852,
  "gmt in article": 0.008921612414208961,
  "friapr gmt": 0.011281546967695278,
  "quite simple objective": 0.04514799196433852,
  "science": 0.012460598589743405,
  "article frank": 0.022722938148145466,
  "from hens": 0.026598042778464687,
  "andrews university scotland": 0.03835243137061356,
  "than bad": 0.07555012709753708,
  "to genocide": 0.03777506354876854,
  "not frank": 0.043160417904984774,
  "accurate predictions": 0.034954651073751085,
  "are objective": 0.03411224785352236,
  "sense in": 0.03203942015342416,
  "useless theories": 0.04175021166747604,
  "about the idea": 0.03636485731125982,
  "good": 0.015843733190886316,
  "good logic better": 0.03777506354876854,
  "conlon": 0.026598042778464687,
  "to complex": 0.04175021166747604,
  "conlon frank its": 0.04514799196433852,
  "st andrews university": 0.03835243137061356,
  "do subjectivistsrelativistsnihilists": 0.03725859043279881,
  "predictions": 0.02442821870321999,
  "get so het": 0.03725859043279881,
  "objectivism is good": 0.04514799196433852,
  "frank its quite": 0.04514799196433852,
  "than subjective": 0.03835243137061356,
  "bad is": 0.032967077014397335,
  "simple objective": 0.04514799196433852,
  "predictions to complex": 0.04175021166747604,
  "simple theories with": 0.034954651073751085,
  "evelyn conlon": 0.026598042778464687,
  "theories is": 0.0397626376081223,
  "useless theories is": 0.04175021166747604,
  "frank odwyer": 0.0450983591492738,
  "odwyer im": 0.026542652801729724,
  "better than subjective": 0.04514799196433852,
  "bad is good": 0.03777506354876854,
  "hatching that": 0.026598042778464687,
  "subjective norman": 0.04514799196433852,
  "scotland friapr gmt": 0.043160417904984774,
  "by evelyn": 0.026598042778464687
}