{
  "article": 0.007233094991866774,
  "apr gmt tektronix": 0.05935183795229227,
  "stay they blew": 0.05935183795229227,
  "elsewhere damn": 0.09085630771821104,
  "tammy r": 0.06209030573720967,
  "sank manhattan out": 0.05935183795229227,
  "beaverton": 0.051124809183474056,
  "bob beauchaine they": 0.05935183795229227,
  "manhattan out at": 0.05935183795229227,
  "convert to christianity": 0.0760908222830358,
  "you gonna": 0.07300392102963019,
  "convert to": 0.05935183795229227,
  "hopes up bob": 0.09085630771821104,
  "my hopes": 0.08077729589556784,
  "gonna": 0.043902236044662826,
  "to christianity": 0.0525591768017373,
  "stay they": 0.05935183795229227,
  "gmt": 0.0015085308629969943,
  "sea": 0.04441048172713795,
  "they blew": 0.05823843559445495,
  "tektronix inc beaverton": 0.054431611263604414,
  "r": 0.030244838120062272,
  "have my hopes": 0.09085630771821104,
  "re requests apr": 0.09085630771821104,
  "re requests": 0.08449715927270696,
  "damn and i": 0.08449715927270696,
  "away and sank": 0.05935183795229227,
  "r healy": 0.06209030573720967,
  "youre wanting": 0.08077729589556784,
  "or in article": 0.05426012380477733,
  "up bob beauchaine": 0.08449715927270696,
  "beauchaine they": 0.05935183795229227,
  "beauchaine they said": 0.05935183795229227,
  "the bronx": 0.05797998718191646,
  "excuse to convert": 0.08449715927270696,
  "article tammy r": 0.06486352474521823,
  "christianity": 0.035441126880803565,
  "tammy r healy": 0.06209030573720967,
  "convert": 0.03973562852391962,
  "beaverton or in": 0.056138971627217815,
  "at sea": 0.057728620446245674,
  "could stay": 0.05877825669558278,
  "and sank": 0.05877825669558278,
  "bob if": 0.08449715927270696,
  "wanting an": 0.08449715927270696,
  "stay": 0.03640773711619647,
  "writes bob if": 0.09085630771821104,
  "queens could stay": 0.05935183795229227,
  "gonna have to": 0.0760908222830358,
  "hopes up": 0.08449715927270696,
  "beauchaine": 0.05426012380477733,
  "in article": 0.007867138545663012,
  "healy writes": 0.06292490920698697,
  "out at sea": 0.05935183795229227,
  "beaverton or": 0.051749152882969614,
  "wanting": 0.05042769077083257,
  "wanting an excuse": 0.08449715927270696,
  "requests apr": 0.09085630771821104,
  "inc beaverton": 0.053926475693117926,
  "christianity you": 0.07300392102963019,
  "excuse to": 0.061325336847860575,
  "blew the": 0.05877825669558278,
  "queens": 0.05376409425183902,
  "healy": 0.055533852656650874,
  "in article tammy": 0.06384310607448222,
  "up bob": 0.07813801082720287,
  "bob": 0.06847040263989153,
  "tammy": 0.05748395762897814,
  "gmt tektronix inc": 0.05935183795229227,
  "gonna have": 0.060619272250281415,
  "damn and": 0.08077729589556784,
  "hopes": 0.05270141704518652,
  "sank manhattan": 0.05935183795229227,
  "and sank manhattan": 0.05935183795229227,
  "manhattan out": 0.05935183795229227,
  "excuse": 0.04009126653722461,
  "sea ": 0.12123854450056283,
  "bronx away and": 0.05935183795229227,
  "healy writes bob": 0.09085630771821104,
  "look elsewhere damn": 0.09085630771821104,
  "that queens": 0.05906056549069061,
  "tektronix": 0.04798631841122107,
  "apr gmt": 0.013800481085771508,
  "if youre wanting": 0.08449715927270696,
  "damn": 0.039597145714539025,
  "an excuse": 0.056138971627217815,
  "blew the bronx": 0.05935183795229227,
  "apr": 0.012053428332927885,
  "said that queens": 0.05935183795229227,
  "christianity you gonna": 0.08449715927270696,
  "bob beauchaine": 0.05877825669558278,
  "manhattan": 0.056349884638453585,
  "writes bob": 0.07441814745006375,
  "bob if youre": 0.08449715927270696,
  "blew": 0.05100488182964513,
  "queens could": 0.05935183795229227,
  "sank": 0.057728620446245674,
  "gmt tektronix": 0.05906056549069061,
  "article tammy": 0.06384310607448222,
  "r healy writes": 0.06337252539202763,
  "writes": 0.005871791601309307,
  "requests apr gmt": 0.09085630771821104,
  "tektronix inc": 0.05214522785421006,
  "requests": 0.049077620639307,
  "bronx": 0.057728620446245674,
  "to convert": 0.04513514605116208,
  "bronx away": 0.05935183795229227
}