{
  "bake": 0.057377353788985425,
  "koresh claimed": 0.03952871399452815,
  "killed millions of": 0.03559613574614121,
  "memory alyosha in": 0.03307344619720508,
  "was worse": 0.034152048893689654,
  "worshipped him": 0.03559613574614121,
  "killed": 0.015671389090639976,
  "heart out bake": 0.04250359459778971,
  "stalin khan conquered": 0.03559613574614121,
  "atheists and": 0.024522243773641962,
  "the mongols": 0.03559613574614121,
  "oranges how": 0.03559613574614121,
  "hear the": 0.024587769405104574,
  "josef stalin": 0.04250359459778971,
  "some good": 0.023386224227602982,
  "atheists": 0.018621532763786735,
  "than stalin": 0.03559613574614121,
  "cheering for dk": 0.04250359459778971,
  "gmt sender nancy": 0.04250359459778971,
  "stalin killed": 0.03481363979423583,
  "higher stronger": 0.03307344619720508,
  "by the mongols": 0.03559613574614121,
  "useful in life": 0.03307344619720508,
  "christian yup i": 0.04250359459778971,
  "apples": 0.022782050176611217,
  "eat your": 0.0377885203974974,
  "david": 0.01119725425749434,
  "amusing": 0.024031212223522887,
  "eat": 0.01943373018712806,
  "and agnostics apr": 0.034152048893689654,
  "claimed to be": 0.02736900007154009,
  "agnostics apr": 0.034152048893689654,
  "amusing atheists": 0.028202287687166518,
  "sender nancy": 0.04250359459778971,
  "millions cheering": 0.04250359459778971,
  "right and david": 0.03952871399452815,
  "a christian yup": 0.04250359459778971,
  "claimed to": 0.023916756227462112,
  "mongols was worse": 0.03559613574614121,
  "wholesome and": 0.032212198577195844,
  "good memory": 0.03307344619720508,
  "eat your heart": 0.04250359459778971,
  "stronger": 0.02213907902541525,
  "nothing higher": 0.03307344619720508,
  "i can hear": 0.03357895278800501,
  "atrocious": 0.03357895278800501,
  "state how": 0.034152048893689654,
  "rule dont mix": 0.03559613574614121,
  "millions cheering for": 0.04250359459778971,
  "atheist state how": 0.036553833391266576,
  "good": 0.006935883199443794,
  "nancy patricia oconnor": 0.04250359459778971,
  "worshipped": 0.02923731797393428,
  "life than": 0.03034388067480166,
  "mix apples": 0.03559613574614121,
  "now josef": 0.04250359459778971,
  "higher": 0.01560573816628172,
  "yup": 0.02486035912923473,
  "out bake timmons": 0.04250359459778971,
  "be a christian": 0.027906180942587327,
  "bake timmons writes": 0.031177168290428086,
  "yup i can": 0.04250359459778971,
  "bake timmons": 0.0580930757541275,
  "stalin eat": 0.04250359459778971,
  "brothers karamazov dostoevsky": 0.03307344619720508,
  "apr gmt sender": 0.009717495148608713,
  "karamazov dostoevsky": 0.03307344619720508,
  "david koresh": 0.02043636903340061,
  "out bake": 0.04250359459778971,
  "timmons": 0.05772775717542538,
  "heart": 0.017193921346129883,
  "apr gmt": 0.006456019048708559,
  "life": 0.01181052393725437,
  "conquered": 0.029646374539618076,
  "unsympathetic to his": 0.03559613574614121,
  "christian": 0.012801141789855449,
  "mix": 0.02229101862649214,
  "wholesome and more": 0.03307344619720508,
  "gmt sender": 0.0077168670634328446,
  "in life": 0.024031212223522887,
  "timmons writes": 0.031177168290428086,
  "loved and": 0.03357895278800501,
  "millions of": 0.02171309208080005,
  "was atrocious": 0.036553833391266576,
  "re amusing": 0.028202287687166518,
  "cheering": 0.03060407218474344,
  "alyosha": 0.03307344619720508,
  "josef": 0.0377885203974974,
  "patricia oconnor": 0.04250359459778971,
  "timmons iii": 0.03262125514287965,
  "oranges": 0.029866517433985246,
  "bake timmons iii": 0.03262125514287965,
  "writes": 0.005493779266461068,
  "wholesome": 0.031177168290428086,
  "and worshipped": 0.03559613574614121,
  "heart out": 0.03952871399452815,
  "rule": 0.016662292669250973,
  "apples with": 0.03357895278800501,
  "life than some": 0.03307344619720508,
  "people unsympathetic": 0.03559613574614121,
  "cheering for": 0.03952871399452815,
  "for dk": 0.03952871399452815,
  "your heart": 0.023916756227462112,
  "sender nancy patricia": 0.04250359459778971,
  "christian yup": 0.04250359459778971,
  "yup i": 0.03307344619720508,
  "state how can": 0.036553833391266576,
  "david koresh claimed": 0.03952871399452815,
  "and david koresh": 0.03481363979423583,
  "worse": 0.03353549744777667,
  "atrocious but stalin": 0.036553833391266576,
  "timmons iii theres": 0.03357895278800501,
  "karamazov dostoevsky ": 0.034152048893689654,
  "memory": 0.014646412046276806,
  "atrocious but": 0.036553833391266576,
  "dostoevsky": 0.03307344619720508,
  "the millions cheering": 0.04250359459778971,
  "gmt": 0.0007057075711015982,
  "writes bake timmons": 0.0377885203974974,
  "good memory alyosha": 0.03307344619720508,
  "and david": 0.02923731797393428,
  "atheist state": 0.036553833391266576,
  "conquered people unsympathetic": 0.03559613574614121,
  "mongols": 0.03307344619720508,
  "mix apples with": 0.03559613574614121,
  "atheists and agnostics": 0.02904653787706375,
  "conquered people": 0.03559613574614121,
  "oconnor writes bake": 0.04250359459778971,
  "state": 0.00954741863985343,
  "dont mix apples": 0.03559613574614121,
  "the extermination": 0.02886387858771269,
  "that the extermination": 0.03559613574614121,
  "dk right": 0.04250359459778971,
  "khan conquered people": 0.03559613574614121,
  "timmons writes rule": 0.03952871399452815,
  "claimed": 0.017910891666572653,
  "koresh claimed to": 0.03952871399452815,
  "that was atrocious": 0.036553833391266576,
  "theres nothing higher": 0.03307344619720508,
  "writes rule": 0.0377885203974974,
  "extermination by": 0.03559613574614121,
  "can hear": 0.028688676894492712,
  "and agnostics": 0.02886387858771269,
  "stalin eat your": 0.04250359459778971,
  "dostoevsky ": 0.06830409778737931,
  "khan": 0.02554546705022994,
  "oranges how can": 0.03559613574614121,
  "who loved": 0.034152048893689654,
  "nancy": 0.02689163683072368,
  "brothers": 0.021580000935982193,
  "atheist": 0.01945364597921605,
  "worse than stalin": 0.03559613574614121,
  "writes rule dont": 0.03952871399452815,
  "stronger more": 0.03307344619720508,
  "dk": 0.028358371996912764,
  "iii": 0.01980716957334965,
  "in brothers": 0.03307344619720508,
  "millions": 0.040772926581864585,
  "anyone be worse": 0.03559613574614121,
  "some good memory": 0.03307344619720508,
  "agnostics": 0.02749712437690353,
  "apples with oranges": 0.03559613574614121,
  "oconnor": 0.030881061545848895,
  "be worse": 0.03009856559394351,
  "unsympathetic to": 0.034152048893689654,
  "writes bake": 0.0377885203974974,
  "hear the millions": 0.04250359459778971,
  "extermination by the": 0.03559613574614121,
  "but stalin killed": 0.036553833391266576,
  "the millions": 0.028051681164371366,
  "more wholesome": 0.03307344619720508,
  "but stalin": 0.036553833391266576,
  "nothing higher stronger": 0.03307344619720508,
  "rule dont": 0.03559613574614121,
  "koresh": 0.016789154481446442,
  "oconnor writes": 0.03952871399452815,
  "nancy patricia": 0.04250359459778971,
  "josef stalin eat": 0.04250359459778971,
  "dont mix": 0.031177168290428086,
  "brothers karamazov": 0.03307344619720508,
  "hear": 0.01418966454677404,
  "patricia oconnor writes": 0.04250359459778971,
  "unsympathetic": 0.03307344619720508,
  "agnostics apr gmt": 0.03481363979423583,
  "worse than that": 0.030881061545848895,
  "alyosha in": 0.03307344619720508,
  "loved and worshipped": 0.03559613574614121,
  "than some good": 0.03307344619720508,
  "alyosha in brothers": 0.03307344619720508,
  "than stalin khan": 0.03559613574614121,
  "dont": 0.00523003467234749,
  "higher stronger more": 0.03307344619720508,
  "a christian": 0.019658058206637744,
  "apr": 0.005638728275919053,
  "extermination": 0.020615755851763107,
  "millions of his": 0.03559613574614121,
  "dk right now": 0.04250359459778971,
  "patricia": 0.032212198577195844,
  "killed millions": 0.034152048893689654,
  "worse than": 0.04240766447231841,
  "loved": 0.022696210405337956,