{
  "reached": 0.012904265541415563,
  "depressing large": 0.023861044045032233,
  "his part sting": 0.023081417832425778,
  "perry from james": 0.023861044045032233,
  "didnt you hear": 0.023081417832425778,
  "for memorable": 0.023861044045032233,
  "from james j": 0.023861044045032233,
  "is didnt": 0.02495986547621967,
  "changed": 0.010246191685015222,
  "teach us without": 0.023081417832425778,
  "to a place": 0.019887230850470096,
  "changed he can": 0.026838313120013557,
  "an interesting bunch": 0.023861044045032233,
  "the following notables": 0.023861044045032233,
  "sender netnews": 0.011875004399519664,
  "gmt in": 0.0046452385245233105,
  "marvin minsky an": 0.023861044045032233,
  "address": 0.01745244767218823,
  "from jesus christ": 0.023861044045032233,
  "freedom from the": 0.023081417832425778,
  "actor": 0.018115072402213557,
  "arromdee": 0.01510190840379044,
  "god": 0.007320924725618904,
  "god is": 0.011985633110956672,
  "ken arromdee onfeb": 0.023861044045032233,
  "draft board": 0.023861044045032233,
  "actor plays his": 0.023081417832425778,
  "early days": 0.019324522544837998,
  "things": 0.006009849539432128,
  "from jim": 0.02010414875744445,
  "jesus christ of": 0.021564843881381274,
  "altmessianic jim": 0.026838313120013557,
  "fear": 0.011426455785759303,
  "kill": 0.00984376452419161,
  "following notables": 0.023861044045032233,
  "hear his": 0.022476692761113554,
  "subject": 0.008308955898643392,
  "save file": 0.021982596401238345,
  "question was article": 0.023861044045032233,
  "in article": 0.002323897293976337,
  "worse": 0.010587765454379354,
  "interesting bunch i": 0.023861044045032233,
  "an average": 0.015834402522326787,
  "interesting bunch": 0.023861044045032233,
  "from jesus": 0.019686396237587382,
  "days were": 0.023861044045032233,
  "to altmessianic jim": 0.026838313120013557,
  "articles from the": 0.023081417832425778,
  "without freedom": 0.020339951947118243,
  "friapr": 0.0059937146842126195,
  "the actor": 0.022476692761113554,
  "in your heart": 0.016645358876941574,
  "get worse": 0.019887230850470096,
  "question": 0.0059495284808929886,
  "teach": 0.013295732432305928,
  "board friapr": 0.023861044045032233,
  "altmessianic": 0.023081417832425778,
  "voice of": 0.017126879682463125,
  "file is depressing": 0.023861044045032233,
  "rate is such": 0.023861044045032233,
  "dead and": 0.016028058251275686,
  "words of fear": 0.023081417832425778,
  "petrich from": 0.023861044045032233,
  "james j": 0.020339951947118243,
  "were articles": 0.023861044045032233,
  "the early": 0.012520687838880799,
  "arromdee onfeb on": 0.023861044045032233,
  "average of": 0.018858803691378215,
  "changed he": 0.023861044045032233,
  "for memorable posts": 0.023861044045032233,
  "ken": 0.011197551268712703,
  "aboutarticles a day": 0.023861044045032233,
  "faith is": 0.016404308779335894,
  "following address": 0.02010414875744445,
  "the early days": 0.019887230850470096,
  "file for": 0.015788076144659303,
  "worse nothing ": 0.023081417832425778,
  "reason": 0.007188894388580821,
  "average of aboutarticles": 0.023861044045032233,
  "last three years": 0.0208837749700509,
  "the voice": 0.01690996177548877,
  "j": 0.008948800603133134,
  "voice": 0.00970885974806076,
  "reached at the": 0.02495986547621967,
  "jim perry from": 0.023861044045032233,
  "posts": 0.01096315551978738,
  "marvin minsky": 0.022476692761113554,
  "writes your posting": 0.02495986547621967,
  "you hear": 0.016645358876941574,
  "actor plays": 0.023081417832425778,
  "minsky": 0.022476692761113554,
  "freedom": 0.010411600602593458,
  "article": 0.00640981588710145,
  "reason every faith": 0.023081417832425778,
  "they now sender": 0.026838313120013557,
  "the past things": 0.023081417832425778,
  "admin account salvation": 0.023861044045032233,
  "memorable": 0.019887230850470096,
  "friapr gmt in": 0.009000846618948989,
  "from marvin minsky": 0.023861044045032233,
  "and the actor": 0.023081417832425778,
  "large": 0.008217469503182811,
  "on the subject": 0.013118543382813106,
  "days were articles": 0.023861044045032233,
  "gmt": 0.00044560938771455927,
  "the posting": 0.017362682872136916,
  "board": 0.009665343658912091,
  "board friapr gmt": 0.023861044045032233,
  "that was article": 0.023861044045032233,
  "petrich": 0.02120297018863189,
  "has changed": 0.01607871443830049,
  "rate": 0.01049499263150065,
  "account": 0.009023461719036199,
  "will find": 0.014225954447499944,
  "sender netnews admin": 0.014124633222373603,
  "file is": 0.014962902185937998,
  "marvin": 0.018115072402213557,
  "of reason": 0.01728178053297789,
  "curse will teach": 0.023081417832425778,
  "checking my save": 0.023861044045032233,
  "fear will": 0.023081417832425778,
  "is depressing": 0.023081417832425778,
  "captured was": 0.023861044045032233,
  "provoked": 0.018461504303324355,
  "re atheist": 0.021982596401238345,
  "posting provoked": 0.023861044045032233,
  "salvation": 0.014174820343694028,
  "bunch i wonder": 0.023081417832425778,
  "notables from": 0.02495986547621967,
  "army draft board": 0.023861044045032233,
  "from mark": 0.02010414875744445,
  "atheist": 0.01228373851804157,
  "j lippard from": 0.023861044045032233,
  "netnews admin account": 0.014124633222373603,
  "aboutarticles": 0.023081417832425778,
  "lippard from marvin": 0.023861044045032233,
  "here your question": 0.023861044045032233,
  "early": 0.009400517676145121,
  "where is didnt": 0.026838313120013557,
  "petrich from jesus": 0.023861044045032233,
  "freedom from": 0.018341038822102584,
  "a place": 0.014003086972603001,
  "noted the current": 0.023861044045032233,
  "didnt you": 0.01690996177548877,
  "be reached": 0.01618295910179045,
  "find their way": 0.022476692761113554,
  "that my kill": 0.023861044045032233,
  "address i": 0.017362682872136916,
  "posts the first": 0.023861044045032233,
  "heart history": 0.023081417832425778,
  "plays his": 0.023081417832425778,
  "friapr gmt": 0.006236952795148609,
  "jesus christ": 0.013314105567767659,
  "dead": 0.00927721674622859,
  "hear": 0.008959869483464366,
  "your posting provoked": 0.023861044045032233,
  "fear will find": 0.023081417832425778,
  "altmessianic jim if": 0.026838313120013557,
  "hear his address": 0.026838313120013557,
  "his address": 0.01916022817677178,
  "faith is its": 0.023081417832425778,
  "days": 0.008746651272764647,
  "christ of nazareth": 0.023861044045032233,
  "average": 0.01056761646118825,
  "provoked me": 0.023081417832425778,
  "by ken arromdee": 0.023861044045032233,
  "by ken": 0.0208837749700509,
  "from mark crispin": 0.023861044045032233,
  "your heart": 0.01510190840379044,
  "curse will": 0.023081417832425778,
  "current posting rate": 0.023861044045032233,
  "depressing": 0.02010414875744445,
  "provoked me into": 0.023861044045032233,
  "my kill file": 0.020598245117319666,
  "christ of": 0.021564843881381274,
  "save": 0.009874677716043577,
  "an interesting": 0.013446328234893492,
  "posting rate is": 0.023861044045032233,
  "save file for": 0.023861044045032233,
  "from loren petrich": 0.023861044045032233,
  "god is dead": 0.021982596401238345,
  "large among": 0.023861044045032233,
  "is dead": 0.015697733542308107,
  "three years": 0.015286335133451729,
  "captured was by": 0.023861044045032233,
  "depressing large among": 0.023861044045032233,
  "posting rate": 0.023861044045032233,
  "years as": 0.017906505895069577,
  "atheist too that": 0.023861044045032233,
  "i saved": 0.0208837749700509,
  "sting": 0.01949942368613223,
  "admin account": 0.014124633222373603,
  "posting i saved": 0.023861044045032233,
  "posts the": 0.021982596401238345,
  "in the early": 0.01510190840379044,
  "posting to altmessianic": 0.026838313120013557,
  "nazareth": 0.02120297018863189,
  "faith": 0.010101545450350248,
  "minsky an interesting": 0.023861044045032233,
  "dead and the": 0.019686396237587382,
  "current": 0.008642729028117972,