{
  "good and": 0.03414900416976384,
  "powerful as": 0.055305475195877356,
  "about josephus": 0.05980643091379908,
  "computer network": 0.032407030230837346,
  "sabin": 0.03828574257176969,
  "a side note": 0.044235682389134334,
  "josephus my historian": 0.05980643091379908,
  "suspect it reads": 0.05980643091379908,
  "powerful": 0.030067129757930237,
  "powerful as josephus": 0.05980643091379908,
  "gmt just a": 0.05080451947795563,
  "craze about": 0.05980643091379908,
  "reads": 0.06745204337626842,
  "japanese translation he": 0.05980643091379908,
  "reads even better": 0.05980643091379908,
  "friend": 0.02315916759830235,
  "i suspect": 0.02740102450614495,
  "japanese": 0.06550032645354976,
  "gmt": 0.0010677263900433272,
  "japanese translation": 0.05980643091379908,
  "news purdue": 0.034025314592032056,
  "reads in english": 0.05980643091379908,
  "university engineering": 0.034468946046431255,
  "josephus on": 0.05980643091379908,
  "josephus on jesus": 0.05980643091379908,
  "english": 0.02866493386446959,
  "english i": 0.05167160644304994,
  "network": 0.020014480967717782,
  "tueapr gmt": 0.015239672544446428,
  "reads in": 0.05080451947795563,
  "tueapr": 0.014668160907327516,
  "friend says": 0.057173540601408404,
  "re albert sabin": 0.04019328230247205,
  "translation he": 0.055305475195877356,
  "worldlocal tueapr gmt": 0.05980643091379908,
  "josephus reads": 0.05980643091379908,
  "jesus was re": 0.05980643091379908,
  "side note": 0.04340559556114807,
  "a side": 0.03973472667121261,
  "computer": 0.013267223920862582,
  "selling like": 0.05980643091379908,
  "latest craze about": 0.05980643091379908,
  "note": 0.01909801348713504,
  "german": 0.03055091240272193,
  "this german translation": 0.05980643091379908,
  "worldlocal tueapr": 0.05980643091379908,
  "translation": 0.06124612643434089,
  "this german": 0.05980643091379908,
  "is selling": 0.04367067344764323,
  "my historian": 0.05980643091379908,
  "usenet news": 0.015609832796706328,
  "sabin sender": 0.045187653000769885,
  "hot cakes": 0.05980643091379908,
  "usenet": 0.01323224534805333,
  "and powerful": 0.047170650725128216,
  "japanese ": 0.11961286182759816,
  "my historian friend": 0.05980643091379908,
  "jesus was": 0.03466876201179979,
  "selling": 0.026932437192844747,
  "in english": 0.039588799035809634,
  "university": 0.006338676318396212,
  "german translation": 0.055305475195877356,
  "note on": 0.04630356376003391,
  "just a side": 0.055305475195877356,
  "hot": 0.027226691713702168,
  "worldlocal": 0.045909897384602515,
  "latest craze": 0.05980643091379908,
  "that the latest": 0.057173540601408404,
  "josephus is the": 0.05980643091379908,
  "like hot": 0.05385649109643443,
  "latest": 0.027445348954654038,
  "whatever of josephus": 0.05980643091379908,
  "japan as": 0.055305475195877356,
  "albert sabin": 0.03828574257176969,
  "albert": 0.03131125439156195,
  "of josephus": 0.05080451947795563,
  "cakes over": 0.05980643091379908,
  "suspect it": 0.04630356376003391,
  "network worldlocal tueapr": 0.05980643091379908,
  "josephus": 0.1607731292098882,
  "better in japanese": 0.05980643091379908,
  "historian friend": 0.05980643091379908,
  "in japan": 0.04244182929414629,
  "josephus is": 0.05980643091379908,
  "re josephus": 0.05980643091379908,
  "gmt just": 0.04140894166668079,
  "is the japanese": 0.05980643091379908,
  "like hot cakes": 0.05980643091379908,
  "the latest craze": 0.05980643091379908,
  "news": 0.00996823703252418,
  "craze": 0.05385649109643443,
  "jesus": 0.022189459430785156,
  "on jesus": 0.047170650725128216,
  "it reads": 0.04630356376003391,
  "good and powerful": 0.057173540601408404,
  "the latest": 0.029343132977246198,
  "sabin sender usenet": 0.05167160644304994,
  "news purdue university": 0.03408686487745117,
  "japan as good": 0.05980643091379908,
  "suspect": 0.024812458642263356,
  "selling like hot": 0.05980643091379908,
  "on this german": 0.05980643091379908,
  "note on this": 0.05167160644304994,
  "the japanese": 0.03988400925708728,
  "historian friend says": 0.05980643091379908,
  "josephus reads in": 0.05980643091379908,
  "albert sabin sender": 0.045187653000769885,
  "tueapr gmt just": 0.05080451947795563,
  "good": 0.010493901204353274,
  "engineering computer network": 0.033384179262904205,
  "as josephus reads": 0.05980643091379908,
  "re albert": 0.03877605135429011,
  "network worldlocal": 0.055305475195877356,
  "english i suspect": 0.05980643091379908,
  "over in japan": 0.05980643091379908,
  "engineering computer": 0.032650261156388645,
  "as good": 0.03168478584700472,
  "cakes over in": 0.05980643091379908,
  "craze about josephus": 0.05980643091379908,
  "sender": 0.004249048998159843,
  "side": 0.021081889721471504,
  "translation or whatever": 0.05980643091379908,
  "friend says that": 0.05980643091379908,
  "university engineering computer": 0.03530798326383389,
  "translation he says": 0.05980643091379908,
  "historian": 0.04019328230247205,
  "german translation or": 0.05980643091379908,
  "sender usenet": 0.014484283406769431,
  "hot cakes over": 0.05980643091379908,
  "usenet news purdue": 0.034025314592032056,
  "computer network worldlocal": 0.055305475195877356,
  "sender usenet news": 0.015885100338718327,
  "the japanese translation": 0.05980643091379908,
  "side note on": 0.05980643091379908,
  "cakes": 0.05980643091379908,
  "josephus my": 0.05980643091379908,
  "purdue university engineering": 0.03530798326383389,
  "japan": 0.032407030230837346,
  "in japanese": 0.05080451947795563,
  "engineering": 0.02013599206467982,
  "translation or": 0.05267258488348668,
  "thing is selling": 0.05980643091379908,
  "reads even": 0.05980643091379908,
  "as josephus": 0.057173540601408404,
  "was re albert": 0.05385649109643443,
  "purdue university": 0.030996356015337206,
  "purdue": 0.030844454199917038
}