{
  "article": 0.005571783421296667,
  "supposed to": 0.013185996268106317,
  "anyone else noticed": 0.025930700296195992,
  "atheists hold": 0.030095558940512763,
  "bad enough": 0.023348058923253263,
  "the book cheers": 0.034994125587579514,
  "age": 0.01466701378960908,
  "theists if": 0.034994125587579514,
  "paines the age": 0.031112103366137435,
  "classic whats": 0.031112103366137435,
  "as the theists": 0.03254484226404614,
  "robert beauchaine wrote": 0.029307065826328273,
  "much esteem": 0.03254484226404614,
  "alink": 0.019173147444546984,
  "thought this was": 0.02498277101494271,
  "alink ksand private": 0.019173147444546984,
  "is hard": 0.019254382491277366,
  "topic": 0.015386082884769552,
  "it ive noticed": 0.031112103366137435,
  "the theists": 0.02542504360488619,
  "largest on the": 0.03254484226404614,
  "the age": 0.019509932532194775,
  "books": 0.0255510882058178,
  "net ": 0.0386750582504713,
  "verses sender wedapr": 0.034994125587579514,
  "largest": 0.019213531528729396,
  "wanting to pick": 0.031112103366137435,
  "second largest": 0.03254484226404614,
  "esteem": 0.026520997415147112,
  "book cheers kent": 0.03254484226404614,
  "writes while were": 0.028662820042604058,
  "it ive": 0.021389363744081076,
  "a copy": 0.02949284634849066,
  "paines the": 0.031112103366137435,
  "bibles in as": 0.03254484226404614,
  "supposed": 0.012868713275491026,
  "cookamunga": 0.019931652523829283,
  "article ed": 0.021871962807705637,
  "reason is": 0.018756952972262944,
  "correctly prometheus": 0.034994125587579514,
  "wedapr": 0.00939110414731614,
  "remember correctly": 0.022431058232493247,
  "wedapr gmt": 0.009776870433550373,
  "beauchaine wrote": 0.029307065826328273,
  "west coast and": 0.031112103366137435,
  "coast and": 0.028662820042604058,
  "guess atheists hold": 0.03254484226404614,
  "theists if i": 0.034994125587579514,
  "atheists hold their": 0.03254484226404614,
  "classic whats the": 0.031112103366137435,
  "carry it i": 0.029307065826328273,
  "seem to carry": 0.031112103366137435,
  "guess atheists": 0.03254484226404614,
  "it i thought": 0.027230081144695346,
  "the second largest": 0.03254484226404614,
  "beauchaine": 0.02089877559971989,
  "in article": 0.006060198597012496,
  "book store": 0.02621353671907068,
  "bureau altatheism in": 0.024408499179261526,
  "ive": 0.014677698981123598,
  "so just call": 0.034994125587579514,
  "paines": 0.028662820042604058,
  "on the west": 0.026857782502794903,
  "topic of": 0.023219551346677733,
  "up a copy": 0.028662820042604058,
  "ed mccreary": 0.024780797821161972,
  "wanting": 0.01942267948417226,
  "mail order": 0.020468069530430007,
  "to pick": 0.018352676112977626,
  "sender wedapr gmt": 0.02621353671907068,
  "net": 0.01011281228795121,
  "store is the": 0.03254484226404614,
  "has read": 0.024408499179261526,
  "the bookstores": 0.029307065826328273,
  "couldnt find": 0.021242110399909458,
  "gmt cookamunga": 0.02204867807475391,
  "has read rushdies": 0.026520997415147112,
  "bad enough to": 0.028662820042604058,
  "to mail order": 0.030095558940512763,
  "hard": 0.009588040178583728,
  "used book store": 0.03254484226404614,
  "i couldnt find": 0.02362000606507704,
  "correctly": 0.015399858999312512,
  "mail": 0.010631333928803962,
  "mccreary writes": 0.030095558940512763,
  "i remember correctly": 0.022638975193705026,
  "pick up": 0.017849142322845884,
  "hold their": 0.026857782502794903,
  "book store is": 0.03254484226404614,
  "read rushdies": 0.026520997415147112,
  "who has read": 0.026520997415147112,
  "noticed that paines": 0.031112103366137435,
  "local": 0.010811263576956814,
  "article robert": 0.017060649208661398,
  "tourist bureau altatheism": 0.023914640725639057,
  "to find": 0.011260575151109628,
  "alink ksand": 0.019173147444546984,
  "satanic verses": 0.026520997415147112,
  "rushdies the": 0.02764627561697939,
  "ive been": 0.014136763985454544,
  "satanic verses sender": 0.034994125587579514,
  "altatheism in article": 0.024408499179261526,
  "tourist": 0.019509932532194775,
  "hard to": 0.013502185974941896,
  "largest on": 0.03254484226404614,
  "book": 0.022121958767699415,
  "be classic": 0.031112103366137435,
  "coast and i": 0.03254484226404614,
  "reason": 0.009373505404191953,
  "ive noticed": 0.021786812448769025,
  "i guess": 0.01239602806773694,
  "private activities on": 0.019173147444546984,
  "private activities": 0.019173147444546984,
  "of books": 0.022747708969912635,
  "bureau altatheism": 0.023914640725639057,
  "prometheus books have": 0.034994125587579514,
  "remember": 0.009847856527178579,
  "of reason": 0.022533487691409334,
  "read rushdies the": 0.02764627561697939,
  "to carry": 0.016973396160638886,
  "just call": 0.023764253395537303,
  "books have this": 0.034994125587579514,
  "noticed though": 0.031112103366137435,
  "writes": 0.002261573443613832,
  "kent alink ksand": 0.019254382491277366,
  "pick": 0.014185369551067568,
  "was supposed": 0.019509932532194775,
  "find": 0.014994922841340375,
  "in article robert": 0.017172835421787123,
  "esteem as the": 0.03254484226404614,
  "hold": 0.012337523934894366,
  "satanic": 0.021170722741543663,
  "thought": 0.009501177127681481,
  "copy": 0.024324165123189294,
  "in stock": 0.02566883467021111,
  "rushdies the satanic": 0.02764627561697939,
  "ksand private activities": 0.019173147444546984,
  "noticed though that": 0.031112103366137435,
  "store is": 0.031112103366137435,
  "bibles in": 0.028118117993744488,
  "this was supposed": 0.031112103366137435,
  "the net": 0.01219536603126423,
  "sender": 0.002312203341754826,
  "their bibles": 0.031112103366137435,
  "thought this": 0.02223469833441971,
  "local used book": 0.03254484226404614,
  "noticed": 0.02896256234889409,
  "age of": 0.019554380525858592,
  "deal me": 0.03254484226404614,
  "bad": 0.009622853946933593,
  "on the net": 0.014214857084396829,
  "wanting to": 0.020585866068478034,
  "gmt": 0.0005810242546525525,
  "topic of books": 0.031112103366137435,
  "store": 0.015809158700814705,
  "hold their bibles": 0.03254484226404614,
  "deal": 0.01152244077709451,
  "writes while": 0.022859895183038364,
  "i remember": 0.015008288800230212,
  "the satanic verses": 0.026857782502794903,
  "carry": 0.013840584932864188,
  "carry it": 0.024071714091613735,
  "but not bad": 0.028662820042604058,
  "ksand": 0.019173147444546984,
  "for the book": 0.03254484226404614,
  "kent alink": 0.019254382491277366,
  "gmt cookamunga tourist": 0.02204867807475391,
  "find a": 0.01440755276998075,
  "altatheism": 0.01819698710310473,
  "wrote in article": 0.016930564497980423,
  "mccreary writes while": 0.031112103366137435,
  "the west": 0.017660999162002027,
  "call them": 0.020136554494325217,
  "wedapr gmt cookamunga": 0.02764627561697939,
  "whats the deal": 0.024408499179261526,
  "call them and": 0.02764627561697939,
  "copy there": 0.03254484226404614,
  "the book": 0.015237987847258468,
  "atheists": 0.015331509307287312,
  "beauchaine wrote in": 0.03254484226404614,
  "coast": 0.018865686748470556,
  "wrote": 0.009075461704640242,
  "i thought": 0.012621327531418062,
  "robert": 0.012443538953635706,
  "stock so just": 0.034994125587579514,
  "that paines": 0.031112103366137435,
  "pick up a": 0.023219551346677733,
  "used book": 0.031112103366137435,
  "theists": 0.020032618504196974,
  "private": 0.011979178199196805,
  "reason is hard": 0.031112103366137435,
  "bibles": 0.022747708969912635,
  "find ive": 0.030095558940512763,
  "bureau": 0.01750734152263899,
  "order it": 0.024236095772302402,
  "too our local": 0.03254484226404614,
  "mccreary": 0.024589747569323542,
  "our local": 0.021703665814810744,
  "books has anyone": 0.031112103366137435,
  "enough to mail": 0.030095558940512763,
  "activities on": 0.018721439418010286,
  "call": 0.00926728037420587,
  "remember correctly prometheus": 0.034994125587579514,
  "the topic": 0.01942267948417226,
  "activities": 0.01475791446536327,