{
  "ohio usahelainscwruedu the": 0.05184993477112567,
  "luck to": 0.03616547260592153,
  "div": 0.027053084255971246,
  "blues belfour will": 0.05184993477112567,
  "bye wart hawks": 0.05184993477112567,
  "hawks": 0.12309918011622731,
  "cleveland": 0.021649301285294405,
  "and will spend": 0.04822089194096889,
  "their fate": 0.03883995231150263,
  "inin": 0.03883995231150263,
  "in thegame": 0.05184993477112567,
  "warthawks": 0.04822089194096889,
  "case": 0.012054633935826809,
  "university cleveland ohio": 0.028119047372417525,
  "pound": 0.03059107084156327,
  "sweep": 0.03228098389006091,
  "i predict": 0.0364340238854375,
  "one tough": 0.05184993477112567,
  "kneestime s": 0.05184993477112567,
  "luck": 0.0216166806059717,
  "western reserve university": 0.023068949298386394,
  "the norris": 0.072868047770875,
  "time looking behind": 0.05184993477112567,
  "the warthawks": 0.04822089194096889,
  "roenick and": 0.05184993477112567,
  "finalsapr": 0.04822089194096889,
  "lose inin": 0.05184993477112567,
  "the finalsapr": 0.04822089194096889,
  "the blues belfour": 0.05184993477112567,
  "butcher will pound": 0.05184993477112567,
  "fate its bad": 0.05184993477112567,
  "butcher": 0.03521090948134585,
  "win the norris": 0.04459184911081211,
  "hawks will return": 0.04459184911081211,
  "belfour will": 0.05184993477112567,
  "blues belfour": 0.05184993477112567,
  "spend": 0.021849412347180252,
  "div and": 0.04096280628065533,
  "kneestime": 0.05184993477112567,
  "will lose inin": 0.05184993477112567,
  "bad luck": 0.039295509259092316,
  "it bye": 0.05184993477112567,
  "reserve university": 0.023068949298386394,
  "time looking": 0.04459184911081211,
  "the blues": 0.06560996211056144,
  "bye": 0.06316373330237815,
  "won the norris": 0.05184993477112567,
  "time": 0.008251805936268121,
  "sweep the": 0.04034614117250672,
  "its bad luck": 0.05184993477112567,
  "wart hawks": 0.05184993477112567,
  "win the": 0.026365461208530998,
  "the hawks": 0.10266034101516015,
  "that in thegame": 0.05184993477112567,
  "dreams": 0.028589980548663282,
  "enough to prevent": 0.042468995141659416,
  "usahelainscwruedu the": 0.05184993477112567,
  "gmt case": 0.022838083749353803,
  "reality": 0.02081890845714446,
  "the finalsapr gmt": 0.05184993477112567,
  "to win": 0.025054155648524857,
  "ohio": 0.021105862574919306,
  "western reserve": 0.022039818861163893,
  "cleveland ohio usahelainscwruedu": 0.0364340238854375,
  "bad": 0.014257945900430403,
  "sealed their": 0.05184993477112567,
  "spend the rest": 0.04822089194096889,
  "in their dreams": 0.05184993477112567,
  "rest of": 0.019097316751474535,
  "will lose": 0.03521090948134585,
  "western": 0.01786708904074605,
  "it bye bye": 0.05184993477112567,
  "thegame with": 0.05184993477112567,
  "their dreams": 0.0460980379718162,
  "re the hawks": 0.0460980379718162,
  "rest of the": 0.022128710675480216,
  "to prevent": 0.023378315352679622,
  "kneestime s and": 0.05184993477112567,
  "thegame with the": 0.05184993477112567,
  "usahelainscwruedu": 0.03521090948134585,
  "university cleveland": 0.023611047093888175,
  "reserve": 0.02084690639602716,
  "university": 0.005110765199125742,
  "bye wart": 0.05184993477112567,
  "belfour will go": 0.05184993477112567,
  "predict that": 0.03733376345049855,
  "luck to win": 0.05184993477112567,
  "him self butcher": 0.05184993477112567,
  "hawks ": 0.10369986954225134,
  "roenick and the": 0.05184993477112567,
  "spend the": 0.03499718176134452,
  "his kneestime": 0.05184993477112567,
  "tough": 0.02521330474373099,
  "ohio usahelainscwruedu": 0.0364340238854375,
  "the hawks won": 0.05184993477112567,
  "belfour": 0.034220113671720044,
  "reality i predict": 0.05184993477112567,
  "hawks will sweep": 0.05184993477112567,
  "inin reality": 0.05184993477112567,
  "div and sealed": 0.05184993477112567,
  "case western reserve": 0.022057476895083472,
  "prevent it bye": 0.05184993477112567,
  "the rest": 0.0178591502945787,
  "bad luck to": 0.05184993477112567,
  "hawks won the": 0.05184993477112567,
  "tough enough to": 0.05184993477112567,
  "hawks will": 0.08493799028331883,
  "its bad": 0.03499718176134452,
  "will return": 0.03459424437319725,
  "return to": 0.02648769871636865,
  "warthawks have no": 0.05184993477112567,
  "lose inin reality": 0.05184993477112567,
  "pound roenick and": 0.05184993477112567,
  "will pound roenick": 0.05184993477112567,
  "win": 0.01790696434464819,
  "blues in": 0.04342355826623509,
  "norris the": 0.05184993477112567,
  "of the time": 0.02551256345493491,
  "the norris div": 0.05184993477112567,
  "but will lose": 0.05184993477112567,
  "sealed their fate": 0.05184993477112567,
  "won": 0.023265717419585573,
  "inin reality i": 0.05184993477112567,
  "finalsapr gmt": 0.05184993477112567,
  "norris": 0.059829139259252116,
  "wart": 0.05184993477112567,
  "prevent": 0.021047199752862428,
  "norris div and": 0.05184993477112567,
  "self butcher": 0.05184993477112567,
  "norris div": 0.05184993477112567,
  "lose": 0.02202222018209214,
  "rest": 0.0169377449888356,
  "bye bye wart": 0.05184993477112567,
  "and the warthawks": 0.05184993477112567,
  "predict": 0.027739096101030952,
  "finalsapr gmt case": 0.05184993477112567,
  "warthawks have": 0.05184993477112567,
  "roenick": 0.035910026720217696,
  "hawks won": 0.05184993477112567,
  "norris the hawks": 0.05184993477112567,
  "gmt": 0.0008608893406632062,
  "usahelainscwruedu the hawks": 0.05184993477112567,
  "will spend": 0.039295509259092316,
  "prevent it": 0.03842088054357836,
  "return to the": 0.03203742359877875,
  "sealed": 0.029532239079809886,
  "will pound": 0.05184993477112567,
  "predict that in": 0.05184993477112567,
  "return": 0.01943990646822961,
  "s and": 0.028349220793470492,
  "bye bye": 0.0460980379718162,
  "the time": 0.015996504014181363,
  "tough enough": 0.0460980379718162,
  "sweep the blues": 0.05184993477112567,
  "blues in their": 0.05184993477112567,
  "case western": 0.022057476895083472,
  "s": 0.01442815848217565,
  "cleveland ohio": 0.026741083747058962,
  "pound roenick": 0.05184993477112567,
  "fate": 0.02884234757388777,
  "dreams but": 0.04822089194096889,
  "fate its": 0.05184993477112567,
  "won the": 0.02945901268203638,
  "dreams but will": 0.05184993477112567,
  "will sweep": 0.0460980379718162,
  "wart hawks ": 0.05184993477112567,
  "on his kneestime": 0.05184993477112567,
  "gmt case western": 0.02302620945210806,
  "s and will": 0.05184993477112567,
  "reality i": 0.03701635705355386,
  "reserve university cleveland": 0.023611047093888175,
  "to the finalsapr": 0.04822089194096889,
  "blues": 0.058214996014987634,
  "thegame": 0.042468995141659416,
  "no one tough": 0.05184993477112567,
  "and sealed": 0.05184993477112567,
  "with the blues": 0.04459184911081211,
  "his kneestime s": 0.05184993477112567,
  "butcher will": 0.05184993477112567
}