{
  "didnt": 0.01646704566755341,
  "nhl": 0.029335718100504397,
  "mdt mount royal": 0.04894753292641355,
  "nhl is always": 0.06736964313799322,
  "who picks": 0.05989609015385642,
  "calgary": 0.0353320227209025,
  "in article": 0.0058334564726344774,
  "daigle": 0.05046551626868709,
  "alberta in article": 0.04547252868310749,
  "sensens so": 0.06265435619540856,
  "tiebreaker": 0.049921008053220854,
  "royal college": 0.04894753292641355,
  "mount": 0.03474521765774328,
  "fan here": 0.05989609015385642,
  "has won": 0.048096082974345485,
  "alberta": 0.03646287591166666,
  "jose had more": 0.12530871239081712,
  "e": 0.02250038794097749,
  "alan ": 0.08676159206352164,
  "daigle e sweepstakes": 0.06265435619540856,
  "article susan": 0.056421085910550346,
  "they didnt": 0.030525422714833897,
  "apr mdt mount": 0.04894753292641355,
  "apr mdt": 0.04547252868310749,
  "tiebreaker in the": 0.06736964313799322,
  "nhl is": 0.05322378231023923,
  "fan": 0.02721567488356215,
  "calgary alberta": 0.04162685651269892,
  "sensens so i": 0.06265435619540856,
  "mount royal": 0.04894753292641355,
  "college": 0.020494751164202966,
  "not mistaken": 0.046342143455283584,
  "mention why": 0.06265435619540856,
  "picks": 0.039516959041244235,
  "why but san": 0.06265435619540856,
  "in article susan": 0.056421085910550346,
  "would pick": 0.05793906925282389,
  "the fan": 0.04210724812639929,
  "hunch this is": 0.06265435619540856,
  "wins alan": 0.06736964313799322,
  "goals than the": 0.06265435619540856,
  "re who picks": 0.06265435619540856,
  "article": 0.005363315334105295,
  "picks first apr": 0.06265435619540856,
  "hunch this": 0.06265435619540856,
  "more goals": 0.05793906925282389,
  "to ottawa": 0.049921008053220854,
  "the daigle": 0.06265435619540856,
  "susan": 0.042991963284550294,
  "most wins": 0.06736964313799322,
  "calgary alberta in": 0.045750229326102426,
  "susan clark writes": 0.06265435619540856,
  "e sweepstakes they": 0.06265435619540856,
  "mistaken": 0.036758692999692096,
  "wins than ottawa": 0.06736964313799322,
  "sweepstakes they didnt": 0.06265435619540856,
  "tiebreaker in": 0.06265435619540856,
  "the sensens": 0.06265435619540856,
  "mistaken san": 0.06736964313799322,
  "fan here in": 0.06265435619540856,
  "goals": 0.0321577401953141,
  "article susan clark": 0.06736964313799322,
  "more wins": 0.06265435619540856,
  "writes according to": 0.04603975051262485,
  "won": 0.030229605626808462,
  "to the fan": 0.05793906925282389,
  "hunch": 0.05518080321127176,
  "jose had": 0.11284217182110069,
  "ottawa has won": 0.06265435619540856,
  "royal college calgary": 0.04894753292641355,
  "than ottawa": 0.06736964313799322,
  "first tiebreaker": 0.05989609015385642,
  "than the sensens": 0.06265435619540856,
  "apr": 0.008937576110810473,
  "college calgary": 0.04894753292641355,
  "have a hunch": 0.06265435619540856,
  "mistaken san jose": 0.06736964313799322,
  "didnt mention": 0.046342143455283584,
  "im not mistaken": 0.04733944600080654,
  "ottawa has": 0.05793906925282389,
  "mdt": 0.03907792148248524,
  "clark writes": 0.05046551626868709,
  "in the nhl": 0.03866550908917616,
  "in to ottawa": 0.06265435619540856,
  "ottawa first tiebreaker": 0.06736964313799322,
  "wins than": 0.06736964313799322,
  "always most wins": 0.06736964313799322,
  "writes according": 0.04520572111063619,
  "wins": 0.06851432776638666,
  "alan": 0.030029930715158613,
  "but san": 0.05989609015385642,
  "first apr": 0.05793906925282389,
  "san jose": 0.06535334848245992,
  "clark": 0.034051005043089055,
  "e sweepstakes": 0.06265435619540856,
  "royal": 0.03545571196636639,
  "is why ottawa": 0.06265435619540856,
  "daigle e": 0.06265435619540856,
  "mdt mount": 0.04894753292641355,
  "mention": 0.025616397872100467,
  "ottawa": 0.10012500545960994,
  "a hunch": 0.05989609015385642,
  "mount royal college": 0.04894753292641355,
  "had more goals": 0.06265435619540856,
  "pick first if": 0.06736964313799322,
  "sensens": 0.06265435619540856,
  "mention why but": 0.06265435619540856,
  "pick first": 0.05989609015385642,
  "san jose had": 0.11979218030771284,
  "clark writes according": 0.06736964313799322,
  "ottawa would": 0.05989609015385642,
  "they didnt mention": 0.05793906925282389,
  "the nhl": 0.03375302801820203,
  "ottawa first": 0.05989609015385642,
  "writes": 0.004353913500290575,
  "jose": 0.061050845429667794,
  "college calgary alberta": 0.04894753292641355,
  "why ottawa": 0.06265435619540856,
  "ottawa would pick": 0.06265435619540856,
  "won the daigle": 0.06265435619540856,
  "picks first": 0.05989609015385642,
  "wins alan ": 0.06736964313799322,
  "alberta in": 0.04547252868310749,
  "sweepstakes": 0.05989609015385642,
  "sweepstakes they": 0.06265435619540856,
  "goals than": 0.05413215913081421,
  "the daigle e": 0.06265435619540856,
  "not mistaken san": 0.06736964313799322,
  "but san jose": 0.06265435619540856,
  "most wins alan": 0.06736964313799322,
  "susan clark": 0.05989609015385642,
  "had more wins": 0.06736964313799322,
  "pick": 0.027309248863619875,
  "won the": 0.03827667634196563,
  "san": 0.04814403788344342,
  "first apr mdt": 0.06736964313799322,
  "didnt mention why": 0.06265435619540856
}