{
  "travel": 0.032171240352404845,
  "god be": 0.03949225250098327,
  "mccreary o": 0.04644549483432573,
  "box": 0.020340115646240737,
  "netnews account compaq": 0.045976457035884453,
  "your eternal": 0.04644549483432573,
  "couple of": 0.022288110910625977,
  "corp friapr": 0.045539793292296155,
  "no tao": 0.04644549483432573,
  "go to hell": 0.07745756844768027,
  "hell for": 0.04283445142630287,
  "sender": 0.004141478137446935,
  "im all set": 0.06267935152712027,
  "of friapr edt": 0.058292344055221886,
  "box my travel": 0.06267935152712027,
  "netnews": 0.0268378295009434,
  "s message": 0.05036346450778285,
  "damnation": 0.03831132873148699,
  "gmt": 0.0010406953421941288,
  "lunch box my": 0.06267935152712027,
  "ale": 0.04404366178556052,
  "sender netnews": 0.02773339635077694,
  "computer corp friapr": 0.04750279916763692,
  "scrabble and a": 0.06267935152712027,
  "bass ale": 0.05572610919377781,
  "mccreary o if": 0.04644549483432573,
  "your eternal damnation": 0.04695209424998103,
  "account": 0.02107378085015416,
  "ive got": 0.029338477102668827,
  "and a couple": 0.039998851916638566,
  "travel scrabble": 0.06267935152712027,
  "laughter": 0.038178079306184255,
  "eternal damnation hmm": 0.06267935152712027,
  "bass": 0.040945255296201626,
  "god": 0.01709760268198339,
  "of bass ale": 0.06267935152712027,
  "set lets": 0.06267935152712027,
  "prepared for": 0.03831132873148699,
  "be j prepared": 0.06267935152712027,
  "o if": 0.045976457035884453,
  "friapr edt": 0.07609515497689083,
  "not believing": 0.040549556834294447,
  "a couple": 0.020977285213616984,
  "computer": 0.012931344834258465,
  "my travel scrabble": 0.06267935152712027,
  "damnation hmm": 0.06267935152712027,
  "lunch": 0.034788723379878164,
  "compaq": 0.04036061402954963,
  "said j": 0.06267935152712027,
  "ive got my": 0.05390533658332349,
  "message": 0.01724069349228461,
  "gmt on": 0.039998851916638566,
  "inreplyto s": 0.05133910172187942,
  "sender netnews account": 0.045976457035884453,
  "to hell": 0.068540521158897,
  "friapr edt said": 0.06267935152712027,
  "account compaq": 0.045976457035884453,
  "my lunch": 0.05390533658332349,
  "computer corp": 0.03412960781498831,
  "on friapr": 0.04644549483432573,
  "believing in": 0.03635730669572994,
  "hmm": 0.03192104517040083,
  "edt said": 0.06267935152712027,
  "account compaq computer": 0.045976457035884453,
  "blashephemers you will": 0.04695209424998103,
  "ale im": 0.06267935152712027,
  "my travel": 0.058292344055221886,
  "hmm ive": 0.05572610919377781,
  "blashephemers": 0.04695209424998103,
  "ed mccreary": 0.044385859388536945,
  "got my lunch": 0.06267935152712027,
  "compaq computer corp": 0.04404366178556052,
  "on friapr edt": 0.06267935152712027,
  "of friapr": 0.03887428750374329,
  "prepared": 0.0302116381415312,
  "for not believing": 0.044385859388536945,
  "edt said j": 0.06267935152712027,
  "god be j": 0.06267935152712027,
  "friapr": 0.041993937692552975,
  "eternal damnation": 0.040549556834294447,
  "couple": 0.020100669724266752,
  "edt sender netnews": 0.058292344055221886,
  "hell": 0.04132619939390484,
  "kegs": 0.05133910172187942,
  "j prepared for": 0.06267935152712027,
  "for laughter": 0.04644549483432573,
  "to hell inreplyto": 0.058292344055221886,
  "friapr gmt": 0.014566047983606563,
  "believing in god": 0.045976457035884453,
  "be no tao": 0.04644549483432573,
  "message of friapr": 0.03887428750374329,
  "friapr gmt on": 0.04877286686043533,
  "set lets go": 0.06267935152712027,
  "scrabble": 0.05249303562563862,
  "netnews account": 0.045976457035884453,
  "kegs of": 0.058292344055221886,
  "in god": 0.03287219835425739,
  "ed mccreary o": 0.04644549483432573,
  "message of": 0.027016126190606032,
  "edt": 0.0465919148508055,
  "hell inreplyto": 0.058292344055221886,
  "of kegs": 0.06267935152712027,
  "gmt on friapr": 0.05249303562563862,
  "corp friapr gmt": 0.045539793292296155,
  "edt sender": 0.04810602815374024,
  "j you": 0.06267935152712027,
  "j prepared": 0.06267935152712027,
  "my lunch box": 0.06267935152712027,
  "ive": 0.013144901302715123,
  "lunch box": 0.06267935152712027,
  "corp": 0.02441982422309488,
  "hell inreplyto s": 0.06267935152712027,
  "not for laughter": 0.04644549483432573,
  "box my": 0.05036346450778285,
  "scrabble and": 0.06267935152712027,
  "set": 0.016673527930957478,
  "tao": 0.04341022217444038,
  "couple of kegs": 0.06267935152712027,
  "o": 0.022720186677265237,
  "friapr edt sender": 0.058292344055221886,
  "damnation hmm ive": 0.06267935152712027,
  "eternal": 0.02957106914196466,
  "travel scrabble and": 0.06267935152712027,
  "j you blashephemers": 0.06267935152712027,
  "hell for not": 0.04695209424998103,
  "prepared for your": 0.04695209424998103,
  "for your eternal": 0.04695209424998103,
  "inreplyto s message": 0.05133910172187942,
  "blashephemers you": 0.04695209424998103,
  "you blashephemers": 0.04695209424998103,
  "o if it": 0.04644549483432573,
  "of bass": 0.06267935152712027,
  "everybody ed mccreary": 0.06267935152712027,
  "inreplyto": 0.02277777682824697,
  "s message of": 0.05249303562563862,
  "kegs of bass": 0.06267935152712027,
  "j": 0.04179882813362185,
  "believing": 0.030718237557186494,
  "ale im all": 0.06267935152712027,
  "all set": 0.05133910172187942,
  "compaq computer": 0.04404366178556052,
  "be j": 0.06267935152712027,
  "hmm ive got": 0.06267935152712027,
  "mccreary": 0.04404366178556052,
  "s": 0.017441634620857904,
  "laughter there would": 0.04644549483432573,
  "tao ": 0.09289098966865146,
  "laughter there": 0.04644549483432573,
  "bass ale im": 0.06267935152712027
}