{
  "gmt tuesday and": 0.05757754384468025,
  "america": 0.022390978909073173,
  "game": 0.01763537284585394,
  "sender": 0.003804381079747766,
  "baseball": 0.06637087079858306,
  "channel america out": 0.05757754384468025,
  "obligated to bring": 0.053547618376308476,
  "thumbs way way": 0.053547618376308476,
  "are obligated": 0.0495176929079367,
  "springs": 0.03224784136392681,
  "gmt tuesday": 0.05757754384468025,
  "tuesday and": 0.04419042121099394,
  "colorado was": 0.05757754384468025,
  "year the": 0.030861730762502402,
  "what espn": 0.05757754384468025,
  "wedapr gmt": 0.016086362399388113,
  "islescaps game is": 0.053547618376308476,
  "to espn baseball": 0.053547618376308476,
  "superior to": 0.03584690652907927,
  "coverage of": 0.034718092491631845,
  "espn": 0.0887991834752195,
  "iowa": 0.0288056840169002,
  "daily planet": 0.03613057027425039,
  "baseball i": 0.04419042121099394,
  "moetcscoloradoedu university": 0.053547618376308476,
  "the islescaps": 0.0495176929079367,
  "year charlie": 0.05757754384468025,
  "the university": 0.021575436347733318,
  "thumbs": 0.036428787102084983,
  "baseball i hate": 0.05757754384468025,
  "sender the daily": 0.034494451324028376,
  "sports channel": 0.051190263096609845,
  "leave at": 0.04822034667936571,
  "leave": 0.020633531979579373,
  "moetcscoloradoedu": 0.053547618376308476,
  "game is going": 0.0495176929079367,
  "to bring": 0.026462089580284513,
  "tuesday": 0.029552651021395152,
  "or on leave": 0.053547618376308476,
  "tom": 0.022242414522883537,
  "the daily planet": 0.03613057027425039,
  "was vastly": 0.05757754384468025,
  "islescaps game": 0.051190263096609845,
  "at colorado springs": 0.051190263096609845,
  "planet": 0.026352904146263602,
  "vastly superior": 0.053547618376308476,
  "espn is giving": 0.05757754384468025,
  "springs wedapr gmt": 0.053547618376308476,
  "coverage": 0.025737639472985418,
  "goddamn": 0.03910048669149452,
  "colorado was vastly": 0.05757754384468025,
  "was vastly superior": 0.05757754384468025,
  "bring you baseball": 0.053547618376308476,
  "in colorado": 0.03934792631020845,
  "this year": 0.024132354084066103,
  "what does espn": 0.0495176929079367,
  "game is": 0.03460519664362544,
  "last year": 0.023118671600666232,
  "goddamn baseball sender": 0.053547618376308476,
  "to espn": 0.04077305688016766,
  "overtime what does": 0.053547618376308476,
  "colorado springs wedapr": 0.053547618376308476,
  "mees says": 0.053547618376308476,
  "hate to say": 0.051190263096609845,
  "baseball sender": 0.053547618376308476,
  "university of iowa": 0.04183306593129531,
  "this year charlie": 0.05757754384468025,
  "obligated": 0.03742791650282137,
  "islescaps": 0.0495176929079367,
  "year": 0.029925440142366172,
  "shub or": 0.053547618376308476,
  "espn is": 0.03987683199745105,
  "shub": 0.0495176929079367,
  "goddamn baseball": 0.053547618376308476,
  "playoffs on": 0.04716033762823807,
  "playoffs": 0.027071589936770446,
  "on leave": 0.04822034667936571,
  "wedapr": 0.015451642288898067,
  "down to espn": 0.053547618376308476,
  "the coverage": 0.04045871257045675,
  "superior to what": 0.05757754384468025,
  "colorado": 0.06982744513434613,
  "bring": 0.021943530995491033,
  "of iowa": 0.04110537323970225,
  "colorado at colorado": 0.0495176929079367,
  "year charlie shub": 0.05757754384468025,
  "colorado at": 0.03987683199745105,
  "on sports": 0.053547618376308476,
  "sender the": 0.02262831608651652,
  "springs wedapr": 0.053547618376308476,
  "superior": 0.02901559683458692,
  "daily": 0.024775758548528426,
  "planet nntppostinghost moetcscoloradoedu": 0.053547618376308476,
  "gmt": 0.0009559875817829789,
  "thumbs way": 0.053547618376308476,
  "nntppostinghost moetcscoloradoedu university": 0.053547618376308476,
  "tuesday and the": 0.053547618376308476,
  "nntppostinghost moetcscoloradoedu": 0.053547618376308476,
  "university of colorado": 0.028255304792824166,
  "vastly superior to": 0.05757754384468025,
  "espn baseball goddamn": 0.053547618376308476,
  "do tom mees": 0.053547618376308476,
  "charlie": 0.031816981060707496,
  "mees says we": 0.053547618376308476,
  "vastly": 0.03780314046292353,
  "mees": 0.04822034667936571,
  "baseball goddamn": 0.053547618376308476,
  "the playoffs": 0.029841005330344988,
  "america out in": 0.05757754384468025,
  "baseball goddamn baseball": 0.053547618376308476,
  "but last year": 0.04716033762823807,
  "charlie shub": 0.051190263096609845,
  "moetcscoloradoedu university of": 0.053547618376308476,
  "out in colorado": 0.053547618376308476,
  "nntppostinghost": 0.009899853164397902,
  "tom mees says": 0.053547618376308476,
  "hate to": 0.030631445075903298,
  "us this year": 0.05757754384468025,
  "do tom": 0.053547618376308476,
  "hate": 0.023339881296233267,
  "planet nntppostinghost": 0.036428787102084983,
  "at colorado": 0.0495176929079367,
  "i hate": 0.02884706464346336,
  "wedapr gmt tuesday": 0.05757754384468025,
  "we are obligated": 0.051190263096609845,
  "you baseball": 0.051190263096609845,
  "tom mees": 0.04822034667936571,
  "at the university": 0.03407143182238635,
  "the daily": 0.03296064556213804,
  "leave at the": 0.053547618376308476,
  "channel america": 0.05757754384468025,
  "obligated to": 0.0382042618087779,
  "going into overtime": 0.053547618376308476,
  "the islescaps game": 0.051190263096609845,
  "of the playoffs": 0.04183306593129531,
  "playoffs on sports": 0.05757754384468025,
  "does espn": 0.04716033762823807,
  "on sports channel": 0.05757754384468025,
  "and the islescaps": 0.053547618376308476,
  "colorado springs": 0.03674313141179589,
  "to what espn": 0.05757754384468025,
  "espn do tom": 0.053547618376308476,
  "charlie shub or": 0.053547618376308476,
  "overtime what": 0.053547618376308476,
  "baseball sender the": 0.053547618376308476,
  "university of": 0.018360479169512823,
  "bring you": 0.04480298234853944,
  "overtime": 0.034279095093328674,
  "sports channel america": 0.05757754384468025,
  "america out": 0.05757754384468025,
  "sports": 0.027962717095803724,
  "shub or on": 0.053547618376308476,
  "year the coverage": 0.05757754384468025,
  "coverage of the": 0.03910048669149452,
  "iowa ": 0.0990353858158734,
  "channel": 0.02914528147129796,
  "daily planet nntppostinghost": 0.036428787102084983,
  "university": 0.011350652942244379,
  "into overtime": 0.04626411274552145,
  "of colorado": 0.028143851792197885,
  "espn do": 0.0495176929079367,
  "espn baseball": 0.053547618376308476
}