{
  "wondering if": 0.03542373634180294,
  "sender usenet": 0.018588163705354103,
  "possible relationship": 0.08252781284404169,
  "news": 0.01279257085840603,
  "players douris moog": 0.08252781284404169,
  "the bruins players": 0.08252781284404169,
  "douris": 0.06911583024042418,
  "klingon connection sender": 0.08252781284404169,
  "universityapr": 0.06115323486519555,
  "its a coincidence": 0.07675158633937548,
  "klingon names duras": 0.08252781284404169,
  "i suppose": 0.037618881762237516,
  "bruins klingon": 0.08252781284404169,
  "moog": 0.10951888385182998,
  "tng fans": 0.08252781284404169,
  "fans": 0.03474996886989381,
  "douris moog": 0.08252781284404169,
  "and worf": 0.08252781284404169,
  "the klingon": 0.08252781284404169,
  "duras and worf": 0.08252781284404169,
  "universityapr gmt i": 0.07337271043847411,
  "sender": 0.005452946214305131,
  "coincidence": 0.05138056602501362,
  "moog i": 0.08252781284404169,
  "between the bruins": 0.08252781284404169,
  "the klingon names": 0.08252781284404169,
  "curious bart ": 0.08252781284404169,
  "newsgroup knew of": 0.08252781284404169,
  "klingon connection": 0.08252781284404169,
  "star trek tng": 0.07675158633937548,
  "sender usenet news": 0.02038587876802185,
  "names duras": 0.08252781284404169,
  "bruins players": 0.08252781284404169,
  "a coincidence": 0.0605356684305812,
  "bart ": 0.14674542087694822,
  "fans in": 0.058917701643573225,
  "curious": 0.03593625467311789,
  "relationship between": 0.05026780441980927,
  "of moog": 0.08252781284404169,
  "system": 0.014653067701642732,
  "gmt i was": 0.05506250562733895,
  "trek tng fans": 0.08252781284404169,
  "newsgroup": 0.03205461273380315,
  "tng": 0.07337271043847411,
  "star": 0.03837516812280805,
  "suppose": 0.03163595544618957,
  "trek": 0.05118447854659534,
  "moog and": 0.08252781284404169,
  "star trek": 0.05158137895483913,
  "news system": 0.022789647033508064,
  "duras": 0.08252781284404169,
  "son of": 0.044151394627474264,
  "son": 0.03551192058622408,
  "bart": 0.057990821350988014,
  "this newsgroup": 0.03821014622867323,
  "worf son of": 0.08252781284404169,
  "system clark universityapr": 0.08252781284404169,
  "gmt i": 0.028263268430335626,
  "fans in this": 0.08252781284404169,
  "trek tng": 0.07675158633937548,
  "bruins players douris": 0.08252781284404169,
  "newsgroup knew": 0.07337271043847411,
  "if any star": 0.08252781284404169,
  "any star": 0.07675158633937548,
  "usenet news": 0.02003261875577312,
  "coincidence just": 0.08252781284404169,
  "gmt": 0.0013702488672222698,
  "connection sender usenet": 0.07675158633937548,
  "was wondering": 0.036855821816191764,
  "wondering if any": 0.07337271043847411,
  "knew": 0.032332416236033085,
  "coincidence just curious": 0.08252781284404169,
  "usenet": 0.016981381530001772,
  "tng fans in": 0.08252781284404169,
  "news system clark": 0.059960727834856606,
  "i was wondering": 0.037543123664727084,
  "usenet news system": 0.023827538700085985,
  "this newsgroup knew": 0.07337271043847411,
  "knew of": 0.058917701643573225,
  "worf son": 0.08252781284404169,
  "any star trek": 0.08252781284404169,
  "duras and": 0.08252781284404169,
  "suppose its a": 0.08252781284404169,
  "clark universityapr": 0.08252781284404169,
  "names duras and": 0.08252781284404169,
  "clark": 0.04171248117778409,
  "a possible relationship": 0.08252781284404169,
  "connection sender": 0.07675158633937548,
  "douris moog and": 0.08252781284404169,
  "players": 0.03141616248573629,
  "and worf son": 0.08252781284404169,
  "suppose its": 0.06421760803290652,
  "in this newsgroup": 0.0491333696337711,
  "son of moog": 0.08252781284404169,
  "universityapr gmt": 0.061820257429141684,
  "curious bart": 0.08252781284404169,
  "worf": 0.07097535983470926,
  "players douris": 0.08252781284404169,
  "klingon": 0.14674542087694822,
  "the bruins": 0.048001690124112255,
  "wondering": 0.0303805829450197,
  "connection": 0.03560104799553031,
  "just curious": 0.04622190595496176,
  "and the klingon": 0.08252781284404169,
  "moog i suppose": 0.08252781284404169,
  "clark universityapr gmt": 0.08252781284404169,
  "names": 0.034252699440840494,
  "relationship": 0.038416939304670925,
  "moog and the": 0.08252781284404169,
  "system clark": 0.059960727834856606,
  "just curious bart": 0.08252781284404169,
  "knew of a": 0.07337271043847411,
  "relationship between the": 0.06115323486519555,
  "klingon names": 0.08252781284404169,
  "bruins": 0.08526409664171596,
  "bruins klingon connection": 0.08252781284404169
}