{
  "playoffs i envy": 0.04563750019025347,
  "a weekly game": 0.04563750019025347,
  "roughly a": 0.03502650897829934,
  "heard thorne": 0.042443273551728375,
  "canadians with your": 0.04563750019025347,
  "usaoriginator": 0.034186317472336414,
  "al micheals out": 0.042443273551728375,
  "febapril": 0.04563750019025347,
  "modern": 0.018695386019480547,
  "tv": 0.017363007604623337,
  "canadian tv how": 0.04563750019025347,
  "contract my guess": 0.04563750019025347,
  "im hoping": 0.029963779537432476,
  "envy": 0.03231781466999464,
  "clement i": 0.03822073561682443,
  "department boston": 0.03231781466999464,
  "sender": 0.00301545412772634,
  "request": 0.017813210236695232,
  "usaoriginator i": 0.03924904691320328,
  "canadian": 0.022547014964003444,
  "gmt sender": 0.008285852653363377,
  "they were great": 0.037380544110861516,
  "tsn cbc": 0.04563750019025347,
  "science department": 0.021863051806776376,
  "regularseason contract my": 0.04563750019025347,
  "playoffs i": 0.03551204130851974,
  "the playoffs": 0.023652778418522296,
  "boston university boston": 0.028997325477607274,
  "coverage": 0.040800681929525275,
  "a regularseason contract": 0.04563750019025347,
  "coverage apr": 0.03924904691320328,
  "coverage the production": 0.04057477074938661,
  "was excellent": 0.07210964054935638,
  "usa": 0.010691659064431527,
  "usaoriginator i loved": 0.04563750019025347,
  "then the playoffs": 0.04563750019025347,
  "gmt sender usa": 0.028198838282796044,
  "btw": 0.017206114326237545,
  "i loved": 0.03258121749875017,
  "loved": 0.024369663707114023,
  "ma usaoriginator i": 0.03924904691320328,
  "canadian tv": 0.04563750019025347,
  "computer": 0.009415449234160541,
  "great my": 0.03924904691320328,
  "micheals out of": 0.042443273551728375,
  "boston": 0.03669824075245334,
  "university boston ma": 0.028413216235030573,
  "modern look this": 0.042443273551728375,
  "sleek modern": 0.042443273551728375,
  "will be roughly": 0.04563750019025347,
  "al micheals": 0.042443273551728375,
  "first time": 0.020617474250371255,
  "envy you canadians": 0.04563750019025347,
  "time": 0.007263110294134614,
  "thorne": 0.03231781466999464,
  "i heard thorne": 0.042443273551728375,
  "tv how": 0.04057477074938661,
  "a sleek modern": 0.042443273551728375,
  "great": 0.011522011291220793,
  "roughly": 0.024279302087812753,
  "abc coverage the": 0.04057477074938661,
  "with your tsn": 0.04563750019025347,
  "usa computer science": 0.03924904691320328,
  "ill get a": 0.04057477074938661,
  "btw ": 0.09127500038050694,
  "cbc maybe": 0.04563750019025347,
  "my only request": 0.042443273551728375,
  "thought they were": 0.032860593636153096,
  "your tsn cbc": 0.04563750019025347,
  "he annoys": 0.042443273551728375,
  "ma usaoriginator": 0.034186317472336414,
  "only request": 0.03822073561682443,
  "department boston university": 0.03231781466999464,
  "leads to": 0.024461832678112503,
  "science": 0.011714111116625136,
  "to a regularseason": 0.04563750019025347,
  "pick up": 0.023277913720577813,
  "sender usa computer": 0.03924904691320328,
  "excellent the": 0.037380544110861516,
  "clement i thought": 0.042443273551728375,
  "ill get": 0.028754727627444042,
  "time i": 0.018668825168251284,
  "university boston": 0.027518488057883303,
  "weekly game": 0.04563750019025347,
  "canadians with": 0.04057477074938661,
  "hoping this": 0.037380544110861516,
  "coverage apr gmt": 0.03924904691320328,
  "canadians": 0.026847005057047388,
  "the abc coverage": 0.037380544110861516,
  "up canadian tv": 0.04563750019025347,
  "thought they": 0.028754727627444042,
  "playoffs": 0.02145766575633418,
  "guess would be": 0.037380544110861516,
  "sleek": 0.03822073561682443,
  "to pick": 0.02393459603674041,
  "excellent it": 0.042443273551728375,
  "game from": 0.037380544110861516,
  "boston ma": 0.026472140359102905,
  "abc": 0.05112100197783789,
  "this leads": 0.031393064921321136,
  "production": 0.022107797545550333,
  "request is to": 0.042443273551728375,
  "science department boston": 0.03551204130851974,
  "university": 0.004498415451765054,
  "time i heard": 0.03347594567589744,
  "roughly a weekly": 0.04563750019025347,
  "game": 0.013978267877819712,
  "the production": 0.03258121749875017,
  "usa computer": 0.03924904691320328,
  "maybe ill": 0.03315800617595757,
  "a weekly": 0.03605482027467819,
  "hoping this leads": 0.04563750019025347,
  "apr gmt": 0.006932038886401356,
  "from febapril": 0.04563750019025347,
  "envy you": 0.04563750019025347,
  "those things": 0.02725508522912778,
  "sleek modern look": 0.042443273551728375,
  "those things btw": 0.04563750019025347,
  "dish to pick": 0.04563750019025347,
  "regularseason contract": 0.04563750019025347,
  "your tsn": 0.04563750019025347,
  "weekly game from": 0.04563750019025347,
  "cbc": 0.02981267436313298,
  "leave": 0.01635468894233941,
  "abc coverage": 0.06516243499750034,
  "a dish": 0.03924904691320328,
  "appearance was excellent": 0.042443273551728375,
  "febapril and": 0.04563750019025347,
  "loved the abc": 0.04057477074938661,
  "guess would": 0.03667017231442253,
  "cbc maybe ill": 0.04563750019025347,
  "thought": 0.012390936069741287,
  "pick up canadian": 0.04563750019025347,
  "excellent it had": 0.042443273551728375,
  "leads": 0.020931084680071786,
  "dish to": 0.04057477074938661,
  "appearance": 0.025164452925321136,
  "thorne clement i": 0.042443273551728375,
  "the first time": 0.021337963054015006,
  "were great": 0.03315800617595757,
  "abc coverage apr": 0.03924904691320328,
  "pick": 0.018499813746323143,
  "i thought": 0.01646007231055904,
  "hoping": 0.02230756916247943,
  "micheals": 0.04057477074938661,
  "department": 0.013302893352031261,
  "leave al micheals": 0.042443273551728375,
  "up canadian": 0.04563750019025347,
  "boston ma usaoriginator": 0.034186317472336414,
  "to leave al": 0.042443273551728375,
  "is to leave": 0.03502650897829934,
  "modern look": 0.042443273551728375,
  "appearance was": 0.04057477074938661,
  "apr": 0.006054487042807094,
  "me im hoping": 0.04057477074938661,
  "you canadians": 0.042443273551728375,
  "i heard": 0.0190697992557611,
  "great my only": 0.042443273551728375,
  "micheals out": 0.042443273551728375,
  "febapril and then": 0.04563750019025347,
  "request is": 0.03605482027467819,
  "al": 0.01731340222864565,
  "tsn": 0.03118821808919748,
  "production was": 0.037380544110861516,
  "heard thorne clement": 0.042443273551728375,
  "computer science department": 0.021863051806776376,
  "loved the": 0.032860593636153096,
  "gmt": 0.0007577413090630063,
  "tv how much": 0.04563750019025347,
  "leave al": 0.042443273551728375,
  "contract my": 0.04563750019025347,
  "weekly": 0.026330335480454273,
  "a sleek": 0.04057477074938661,
  "contract": 0.023537082929438995,
  "apr gmt sender": 0.010433992486754978,
  "to leave": 0.021916327486044006,
  "ill": 0.012732186627575321,
  "regularseason": 0.03551204130851974,
  "a regularseason": 0.03924904691320328,
  "heard": 0.012462701846068338,
  "boston university": 0.026059181102468406,
  "the appearance": 0.031393064921321136,
  "excellent": 0.03614675880212463,
  "tsn cbc maybe": 0.04563750019025347,
  "my guess": 0.02580309883908218,
  "production was excellent": 0.04057477074938661,
  "thorne clement": 0.042443273551728375,
  "be roughly": 0.04057477074938661,
  "i envy": 0.04563750019025347,
  "game from febapril": 0.04563750019025347,
  "annoys me im": 0.04563750019025347,
  "the abc": 0.03315800617595757,
  "this he annoys": 0.042443273551728375,
  "ma": 0.01590455569975934,
  "dish": 0.03118821808919748,
  "coverage the": 0.03667017231442253,
  "annoys": 0.03667017231442253,
  "excellent the appearance": 0.04057477074938661,
  "annoys me": 0.03924904691320328,
  "things": 0.010219513732951407,
  "things btw ": 0.04563750019025347,
  "clement": 0.03118821808919748,
  "had a sleek": 0.042443273551728375,
  "get a dish": 0.04563750019025347,