{
  "didnt": 0.006437914130665829,
  "habra": 0.044116487387504795,
  "in article": 0.002280633248609756,
  "thursday pens at": 0.02449518712958792,
  "espn games": 0.02449518712958792,
  "meesplay": 0.02449518712958792,
  "o in": 0.02265171058554551,
  "tv": 0.010020671942029958,
  "thorne": 0.03730300948611084,
  "beaver falls id": 0.02449518712958792,
  "a donut shop": 0.02449518712958792,
  "e": 0.008796694221605563,
  "article mark": 0.01213032789712817,
  "broadcast team": 0.02265171058554551,
  "team on tuesday": 0.02449518712958792,
  "doesnt involve the": 0.02449518712958792,
  "po": 0.011039268357604708,
  "shneyder writes": 0.022058243693752397,
  "sender": 0.0017403019832888716,
  "tom mees and": 0.02449518712958792,
  "thursday": 0.014117600242421311,
  "n tel": 0.02449518712958792,
  "gary thorne": 0.044116487387504795,
  "elvis": 0.016808028199013014,
  "chevron": 0.03701541788360937,
  "tom": 0.02034944307412749,
  "its broadcast": 0.02449518712958792,
  "shneyder writes heyguess": 0.026338663673630327,
  "pacific will get": 0.026338663673630327,
  "a playoff": 0.01799958331211663,
  "isles at": 0.02449518712958792,
  "with john davidsonanalyst": 0.02449518712958792,
  "play": 0.008577115496358168,
  "p chevron petroleum": 0.02449518712958792,
  "in article mark": 0.012194727519789327,
  "davidson abc game": 0.02449518712958792,
  "john": 0.014453155514695094,
  "pens not that": 0.02449518712958792,
  "eastern time": 0.020494981287097827,
  "ca o": 0.02449518712958792,
  "fact that": 0.008672475372121666,
  "na chevron": 0.02449518712958792,
  "and john davidson": 0.02341682248036408,
  "schedule apr": 0.02157334593632167,
  "n tel driving": 0.02449518712958792,
  "the pens": 0.014751672113285668,
  "ppv mark": 0.019516989850594323,
  "zone": 0.0131770682204969,
  "ca o in": 0.02449518712958792,
  "la": 0.02184723292829591,
  "baldwin s": 0.02449518712958792,
  "espn for": 0.02449518712958792,
  "heyguess": 0.02449518712958792,
  "tuesday": 0.013518765892765867,
  "that espn games": 0.02449518712958792,
  "time zone": 0.020494981287097827,
  "time zone pacific": 0.026338663673630327,
  "wrong with": 0.012440401243542025,
  "that p": 0.01996128262895381,
  "in the eastern": 0.020214767149709992,
  "involve": 0.013158272562988675,
  "upcoming tv schedule": 0.026338663673630327,
  "at ny isles": 0.02449518712958792,
  "sender na": 0.01572966354978917,
  "s": 0.007329197526849864,
  "for a fact": 0.01880352180114039,
  "espn named": 0.02449518712958792,
  "change a playoff": 0.02449518712958792,
  "the kings vs": 0.026338663673630327,
  "didnt know for": 0.02341682248036408,
  "at gary": 0.04899037425917584,
  "clement saturday caps": 0.02449518712958792,
  "this truck": 0.02341682248036408,
  "bill": 0.01604683988699198,
  "shneyder": 0.02157334593632167,
  "e po box": 0.02449518712958792,
  "upcoming": 0.016042916304194448,
  "p chevron": 0.02449518712958792,
  "beaver falls": 0.02341682248036408,
  "box la": 0.022058243693752397,
  "at devils": 0.04899037425917584,
  "tom mees": 0.022058243693752397,
  "swear he was": 0.02449518712958792,
  "na chevron la": 0.026338663673630327,
  "tuesday it paired": 0.02449518712958792,
  "imt division": 0.02449518712958792,
  "division": 0.009438743352360777,
  "abc game sunday": 0.02449518712958792,
  "bill clement saturday": 0.02449518712958792,
  "clement only if": 0.026338663673630327,
  "e po": 0.02449518712958792,
  "chevron la": 0.02341682248036408,
  "espn games thursday": 0.02449518712958792,
  "mark": 0.016518069831436555,
  "with john": 0.01880352180114039,
  "elvis was working": 0.02449518712958792,
  "playoff which doesnt": 0.02449518712958792,
  "change": 0.00790389823320625,
  "game": 0.008067245025231056,
  "habra ca o": 0.02449518712958792,
  "playoff": 0.012572308001891418,
  "technology co": 0.02265171058554551,
  "habra ca": 0.044116487387504795,
  "writes": 0.0017021949056987087,
  "tom meesplay": 0.02449518712958792,
  "driving": 0.011259193133788519,
  "at tom mees": 0.02449518712958792,
  "id swear": 0.02265171058554551,
  "pens": 0.040428635380320675,
  "coming": 0.009200016714320644,
  "named": 0.012194727519789327,
  "espn": 0.04062090307908977,
  "donut shop e": 0.02449518712958792,
  "ca in": 0.014144601230357528,
  "involve the pens": 0.02449518712958792,
  "in beaver": 0.02449518712958792,
  "mees": 0.022058243693752397,
  "a donut": 0.02449518712958792,
  "meesplay by": 0.02449518712958792,
  "sunday pens": 0.02449518712958792,
  "g elvis was": 0.02449518712958792,
  "if i didnt": 0.019319894179972725,
  "technology": 0.007660823019155216,
  "a fact": 0.014312630224031815,
  "g": 0.009885981163256672,
  "to espn": 0.01865150474305542,
  "chevron la habra": 0.02341682248036408,
  "schedule": 0.01356201195891422,
  "chevron petroleum": 0.022058243693752397,
  "kings vs calgary": 0.026338663673630327,
  "it paired tom": 0.02449518712958792,
  "this truck scotty": 0.02449518712958792,
  "po box la": 0.022058243693752397,
  "and bill": 0.03730300948611084,
  "paired tom meesplay": 0.02449518712958792,
  "nancy": 0.01666423239776228,
  "the eastern": 0.016274329540868993,
  "saturday caps": 0.02449518712958792,
  "chevron petroleum technology": 0.02265171058554551,
  "tel": 0.010820550011229781,
  "and bill clement": 0.04530342117109102,
  "thorne and": 0.040989962574195654,
  "tv schedule": 0.022058243693752397,
  "baldwin s ": 0.02449518712958792,
  "caps": 0.013719163332238705,
  "at gary thorne": 0.04899037425917584,
  "zone pacific will": 0.026338663673630327,
  "division if": 0.022058243693752397,
  "petroleum technology": 0.02265171058554551,
  "pens at devils": 0.04899037425917584,
  "pens at": 0.04899037425917584,
  "play with": 0.016808028199013014,
  "davidsonanalyst ppv": 0.02449518712958792,
  "baldwin": 0.02116337072401513,
  "paired tom": 0.02449518712958792,
  "petroleum": 0.01865150474305542,
  "mark nancy": 0.026338663673630327,
  "nancy j spera": 0.02449518712958792,
  "ppv": 0.01913640250048615,
  "davidsonanalyst": 0.02449518712958792,
  "caps at": 0.02449518712958792,
  "scotty baldwin s": 0.02449518712958792,
  "devils": 0.026827261366613463,
  "devils at": 0.04683364496072816,
  "davidson": 0.018371290605667584,
  "game sunday": 0.02341682248036408,
  "broadcast": 0.01365067265111526,
  "espn named its": 0.02449518712958792,
  "kings": 0.013066236581133686,
  "apr gmt sender": 0.006021745663898485,
  "technology co g": 0.02449518712958792,
  "paired": 0.020494981287097827,
  "clement only": 0.026338663673630327,
  "s ": 0.03674258121133517,
  "thorne and bill": 0.04530342117109102,
  "calgary": 0.013813317393544331,
  "was working": 0.0162145613072199,
  "falls": 0.013048205498725764,
  "eastern": 0.013084390743554964,
  "games thursday": 0.02449518712958792,
  "on tuesday": 0.016462142219629508,
  "abc game": 0.02449518712958792,
  "ny isles": 0.02449518712958792,
  "wrong": 0.0070418783697641955,
  "ny": 0.010331766826565874,
  "mees and john": 0.02449518712958792,
  "was n": 0.02449518712958792,
  "schedule apr gmt": 0.022058243693752397,
  "john davidsonanalyst": 0.02449518712958792,
  "gmt sender": 0.004781994749414502,
  "la habra ca": 0.044116487387504795,
  "scotty baldwin": 0.02449518712958792,
  "team": 0.00868986964254882,
  "sunday": 0.012194727519789327,
  "working in": 0.01527780440937588,
  "apr gmt": 0.004000671378588017,
  "donut": 0.02341682248036408,
  "mark nancy j": 0.026338663673630327,
  "mees and": 0.02449518712958792,
  "john davidsonanalyst ppv": 0.02449518712958792,
  "la habra": 0.044116487387504795,
  "get the kings": 0.026338663673630327,
  "fact": 0.006279585314073404,
  "driving this truck": 0.02449518712958792,
  "fact that p": 0.02449518712958792,
  "truck scotty": 0.02449518712958792,
  "imt division if": 0.02449518712958792,
  "wrong with that": 0.018964757497460696,
  "clement saturday": 0.02449518712958792,
  "pacific": 0.013961109550870954,
  "bill clement only": 0.026338663673630327,