{
  "tom moffat": 0.09644069335873141,
  "freenetvictoriabcca camosun college": 0.10238052619321969,
  "sender network news": 0.06018546189037979,
  "canada ": 0.13085282377369645,
  "tom": 0.044484829045767074,
  "news": 0.01785009887219446,
  "network news nntppostinghost": 0.06103926966427301,
  "news nntppostinghost freenetvictoriabcca": 0.10238052619321969,
  "mail": 0.03498450583548281,
  "freenetvictoriabcca": 0.10238052619321969,
  "sao mail": 0.10709523675261695,
  "canada": 0.0758944583129876,
  "gmt": 0.0019119751635659579,
  "network news": 0.051475278945970836,
  "stats on": 0.08533009516073797,
  "moffat victoria bc": 0.0990353858158734,
  "to tom": 0.10709523675261695,
  "forsberg": 0.08366613186259061,
  "e": 0.038459965433996414,
  "mail to": 0.05919945565014634,
  "championships if": 0.10709523675261695,
  "bc canada ": 0.0925282254910429,
  "moffat victoria": 0.0990353858158734,
  "e give me": 0.10709523675261695,
  "on forsrg": 0.10709523675261695,
  "sender network": 0.059780972168456355,
  "canada friapr gmt": 0.07381383116041383,
  "some stats": 0.10238052619321969,
  "forsrg": 0.10709523675261695,
  "moffat": 0.09644069335873141,
  "forsberg sender network": 0.1151550876893605,
  "bc canada friapr": 0.08727258451728642,
  "friapr gmt can": 0.0925282254910429,
  "forsrg in": 0.10709523675261695,
  "college victoria bc": 0.0752250039162774,
  "stats": 0.05360503158791292,
  "on e": 0.09644069335873141,
  "college": 0.03503172582718414,
  "victoria": 0.12298179126613357,
  "nntppostinghost": 0.019799706328795803,
  "bc canada": 0.12120906183850837,
  "camosun": 0.09432067525647614,
  "me some stats": 0.10709523675261695,
  "some on e": 0.10709523675261695,
  "nntppostinghost freenetvictoriabcca camosun": 0.10238052619321969,
  "college victoria": 0.0752250039162774,
  "sao mail to": 0.10709523675261695,
  "camosun college victoria": 0.09432067525647614,
  "friapr gmt": 0.026760878853602753,
  "freenetvictoriabcca camosun": 0.10238052619321969,
  "tom moffat victoria": 0.0990353858158734,
  "bc": 0.10595883745505895,
  "nntppostinghost freenetvictoriabcca": 0.10238052619321969,
  "forsberg sender": 0.1151550876893605,
  "network": 0.03583988452358765,
  "pwter forsberg sender": 0.1151550876893605,
  "if sao": 0.10709523675261695,
  "e give": 0.10709523675261695,
  "if sao mail": 0.10709523675261695,
  "mail to tom": 0.10709523675261695,
  "gmt can some": 0.10238052619321969,
  "camosun college": 0.09432067525647614,
  "the world championships": 0.08366613186259061,
  "pwter forsberg": 0.1151550876893605,
  "championships if sao": 0.10709523675261695,
  "stats on forsrg": 0.10709523675261695,
  "news nntppostinghost": 0.04922623974772655,
  "championships": 0.07381383116041383,
  "friapr": 0.02571721765667973,
  "sender": 0.007608762159495532,
  "world championships": 0.07683140320093806,
  "gmt can": 0.07197401714628715,
  "victoria bc": 0.13588126815671125,
  "sao": 0.09097553487912985,
  "to tom moffat": 0.10709523675261695,
  "canada friapr": 0.07316767010047416,
  "forsrg in the": 0.10709523675261695,
  "pwter": 0.1151550876893605,
  "victoria bc canada": 0.15200097003019833
}