{
  "alive but id": 0.028220273245566967,
  "employed to design": 0.03174146647847757,
  "hausmann writes": 0.028220273245566967,
  "tammy r": 0.04338361105997342,
  "id be careful": 0.027298215321042027,
  "is dead": 0.01856558870869132,
  "hausmann": 0.022660654478297394,
  "monapr": 0.008379518739627391,
  "highway": 0.03435924845522435,
  "healy tammy": 0.0885595226992794,
  "att": 0.01288466395127155,
  "architect": 0.04051165771044162,
  "on for size": 0.025998647666849194,
  "hausmann writes tammy": 0.03174146647847757,
  "job all those": 0.03174146647847757,
  "size tammy": 0.0295198408997598,
  "highway ": 0.06348293295695515,
  "trimmed it healy": 0.0295198408997598,
  "kaflowitz i knew": 0.03174146647847757,
  "a job": 0.01889744985914273,
  "architect once who": 0.03174146647847757,
  "dean kaflowitz": 0.022139760473496833,
  "in school studying": 0.03174146647847757,
  "tammy lucky": 0.0295198408997598,
  "us stores": 0.03174146647847757,
  "pass the": 0.01940124980632995,
  "lazarus": 0.04189770327755467,
  "to the highway": 0.028220273245566967,
  "for the toys": 0.03174146647847757,
  "healy tammy r": 0.0295198408997598,
  "gmt in": 0.005493887870349684,
  "us healy": 0.0295198408997598,
  "the store": 0.02129884936943436,
  "see maddi": 0.0295198408997598,
  "to start": 0.012840332287334175,
  "trimmed it": 0.0295198408997598,
  "tammy learning by": 0.0295198408997598,
  "ten feet": 0.0295198408997598,
  "for size": 0.02507658974232425,
  "size": 0.01169714336445362,
  "r healy": 0.02169180552998671,
  "pass": 0.01295689524942031,
  "closer to": 0.01647808848233092,
  "school studying to": 0.03174146647847757,
  "getting the hang": 0.0295198408997598,
  "kids r us": 0.03174146647847757,
  "signs the": 0.028220273245566967,
  "the signs": 0.046565898792754766,
  "design": 0.011868039638597156,
  "charles lazarus": 0.028220273245566967,
  "stick": 0.013774152163426298,
  "dont know": 0.009000875525634205,
  "hang": 0.016886565875177457,
  "lucky seven": 0.0295198408997598,
  "knew an": 0.03174146647847757,
  "start a": 0.017213904000422265,
  "charles lazarus is": 0.028220273245566967,
  "nickname try these": 0.0295198408997598,
  "i dont": 0.0058512178767566765,
  "from the highway": 0.0295198408997598,
  "store or": 0.02550457497509516,
  "studying to be": 0.03174146647847757,
  "practice but youre": 0.0295198408997598,
  "stores the signs": 0.03174146647847757,
  "signs for": 0.027298215321042027,
  "r us and": 0.03174146647847757,
  "lawsuit": 0.02183427912797015,
  "the pole ten": 0.03174146647847757,
  "in article": 0.0027484554534527826,
  "move the": 0.017696509316061284,
  "feet closer": 0.03174146647847757,
  "the hang": 0.026583011630932376,
  "writes tammy": 0.054596430642084054,
  "att na": 0.019999281715241526,
  "have to practice": 0.0295198408997598,
  "ten": 0.012929617397920605,
  "maddi i": 0.028220273245566967,
  "kaflowitz": 0.02198338174218455,
  "healy the r": 0.03174146647847757,
  "dean kaflowitz i": 0.03174146647847757,
  "is trademarked": 0.028220273245566967,
  "us and kids": 0.03174146647847757,
  "healy": 0.11640749883797968,
  "and kids r": 0.03174146647847757,
  "start": 0.008963882703710579,
  "or alive": 0.023282949396377383,
  "charles": 0.01390646517295612,
  "things they stick": 0.03174146647847757,
  "r": 0.05283152812639082,
  "toys": 0.020840192819303997,
  "na monapr gmt": 0.017989993910694266,
  "some thoughts att": 0.026583011630932376,
  "closer to the": 0.020082536479354544,
  "to move": 0.014890519773260325,
  "in school": 0.020346120127549966,
  "tammy": 0.12049521887612724,
  "healy writes": 0.02198338174218455,
  "swear": 0.01901617188375923,
  "rise again just": 0.028220273245566967,
  "knew": 0.01243554470616657,
  "thoughts att na": 0.026583011630932376,
  "careful because": 0.028220273245566967,
  "the falafel healy": 0.0295198408997598,
  "dean": 0.0160672705546899,
  "move": 0.011347145633796596,
  "tammy learning": 0.0295198408997598,
  "alive": 0.013881998426625764,
  "closer": 0.015026928793833388,
  "maddi hausmann": 0.022854964163606478,
  "dont know if": 0.014791892662148936,
  "who i swear": 0.03174146647847757,
  "practice but": 0.023777022088131417,
  "just to start": 0.028220273245566967,
  "the highway": 0.04033602326051781,
  "learning by": 0.028220273245566967,
  "nickname try": 0.0295198408997598,
  "stores the": 0.026583011630932376,
  "signs the things": 0.03174146647847757,
  "article maddi": 0.0295198408997598,
  "nickname": 0.020840192819303997,
  "healy writes tammy": 0.0295198408997598,
  "to practice": 0.01940124980632995,
  "a new nickname": 0.0295198408997598,
  "they stick": 0.028220273245566967,
  "toys r us": 0.025998647666849194,
  "was employed": 0.027298215321042027,
  "tammy see": 0.0295198408997598,
  "r us thing": 0.028220273245566967,
  "architect so you": 0.03174146647847757,
  "a lawsuit dean": 0.03174146647847757,
  "healy tammy pass": 0.0295198408997598,
  "what a job": 0.03174146647847757,
  "falafel": 0.0295198408997598,
  "stores": 0.017617366326989584,
  "tammy lucky seven": 0.0295198408997598,
  "rise": 0.0160672705546899,
  "studying": 0.01841171300617093,
  "toys r": 0.025998647666849194,
  "hours in": 0.02507658974232425,
  "the toys r": 0.03174146647847757,
  "to design": 0.01907722379071659,
  "r us stores": 0.03174146647847757,
  "r healy writes": 0.022139760473496833,
  "writes": 0.004102726182966118,
  "pole": 0.04126667716977741,
  "monapr gmt in": 0.012482449858469255,
  "dont": 0.003905763072618478,
  "kids": 0.014135500313924531,
  "things they": 0.021424556783387186,
  "know if charles": 0.028220273245566967,
  "article": 0.0025269466477996104,
  "doing healy": 0.0295198408997598,
  "the pole": 0.0295198408997598,
  "pole so they": 0.03174146647847757,
  "design the signs": 0.03174146647847757,
  "employed to": 0.027298215321042027,
  "might rise": 0.028220273245566967,
  "stick over": 0.03174146647847757,
  "healy well youre": 0.0295198408997598,
  "lucky": 0.015337640156628998,
  "lawsuit dean kaflowitz": 0.03174146647847757,
  "seven healy tammy": 0.0295198408997598,
  "trimmed": 0.02306181839802177,
  "lazarus is": 0.028220273245566967,
  "gmt": 0.0005270187950854883,
  "i swear": 0.022854964163606478,
  "lazarus he might": 0.028220273245566967,
  "big": 0.00893771824653378,
  "learning": 0.01585740539642225,
  "size tammy lucky": 0.0295198408997598,
  "some thoughts": 0.019918134894779057,
  "maddi hausmann writes": 0.028220273245566967,
  "i trimmed": 0.0295198408997598,
  "att na monapr": 0.024699080012656357,
  "tammy pass": 0.0295198408997598,
  "dead": 0.010972092882558813,
  "job": 0.011243833151184468,
  "seven healy": 0.0295198408997598,
  "pole ten": 0.03174146647847757,
  "be careful": 0.017112145351978098,
  "those hours": 0.028220273245566967,
  "it healy": 0.0295198408997598,
  "signs": 0.03258369215179465,
  "gmt in article": 0.005833361963136628,
  "thoughts": 0.013809699236163988,
  "tammy pass the": 0.0295198408997598,
  "kaflowitz i": 0.03174146647847757,
  "in article maddi": 0.0295198408997598,
  "i knew": 0.016675824280424956,
  "us healy tammy": 0.0295198408997598,
  "if charles": 0.028220273245566967,
  "all those hours": 0.03174146647847757,
  "thing is trademarked": 0.028220273245566967,
  "school": 0.010544722188799498,
  "a lawsuit": 0.024699080012656357,
  "hang of it": 0.0295198408997598,
  "name like lazarus": 0.028220273245566967,
  "trademarked i": 0.028220273245566967,
  "things": 0.007107802820674536,
  "hang of": 0.026583011630932376,
  "maddi i trimmed": 0.0295198408997598,
  "falafel healy tammy": 0.0295198408997598,
  "the things": 0.015435067968117366,
  "stick over the": 0.03174146647847757,
  "hours in school": 0.03174146647847757,
  "feet closer to": 0.03174146647847757,
  "knew an architect": 0.03174146647847757,
  "monapr gmt": 0.008760314095626201,
  "start a lawsuit": 0.028220273245566967,
  "ten feet closer": 0.03174146647847757,
  "practice": 0.013012157449530907,