{
  "dont": 0.00451332621724802,
  "sounds": 0.013048944460686067,
  "being roger maynard": 0.0366790279306852,
  "surely": 0.01660297237782488,
  "sender usenet": 0.00826140609126849,
  "missing something": 0.022264878678423618,
  "a person": 0.01523473100143611,
  "news": 0.0056855870481804585,
  "in article": 0.003175992968434327,
  "bait or": 0.029471953304554408,
  "writes as a": 0.02384296903142695,
  "ottawa wedapr": 0.0315446043709819,
  "cherry denies being": 0.0366790279306852,
  "hes": 0.012805991562590461,
  "read": 0.008428863521468518,
  "william k willis": 0.028150934993670215,
  "coach": 0.019303665403910594,
  "willis": 0.02320648659836525,
  "deprived of": 0.02523072254787662,
  "this area pittsburgh": 0.029471953304554408,
  "that roger": 0.0315446043709819,
  "a steady diet": 0.029471953304554408,
  "bnr ottawa wedapr": 0.0366790279306852,
  "net today his": 0.0366790279306852,
  "is deprived": 0.029471953304554408,
  "offence ": 0.0733580558613704,
  "usenet he": 0.0366790279306852,
  "that is deprived": 0.029471953304554408,
  "and he denies": 0.0366790279306852,
  "sender": 0.0024235316508022806,
  "time and": 0.015057804052292826,
  "canadian": 0.0181211194340324,
  "ottawa": 0.018170834324151435,
  "thing altogether": 0.029471953304554408,
  "deal with": 0.015223421973706885,
  "as a person": 0.026649212371047382,
  "gmt in": 0.006348492650181857,
  "he denies": 0.03261009352821072,
  "a coach": 0.02523072254787662,
  "any knowledge": 0.027797934327728268,
  "seen don": 0.029471953304554408,
  "area pittsburgh of": 0.029471953304554408,
  "knowledge of usenet": 0.0366790279306852,
  "the comments": 0.02408200059119573,
  "don cherry and": 0.029471953304554408,
  "don cherry help": 0.028150934993670215,
  "he really sounds": 0.029471953304554408,
  "willis writes": 0.029471953304554408,
  "i read": 0.01511219128074809,
  "gotta tell you": 0.029471953304554408,
  "net merely": 0.029471953304554408,
  "steady diet": 0.029471953304554408,
  "ass": 0.0181211194340324,
  "net today": 0.0366790279306852,
  "really sounds": 0.029471953304554408,
  "altogether seriously what": 0.029471953304554408,
  "usa": 0.008592925988820894,
  "denies any knowledge": 0.0366790279306852,
  "deprived": 0.023511072147391072,
  "question": 0.008131022257220418,
  "re don": 0.026185645174921435,
  "area pittsburgh": 0.02897739259113025,
  "of the usa": 0.025773698378216896,
  "the volume": 0.02266351076802497,
  "volume of": 0.022498874610355216,
  "altogether": 0.020788437407913377,
  "and don": 0.028150934993670215,
  "concede": 0.025066086390206865,
  "poster on": 0.0315446043709819,
  "doesnt know anything": 0.02897739259113025,
  "maynard and": 0.0366790279306852,
  "coach at": 0.02897739259113025,
  "today his defense": 0.0366790279306852,
  "my question": 0.016874925965064944,
  "ass let me": 0.029471953304554408,
  "defense is as": 0.0366790279306852,
  "net": 0.021199450944371794,
  "article william k": 0.02897739259113025,
  "person": 0.010444258124665585,
  "did concede": 0.0366790279306852,
  "usenet news": 0.008903386113676942,
  "comments of": 0.026904741524702756,
  "gotta tell": 0.028541159125736234,
  "canadian thing altogether": 0.029471953304554408,
  "usenet": 0.015094561360001575,
  "writes as": 0.019236323481380255,
  "of posts": 0.025066086390206865,
  "posts": 0.014982979210376087,
  "seen don cherry": 0.029471953304554408,
  "cherry and": 0.028541159125736234,
  "of usenet": 0.024472224723261757,
  "but my question": 0.029471953304554408,
  "deprived of his": 0.02897739259113025,
  "article william": 0.021837053170564932,
  "wedapr gmt in": 0.014194814123268567,
  "roger is": 0.02897739259113025,
  "volume": 0.016719503005438896,
  "wedapr": 0.009843268421075807,
  "a steady": 0.026185645174921435,
  "comments of his": 0.029471953304554408,
  "time and from": 0.028541159125736234,
  "two way poster": 0.0366790279306852,
  "deal with him": 0.027797934327728268,
  "as his offence": 0.0366790279306852,
  "william k": 0.027475669968507418,
  "sounds like": 0.016155829615283616,
  "person who has": 0.025403018902079924,
  "altogether seriously": 0.029471953304554408,
  "who has rarely": 0.029471953304554408,
  "cherry denies": 0.0366790279306852,
  "roger maynard and": 0.0366790279306852,
  "k willis": 0.028150934993670215,
  "broadcasts or whether": 0.029471953304554408,
  "question is": 0.013875402058146103,
  "him i dont": 0.025973947345884586,
  "usenet news bnr": 0.0315446043709819,
  "rarely even seen": 0.029471953304554408,
  "maynard": 0.020449299654115263,
  "someone surely": 0.029471953304554408,
  "k": 0.015189700614473852,
  "as good": 0.01807206303866195,
  "gmt in article": 0.006740773824068993,
  "maybe im missing": 0.02897739259113025,
  "here sender usenet": 0.0366790279306852,
  "offence": 0.025066086390206865,
  "like an ass": 0.03004288174835907,
  "a canadian": 0.023728999925253787,
  "news bnr ottawa": 0.03411181615083355,
  "the net": 0.02556510064331687,
  "question is what": 0.02234124640880412,
  "him someone surely": 0.029471953304554408,
  "denies any": 0.03261009352821072,
  "the net today": 0.0366790279306852,
  "he did concede": 0.0366790279306852,
  "coach at one": 0.029471953304554408,
  "time": 0.005837388643804486,
  "bait": 0.021905012943410105,
  "even seen don": 0.029471953304554408,
  "from the volume": 0.029471953304554408,
  "on the net": 0.029798552258402243,
  "don cherry denies": 0.0366790279306852,
  "wedapr gmt": 0.010247608639610207,
  "good as his": 0.0366790279306852,
  "seriously i gotta": 0.029471953304554408,
  "knowledge": 0.01348831798875541,
  "and doesnt": 0.02177031796499946,
  "doesnt": 0.008161093088474137,
  "hes a": 0.02031295160551261,
  "this area": 0.020268595342376627,
  "posts about him": 0.029471953304554408,
  "getting a steady": 0.029471953304554408,
  "an ass": 0.026410180811278598,
  "his broadcasts": 0.029471953304554408,
  "out here sender": 0.03261009352821072,
  "one time": 0.01940703128582569,
  "sender usenet news": 0.009060390563565267,
  "the deal": 0.01910520523304353,
  "defense": 0.014678393661350266,
  "concede that": 0.028150934993670215,
  "article": 0.0029200272374573276,
  "has rarely": 0.02897739259113025,
  "i dont": 0.00676140732425216,
  "good as": 0.019337801163558457,
  "read about on": 0.029471953304554408,
  "rarely": 0.0187668727197538,
  "bnr": 0.02094386036753942,
  "today": 0.01073166119270926,
  "news bnr": 0.0315446043709819,
  "canadian thing": 0.029471953304554408,
  "his offence": 0.0366790279306852,
  "his defense": 0.027179215495642468,
  "don cherry": 0.07152890709428085,
  "dont know whether": 0.02311028109316799,
  "is as good": 0.027179215495642468,
  "i gotta": 0.024207561893698253,
  "merely flame bait": 0.029471953304554408,
  "surely is getting": 0.029471953304554408,
  "net merely flame": 0.029471953304554408,
  "volume of posts": 0.029471953304554408,
  "willis writes as": 0.03004288174835907,
  "being roger": 0.0366790279306852,
  "rarely even": 0.029471953304554408,
  "bait or do": 0.029471953304554408,
  "usa that": 0.027179215495642468,
  "hes a canadian": 0.029471953304554408,
  "cherry": 0.06571503883023032,
  "comments": 0.01349539287859289,
  "ottawa wedapr gmt": 0.0315446043709819,
  "usa that is": 0.027475669968507418,
  "bnr ottawa": 0.027179215495642468,
  "concede that roger": 0.0366790279306852,
  "deal": 0.012077224962658322,
  "roger": 0.03389230646292905,
  "posts about": 0.02461200371579082,
  "today his": 0.03411181615083355,
  "diet": 0.019137552195890768,
  "flame bait": 0.026649212371047382,
  "re don cherry": 0.027179215495642468,
  "here sender": 0.03261009352821072,
  "gmt": 0.000608999496543231,
  "area": 0.01166197571035941,
  "whether hes": 0.028150934993670215,
  "pittsburgh": 0.013545299169642372,
  "defense is": 0.025066086390206865,
  "surely is": 0.027475669968507418,
  "pittsburgh of the": 0.029471953304554408,
  "poster": 0.014211960930300947,