{
  "show low": 0.022766293198356328,
  "or even leave": 0.022766293198356328,
  "acid": 0.024313641491695372,
  "email or": 0.0113414350384115,
  "deep discharged": 0.022766293198356328,
  "email or ": 0.017053864118383912,
  "shorted some": 0.022766293198356328,
  "permanently special": 0.022766293198356328,
  "years so it": 0.022766293198356328,
  "self discharge": 0.03915881921914994,
  "flat batteries": 0.022766293198356328,
  "store the batteries": 0.022766293198356328,
  "have in fact": 0.018647305912774595,
  "life": 0.006326096729609812,
  "float": 0.016540890437201822,
  "failure": 0.010753082454188049,
  "which have effectively": 0.020240747707165274,
  "in the concrete": 0.02117285140396565,
  "batteries somewhere cooler": 0.022766293198356328,
  "for years": 0.011898734994419914,
  "discharge with total": 0.022766293198356328,
  "effectively": 0.011128143697144911,
  "batteries freeze": 0.022766293198356328,
  "concrete world": 0.022766293198356328,
  "freeze more easily": 0.022766293198356328,
  "cppnews revision": 0.020240747707165274,
  "a lead": 0.01422934591857631,
  "cooler but above": 0.022766293198356328,
  "mowers": 0.02117285140396565,
  "heated store the": 0.022766293198356328,
  "held full charge": 0.022766293198356328,
  "does vary greatly": 0.022766293198356328,
  "freaks": 0.01527641609945637,
  "permanently": 0.014528318627192859,
  "concrete": 0.03765990541237715,
  "sender why": 0.02117285140396565,
  "above freezing": 0.022766293198356328,
  "superb miles and": 0.022766293198356328,
  "full charge": 0.02117285140396565,
  "mowers they are": 0.022766293198356328,
  "ballast resistors are": 0.022766293198356328,
  "floor": 0.0112629683571024,
  "concrete and": 0.020240747707165274,
  "silly to": 0.017053864118383912,
  "failure shortly afterwards": 0.022766293198356328,
  "month or even": 0.022766293198356328,
  "like electric mowers": 0.022766293198356328,
  "ballast in": 0.022766293198356328,
  "floor when": 0.01957940960957497,
  "acid batteries concrete": 0.016121760421583534,
  "leave it on": 0.01798596781518429,
  "freezing": 0.016699494739470678,
  "acid batteries": 0.015025383244364433,
  "fact responded": 0.022766293198356328,
  "batteries in fact": 0.022766293198356328,
  "world xmailer cppnews": 0.020240747707165274,
  "totally unuseable": 0.017053864118383912,
  "ballast resistors": 0.022766293198356328,
  "have effectively held": 0.022766293198356328,
  "xmailer cppnews revision": 0.020240747707165274,
  "to discharge batteries": 0.022766293198356328,
  "used to discharge": 0.022766293198356328,
  "totally": 0.009312954164392019,
  "somewhere cooler": 0.022766293198356328,
  "the battery": 0.012871890685243293,
  "is heated store": 0.022766293198356328,
  "charge permanently": 0.022766293198356328,
  "greatly": 0.01802023568090948,
  "occasionally charge": 0.022766293198356328,
  "xmailer": 0.012664111233592101,
  "are superb": 0.022766293198356328,
  "early": 0.00797423223562655,
  "unuseable when": 0.017053864118383912,
  "the batteries": 0.016699494739470678,
  "counting tc email": 0.022766293198356328,
  "full charge for": 0.022766293198356328,
  "automotive batteries for": 0.022766293198356328,
  "to be repeatedly": 0.022766293198356328,
  "actual problem": 0.02117285140396565,
  "a full discharge": 0.022766293198356328,
  "responded": 0.012024157946719762,
  "totally unuseable when": 0.017053864118383912,
  "seriously self discharge": 0.022766293198356328,
  "shortly afterwards but": 0.022766293198356328,
  "stated by others": 0.022766293198356328,
  "greatly shorted some": 0.022766293198356328,
  "shorted": 0.015997467958893244,
  "batteries concrete world": 0.022766293198356328,
  "fool knows": 0.022766293198356328,
  "more easily occasionally": 0.022766293198356328,
  "discharged": 0.016540890437201822,
  "actual problem as": 0.022766293198356328,
  "repeatedly deep": 0.022766293198356328,
  "on float charge": 0.022766293198356328,
  "fool": 0.011524111294398275,
  "things like": 0.01097342258933777,
  "held": 0.00902172822157214,
  "the actual problem": 0.02117285140396565,
  "generally designed to": 0.02117285140396565,
  "greatly with certain": 0.022766293198356328,
  "battery": 0.021839291709366545,
  "deep": 0.010552026579869462,
  "a month": 0.011524111294398275,
  "batteries somewhere": 0.022766293198356328,
  "modern": 0.009326204060292593,
  "charge it once": 0.02117285140396565,
  "discharge and become": 0.017053864118383912,
  "dont": 0.002801374893464288,
  "effectively held": 0.022766293198356328,
  "afterwards but modern": 0.022766293198356328,
  "does vary": 0.022766293198356328,
  "ordinary": 0.011858403248095983,
  "contact the": 0.01339264390202134,
  "freeze": 0.014947448642811143,
  "store the battery": 0.022766293198356328,
  "lead acid": 0.030050766488728866,
  "generally designed": 0.020240747707165274,
  "charger dont": 0.022766293198356328,
  "flat batteries freeze": 0.022766293198356328,
  "easily occasionally": 0.022766293198356328,
  "special": 0.007955856034061619,
  "revision": 0.01363918535111007,
  "nullfriapr sender why": 0.022766293198356328,
  "to contact": 0.01363918535111007,
  "revision nullfriapr": 0.022766293198356328,
  "cppnews revision nullfriapr": 0.022766293198356328,
  "freaks show": 0.022766293198356328,
  "floor when will": 0.022766293198356328,
  "terminals downwards as": 0.022766293198356328,
  "held full": 0.022766293198356328,
  "low self discharge": 0.022766293198356328,
  "float charge permanently": 0.022766293198356328,
  "are superb miles": 0.022766293198356328,
  "with certain types": 0.02117285140396565,
  "leave it": 0.013819579869366381,
  "things": 0.005098010298966563,
  "and their life": 0.022766293198356328,
  "occasionally charge it": 0.022766293198356328,
  "if your garage": 0.022766293198356328,
  "vary greatly": 0.020240747707165274,
  "miles and": 0.016540890437201822,
  "cppnews": 0.020240747707165274,
  "occasionally": 0.012608038927559552,
  "nullfriapr": 0.022766293198356328,
  "miles": 0.01009174435659775,
  "batteries furthermore": 0.022766293198356328,
  "electric mowers they": 0.022766293198356328,
  "charge for": 0.015660448477992382,
  "is the unsuitability": 0.022766293198356328,
  "discharge with": 0.022766293198356328,
  "the trouble": 0.013100333153779394,
  "unuseable when stored": 0.017053864118383912,
  "greatly with": 0.02117285140396565,
  "knows ballast": 0.022766293198356328,
  "the terminals": 0.01725389027238306,
  "a lead acid": 0.017053864118383912,
  "anouther": 0.022766293198356328,
  "concrete world xmailer": 0.022766293198356328,
  "charger": 0.015997467958893244,
  "early zero maintenance": 0.022766293198356328,
  "even leave": 0.01957940960957497,
  "early zero": 0.022766293198356328,
  "done to contact": 0.022766293198356328,
  "as stated": 0.014799084226402933,
  "mowers they": 0.022766293198356328,
  "your garage": 0.01957940960957497,
  "float charge": 0.022766293198356328,
  "dangerous": 0.009578770675415658,
  "maintenance automotive batteries": 0.022766293198356328,
  "repeatedly": 0.011878480673311511,
  "silly to store": 0.022766293198356328,
  "re lead acid": 0.01587955233961152,
  "acid battery discharge": 0.017053864118383912,
  "ordinary automotive": 0.022766293198356328,
  "ordinary automotive batteries": 0.022766293198356328,
  "electric mowers": 0.022766293198356328,
  "modern ones": 0.022766293198356328,
  "responded to": 0.013915379171436653,
  "lead": 0.017838574475052736,
  "garage is": 0.01957940960957497,
  "to store": 0.014799084226402933,
  "special charger dont": 0.022766293198356328,
  "stated by": 0.016253159074089165,
  "cooler but": 0.022766293198356328,
  "their life": 0.014465332479633972,
  "lead acid batteries": 0.015025383244364433,
  "become dead totally": 0.017053864118383912,
  "be greatly shorted": 0.022766293198356328,
  "but modern": 0.02117285140396565,
  "the ballast": 0.03813287185678575,
  "discharged and": 0.022766293198356328,