{
  "america": 0.013099484259729883,
  "folks": 0.012664356760654525,
  "either side": 0.021053624063199643,
  "abc show": 0.03368482156899661,
  "stuck in buffalo": 0.03132717809770428,
  "in article": 0.0029167282363172387,
  "good chunk of": 0.02994804507692821,
  "faster i wanted": 0.027066079565407106,
  "game": 0.010317292957438358,
  "sabres hadnt won": 0.03368482156899661,
  "p": 0.012071318028869566,
  "wanted to": 0.01295072441786659,
  "running around": 0.023853625113567475,
  "so easy": 0.02122372753454203,
  "north": 0.012874967153889982,
  "on opposite": 0.03132717809770428,
  "wonderful": 0.016359140613871566,
  "easy no boston": 0.03368482156899661,
  "easy but if": 0.03368482156899661,
  "i wanted": 0.016664596038569877,
  "to skate": 0.025528715198934123,
  "folks whod": 0.03368482156899661,
  "buffalo theres": 0.03368482156899661,
  "sender": 0.002225692332369441,
  "how to skate": 0.027066079565407106,
  "here in buffalo": 0.03368482156899661,
  "and what problem": 0.03368482156899661,
  "chunk": 0.022875114663051213,
  "hand": 0.01064713321642676,
  "lafontaine": 0.021591800951685676,
  "a good chunk": 0.02994804507692821,
  "p lafontaine ": 0.027066079565407106,
  "bungle writes id": 0.03368482156899661,
  "hammerl john": 0.027066079565407106,
  "and start running": 0.027066079565407106,
  "lift": 0.018909973195344622,
  "to skate p": 0.027066079565407106,
  "mr bungle writes": 0.03368482156899661,
  "defense apr": 0.028969534626411945,
  "america either": 0.03368482156899661,
  "of north": 0.018999487849485346,
  "espn and": 0.024254247683827283,
  "autarchacsubuffaloedu in": 0.028210542955275173,
  "easy": 0.02269840211892355,
  "no boston": 0.03368482156899661,
  "article mr": 0.022875114663051213,
  "defense apr gmt": 0.028969534626411945,
  "on opposite nights": 0.03368482156899661,
  "autarchacsubuffaloedu": 0.024960504026610427,
  "wanted": 0.010385072704556129,
  "learn how to": 0.04227522508279637,
  "easy but": 0.024473766463206776,
  "what problem": 0.03368482156899661,
  "there are thousands": 0.025528715198934123,
  "espn and abc": 0.03132717809770428,
  "quebecmontreal": 0.02759040160563588,
  "hammerl john sr": 0.027066079565407106,
  "john": 0.00924215386653972,
  "pat": 0.013949725054108639,
  "buffalo at ub": 0.03132717809770428,
  "feeling": 0.014931662568435445,
  "the boards": 0.02122372753454203,
  "stuck": 0.01633833712061498,
  "sender ubnntppostinghost autarchacsubuffaloedu": 0.025232758134343544,
  "with playoff games": 0.03368482156899661,
  "start running": 0.025528715198934123,
  "side of": 0.014823673798657962,
  "ubnntppostinghost autarchacsubuffaloedu": 0.025232758134343544,
  "in buffalo": 0.048508495367654565,
  "lift pat": 0.027066079565407106,
  "espnabc shows more": 0.03368482156899661,
  "think boston": 0.028210542955275173,
  "more hockey": 0.02994804507692821,
  "some playoff": 0.02994804507692821,
  "north america": 0.02024521708402577,
  "boston": 0.040630195118787626,
  "games here in": 0.03368482156899661,
  "sr would lift": 0.027066079565407106,
  "defense": 0.013480157444097182,
  "wonderful and there": 0.03368482156899661,
  "sabresbruins": 0.026611891155119614,
  "john sr": 0.027066079565407106,
  "sender ubnntppostinghost": 0.022875114663051213,
  "writes id like": 0.024254247683827283,
  "quebecmontreal and whatever": 0.03368482156899661,
  "border its wonderful": 0.03368482156899661,
  "thousands": 0.014531039998175635,
  "chunk of": 0.023495256012690514,
  "pat over the": 0.027066079565407106,
  "having with playoff": 0.03368482156899661,
  "border": 0.01668750090993499,
  "outside faster": 0.027066079565407106,
  "kill": 0.012354928943628244,
  "quebecmontreal and": 0.03132717809770428,
  "and on opposite": 0.03368482156899661,
  "isnt giving up": 0.03132717809770428,
  "hadnt won game": 0.03368482156899661,
  "mr bungle": 0.03132717809770428,
  "boards": 0.016021703028553717,
  "skate": 0.021137612541398183,
  "the sabresbruins": 0.028969534626411945,
  "theres the sabresbruins": 0.03368482156899661,
  "than a good": 0.03368482156899661,
  "autarchacsubuffaloedu in article": 0.028210542955275173,
  "won game one": 0.03368482156899661,
  "in your shoes": 0.03368482156899661,
  "grab his": 0.027066079565407106,
  "isnt": 0.009008342623155323,
  "playoff games": 0.04665860614667741,
  "one buffalo": 0.02994804507692821,
  "writes": 0.0021769567501452873,
  "sr would": 0.027066079565407106,
  "torontodetroit and whatever": 0.03368482156899661,
  "buffalo would": 0.03368482156899661,
  "boston probably": 0.03368482156899661,
  "writes id": 0.02140278785251965,
  "and whatever espnabc": 0.03368482156899661,
  "buffalo": 0.06949043531548656,
  "playoff games here": 0.03368482156899661,
  "hammerl": 0.023495256012690514,
  "up so easy": 0.03132717809770428,
  "faster and": 0.021791938706865722,
  "that feeling": 0.024708436094114775,
  "boards grab his": 0.027066079565407106,
  "ub": 0.024960504026610427,
  "some playoff games": 0.03132717809770428,
  "abc": 0.0188660840632497,
  "over the boards": 0.027066079565407106,
  "boston defense apr": 0.028969534626411945,
  "p lafontaine": 0.027066079565407106,
  "faster": 0.02627947503406523,
  "games": 0.02332957037369203,
  "would lift": 0.026211268584859806,
  "running around the": 0.027066079565407106,
  "at ub": 0.03132717809770428,
  "thousands of": 0.015247627693920806,
  "feeling and the": 0.027066079565407106,
  "down easy": 0.03368482156899661,
  "north america either": 0.03368482156899661,
  "sabres hadnt": 0.03368482156899661,
  "apr gmt": 0.005116504892343858,
  "border its": 0.03368482156899661,
  "won game": 0.03368482156899661,
  "hockey than a": 0.03368482156899661,
  "think boston isnt": 0.03132717809770428,
  "sr": 0.020971659602046375,
  "boston defense": 0.026611891155119614,
  "kill to": 0.026211268584859806,
  "the sabresbruins quebecmontreal": 0.03368482156899661,
  "ub but i": 0.03132717809770428,
  "and start": 0.018195444386681844,
  "thousands of folks": 0.03368482156899661,
  "go down easy": 0.03368482156899661,
  "problem are you": 0.03368482156899661,
  "of the border": 0.024960504026610427,
  "espn": 0.017316847571131243,
  "its wonderful": 0.026611891155119614,
  "wonderful and": 0.026211268584859806,
  "and whatever espn": 0.03368482156899661,
  "gmt sender": 0.006115748387006302,
  "valerie hammerl": 0.024254247683827283,
  "hockey than": 0.028969534626411945,
  "playoff games since": 0.03132717809770428,
  "nights theres torontodetroit": 0.03368482156899661,
  "john sr would": 0.027066079565407106,
  "sabresbruins quebecmontreal and": 0.03368482156899661,
  "of north america": 0.02994804507692821,
  "with playoff": 0.03368482156899661,
  "bungle": 0.03132717809770428,
  "problem": 0.007249752669555235,
  "games here": 0.02759040160563588,
  "bungle writes": 0.03368482156899661,
  "gmt sender ubnntppostinghost": 0.023019875256312425,
  "i think boston": 0.028210542955275173,
  "coveragewise valerie hammerl": 0.03368482156899661,
  "coveragewise valerie": 0.03368482156899661,
  "hockey": 0.013471218252239122,
  "sabres": 0.019873790920879538,
  "article": 0.0026816576670526475,
  "running": 0.010385072704556129,
  "would lift pat": 0.027066079565407106,
  "grab": 0.018304588313727763,
  "article mr bungle": 0.03368482156899661,
  "ub but": 0.03132717809770428,
  "whatever espnabc": 0.03368482156899661,
  "to learn": 0.03146410123846589,
  "boston probably wont": 0.03368482156899661,
  "see some playoff": 0.03132717809770428,
  "isnt giving": 0.03132717809770428,
  "espnabc shows": 0.03368482156899661,
  "feeling and": 0.025528715198934123,
  "re buffalo boston": 0.026211268584859806,
  "learn how": 0.04147397994227676,
  "won": 0.015114802813404231,
  "buffalo would have": 0.03368482156899661,
  "nights": 0.01834176202302093,
  "and faster": 0.023853625113567475,
  "buffalo boston": 0.024960504026610427,
  "the border": 0.01933275454458808,
  "theres torontodetroit": 0.03368482156899661,