{
  "connotations as": 0.08607654542733698,
  "as government": 0.07103506961019586,
  "cambridge uk": 0.05160103651038431,
  "monapr": 0.024433736885642484,
  "mathew": 0.04678035272274851,
  "group yes": 0.08607654542733698,
  "other charley": 0.09255455646060749,
  "spoken": 0.0536864902609844,
  "cambridge": 0.03844277916250233,
  "no just true": 0.09255455646060749,
  "rusnews charley wingate": 0.09255455646060749,
  "xnewsreader": 0.02741632590077956,
  "anarchist no just": 0.09255455646060749,
  "consultants cambridge": 0.05354159132139594,
  "writes to the": 0.0758091408603453,
  "re cults": 0.07103506961019586,
  "true words": 0.09255455646060749,
  "religions": 0.04386776998545403,
  "cults": 0.054135174552445715,
  "and terrorist": 0.08228715189361582,
  "cult have about": 0.08607654542733698,
  "vs": 0.032433621014446946,
  "government and": 0.04643797764630197,
  "in jest": 0.07751308064346636,
  "government and terrorist": 0.08607654542733698,
  "form": 0.031641740825913346,
  "is a form": 0.06366630923295968,
  "charley wingate writes": 0.06455705857692534,
  "media": 0.03590542637716809,
  "vs religions monapr": 0.09255455646060749,
  "spoken in": 0.08607654542733698,
  "connotations as government": 0.08607654542733698,
  "monapr mantis consultants": 0.07312052336079594,
  "being spoken": 0.08607654542733698,
  "same relative connotations": 0.08607654542733698,
  "anarchist": 0.07312052336079594,
  "relative": 0.045181619991259546,
  "true": 0.023930451887412683,
  "jest mathew ": 0.09255455646060749,
  "monapr mantis": 0.07312052336079594,
  "government": 0.024672971250543612,
  "terrorist group yes": 0.09255455646060749,
  "a form": 0.05444672988204937,
  "writes to": 0.05460649094148209,
  "cambridge uk xnewsreader": 0.05697827150948302,
  "the media": 0.045181619991259546,
  "cults vs": 0.07751308064346636,
  "true words being": 0.09255455646060749,
  "religion and cult": 0.08607654542733698,
  "xnewsreader rusnews": 0.055449024558251216,
  "religions monapr mantis": 0.09255455646060749,
  "consultants": 0.05103445125976342,
  "the media religion": 0.08607654542733698,
  "the same relative": 0.08607654542733698,
  "religion": 0.031851140049981255,
  "words being spoken": 0.09255455646060749,
  "anarchist no": 0.09255455646060749,
  "the other charley": 0.09255455646060749,
  "uk xnewsreader": 0.05220420025933357,
  "terrorist": 0.04743012900918412,
  "group": 0.02401552472548896,
  "jest mathew": 0.09255455646060749,
  "wingate writes": 0.06455705857692534,
  "media religion and": 0.08607654542733698,
  "wingate": 0.05740315351020037,
  "mantis consultants": 0.05354159132139594,
  "jest": 0.07312052336079594,
  "mathew ": 0.11089804911650243,
  "rusnews charley": 0.09255455646060749,
  "cults vs religions": 0.07751308064346636,
  "charley an": 0.09255455646060749,
  "just true": 0.09255455646060749,
  "and terrorist group": 0.08607654542733698,
  "relative connotations": 0.08607654542733698,
  "religion and": 0.04862483341581856,
  "terrorist group": 0.07312052336079594,
  "rusnews": 0.05460649094148209,
  "uk xnewsreader rusnews": 0.05697827150948302,
  "to the media": 0.07436848030121204,
  "mantis": 0.05325836375601903,
  "relative connotations as": 0.08607654542733698,
  "group yes each": 0.09255455646060749,
  "religions monapr": 0.09255455646060749,
  "in jest mathew": 0.09255455646060749,
  "charley": 0.12092243620186648,
  "same relative": 0.08607654542733698,
  "consultants cambridge uk": 0.054289654009933665,
  "uk": 0.03590542637716809,
  "and cult": 0.08607654542733698,
  "cult have": 0.07751308064346636,
  "form of": 0.03982645299389616,
  "an anarchist": 0.08228715189361582,
  "charley wingate": 0.06175234275963246,
  "cult": 0.04218940010718226,
  "writes": 0.005981544715352471,
  "form of the": 0.06455705857692534,
  "mantis consultants cambridge": 0.05354159132139594,
  "charley an anarchist": 0.09255455646060749,
  "connotations": 0.07312052336079594,
  "media religion": 0.08607654542733698,
  "re cults vs": 0.07751308064346636,
  "xnewsreader rusnews charley": 0.09255455646060749,
  "spoken in jest": 0.09255455646060749,
  "vs religions": 0.07751308064346636,
  "wingate writes to": 0.09255455646060749
}