{
  "lost apathy ": 0.0492314634691625,
  "warwick": 0.041591256301634634,
  "glassis": 0.05323809457066507,
  "acetone or a": 0.05323809457066507,
  "hands on it": 0.05089436562206297,
  "writes": 0.003699568118744014,
  "bit dangerous possibly": 0.05323809457066507,
  "useand": 0.05089436562206297,
  "i usually useand": 0.05323809457066507,
  "glass but": 0.05323809457066507,
  "good on glassis": 0.05323809457066507,
  "solvent": 0.037983427925490164,
  "dangerous possibly": 0.05323809457066507,
  "little benzene": 0.05323809457066507,
  "is only good": 0.046887734520560394,
  "solvents on most": 0.05323809457066507,
  "dont": 0.007043919529809047,
  "good on": 0.03863850703131099,
  "university of": 0.009127174616058397,
  "bit": 0.015719461423251736,
  "metals as well": 0.05323809457066507,
  "brown": 0.027100588344948075,
  "michael": 0.01847673528718067,
  "greg volk writes": 0.057244725672167644,
  "bad": 0.015741431601053218,
  "benzene the latter": 0.05323809457066507,
  "a little benzene": 0.05323809457066507,
  "ukclovercsvwarwickacuk": 0.05089436562206297,
  "services university": 0.04121820126615735,
  "in article greg": 0.036372367795611434,
  "it usualy": 0.05323809457066507,
  "michael brown lost": 0.0492314634691625,
  "greg volk": 0.057244725672167644,
  "i imagine": 0.0332049390631522,
  "most metals": 0.05323809457066507,
  "either acetone": 0.05323809457066507,
  "apathy ": 0.098462926938325,
  "lost interest": 0.04794161635173931,
  "carcinogensp but it": 0.05323809457066507,
  "benzene the": 0.05323809457066507,
  "in article": 0.00495675203166051,
  "warwick ukclovercsvwarwickacuk in": 0.05089436562206297,
  "benzene is most": 0.057244725672167644,
  "this stuff": 0.030921737859447757,
  "ive": 0.012005169975890111,
  "useand this stuff": 0.05323809457066507,
  "volk writes": 0.057244725672167644,
  "warwick ukclovercsvwarwickacuk": 0.05089436562206297,
  "a carcinogensp": 0.05323809457066507,
  "usually useand": 0.05323809457066507,
  "writes what": 0.02790846084422645,
  "hands on": 0.03577899118254737,
  "computing": 0.020163240359037035,
  "useand this": 0.05323809457066507,
  "brown lost": 0.0492314634691625,
  "bad ive": 0.046887734520560394,
  "lost interest its": 0.0492314634691625,
  "away from plastic": 0.05323809457066507,
  "computing services university": 0.044544005571958284,
  "possibly a carcinogensp": 0.05323809457066507,
  "of warwick ukclovercsvwarwickacuk": 0.05089436562206297,
  "stuff": 0.03397921305048275,
  "two solvents": 0.05323809457066507,
  "carcinogen if": 0.057244725672167644,
  "article greg": 0.036372367795611434,
  "the two solvents": 0.05323809457066507,
  "only good": 0.0391204816494558,
  "interest its": 0.0492314634691625,
  "solvent for": 0.039646330078390635,
  "lost": 0.04084897755441359,
  "metals as": 0.05323809457066507,
  "dangerous possibly a": 0.05323809457066507,
  "ive lost": 0.04121820126615735,
  "solvents": 0.04794161635173931,
  "carcinogen": 0.0492314634691625,
  "dont use it": 0.04121820126615735,
  "re solvent": 0.03992835414873417,
  "glassis either": 0.05323809457066507,
  "a bit": 0.01896301281696626,
  "plastic": 0.029817372329027474,
  "stuff away from": 0.05323809457066507,
  "imagine you": 0.04599669012849531,
  "but it usualy": 0.05323809457066507,
  "ducttape adhesiveapr computing": 0.057244725672167644,
  "good": 0.009341391823528347,
  "usualy gets": 0.05323809457066507,
  "on it dont": 0.057244725672167644,
  "interest its so": 0.0492314634691625,
  "solvent for ducttape": 0.03992835414873417,
  "for ducttape adhesiveapr": 0.04794161635173931,
  "lost apathy": 0.0492314634691625,
  "volk writes what": 0.057244725672167644,
  "of warwick": 0.04288110341905781,
  "a carcinogen": 0.05089436562206297,
  "stuff is only": 0.05323809457066507,
  "job done i": 0.05089436562206297,
  "michael brown": 0.0492314634691625,
  "bad ive lost": 0.0492314634691625,
  "adhesiveapr computing services": 0.057244725672167644,
  "writes what i": 0.04288110341905781,
  "adhesiveapr": 0.046887734520560394,
  "is a bit": 0.031843285471748924,
  "it michael brown": 0.057244725672167644,
  "services": 0.018924706866170832,
  "metals": 0.041591256301634634,
  "plastic benzene": 0.057244725672167644,
  "done i imagine": 0.05323809457066507,
  "well as glass": 0.05323809457066507,
  "the stuff": 0.030127107855814215,
  "university of warwick": 0.04288110341905781,
  "greg": 0.025989397513438636,
  "bit dangerous": 0.05323809457066507,
  "get your hands": 0.0492314634691625,
  "article greg volk": 0.057244725672167644,
  "it dont": 0.03887447231755524,
  "job": 0.020277895625257537,
  "on glassis": 0.05323809457066507,
  "usualy gets the": 0.05323809457066507,
  "gets the job": 0.046887734520560394,
  "carcinogen if you": 0.057244725672167644,
  "glass but keep": 0.05323809457066507,
  "adhesiveapr computing": 0.057244725672167644,
  "plastic benzene is": 0.057244725672167644,
  "interest": 0.020909476570960334,
  "as glass": 0.05089436562206297,
  "stuff away": 0.05323809457066507,
  "services university of": 0.04121820126615735,
  "acetone": 0.046887734520560394,
  "for ducttape": 0.03992835414873417,
  "benzene": 0.08676811871082811,
  "university": 0.005642521115797784,
  "solvents on": 0.05323809457066507,
  "hands": 0.023062627373680537,
  "glass": 0.031772360081044795,
  "your hands": 0.03621821607837351,
  "carcinogensp but": 0.05323809457066507,
  "so bad ive": 0.0492314634691625,
  "article": 0.004557267942852476,
  "its so bad": 0.0492314634691625,
  "a bit dangerous": 0.05323809457066507,
  "ukclovercsvwarwickacuk in": 0.05089436562206297,
  "computing services": 0.033874487129771404,
  "ducttape": 0.03992835414873417,
  "stuff is": 0.03329597002828596,
  "job done": 0.04086776992617796,
  "imagine": 0.022413130447743863,
  "on most metals": 0.05323809457066507,
  "it michael": 0.043934985250236744,
  "from plastic": 0.0492314634691625,
  "ducttape adhesiveapr": 0.04794161635173931,
  "keep the stuff": 0.05089436562206297,
  "from plastic benzene": 0.057244725672167644,
  "dangerous": 0.02408534823009139,
  "apathy": 0.04794161635173931,
  "usualy": 0.05089436562206297,
  "imagine you can": 0.05323809457066507,
  "brown lost interest": 0.0492314634691625,
  "acetone or": 0.05323809457066507,
  "carcinogensp": 0.05323809457066507,
  "so bad": 0.03418701442035103,
  "benzene is": 0.05323809457066507,
  "dont use": 0.030861210114550095,
  "ive lost apathy": 0.0492314634691625,
  "the job": 0.029475817899143043,
  "ukclovercsvwarwickacuk in article": 0.05089436562206297,
  "definitely a carcinogen": 0.057244725672167644,
  "volk": 0.05089436562206297,
  "glassis either acetone": 0.05323809457066507,
  "use it michael": 0.057244725672167644
}