{
  "replied": 0.011459976683048372,
  "andy jason ": 0.020461441201002073,
  "said dont": 0.015704033984072226,
  "go readonly": 0.020461441201002073,
  "has consequences": 0.020461441201002073,
  "talking about": 0.01478176887656985,
  "they will learn": 0.018191581100448127,
  "position isnt a": 0.020461441201002073,
  "the time": 0.006312669972538512,
  "think freeman": 0.020461441201002073,
  "folks on this": 0.017597196653233702,
  "for progun": 0.020461441201002073,
  "doesnt work if": 0.017597196653233702,
  "my mistake": 0.0151619590574865,
  "failure to": 0.01255102509255353,
  "why dont": 0.009720744855411523,
  "learning i have": 0.020461441201002073,
  "also to learn": 0.020461441201002073,
  "participate": 0.010787616351571867,
  "flowing on tpg": 0.020461441201002073,
  "did my homework": 0.020461441201002073,
  "discussions": 0.009720744855411523,
  "computer center": 0.011967900159321677,
  "dont know what": 0.009394114187216923,
  "mistakes": 0.010731006900769976,
  "tpg in article": 0.020461441201002073,
  "for sources": 0.01713615625795641,
  "theres no demand": 0.020461441201002073,
  "nut but": 0.020461441201002073,
  "did id support": 0.020461441201002073,
  "if a progun": 0.020461441201002073,
  "figure out how": 0.012788771641695652,
  "figure out": 0.009413698368941188,
  "tpg for": 0.01902931892711789,
  "didnt say": 0.011541011214356802,
  "another good": 0.029215389244747054,
  "forget from my": 0.020461441201002073,
  "the possibility": 0.010067974421265636,
  "realize": 0.008087553976023015,
  "calm": 0.012337834521819581,
  "in article": 0.001771731614622455,
  "homework": 0.014489598726009996,
  "chicago": 0.008026331253695803,
  "consequences": 0.010675907216715925,
  "chance": 0.007504853531873355,
  "who replied": 0.01616507437934952,
  "are talking": 0.010485586371865085,
  "how things work": 0.017597196653233702,
  "support it": 0.013000867001323923,
  "continue": 0.0080772233759885,
  "support": 0.005566110092318375,
  "it doesnt work": 0.012337834521819581,
  "the notsohostile": 0.020461441201002073,
  "progun people": 0.01616507437934952,
  "computer center monapr": 0.016440965686424978,
  "learning one": 0.020461441201002073,
  "demand for progun": 0.020461441201002073,
  "interested in": 0.013447739633306722,
  "for the progun": 0.020461441201002073,
  "learn as": 0.017597196653233702,
  "freeman even": 0.020461441201002073,
  "the progun": 0.016759458826563944,
  "i supported": 0.020461441201002073,
  "read as": 0.014732952105465335,
  "failure": 0.009664443941264053,
  "possibility that": 0.011625354178241627,
  "forget": 0.007885460360274165,
  "without ranting": 0.020461441201002073,
  "my homework": 0.018191581100448127,
  "isnt a": 0.010193231904357444,
  "chicago academic computer": 0.012738983311986848,
  "inaccuracy i oppose": 0.020461441201002073,
  "time": 0.0032563944913785356,
  "inform everyone": 0.020461441201002073,
  "my statement": 0.028543823420376084,
  "this group": 0.008556376360547163,
  "about in fact": 0.018191581100448127,
  "person doesnt know": 0.020461441201002073,
  "take the time": 0.015008843412540794,
  "tpg for those": 0.020461441201002073,
  "position isnt": 0.017597196653233702,
  "antigun": 0.013000867001323923,
  "continue to post": 0.01713615625795641,
  "flowing on": 0.018191581100448127,
  "time to": 0.007604878663664534,
  "university": 0.00201685155585334,
  "statement that": 0.011433656381855334,
  "notsohostile": 0.020461441201002073,
  "have several good": 0.020461441201002073,
  "to go readonly": 0.020461441201002073,
  "academic": 0.009642346236477384,
  "theyre talking": 0.015008843412540794,
  "of illinois": 0.008072077381541285,
  "control": 0.012280436924320456,
  "post even": 0.017597196653233702,
  "been some type": 0.020461441201002073,
  "chance andy": 0.020461441201002073,
  "is to realize": 0.01902931892711789,
  "center": 0.006049428954192255,
  "i oppose": 0.016440965686424978,
  "slung by some": 0.020461441201002073,
  "interested": 0.011793730165409778,
  "article andy": 0.012788771641695652,
  "always the possibility": 0.01902931892711789,
  "nut but it": 0.020461441201002073,
  "no demand": 0.020461441201002073,
  "figure": 0.007740410239048446,
  "to forget": 0.014489598726009996,
  "time to figure": 0.01902931892711789,
  "in article andy": 0.012788771641695652,
  "progun": 0.04030252165055484,
  "readonly": 0.015704033984072226,
  "theres lots": 0.01713615625795641,
  "id support": 0.020461441201002073,
  "inform everyone of": 0.020461441201002073,
  "control before i": 0.020461441201002073,
  "from my statement": 0.020461441201002073,
  "am learning": 0.01902931892711789,
  "andy jason": 0.020461441201002073,
  "everyone on tpg": 0.01902931892711789,
  "university of illinois": 0.008124123350195332,
  "learn a thing": 0.020461441201002073,
  "work if": 0.012642867577204012,
  "freeman that maybe": 0.020461441201002073,
  "tpg in": 0.01902931892711789,
  "defense against inaccuracy": 0.020461441201002073,
  "being slung": 0.020461441201002073,
  "control before": 0.018191581100448127,
  "statement to": 0.030017686825081588,
  "out how things": 0.020461441201002073,
  "mistake": 0.009190116582494424,
  "posts of yours": 0.020461441201002073,
  "material now that": 0.020461441201002073,
  "talking about there": 0.017597196653233702,
  "good sources": 0.016440965686424978,
  "group": 0.005309217243031651,
  "fact theyd": 0.020461441201002073,
  "andy freeman": 0.013895214278795573,
  "of misinformation": 0.01616507437934952,
  "of the notsohostile": 0.020461441201002073,
  "readonly for": 0.020461441201002073,
  "ranting": 0.014171105585871032,
  "mistakes sure": 0.020461441201002073,
  "accept mistakes sure": 0.020461441201002073,
  "worry about": 0.010027854409164186,
  "learn": 0.015818146736348425,
  "a progun person": 0.020461441201002073,
  "against inaccuracy": 0.020461441201002073,
  "if they didnt": 0.013237252024418436,
  "posts": 0.00835827352644947,
  "freeman says": 0.015704033984072226,
  "kratz position": 0.020461441201002073,
  "statement that i": 0.01902931892711789,
  "information flowing": 0.018191581100448127,
  "people get angry": 0.01902931892711789,
  "sources of material": 0.020461441201002073,
  "so has consequences": 0.020461441201002073,
  "demand": 0.009514504493258195,
  "interested in learning": 0.03184344199978836,
  "learning one can": 0.020461441201002073,
  "how things": 0.013983147366437715,
  "cause another good": 0.020461441201002073,
  "consequences ah freeman": 0.020461441201002073,
  "material now": 0.020461441201002073,
  "gun": 0.014774383295685157,
  "folks": 0.007692811751306675,
  "in learning": 0.028979197452019993,
  "oppose gun": 0.020461441201002073,
  "monapr": 0.005401673237115178,
  "kratz": 0.013366426315702184,
  "they accepted": 0.016759458826563944,
  "good habit": 0.040922882402004146,
  "several good sources": 0.020461441201002073,
  "down theres lots": 0.020461441201002073,
  "read several posts": 0.020461441201002073,
  "calm down theres": 0.020461441201002073,
  "without ranting inaccurately": 0.020461441201002073,
  "it doesnt": 0.007580427304889735,
  "of material": 0.013810871314910749,
  "re statement": 0.018191581100448127,
  "work another": 0.01902931892711789,
  "dont worry about": 0.014607694622373527,
  "read do": 0.01902931892711789,
  "progun person doesnt": 0.020461441201002073,
  "monapr cdt re": 0.01713615625795641,
  "supported gun control": 0.020461441201002073,
  "informative why": 0.020461441201002073,
  "doesnt work": 0.010341937482095229,
  "what theyre talking": 0.017597196653233702,
  "dont you": 0.00879729471826811,
  "fact i": 0.010826236461101108,
  "illinois": 0.007650471833145275,
  "work if it": 0.01902931892711789,
  "supported": 0.008886815538027485,
  "academic computer center": 0.012738983311986848,
  "computer": 0.004221389429365367,
  "progun person": 0.020461441201002073,
  "get angry": 0.016440965686424978,