{
  "team alan": 0.01781808196687262,
  "require quite": 0.01781808196687262,
  "to mention": 0.009797032879093467,
  "and set": 0.012334737146553414,
  "a good": 0.005673448140687497,
  "in article": 0.0017939709235926112,
  "give up players": 0.020718279375073225,
  "alberta in article": 0.013984229532252724,
  "sharks were unwilling": 0.020718279375073225,
  "royal college": 0.015052902385319648,
  "mount": 0.010685244760854104,
  "dont think": 0.006916719329285254,
  "compensation and": 0.0169698286026296,
  "press box because": 0.020718279375073225,
  "bite the": 0.0169698286026296,
  "alberta": 0.011213478575345185,
  "makarov has spent": 0.020718279375073225,
  "in the press": 0.014158668044677516,
  "year old": 0.011084032124052115,
  "bite the bullet": 0.019268180670972922,
  "season in the": 0.016367983262772313,
  "detriment to": 0.019268180670972922,
  "intelligence of signing": 0.020718279375073225,
  "the offer": 0.014158668044677516,
  "calgary": 0.021731411464320786,
  "the makarov offer": 0.020718279375073225,
  "calgary alberta": 0.012801564659763056,
  "the downside": 0.0169698286026296,
  "just plain": 0.011985251613785282,
  "has spent": 0.0169698286026296,
  "offer on": 0.015519729898529292,
  "makarov offer": 0.020718279375073225,
  "dig": 0.012452079126994928,
  "like san jose": 0.019268180670972922,
  "nelson lu": 0.01390217783109523,
  "and makarov": 0.04143655875014645,
  "development goes": 0.020718279375073225,
  "ineffective": 0.01284965988617456,
  "release": 0.008247556907242111,
  "spent": 0.009192362352838965,
  "improvement in": 0.013602803681219345,
  "press box": 0.01781808196687262,
  "they offered": 0.017351254453662972,
  "i think makarov": 0.020718279375073225,
  "dig into": 0.01781808196687262,
  "this offseason": 0.020718279375073225,
  "bullet and buy": 0.020718279375073225,
  "a team": 0.01065094808768323,
  "help a team": 0.020718279375073225,
  "mention that": 0.01253413082815242,
  "dig into the": 0.019268180670972922,
  "college calgary": 0.015052902385319648,
  "set the sharks": 0.020718279375073225,
  "the good free": 0.020718279375073225,
  "release him with": 0.020718279375073225,
  "mdt": 0.012017687150471402,
  "into the free": 0.020718279375073225,
  "only real mistake": 0.020718279375073225,
  "nifty passes i": 0.020718279375073225,
  "year old who": 0.020718279375073225,
  "the nifty passes": 0.020718279375073225,
  "no longer": 0.007855374990308275,
  "the season": 0.010278043837879216,
  "good approach they": 0.020718279375073225,
  "players": 0.007886902716084422,
  "year million contract": 0.020718279375073225,
  "far as player": 0.020718279375073225,
  "request and makarov": 0.020718279375073225,
  "takers": 0.01425166336386336,
  "contract hes": 0.020718279375073225,
  "agents": 0.0091839096132218,
  "matched the": 0.0184199273067299,
  "article nelson lu": 0.016121575238386573,
  "offer": 0.01465723889529783,
  "sergei makarov before": 0.020718279375073225,
  "signing a year": 0.020718279375073225,
  "nifty": 0.013280312719237634,
  "detriment": 0.0169698286026296,
  "on kings request": 0.020718279375073225,
  "matched": 0.014451057045462366,
  "intelligence": 0.009077023292808177,
  "bit of compensation": 0.020718279375073225,
  "quarter of the": 0.0169698286026296,
  "hes lost a": 0.020718279375073225,
  "dave": 0.007502453670581001,
  "stinks not to": 0.020718279375073225,
  "longer get himself": 0.020718279375073225,
  "improvement": 0.010685244760854104,
  "as player": 0.020718279375073225,
  "ethic just plain": 0.020718279375073225,
  "detriment to the": 0.020718279375073225,
  "intelligence of": 0.015519729898529292,
  "takers and": 0.020718279375073225,
  "sharks were": 0.019268180670972922,
  "team": 0.01367109198995128,
  "murphy and i": 0.020718279375073225,
  "ineffective in calgary": 0.020718279375073225,
  "market": 0.008318852542499146,
  "of his career": 0.015701762067963664,
  "development": 0.007873332613093614,
  "for joe murphy": 0.020718279375073225,
  "buy out makarovs": 0.020718279375073225,
  "bit": 0.005689261142725,
  "think makarov": 0.020718279375073225,
  "a bit": 0.006863182463044274,
  "makarov apr mdt": 0.020718279375073225,
  "camp i": 0.019268180670972922,
  "pay": 0.0067600514556986095,
  "just bite": 0.020718279375073225,
  "the nifty": 0.020718279375073225,
  "required compensation": 0.020718279375073225,
  "is a detriment": 0.020718279375073225,
  "lost": 0.007392126691332167,
  "mention that hes": 0.020718279375073225,
  "murphy": 0.012084107021422407,
  "king": 0.008799673754769035,
  "matched the offer": 0.020718279375073225,
  "a good approach": 0.019268180670972922,
  "his current": 0.016647337640647884,
  "talent if": 0.019268180670972922,
  "box because": 0.020718279375073225,
  "makarov apr": 0.020718279375073225,
  "jose": 0.009387525395566072,
  "unwilling": 0.013164057800503719,
  "his work ethic": 0.020718279375073225,
  "ethic": 0.013602803681219345,
  "plain stinks not": 0.020718279375073225,
  "free this": 0.017351254453662972,
  "his work": 0.014451057045462366,
  "makarov doesnt show": 0.020718279375073225,
  "offered for": 0.016367983262772313,
  "kings request": 0.020718279375073225,
  "apr mdt mount": 0.015052902385319648,
  "camp": 0.011921851301033548,
  "compensation and set": 0.020718279375073225,
  "for free": 0.012223628725394526,
  "on the downside": 0.01781808196687262,
  "will require": 0.01382322317004325,
  "downside of": 0.0184199273067299,
  "the free": 0.010773530021294222,
  "and makarov doesnt": 0.020718279375073225,
  "nelson": 0.011281334800770194,
  "offseason to anybody": 0.020718279375073225,
  "will just bite": 0.020718279375073225,
  "step and can": 0.020718279375073225,
  "were unwilling": 0.01781808196687262,
  "dont think the": 0.011953311295520035,
  "good free": 0.0184199273067299,
  "this season": 0.011550859637261759,
  "player": 0.008269236378027773,
  "this year": 0.008683608582550982,
  "hes ineffective in": 0.020718279375073225,
  "only real": 0.01425166336386336,
  "dave king": 0.020718279375073225,
  "contract hes ineffective": 0.020718279375073225,
  "the only real": 0.01467147653428627,
  "career": 0.010306702508084579,
  "himself into position": 0.020718279375073225,
  "agents will": 0.0184199273067299,
  "makarov will": 0.020718279375073225,
  "lu writes": 0.01467147653428627,
  "mistake dave king": 0.020718279375073225,
  "attitude": 0.009200849383582928,
  "set the": 0.00986600781473692,
  "think the sharks": 0.017351254453662972,
  "free agent": 0.015052902385319648,
  "season because makarov": 0.020718279375073225,
  "year": 0.016152225014080483,
  "current": 0.006671897513337932,
  "as player development": 0.020718279375073225,
  "matching the": 0.0169698286026296,
  "have required compensation": 0.020718279375073225,
  "team like san": 0.020718279375073225,
  "a step": 0.012801564659763056,
  "offer was": 0.01781808196687262,
  "sign sergei": 0.020718279375073225,
  "buy": 0.006296404156239262,
  "think the flames": 0.019268180670972922,
  "his career": 0.012619532490328687,
  "signing a": 0.016647337640647884,
  "offer was the": 0.019268180670972922,
  "training camp i": 0.020718279375073225,
  "season": 0.016409721046152813,
  "offseason": 0.015352276535195533,
  "offer on kings": 0.020718279375073225,
  "makarovs": 0.020718279375073225,
  "makarov has": 0.020718279375073225,
  "agrees to": 0.0184199273067299,
  "the team alan": 0.020718279375073225,
  "quite a bit": 0.011375375361151505,
  "mention": 0.007877846207528804,
  "sharks back": 0.020718279375073225,
  "free": 0.01760955245190508,
  "contract and release": 0.020718279375073225,
  "their shortage": 0.020718279375073225,
  "goes remember": 0.020718279375073225,
  "ethic just": 0.020718279375073225,
  "quarter": 0.011685877463909396,
  "the flames": 0.012949300156026558,
  "joe": 0.008404254204675412,
  "lu": 0.013164057800503719,
  "kings request and": 0.020718279375073225,
  "bit of": 0.009323431317193919,