{
  "great post ": 0.17684531323723218,
  "gmt": 0.0029362475726191495,
  "usenet news trinity": 0.13971242856437796,
  "talkpoliticsguns sender": 0.12523153184622923,
  "great post": 0.14484960842958836,
  "in waco talkpoliticsguns": 0.17684531323723218,
  "batf fbi do": 0.15209005678866272,
  "trinity college hartford": 0.13971242856437796,
  "trinity college": 0.12009435198101887,
  "hartford ct": 0.13402575479440415,
  "talkpoliticsguns sender sacm": 0.13971242856437796,
  "ditto great": 0.17684531323723218,
  "friapr gmt ditto": 0.17684531323723218,
  "ct friapr gmt": 0.14484960842958836,
  "gmt ditto": 0.16446768501294745,
  "ditto": 0.10464796916875808,
  "gmt ditto great": 0.17684531323723218,
  "sender": 0.011684884744939566,
  "fbi do": 0.1420969177183873,
  "in waco": 0.08391662239657514,
  "friapr": 0.03949429854418673,
  "college hartford ct": 0.13971242856437796,
  "waco": 0.06815290739951242,
  "college": 0.05379872180603279,
  "usenet": 0.03638867470714665,
  "ct friapr": 0.14484960842958836,
  "re batf": 0.1420969177183873,
  "thing in waco": 0.14810535051519466,
  "batf": 0.07775466886410326,
  "hartford": 0.10847671687135549,
  "friapr gmt": 0.041097063953747084,
  "fbi do right": 0.15209005678866272,
  "usenet news": 0.0429270401909424,
  "re batf fbi": 0.1572272366538731,
  "great": 0.04464779375348057,
  "news trinity": 0.13971242856437796,
  "news": 0.02741265183944149,
  "talkpoliticsguns": 0.10176151646239351,
  "sender sacm usenet": 0.13760916007051396,
  "batf fbi": 0.12733480034009323,
  "post ": 0.2896992168591767,
  "waco talkpoliticsguns sender": 0.17684531323723218,
  "sacm usenet": 0.13760916007051396,
  "waco talkpoliticsguns": 0.17684531323723218,
  "fbi": 0.06513549106306493,
  "hartford ct friapr": 0.15209005678866272,
  "post": 0.04615710701280538,
  "ditto great post": 0.17684531323723218,
  "sender sacm": 0.13760916007051396,
  "college hartford": 0.13971242856437796,
  "sacm usenet news": 0.13760916007051396,
  "sacm": 0.13760916007051396,
  "trinity": 0.10176151646239351,
  "ct": 0.09356961512808815,
  "news trinity college": 0.13971242856437796
}