{
  "diego": 0.028233768187324735,
  "qualcomm inc san": 0.042119544315433,
  "moved to": 0.034657499000664005,
  "my kill": 0.046346051513969255,
  "skirsky": 0.06038620452003051,
  "san diego": 0.02848920075872205,
  "news": 0.009360417701272706,
  "kill file since": 0.06038620452003051,
  "file since last": 0.06038620452003051,
  "admit": 0.02502588345624681,
  "game": 0.018495634935895594,
  "nntppostinghost": 0.010382772830953898,
  "hes": 0.021083034889630637,
  "happened to good": 0.06038620452003051,
  "roger sender nntppostinghost": 0.06038620452003051,
  "happened": 0.020319844993569626,
  "speaking": 0.025709525517958434,
  "roger and": 0.046346051513969255,
  "good ol gln": 0.06038620452003051,
  "gmt speaking of": 0.051933190122958,
  "ilk": 0.046346051513969255,
  "the leafs ray": 0.06038620452003051,
  "reader": 0.03065939157368202,
  "ive moved to": 0.06038620452003051,
  "doesnt": 0.026871891876683134,
  "sender": 0.003989960644613511,
  "gln roger": 0.06038620452003051,
  "monapr gmt": 0.016665963401435214,
  "find": 0.012937692573473556,
  "find that hes": 0.06038620452003051,
  "years": 0.015030207385613998,
  "as the subject": 0.04276198648407828,
  "long": 0.014564254760953247,
  "have kill": 0.056159697321494256,
  "in my kill": 0.051933190122958,
  "ca monapr": 0.042119544315433,
  "must admit": 0.03853547928554203,
  "skirsky ": 0.12077240904006102,
  "to good": 0.04051976221502147,
  "new news reader": 0.06038620452003051,
  "long as": 0.024563456161176663,
  "doesnt have": 0.028018718560267063,
  "files": 0.02042319595889751,
  "ray skirsky": 0.06038620452003051,
  "the leafs": 0.03474783488959778,
  "kill files": 0.0505725587125055,
  "now that ive": 0.0505725587125055,
  "ol gln i": 0.06038620452003051,
  "gln": 0.12077240904006102,
  "leafs ray skirsky": 0.06038620452003051,
  "that ive moved": 0.06038620452003051,
  "touch": 0.02921554727395402,
  "whatever happened": 0.04429439153457161,
  "nntppostinghost athenaqualcommcom qualcomm": 0.06038620452003051,
  "qualcomm inc": 0.0407589129049805,
  "and ilk": 0.06038620452003051,
  "athenaqualcommcom qualcomm": 0.06038620452003051,
  "gmt speaking": 0.051933190122958,
  "admit however that": 0.06038620452003051,
  "monapr gmt speaking": 0.06038620452003051,
  "game as long": 0.06038620452003051,
  "diego ca monapr": 0.05368734910132253,
  "ilk whatever happened": 0.06038620452003051,
  "reader which doesnt": 0.06038620452003051,
  "monapr": 0.0159415234558765,
  "file since": 0.05368734910132253,
  "i find": 0.024361308555585805,
  "inc san diego": 0.0407589129049805,
  "about the game": 0.051933190122958,
  "gln i": 0.06038620452003051,
  "my kill file": 0.046346051513969255,
  "gln roger seems": 0.06038620452003051,
  "happened to": 0.027581952364295996,
  "inc san": 0.0407589129049805,
  "news reader": 0.03985391287377152,
  "that ive": 0.030753202054410556,
  "san": 0.021576748685567634,
  "touch on": 0.0505725587125055,
  "sender nntppostinghost athenaqualcommcom": 0.06038620452003051,
  "news reader which": 0.06038620452003051,
  "ive moved": 0.051933190122958,
  "roger": 0.08369746413101382,
  "speaking of": 0.032948340676553285,
  "wheres roger sender": 0.05368734910132253,
  "last years": 0.039253668527349246,
  "of roger": 0.0505725587125055,
  "ray": 0.026792373199128205,
  "speaking of roger": 0.056159697321494256,
  "re wheres roger": 0.05368734910132253,
  "files i": 0.03774247240597985,
  "gmt": 0.0010026211223577585,
  "gln i had": 0.06038620452003051,
  "last years playoffs": 0.051933190122958,
  "reader which": 0.06038620452003051,
  "long as the": 0.03414190517122459,
  "diego ca": 0.03641165797902852,
  "which doesnt": 0.03853547928554203,
  "roger and ilk": 0.06038620452003051,
  "leafs": 0.030706116407496466,
  "unlike gln roger": 0.06038620452003051,
  "files i find": 0.06038620452003051,
  "admit however": 0.06038620452003051,
  "the subject": 0.02431180169925346,
  "roger seems": 0.06038620452003051,
  "touch on the": 0.056159697321494256,
  "ive": 0.012663990279445057,
  "a new news": 0.06038620452003051,
  "kill": 0.044296940358862245,
  "the subject doesnt": 0.056159697321494256,
  "sender nntppostinghost": 0.0181809716898407,
  "doesnt touch": 0.06038620452003051,
  "years playoffs": 0.045764891881016054,
  "that hes": 0.03562740567523527,
  "leafs ray": 0.06038620452003051,
  "kill files i": 0.06038620452003051,
  "doesnt have kill": 0.06038620452003051,
  "good ol": 0.045234334704250014,
  "ca": 0.019235231669471487,
  "ol gln": 0.06038620452003051,
  "the game": 0.02414962296437989,
  "have kill files": 0.06038620452003051,
  "playoffs and now": 0.056159697321494256,
  "nntppostinghost athenaqualcommcom": 0.06038620452003051,
  "subject doesnt touch": 0.06038620452003051,
  "game as": 0.04474626941355772,
  "ol": 0.03678132030717752,
  "athenaqualcommcom": 0.056159697321494256,
  "as long": 0.0252709498012666,
  "on the leafs": 0.056159697321494256,
  "i must admit": 0.04006788433603536,
  "wheres roger": 0.0505725587125055,
  "new news": 0.05368734910132253,
  "qualcomm": 0.03888400619920025,
  "file": 0.018721376881090258,
  "ca monapr gmt": 0.042119544315433,
  "san diego ca": 0.03641165797902852,
  "ray skirsky ": 0.06038620452003051,
  "moved to a": 0.051933190122958,
  "moved": 0.027148165169020137,
  "ilk whatever": 0.06038620452003051,
  "doesnt touch on": 0.06038620452003051,
  "hes gone": 0.049460841902786275,
  "playoffs and": 0.041007827505713766,
  "years playoffs and": 0.056159697321494256,
  "playoffs": 0.02839215529953974,
  "athenaqualcommcom qualcomm inc": 0.06038620452003051,
  "unlike gln": 0.06038620452003051,
  "since last years": 0.056159697321494256,
  "subject doesnt": 0.056159697321494256,
  "subject": 0.01869515077194763,
  "hes gone i": 0.06038620452003051,
  "to good ol": 0.06038620452003051,
  "good": 0.009854029179697587,
  "roger seems to": 0.06038620452003051,
  "that unlike gln": 0.06038620452003051,
  "kill file": 0.041267337349730815,
  "roger sender": 0.05368734910132253,
  "find that": 0.028963694797483074
}