{
  "dalhousie university halifax": 0.014108356231568234,
  "the decision": 0.012708970039657812,
  "the air": 0.011175458578242002,
  "complaints about": 0.01386228181760756,
  "in article": 0.0018971639413213899,
  "cbc news they": 0.021910038808152663,
  "canada cant": 0.01947948064738251,
  "juggling the news": 0.021910038808152663,
  "the game ends": 0.020376527346736853,
  "reiniger says id": 0.021910038808152663,
  "ontariocentric": 0.021910038808152663,
  "news instead of": 0.020376527346736853,
  "cbcs feeling": 0.021910038808152663,
  "both ways": 0.015395793279023367,
  "edt re cbc": 0.021910038808152663,
  "decision": 0.00914826669356467,
  "hours of": 0.01424248150107362,
  "comments about": 0.014108356231568234,
  "for espn": 0.017604927858915244,
  "network would go": 0.021910038808152663,
  "hope": 0.0063865660561743,
  "the reason": 0.00914136375698006,
  "postgame": 0.018843015885321043,
  "coverage improves i": 0.020376527346736853,
  "marine": 0.013694171403939592,
  "hockey my": 0.020376527346736853,
  "the schedule": 0.015641867692984042,
  "my darren": 0.020376527346736853,
  "postgame show": 0.021910038808152663,
  "coverage i can": 0.018349335462059517,
  "university at kingston": 0.015918777301289364,
  "cbc to": 0.020376527346736853,
  "play": 0.007134945634138652,
  "see the leafs": 0.021910038808152663,
  "concession to": 0.021910038808152663,
  "the west": 0.011057660979749057,
  "reason for": 0.009757248004301888,
  "plenty of": 0.010560705368057366,
  "feeling": 0.009712187599823055,
  "for the decision": 0.01947948064738251,
  "ns canada": 0.015395793279023367,
  "feeling they": 0.020376527346736853,
  "reiniger says": 0.021910038808152663,
  "round": 0.009694417308457425,
  "university halifax ns": 0.015174369698145087,
  "havoc with the": 0.021910038808152663,
  "that prime": 0.020376527346736853,
  "west cant see": 0.021910038808152663,
  "shame": 0.011551341403010583,
  "remind themselves where": 0.018843015885321043,
  "cbc": 0.10018905388849336,
  "west cant": 0.021910038808152663,
  "aired as": 0.021910038808152663,
  "worst coverage": 0.020376527346736853,
  "count to and": 0.020376527346736853,
  "see news": 0.020376527346736853,
  "primetime": 0.018349335462059517,
  "the jets": 0.01386228181760756,
  "the no doubleheader": 0.021910038808152663,
  "first place": 0.010133468057846448,
  "was cbcs": 0.021910038808152663,
  "geology dalhousie university": 0.018843015885321043,
  "jets game": 0.01947948064738251,
  "comments about cbc": 0.021910038808152663,
  "plenty of complaints": 0.021910038808152663,
  "commitment that": 0.01947948064738251,
  "argued that": 0.014537904936083626,
  "improves i": 0.020376527346736853,
  "couldnt sell": 0.021910038808152663,
  "central": 0.00972112655897572,
  "sure that prime": 0.021910038808152663,
  "hope the later": 0.020376527346736853,
  "mansbridge": 0.021910038808152663,
  "darren this": 0.021910038808152663,
  "of complaints": 0.01641245772455089,
  "scrapped": 0.0179459691859667,
  "generation": 0.010166083725406633,
  "hockey my darren": 0.020376527346736853,
  "see cbc primetime": 0.020376527346736853,
  "putting": 0.008950009705313148,
  "time is aired": 0.021910038808152663,
  "argued": 0.012358073955196221,
  "to mansbridge": 0.021910038808152663,
  "darren reiniger centre": 0.018843015885321043,
  "darren": 0.040766398842421066,
  "decision was": 0.015775992962489428,
  "coverage improves": 0.020376527346736853,
  "to play havoc": 0.021910038808152663,
  "echo": 0.012574844770152424,
  "ends i": 0.01947948064738251,
  "place ": 0.03183755460257873,
  "news they argued": 0.021910038808152663,
  "cbc always gets": 0.021910038808152663,
  "news schedule darren": 0.021910038808152663,
  "aired as soon": 0.021910038808152663,
  "game": 0.026843222384839622,
  "about juggling": 0.021910038808152663,
  "comments": 0.008061407250486902,
  "ends i can": 0.020376527346736853,
  "mansbridge and cbc": 0.021910038808152663,
  "leafs and people": 0.021910038808152663,
  "a concession": 0.020376527346736853,
  "game the": 0.013299816909677823,
  "the jets game": 0.01947948064738251,
  "sentiments": 0.015282312539227901,
  "interviews no updating": 0.020376527346736853,
  "edt re": 0.011979427370692176,
  "they argued": 0.01947948064738251,
  "remind themselves": 0.018843015885321043,
  "worst coverage i": 0.020376527346736853,
  "university at": 0.012607621508615125,
  "improves i mean": 0.020376527346736853,
  "leafs and": 0.017604927858915244,
  "off the air": 0.018843015885321043,
  "espn": 0.011263613243169436,
  "time theyve": 0.018843015885321043,
  "monapr edt re": 0.016604960770988126,
  "is the worst": 0.015174369698145087,
  "and cbc news": 0.021910038808152663,
  "nothin tsn": 0.020376527346736853,
  "the later round": 0.020376527346736853,
  "jets": 0.011510745963479174,
  "to see cbc": 0.020376527346736853,
  "the news schedule": 0.021910038808152663,
  "of hockey": 0.027281716473458558,
  "cbcs": 0.020376527346736853,
  "cbc always": 0.021910038808152663,
  "canada people": 0.018843015885321043,
  "sell advertising for": 0.021910038808152663,
  "hours of hockey": 0.021910038808152663,
  "within one minute": 0.020376527346736853,
  "going to play": 0.015775992962489428,
  "couldnt sell advertising": 0.021910038808152663,
  "sell": 0.007699315437503281,
  "count": 0.009443690128574675,
  "game ending": 0.021910038808152663,
  "people in central": 0.021910038808152663,
  "see cbc": 0.020376527346736853,
  "kingston monapr edt": 0.01947948064738251,
  "schedule": 0.022563347329874982,
  "game ends i": 0.020376527346736853,
  "article darren reiniger": 0.021910038808152663,
  "of the game": 0.012133842773204435,
  "was a concession": 0.021910038808152663,
  "minute or": 0.016604960770988126,
  "can count": 0.015282312539227901,
  "generation is going": 0.018843015885321043,
  "of late scores": 0.020376527346736853,
  "ends": 0.010445915909276368,
  "prime time": 0.01947948064738251,
  "dalhousie": 0.014108356231568234,
  "signed off": 0.017048922486612352,
  "complaints": 0.01139324634995274,
  "tsn is really": 0.020376527346736853,
  "darren reiniger": 0.03768603177064209,
  "by that time": 0.01681582400064371,
  "centre for marine": 0.018843015885321043,
  "schedule darren reiniger": 0.021910038808152663,
  "ontariocentric frankly": 0.021910038808152663,
  "tsn is": 0.020376527346736853,
  "on cbc": 0.017604927858915244,
  "to ptn": 0.021910038808152663,
  "university halifax": 0.0140442245128221,
  "ever remember": 0.018843015885321043,
  "leafs": 0.011141157280596063,
  "canadian for": 0.01947948064738251,
  "in the west": 0.01380481392733486,
  "central canada": 0.021910038808152663,
  "coverage i": 0.015395793279023367,
  "earlier comments": 0.018843015885321043,
  "commitment": 0.012271302465919051,
  "in central": 0.015515411025196543,
  "cbc canadian": 0.01947948064738251,
  "feeling they couldnt": 0.021910038808152663,
  "centre": 0.010133468057846448,
  "news schedule": 0.021910038808152663,
  "where this generation": 0.018843015885321043,
  "the network": 0.010221534983511095,
  "advertising for": 0.020376527346736853,
  "canada": 0.01444009605070118,
  "hockey a lot": 0.021910038808152663,
  "possible news": 0.021910038808152663,
  "queens university": 0.015395793279023367,
  "in one night": 0.021910038808152663,
  "to see news": 0.021910038808152663,
  "mansbridge and": 0.021910038808152663,
  "with the schedule": 0.020376527346736853,
  "go to ptn": 0.021910038808152663,
  "really putting cbc": 0.020376527346736853,
  "updating of late": 0.020376527346736853,
  "echo these sentiments": 0.020376527346736853,
  "the worst coverage": 0.020376527346736853,
  "advertising for six": 0.021910038808152663,
  "hockey in one": 0.021910038808152663,
  "argued that if": 0.021910038808152663,
  "count to": 0.018349335462059517,
  "concession": 0.0179459691859667,
  "canadian for espn": 0.01947948064738251,
  "prime": 0.011192810740766397,