{
  "time this": 0.020661749685874312,
  "writes": 0.0023444149616949246,
  "members to": 0.025302583398282095,
  "nrasmillion if": 0.036275961689688656,
  "cat": 0.018446165167873334,
  "the polymath aka": 0.033736961028296916,
  "dillon has published": 0.036275961689688656,
  "impact of": 0.023580958382729948,
  "letter in the": 0.029148085685823038,
  "requesting": 0.022951470262119477,
  "hci counts all": 0.036275961689688656,
  "dillon puts": 0.032251740852076535,
  "film at": 0.031197960366905173,
  "sender": 0.002396899434859398,
  "monica": 0.024790634891413383,
  "prevent": 0.014725330230024628,
  "nrasmillion": 0.036275961689688656,
  "press telling people": 0.036275961689688656,
  "true whats": 0.033736961028296916,
  "information requestors": 0.036275961689688656,
  "the cat": 0.02209573820650957,
  "hci had something": 0.036275961689688656,
  "citizens": 0.01478706770824801,
  "the cat factory": 0.036275961689688656,
  "police": 0.013333110910964759,
  "prevent crime": 0.032251740852076535,
  "them last time": 0.036275961689688656,
  "members": 0.03964913780049842,
  "requesting information from": 0.036275961689688656,
  "couple": 0.01163335463895292,
  "letter in": 0.026880542797888155,
  "true": 0.018758669245078075,
  "blvd police enforce": 0.033736961028296916,
  "citizens prevent crime": 0.033736961028296916,
  "apr gmt": 0.005510082191754924,
  "factory mushroom": 0.036275961689688656,
  "blue press telling": 0.036275961689688656,
  "members can": 0.031197960366905173,
  "justice writes": 0.036275961689688656,
  "counts all information": 0.036275961689688656,
  "hci getting": 0.036275961689688656,
  "deny this": 0.027841584059673834,
  "head robot wrangler": 0.033736961028296916,
  "like members": 0.030380584721065574,
  "farm": 0.02017907833924016,
  "true and they": 0.033736961028296916,
  "michael justice": 0.036275961689688656,
  "press": 0.013129558342632118,
  "anyone confirm": 0.032251740852076535,
  "prevent crime ": 0.036275961689688656,
  "cat factory mushroom": 0.036275961689688656,
  "robot wrangler at": 0.033736961028296916,
  "re dillon": 0.032251740852076535,
  "to bankrupt": 0.036275961689688656,
  "couple of people": 0.030380584721065574,
  "gmt sender": 0.0065861905706221715,
  "hci had": 0.036275961689688656,
  "true whats the": 0.033736961028296916,
  "dillon puts foot": 0.032251740852076535,
  "mushroom farm": 0.033736961028296916,
  "gmt sender the": 0.019058084891914236,
  "the impact": 0.02225163423002164,
  "ca citizens prevent": 0.033736961028296916,
  "idea went": 0.036275961689688656,
  "writes dillon has": 0.036275961689688656,
  "michael": 0.011708700383451487,
  "idea went around": 0.036275961689688656,
  "hci by": 0.033736961028296916,
  "define": 0.015519819974991102,
  "requesting information": 0.031197960366905173,
  "play duelling mandates": 0.036275961689688656,
  "wrangler": 0.029712740190684792,
  "requestors as": 0.036275961689688656,
  "telling people how": 0.032251740852076535,
  "mouth film at": 0.033736961028296916,
  "hci": 0.10121033359312838,
  "couple of": 0.012899346241314669,
  "the nrasmillion": 0.036275961689688656,
  "telling": 0.015558042968736812,
  "play": 0.01181317006091821,
  "i heard hci": 0.036275961689688656,
  "dillon has": 0.036275961689688656,
  "mushroom farm in": 0.036275961689688656,
  "in the blue": 0.033736961028296916,
  "nrasmillion if true": 0.036275961689688656,
  "blue": 0.014654594168071928,
  "article michael": 0.01735733174857688,
  "impact of hci": 0.036275961689688656,
  "santa monica ca": 0.025688519353072665,
  "bankrupt hci": 0.033736961028296916,
  "article michael justice": 0.036275961689688656,
  "apr": 0.0048125409827441,
  "confirm or deny": 0.033736961028296916,
  "wrangler at citicorp": 0.033736961028296916,
  "aka jerry hollombe": 0.033736961028296916,
  "in article": 0.0031410919468031805,
  "time": 0.005773241515850591,
  "santa monica": 0.025490470923511217,
  "foot in": 0.025688519353072665,
  "that hci": 0.032251740852076535,
  "to the nrasmillion": 0.036275961689688656,
  "crimeocean park": 0.036275961689688656,
  "well the polymath": 0.036275961689688656,
  "article": 0.0028879390260566976,
  "park blvd": 0.031197960366905173,
  "puts": 0.01814863608390782,
  "published a": 0.02865895970551343,
  "at apr": 0.029148085685823038,
  "deny this if": 0.036275961689688656,
  "robot wrangler": 0.033736961028296916,
  "aka": 0.03519026456747842,
  "wrangler at": 0.033736961028296916,
  "mouth": 0.017485123906087655,
  "requestors as members": 0.036275961689688656,
  "at citicorp": 0.033736961028296916,
  "hollombe ma": 0.033736961028296916,
  "ca citizens": 0.033736961028296916,
  "in mouth film": 0.033736961028296916,
  "a couple": 0.012140699867221551,
  "justice": 0.015768921546837466,
  "factory mushroom farm": 0.036275961689688656,
  "of hci": 0.033736961028296916,
  "this if true": 0.036275961689688656,
  "recguns": 0.02865895970551343,
  "jerry hollombe ma": 0.033736961028296916,
  "aka jerry": 0.033736961028296916,
  "hci counts": 0.036275961689688656,
  "polymath": 0.033736961028296916,
  "heard": 0.009906250185336371,
  "laws santa monica": 0.033736961028296916,
  "something like members": 0.036275961689688656,
  "enforce laws santa": 0.033736961028296916,
  "the blue": 0.02031732129888429,
  "time this idea": 0.036275961689688656,
  "citicorp laws": 0.033736961028296916,
  "jerry hollombe": 0.033736961028296916,
  "mandates well the": 0.036275961689688656,
  "all information requestors": 0.036275961689688656,
  "apr gmt sender": 0.008293686335625753,
  "published": 0.015123758226156024,
  "citizens prevent": 0.033736961028296916,
  "press telling": 0.036275961689688656,
  "laws santa": 0.033736961028296916,
  "factory": 0.020412469600727737,
  "telling people": 0.025897890832339877,
  "writes dillon": 0.036275961689688656,
  "thousand new members": 0.036275961689688656,
  "a letter": 0.01858983078381942,
  "hci by requesting": 0.033736961028296916,
  "to bankrupt hci": 0.036275961689688656,
  "this idea": 0.020819889509556395,
  "published a letter": 0.036275961689688656,
  "robot": 0.024953461860537315,
  "in mouth": 0.030380584721065574,
  "at citicorp laws": 0.033736961028296916,
  "farm in": 0.036275961689688656,
  "counts all": 0.033736961028296916,
  "hollombe": 0.033736961028296916,
  "confirm or": 0.032251740852076535,
  "idea": 0.010137912799475674,
  "recguns a couple": 0.036275961689688656,
  "foot": 0.018097043630128554,
  "aka head": 0.033736961028296916,
  "duelling mandates": 0.036275961689688656,
  "members can anyone": 0.036275961689688656,
  "mushroom": 0.032251740852076535,
  "heard hci": 0.036275961689688656,
  "or deny": 0.030380584721065574,
  "confirm": 0.020559993040793447,
  "members last i": 0.036275961689688656,
  "head": 0.012647864905277754,
  "mouth film": 0.033736961028296916,
  "crimeocean park blvd": 0.036275961689688656,
  "laws define": 0.033736961028296916,
  "re dillon puts": 0.032251740852076535,
  "police enforce": 0.033736961028296916,
  "monica ca citizens": 0.033736961028296916,
  "citicorp": 0.033736961028296916,
  "deny": 0.017731657539406726,
  "impact": 0.01777832063749255,
  "ma cdp aka": 0.033736961028296916,
  "want to play": 0.02611995904412169,
  "monica ca": 0.025490470923511217,
  "duelling mandates well": 0.036275961689688656,
  "new members": 0.030380584721065574,
  "members to the": 0.032251740852076535,
  "dillon": 0.047161916765459895,
  "enforce laws": 0.029148085685823038,
  "justice writes dillon": 0.036275961689688656,
  "park": 0.016065511519488263,
  "cdp aka head": 0.033736961028296916,
  "members last": 0.030380584721065574,
  "cdp aka": 0.033736961028296916,
  "play duelling": 0.036275961689688656,
  "gmt": 0.0006023071943834152,
  "the blue press": 0.033736961028296916,
  "that hci counts": 0.036275961689688656,
  "film": 0.019370758331295763,
  "santa": 0.017485123906087655,
  "letter": 0.014766372717251236,
  "if true": 0.04990692372107463,