{
  "life": 0.006794696487358686,
  "irrational the": 0.02002858783223938,
  "action": 0.009068780478287707,
  "shot federales": 0.024452685287123466,
  "surrendered deleted if": 0.024452685287123466,
  "chose courses of": 0.021029736247321264,
  "world andrew diederich": 0.024452685287123466,
  "weapons the": 0.016504843744239016,
  "mine": 0.008019499236832976,
  "wave that watch": 0.024452685287123466,
  "and no deaths": 0.021029736247321264,
  "stay": 0.009798625544852876,
  "sender": 0.0016156877672015204,
  "why the davidians": 0.020478764515681237,
  "surrendered deleted": 0.024452685287123466,
  "dont deserve since": 0.024452685287123466,
  "sender usenet news": 0.006040260375710178,
  "lived": 0.011157635749372627,
  "to stockpile weapons": 0.021029736247321264,
  "chose": 0.012198747928457026,
  "about waco": 0.016605638792437177,
  "usenet": 0.005031520453333858,
  "siege": 0.01522387141481885,
  "wave": 0.012130629517299422,
  "felt": 0.011123888493252469,
  "only mine": 0.02002858783223938,
  "sender usenet": 0.00550760406084566,
  "davidians could": 0.024452685287123466,
  "to stay": 0.012472363647815767,
  "thier": 0.014793369224337917,
  "hadnt": 0.01284656092714219,
  "isnt": 0.013078778919544023,
  "action at": 0.019647968869702936,
  "diederich these": 0.021740062352140477,
  "one firearm": 0.021740062352140477,
  "newsflash it": 0.024452685287123466,
  "mine when they": 0.024452685287123466,
  "writes endless": 0.024452685287123466,
  "lived a": 0.017766141580698253,
  "they wave": 0.024452685287123466,
  "easily": 0.009213918379936018,
  "inside": 0.018521505415214315,
  "courses": 0.01469652795729278,
  "time round i": 0.024452685287123466,
  "they were expecting": 0.021029736247321264,
  "stockpiling weapons": 0.020478764515681237,
  "that the davidians": 0.01731596489725639,
  "nasty things to": 0.024452685287123466,
  "hadnt been": 0.01811947699709498,
  "time round": 0.024452685287123466,
  "spotcoloradoedu university": 0.016138374595798834,
  "staying inside": 0.024452685287123466,
  "weapons then": 0.022741210767222363,
  "davidians didnt": 0.021740062352140477,
  "been no raid": 0.021029736247321264,
  "neighbors": 0.012891867442372303,
  "they hadnt": 0.017606787207519067,
  "boulder": 0.011226546337316026,
  "raid no": 0.019647968869702936,
  "were so nice": 0.022741210767222363,
  "eyes ": 0.04205947249464253,
  "article dan": 0.014222722999736963,
  "atf": 0.010741673966329347,
  "own lots": 0.024452685287123466,
  "surrendered": 0.01682048169858441,
  "shoot federal": 0.021029736247321264,
  "at every turn": 0.019647968869702936,
  "dan hartung": 0.018531956218485513,
  "stockpiling weapons then": 0.024452685287123466,
  "davidians the": 0.017936494349801838,
  "to shoot": 0.014034147743478756,
  "article": 0.0019466848249715515,
  "the feds shot": 0.024452685287123466,
  "in article": 0.0021173286456228845,
  "time": 0.0038915924292029906,
  "infront of my": 0.024452685287123466,
  "university of colorado": 0.011999783763866064,
  "federales": 0.022741210767222363,
  "life as": 0.01522387141481885,
  "nntppostinghost spotcoloradoedu": 0.01597370453530829,
  "writes endless remarks": 0.024452685287123466,
  "surrender so": 0.024452685287123466,
  "of firearms": 0.014426900075897737,
  "endless remarks": 0.024452685287123466,
  "illegal to": 0.02989229599790096,
  "davidians": 0.045141913560687745,
  "stockpile weapons the": 0.021029736247321264,
  "the feds": 0.012031850913314983,
  "watch": 0.009568046965566184,
  "was to stockpile": 0.021029736247321264,
  "they claimed": 0.01811947699709498,
  "stockpile": 0.017457096783280956,
  "nntppostinghost": 0.004204382084633183,
  "newsflash sometimes": 0.024452685287123466,
  "firearms they shot": 0.024452685287123466,
  "wave that": 0.024452685287123466,
  "watch infront": 0.024452685287123466,
  "gmt": 0.000405999664362154,
  "expecting": 0.013927549788256019,
  "lots of firearms": 0.021740062352140477,
  "lots of": 0.009213918379936018,
  "remarks of how": 0.024452685287123466,
  "that you dont": 0.01320854481403571,
  "deaths": 0.02409608405154927,
  "federales the": 0.024452685287123466,
  "the truth": 0.010024180553712698,
  "about waco sender": 0.024452685287123466,
  "they had lived": 0.018317113312338276,
  "courses of": 0.02002858783223938,
  "system nntppostinghost spotcoloradoedu": 0.01597370453530829,
  "nasty": 0.013157102624152149,
  "every turn": 0.01902743941715749,
  "point then if": 0.024452685287123466,
  "expecting the": 0.019647968869702936,
  "inside if": 0.021029736247321264,
  "colorado": 0.009885037500500028,
  "things to": 0.011875524297477137,
  "shoot federal agents": 0.021029736247321264,
  "that watch infront": 0.024452685287123466,
  "felt threatened": 0.024452685287123466,
  "quiet religious life": 0.021029736247321264,
  "does nasty things": 0.024452685287123466,
  "federal agents": 0.016054667060797154,
  "round i": 0.022741210767222363,
  "a quiet": 0.017457096783280956,
  "been your point": 0.024452685287123466,
  "eyes": 0.010703686512404704,
  "boulder usa satapr": 0.024452685287123466,
  "colorado boulder": 0.012434081705751655,
  "usa": 0.005728617325880596,
  "a newsflash": 0.024452685287123466,
  "truth about": 0.01597370453530829,
  "deserve since they": 0.024452685287123466,
  "religious life as": 0.021029736247321264,
  "didnt surrender": 0.024452685287123466,
  "sometimes the government": 0.024452685287123466,
  "no raid": 0.021029736247321264,
  "davidians could have": 0.024452685287123466,
  "that staying inside": 0.024452685287123466,
  "very least stupid": 0.021029736247321264,
  "firearm it": 0.022741210767222363,
  "news system": 0.006752488009928315,
  "you dont deserve": 0.021740062352140477,
  "heres a newsflash": 0.024452685287123466,
  "if not irrational": 0.021029736247321264,
  "have felt threatened": 0.024452685287123466,
  "staying": 0.01489416427253608,
  "federal": 0.009351717076054243,
  "newsflash": 0.04205947249464253,
  "nasty things": 0.021740062352140477,
  "agents": 0.010839280975604989,
  "you dont": 0.007394031511036499,
  "hartung writes endless": 0.024452685287123466,
  "nntppostinghost spotcoloradoedu university": 0.016138374595798834,
  "federal agents the": 0.021029736247321264,
  "deserve": 0.012164453824356615,
  "remarks": 0.013962573578359614,
  "weapons the second": 0.021029736247321264,
  "stockpiling": 0.016605638792437177,
  "been no deaths": 0.024452685287123466,
  "bothered": 0.013602193547191516,
  "to own lots": 0.024452685287123466,
  "satapr": 0.008022679064448849,
  "are only mine": 0.021740062352140477,
  "infront": 0.022741210767222363,
  "threatened": 0.013602193547191516,
  "hadnt been stockpiling": 0.024452685287123466,
  "have surrendered": 0.01902743941715749,
  "feds shot them": 0.024452685287123466,
  "threatened and had": 0.024452685287123466,
  "could have surrendered": 0.024452685287123466,
  "waco sender usenet": 0.020478764515681237,
  "davidians the first": 0.024452685287123466,
  "endless remarks of": 0.024452685287123466,
  "thier neighbors said": 0.024452685287123466,
  "had been quiet": 0.024452685287123466,
  "firearms": 0.01140773780875806,
  "turn": 0.008506171007259785,
  "deaths instead": 0.021029736247321264,
  "deaths i": 0.019318261727420166,
  "quiet religious": 0.021029736247321264,
  "government does": 0.015895312687617964,
  "they shot federales": 0.024452685287123466,
  "been quiet": 0.021740062352140477,
  "your point": 0.01328777522033571,
  "the davidians didnt": 0.021740062352140477,
  "shot": 0.019367522617434678,
  "irrational": 0.01379222080925603,
  "chose courses": 0.021029736247321264,
  "to shoot federal": 0.021029736247321264,
  "felt threatened and": 0.024452685287123466,
  "stupid if": 0.018317113312338276,
  "point then": 0.019647968869702936,
  "not irrational": 0.020478764515681237,
  "davidians never": 0.019318261727420166,
  "deleted": 0.00862915740796421,
  "quiet": 0.024718507364612795,