{
  "for both dan": 0.027058299293128425,
  "dod isu only": 0.017765410272193572,
  "dead": 0.009353259506443579,
  "nice pop": 0.027058299293128425,
  "iowa next": 0.027058299293128425,
  "was shot": 0.01965925502782184,
  "the magazines": 0.01948292027061536,
  "isu only censors": 0.017765410272193572,
  "exotic distant": 0.017953915385545898,
  "state university": 0.008515356805136398,
  "simple to tell": 0.027058299293128425,
  "iowa": 0.02707419481369855,
  "the time": 0.008347902368056393,
  "dead look": 0.027058299293128425,
  "uss iowa": 0.027058299293128425,
  "machines meet": 0.017953915385545898,
  "have shared responsibility": 0.027058299293128425,
  "these gunshot": 0.021054953453411976,
  "little difference": 0.01965925502782184,
  "that matter": 0.013331849782619472,
  "time the ammunition": 0.027058299293128425,
  "usenet": 0.011135332150820833,
  "brass": 0.0182635566022317,
  "iowa state": 0.014794265496046075,
  "a person": 0.011238735984665982,
  "bullet or": 0.020767083192051797,
  "generally": 0.010516115286927957,
  "distant machines": 0.017953915385545898,
  "wounds": 0.01578197583672107,
  "burning": 0.013010038209787822,
  "post to": 0.014291007395691521,
  "dod": 0.00947757109972008,
  "i read": 0.011148337830060067,
  "picture of the": 0.01849137520589031,
  "responsibility": 0.011323594992917274,
  "around the wound": 0.027058299293128425,
  "is little threat": 0.027058299293128425,
  "person was": 0.01887323843642353,
  "flame them": 0.017765410272193572,
  "ship sinks sorry": 0.027058299293128425,
  "if a person": 0.01815639618378011,
  "finally": 0.009883441111410214,
  "responsibility for both": 0.027058299293128425,
  "to exotic distant": 0.017953915385545898,
  "exploding ammunition or": 0.027058299293128425,
  "the uss": 0.020506672864717575,
  "explodes generally": 0.027058299293128425,
  "time": 0.004306270311003309,
  "caused": 0.01080683757405562,
  "to worry": 0.014342560631495844,
  "bruising": 0.025164454537500158,
  "from exploding": 0.027058299293128425,
  "by the time": 0.015570068092606658,
  "writes": 0.0017487029632314603,
  "crisp": 0.01916110869778371,
  "generally the": 0.01916110869778371,
  "desk": 0.014733546543082386,
  "generally the ship": 0.027058299293128425,
  "state university ames": 0.015611155189231085,
  "an enclosed space": 0.027058299293128425,
  "explodes": 0.019317279227401056,
  "prior to": 0.013822815450345388,
  "isu": 0.017423434471772793,
  "imagine": 0.010594184610545596,
  "burning sender usenet": 0.02266092794768006,
  "to being burned": 0.027058299293128425,
  "particularly bruising": 0.027058299293128425,
  "were quite dead": 0.027058299293128425,
  "sender": 0.0017878512178049612,
  "enclosed space you": 0.027058299293128425,
  "burned": 0.013157762858067263,
  "shared responsibility": 0.027058299293128425,
  "ship": 0.014094003860441948,
  "flame": 0.01157625916167369,
  "every where imho": 0.021054953453411976,
  "contention": 0.016369711846603435,
  "re waco": 0.01488795148915709,
  "unusual people and": 0.017953915385545898,
  "dont blame": 0.015570068092606658,
  "exotic": 0.01684608722131594,
  "have shared": 0.0240566263732702,
  "bullets go flying": 0.021054953453411976,
  "firefighters to": 0.027058299293128425,
  "ammunition or fire": 0.027058299293128425,
  "gunshot wounds": 0.018739931976944207,
  "thuapr": 0.00666346367936742,
  "censors": 0.017192403356942016,
  "exotic distant machines": 0.017953915385545898,
  "ia thuapr gmt": 0.020767083192051797,
  "unless that expanding": 0.027058299293128425,
  "round is chambered": 0.027058299293128425,
  "the feds": 0.013313933387684612,
  "dont blame them": 0.01750499994485935,
  "system iowa": 0.015738259057085986,
  "gas is held": 0.027058299293128425,
  "burned to": 0.01948292027061536,
  "its rather simple": 0.027058299293128425,
  "died from": 0.021054953453411976,
  "thuapr gmt pvasilion": 0.027058299293128425,
  "get a nice": 0.02327060978187189,
  "held in": 0.016481247350757136,
  "system": 0.00480428449234188,
  "waco burning": 0.019317279227401056,
  "quite dead": 0.025164454537500158,
  "from exploding ammunition": 0.027058299293128425,
  "exciting": 0.015189978468391582,
  "distant machines meet": 0.017953915385545898,
  "enclosed": 0.01750499994485935,
  "person was shot": 0.027058299293128425,
  "feds": 0.01305839771005941,
  "blame them usenet": 0.017953915385545898,
  "that expanding": 0.027058299293128425,
  "a picture": 0.014703685694633777,
  "blood around": 0.02266092794768006,
  "gas is": 0.0182635566022317,
  "bruising however its": 0.027058299293128425,
  "blame": 0.012005325695784223,
  "chambered there": 0.027058299293128425,
  "censors what i": 0.017765410272193572,
  "look for blood": 0.027058299293128425,
  "responsibility for": 0.01391025460631854,
  "sorenson dod": 0.017765410272193572,
  "system iowa state": 0.015738259057085986,
  "usenet news": 0.006568071723204302,
  "them usenet": 0.017858037462564286,
  "bullet": 0.014952242465687675,
  "contention that": 0.01916110869778371,
  "matter unless": 0.025164454537500158,
  "shot prior to": 0.027058299293128425,
  "space you": 0.021376765026243624,
  "fire the feds": 0.027058299293128425,
  "magazine explodes": 0.021054953453411976,
  "firefighters": 0.02266092794768006,
  "theres a picture": 0.027058299293128425,
  "exploding": 0.01887323843642353,
  "ames ia": 0.015225694538247738,
  "pvasilion writes": 0.01887323843642353,
  "person": 0.007704780583769693,
  "gmt pvasilion writes": 0.027058299293128425,
  "wounds were actually": 0.021054953453411976,
  "gmt": 0.0004492619236794327,
  "penetration by": 0.027058299293128425,
  "flying": 0.013517788206786181,
  "a magazine": 0.0182635566022317,
  "post to exotic": 0.017953915385545898,
  "flame them ": 0.01815639618378011,
  "where imho": 0.021054953453411976,
  "difference": 0.008710257253962628,
  "crisp see by": 0.027058299293128425,
  "died": 0.010968468805880115,
  "gmt pvasilion": 0.027058299293128425,
  "bullet or the": 0.025164454537500158,
  "iowa state university": 0.014794265496046075,
  "the bullet": 0.019013384049504266,
  "distant": 0.015652869593960016,
  "to a crisp": 0.025164454537500158,
  "matter": 0.00806700211159131,
  "imho these gunshot": 0.021054953453411976,
  "died from exploding": 0.027058299293128425,
  "pop and not": 0.027058299293128425,
  "brass for": 0.027058299293128425,
  "magazines went": 0.021054953453411976,
  "for blood": 0.021376765026243624,
  "of penetration": 0.025164454537500158,
  "state": 0.006078001483841118,
  "ia": 0.01455908896934869,
  "threat for": 0.0240566263732702,
  "censors what": 0.017765410272193572,
  "to my desk": 0.027058299293128425,
  "magazines": 0.014265591022297222,
  "gunshot wounds were": 0.021054953453411976,
  "an enclosed": 0.027058299293128425,
  "ammunition": 0.03221860303853843,
  "blood": 0.011349575287914615,
  "magazine explodes generally": 0.027058299293128425,
  "shot": 0.010715637513744597,
  "usenet post to": 0.017953915385545898,
  "ammunition went": 0.027058299293128425,
  "shot prior": 0.027058299293128425,
  "for that matter": 0.013441887758406193,
  "you imagine": 0.017423434471772793,
  "meet exciting unusual": 0.017953915385545898,
  "brass for that": 0.027058299293128425,
  "penetration by the": 0.027058299293128425,
  "feds seem to": 0.027058299293128425,
  "about finally": 0.025164454537500158,
  "dan sorenson dod": 0.017765410272193572,
  "wound particularly bruising": 0.027058299293128425,
  "is held": 0.017423434471772793,
  "its my contention": 0.027058299293128425,
  "the ammunition": 0.02327060978187189,
  "ammunition went up": 0.027058299293128425,
  "for even firefighters": 0.027058299293128425,
  "bullets": 0.01505160761369553,
  "people and flame": 0.017953915385545898,
  "exploding ammunition": 0.027058299293128425,
  "can you imagine": 0.01815639618378011,
  "isu only": 0.017765410272193572,
  "waco": 0.010427767252384416,
  "exciting unusual": 0.017953915385545898,