{
  "gmt": 0.003425622168055674,
  "b urn a": 0.20631953211010423,
  "acronym": 0.151339171076453,
  "thuapr gmt ibm": 0.15834900933939494,
  "ll": 0.1439084430777294,
  "austin b urn": 0.20631953211010423,
  "austin": 0.09095840154721804,
  "uckers ": 0.41263906422020846,
  "b": 0.06628983001029914,
  "a ll t": 0.20631953211010423,
  "acronym originator sender": 0.20631953211010423,
  "batf acronym": 0.18343177609618527,
  "gmt ibm austin": 0.12845141506253405,
  "sender thuapr": 0.1289534473870978,
  "sender": 0.013632365535762827,
  "batf acronym originator": 0.20631953211010423,
  "he f": 0.20631953211010423,
  "re batf": 0.16577973733811852,
  "thuapr gmt": 0.05327765273691063,
  "acronym originator": 0.20631953211010423,
  "batf": 0.0907137803414538,
  "t he": 0.18343177609618527,
  "urn": 0.18343177609618527,
  "sender thuapr gmt": 0.13844252090132333,
  "uckers": 0.20631953211010423,
  "ibm austin": 0.12481905283035118,
  "b urn": 0.20631953211010423,
  "gmt ibm": 0.12208929736355109,
  "urn a ll": 0.20631953211010423,
  "f uckers": 0.20631953211010423,
  "t he f": 0.20631953211010423,
  "ibm austin b": 0.20631953211010423,
  "urn a": 0.20631953211010423,
  "f": 0.07994228023294281,
  "re batf acronym": 0.1918789658484387,
  "originator": 0.07872196146647495,
  "a ll": 0.20631953211010423,
  "he f uckers": 0.20631953211010423,
  "f uckers ": 0.20631953211010423,
  "austin b": 0.16577973733811852,
  "originator sender thuapr": 0.1918789658484387,
  "originator sender": 0.08798260275558198,
  "ibm": 0.07672390356635966,
  "ll t he": 0.20631953211010423,
  "t": 0.08038192140102064,
  "thuapr": 0.05080891055517657,
  "ll t": 0.20631953211010423
}