{
  "responses will": 0.039132112233852864,
  "referred to": 0.02168647564639434,
  "isnt that": 0.024539159584938314,
  "nigral": 0.044014833516822234,
  "chastity of the": 0.02432231441085195,
  "striato": 0.044014833516822234,
  "degeneration": 0.03686177612822623,
  "suspected in any": 0.044014833516822234,
  "a physician": 0.028611562837712337,
  "all responses": 0.03261505859477096,
  "parkinsons disease": 0.039132112233852864,
  "performs this": 0.044014833516822234,
  "surrender it too": 0.024429414640092222,
  "univ of pittsburgh": 0.024429414640092222,
  "intellect and it": 0.024429414640092222,
  "on this rare": 0.044014833516822234,
  "todd writes": 0.032285689829643305,
  "autopsy": 0.03197905484525686,
  "ldopa therapy": 0.044014833516822234,
  "pollidotomy": 0.044014833516822234,
  "email to": 0.020741758126466905,
  "banks skepticism": 0.02432231441085195,
  "banks univ": 0.025069589618860834,
  "this procedure": 0.030700467856582276,
  "pallidotomy": 0.044014833516822234,
  "to ldopa therapy": 0.044014833516822234,
  "operation referred to": 0.044014833516822234,
  "shameful to": 0.024429414640092222,
  "it isnt": 0.019674995508237744,
  "in order": 0.015584035049194917,
  "will be appreciated": 0.026717854414108337,
  "isnt that rare": 0.044014833516822234,
  "case": 0.010233044807746313,
  "disease i understand": 0.044014833516822234,
  "therapy i dont": 0.044014833516822234,
  "the chastity": 0.02432231441085195,
  "believe pallidotomy": 0.044014833516822234,
  "referred to as": 0.02620446380467792,
  "be snd": 0.044014833516822234,
  "writes i": 0.011770901027589622,
  "gordon banks univ": 0.025069589618860834,
  "chastity of": 0.02432231441085195,
  "ken todd writes": 0.044014833516822234,
  "gmt sender": 0.007991244559021568,
  "degeneration apr gmt": 0.044014833516822234,
  "responses": 0.01961955473390363,
  "sender gordon banks": 0.025744283009385298,
  "skepticism": 0.023822412262288886,
  "performs": 0.0278477839180383,
  "appreciated please respond": 0.035366343965465286,
  "this rare disease": 0.044014833516822234,
  "called parkinsons disease": 0.044014833516822234,
  "be appreciated": 0.019923566853389852,
  "skepticism is the": 0.02432231441085195,
  "gmt sender gordon": 0.026628064603808253,
  "that performs": 0.036051458098030884,
  "many cases": 0.0258177465736129,
  "pittsburgh": 0.016254359003570844,
  "that an operation": 0.044014833516822234,
  "order does anyone": 0.044014833516822234,
  "degeneration apr": 0.044014833516822234,
  "in any case": 0.022381347070352976,
  "apr gmt": 0.0066855663926626415,
  "in article": 0.0038111915621211923,
  "understand that an": 0.044014833516822234,
  "science in": 0.02341603801357941,
  "pittsburgh computer science": 0.024429414640092222,
  "skepticism is": 0.02426971682130972,
  "physician that performs": 0.044014833516822234,
  "turn out on": 0.044014833516822234,
  "banks": 0.04227416057308044,
  "parkinsonism without tremor": 0.044014833516822234,
  "apr gmt sender": 0.010063006087225913,
  "to surrender": 0.023205361396270146,
  "understand that": 0.022148251624252793,
  "apr": 0.005839216392396175,
  "physician that": 0.044014833516822234,
  "todd": 0.02386994688058554,
  "parkinsons": 0.03785352524517828,
  "actually many cases": 0.044014833516822234,
  "does not respond": 0.04093417938100025,
  "dont believe": 0.0197311366055973,
  "rare disease i": 0.044014833516822234,
  "ken": 0.018363984080688834,
  "striato nigral": 0.044014833516822234,
  "be suspected": 0.044014833516822234,
  "to it isnt": 0.044014833516822234,
  "tremor and": 0.04093417938100025,
  "snd it": 0.044014833516822234,
  "any case": 0.02227994850250333,
  "sender gordon": 0.02567201402773294,
  "surrender": 0.02177507215706464,
  "to as pollidotomy": 0.044014833516822234,
  "is the chastity": 0.02432231441085195,
  "banks univ of": 0.025069589618860834,
  "cases that": 0.032285689829643305,
  "autopsy to": 0.035366343965465286,
  "responses will be": 0.039132112233852864,
  "writes": 0.002844556820189842,
  "respond via email": 0.029205035693821327,
  "on autopsy": 0.044014833516822234,
  "therapy": 0.025327310763973494,
  "article": 0.003504032684948793,
  "of pittsburgh computer": 0.024429414640092222,
  "gordon": 0.04045759473607943,
  "for snd": 0.044014833516822234,
  "autopsy to be": 0.044014833516822234,
  "turn out": 0.028088082679239526,
  "snd gordon": 0.044014833516822234,
  "an operation": 0.032970803962208896,
  "disease turn out": 0.044014833516822234,
  "not respond": 0.03197905484525686,
  "tremor": 0.04093417938100025,
  "ldopa therapy i": 0.044014833516822234,
  "gmt": 0.0007307993958518772,
  "re striato nigral": 0.044014833516822234,
  "snd it should": 0.044014833516822234,
  "dont believe pallidotomy": 0.044014833516822234,
  "called parkinsons": 0.044014833516822234,
  "disease i": 0.03335752119327392,
  "univ": 0.015788674775867838,
  "surrender it": 0.024375541926615132,
  "turn": 0.015311107813067612,
  "the intellect": 0.024115558785807983,
  "out on autopsy": 0.044014833516822234,
  "science in article": 0.02432231441085195,
  "procedure all": 0.04093417938100025,
  "without tremor": 0.044014833516822234,
  "computer science": 0.01393264146505055,
  "procedure all responses": 0.044014833516822234,
  "respond via": 0.029049074272437903,
  "referred": 0.02134876050427024,
  "therapy i": 0.03686177612822623,
  "parkinsons disease turn": 0.044014833516822234,
  "pollidotomy may": 0.044014833516822234,
  "to ldopa": 0.044014833516822234,
  "to be snd": 0.044014833516822234,
  "computer": 0.009080677705834834,
  "operation": 0.018846120271773587,
  "nigral degeneration apr": 0.044014833516822234,
  "of a physician": 0.044014833516822234,
  "intellect and": 0.024015679426465503,
  "suspected": 0.02699864953242626,
  "parkinsonism": 0.044014833516822234,
  "via email": 0.021034904649986003,
  "pittsburgh computer": 0.024429414640092222,
  "rare actually many": 0.044014833516822234,
  "isnt": 0.011770901027589622,
  "of the intellect": 0.02432231441085195,
  "disease turn": 0.044014833516822234,
  "shameful": 0.023728841554742964,
  "should be suspected": 0.044014833516822234,
  "chastity": 0.02416635298946853,
  "email to it": 0.044014833516822234,
  "understand": 0.013251908253928331,
  "pallidotomy will do": 0.044014833516822234,
  "suspected in": 0.044014833516822234,
  "physician": 0.025394145774482565,
  "computer science in": 0.02432231441085195,
  "respond": 0.03583306446052966,
  "be in order": 0.03424939095088348,
  "ldopa": 0.044014833516822234,
  "re striato": 0.044014833516822234,
  "gordon banks skepticism": 0.02432231441085195,
  "cases that are": 0.044014833516822234,
  "disease": 0.040933512664328583,
  "respond to ldopa": 0.044014833516822234,
  "rare disease": 0.04093417938100025,
  "case of parkinsonism": 0.044014833516822234,
  "ken todd": 0.044014833516822234,
  "order": 0.012382809058314037,
  "please respond": 0.023547410467986273,
  "science": 0.01129760938803402,
  "univ of": 0.017941642152674252,
  "of pittsburgh": 0.021865470753674076,
  "pollidotomy may be": 0.044014833516822234,
  "tremor and which": 0.044014833516822234,
  "banks skepticism is": 0.02432231441085195,
  "performs this procedure": 0.044014833516822234,
  "intellect": 0.02341603801357941,
  "parkinsonism without": 0.044014833516822234,
  "appreciated please": 0.0275100687759142,
  "gordon banks": 0.04585249255930447,
  "that rare": 0.03686177612822623,
  "are called parkinsons": 0.044014833516822234,
  "for snd gordon": 0.044014833516822234,
  "i dont": 0.008113688789102591,
  "procedure": 0.02211592824945688,
  "writes i would": 0.02526146593826176,
  "this rare": 0.044014833516822234,
  "operation referred": 0.044014833516822234,
  "dont": 0.0054159914606976235,
  "much for snd": 0.044014833516822234,
  "striato nigral degeneration": 0.044014833516822234,
  "is shameful": 0.024375541926615132,
  "case of": 0.019674995508237744,
  "article ken": 0.024651683175979607,