{
  "adulterated with tylenol": 0.040922882402004146,
  "lot": 0.01021258522511241,
  "not prescribe controled": 0.040922882402004146,
  "chastity of the": 0.022613722076205326,
  "is company": 0.03805863785423578,
  "substance": 0.02177110972336929,
  "controled substances": 0.040922882402004146,
  "refused": 0.02041525996291362,
  "just the substance": 0.040922882402004146,
  "compromise that": 0.03140806796814445,
  "the scheduled": 0.03233014875869904,
  "writes is there": 0.02492618400982278,
  "mess so that": 0.040922882402004146,
  "substances": 0.02589153463453974,
  "of acetominophen": 0.040922882402004146,
  "article steve": 0.020029304693953285,
  "year": 0.010634660546460705,
  "supply on": 0.036383162200896255,
  "md perscribe": 0.040922882402004146,
  "univ of pittsburgh": 0.022713298735622934,
  "intellect and it": 0.022713298735622934,
  "tylenol is the": 0.040922882402004146,
  "tylenol": 0.06576386274569991,
  "company rule short": 0.040922882402004146,
  "not one adulterated": 0.040922882402004146,
  "perscribe": 0.040922882402004146,
  "get refills": 0.040922882402004146,
  "of hassles tylenol": 0.040922882402004146,
  "the amount": 0.020532494248571533,
  "prescribe controled": 0.040922882402004146,
  "banks skepticism": 0.022613722076205326,
  "refills the amount": 0.040922882402004146,
  "banks univ": 0.023308502744808626,
  "substances its is": 0.040922882402004146,
  "computer": 0.008442778858730734,
  "controled substances its": 0.040922882402004146,
  "a lot": 0.010631951774547937,
  "script his doctor": 0.040922882402004146,
  "saying his clinic": 0.040922882402004146,
  "shameful to": 0.022713298735622934,
  "hassles tylenol": 0.040922882402004146,
  "its is company": 0.040922882402004146,
  "scheduled": 0.02146201380153995,
  "scheduled drug mess": 0.040922882402004146,
  "refused to": 0.022019118028023223,
  "rule short of": 0.040922882402004146,
  "the chastity": 0.022613722076205326,
  "hassles": 0.02946590421093067,
  "gordon banks univ": 0.023308502744808626,
  "codeine alone": 0.040922882402004146,
  "difficult to": 0.018560708634008112,
  "prescribe it": 0.040922882402004146,
  "doctor basically refused": 0.040922882402004146,
  "in article": 0.00354346322924491,
  "the feds": 0.02013594884253127,
  "perscribe a": 0.040922882402004146,
  "gmt sender": 0.007429876139586168,
  "gordon banks skepticism": 0.022613722076205326,
  "clinic does": 0.040922882402004146,
  "of pittsburgh computer": 0.022713298735622934,
  "sender gordon banks": 0.023935800318643355,
  "skepticism": 0.02214893702072314,
  "supply": 0.016764044488542473,
  "scheduled drug": 0.040922882402004146,
  "skepticism is the": 0.022613722076205326,
  "gmt sender gordon": 0.024757498082053127,
  "steve lancaster": 0.040922882402004146,
  "is company rule": 0.040922882402004146,
  "pittsburgh": 0.015112523866956365,
  "to surrender": 0.021575232703143734,
  "lot of": 0.012436699118522179,
  "steve lancaster writes": 0.040922882402004146,
  "hurt him": 0.036383162200896255,
  "doctor": 0.0186351652683167,
  "in narcolepsy": 0.040922882402004146,
  "tylenol can the": 0.040922882402004146,
  "supply on one": 0.040922882402004146,
  "article steve lancaster": 0.040922882402004146,
  "science in": 0.02177110972336929,
  "to prescribe": 0.06854462503182564,
  "pittsburgh computer science": 0.022713298735622934,
  "skepticism is": 0.02256481935865573,
  "codeine alone is": 0.040922882402004146,
  "md": 0.017204729872337884,
  "chastity of": 0.022613722076205326,
  "one script": 0.040922882402004146,
  "apr gmt sender": 0.009356100700933184,
  "steve": 0.01359484844175803,
  "compromise that way": 0.040922882402004146,
  "amount of": 0.016227217487549874,
  "is shameful": 0.022663210468960353,
  "long supply": 0.040922882402004146,
  "apr gmt": 0.0062159191667317945,
  "acetominophen he": 0.040922882402004146,
  "that works": 0.02436365436385344,
  "gmt": 0.00067946224820939,
  "any gordon banks": 0.040922882402004146,
  "is very difficult": 0.030323918114973,
  "mess so": 0.040922882402004146,
  "by the feds": 0.032881931372849955,
  "tylenol can": 0.040922882402004146,
  "lancaster writes": 0.040922882402004146,
  "feds there": 0.040922882402004146,
  "surrender it too": 0.022713298735622934,
  "sender gordon": 0.023868608083635997,
  "surrender": 0.020245418327849356,
  "doctor basically": 0.040922882402004146,
  "is the chastity": 0.022613722076205326,
  "banks univ of": 0.023308502744808626,
  "short of": 0.023137489454879475,
  "narcolepsy apr": 0.040922882402004146,
  "without a lot": 0.03427231251591282,
  "writes": 0.0026447325807550186,
  "not prescribe": 0.03805863785423578,
  "gordon": 0.037615532295941626,
  "rule": 0.016042620627832547,
  "any gordon": 0.040922882402004146,
  "lancaster writes is": 0.040922882402004146,
  "of hassles": 0.040922882402004146,
  "in article steve": 0.020163045539003003,
  "article": 0.0032578816285680928,
  "refills the": 0.040922882402004146,
  "codeine wont": 0.040922882402004146,
  "codine": 0.040922882402004146,
  "substance that": 0.03351891765312789,
  "controled": 0.03427231251591282,
  "use of codine": 0.040922882402004146,
  "with tylenol": 0.040922882402004146,
  "substances its": 0.040922882402004146,
  "perscribe a year": 0.040922882402004146,
  "his doctor": 0.040922882402004146,
  "amount of acetominophen": 0.040922882402004146,
  "codine in narcolepsy": 0.040922882402004146,
  "rule short": 0.040922882402004146,
  "script his": 0.03805863785423578,
  "mess": 0.02138822199410191,
  "works and not": 0.040922882402004146,
  "feds": 0.019749477528436962,
  "clinic does not": 0.040922882402004146,
  "a year": 0.01686070928017349,
  "short": 0.014235534123719888,
  "surrender it": 0.022663210468960353,
  "the intellect": 0.022421490606639654,
  "the md": 0.03427231251591282,
  "science in article": 0.022613722076205326,
  "in narcolepsy apr": 0.040922882402004146,
  "a year long": 0.040922882402004146,
  "prescribe without": 0.040922882402004146,
  "prescribe controled substances": 0.040922882402004146,
  "difficult": 0.015480820478096891,
  "the best compromise": 0.040922882402004146,
  "codeine": 0.07611727570847156,
  "drug mess so": 0.040922882402004146,
  "no way codeine": 0.040922882402004146,
  "compromise": 0.021652472922202216,
  "writes is": 0.021575232703143734,
  "tylenol is": 0.040922882402004146,
  "with his codeine": 0.040922882402004146,
  "intellect and": 0.02232862756592867,
  "refills": 0.03427231251591282,
  "around the scheduled": 0.040922882402004146,
  "the substance": 0.02686834776703656,
  "basically": 0.016279992552341145,
  "year long": 0.03805863785423578,
  "pittsburgh computer": 0.022713298735622934,
  "md perscribe a": 0.040922882402004146,
  "very difficult": 0.024675669043639162,
  "company": 0.013254291835646742,
  "can get refills": 0.040922882402004146,
  "acetominophen": 0.040922882402004146,
  "adulterated": 0.040922882402004146,
  "of the intellect": 0.022613722076205326,
  "shameful": 0.02206193946205441,
  "prescribe it saying": 0.040922882402004146,
  "drug": 0.017298800991234632,
  "chastity": 0.02246871662243975,
  "his clinic": 0.040922882402004146,
  "computer science in": 0.022613722076205326,
  "basically refused": 0.040922882402004146,
  "year long supply": 0.040922882402004146,
  "univ": 0.014679552994091998,
  "lancaster": 0.03140806796814445,
  "hurt": 0.018827396737882376,
  "way codeine": 0.040922882402004146,
  "amount": 0.015360036848696319,
  "hassles tylenol is": 0.040922882402004146,
  "prescribe without a": 0.040922882402004146,
  "substance that works": 0.040922882402004146,
  "refused to prescribe": 0.040922882402004146,
  "science": 0.010503975670692788,
  "basically refused to": 0.040922882402004146,
  "univ of": 0.016681278860957466,
  "of pittsburgh": 0.020329466609820938,
  "works and": 0.027303721798680472,
  "feds there is": 0.040922882402004146,
  "banks skepticism is": 0.022613722076205326,
  "one adulterated": 0.040922882402004146,