{
  "article": 0.00474944189224987,
  "dystrophy im sure": 0.05965865988725906,
  "intellect and": 0.032551372716594806,
  "gordon": 0.05483710129890285,
  "year or so": 0.04131816327446735,
  "times what": 0.051307489037139234,
  "a rehabilitation": 0.05548307446219915,
  "leastanswers to questions": 0.05965865988725906,
  "need info": 0.0380711964025837,
  "an faq": 0.04161207992609044,
  "to questions": 0.04295631818701941,
  "exactly is rsd": 0.05965865988725906,
  "chastity of the": 0.03296699242434752,
  "info on": 0.027221942641541652,
  "working for a": 0.04642236725270352,
  "rsd": 0.1789759796617772,
  "seen rsd": 0.05965865988725906,
  "have seen rsd": 0.05965865988725906,
  "made at leastanswers": 0.05965865988725906,
  "sender gordon banks": 0.03489435950067284,
  "rsd apr gmt": 0.05965865988725906,
  "just started working": 0.05965865988725906,
  "article writes": 0.01673526776972465,
  "started working": 0.05548307446219915,
  "year": 0.015503541278575245,
  "surrender it too": 0.03311215839771536,
  "univ of pittsburgh": 0.03311215839771536,
  "intellect and it": 0.03311215839771536,
  "of the intellect": 0.03296699242434752,
  "working for": 0.038780732761959494,
  "info on rsd": 0.05965865988725906,
  "several times": 0.03296699242434752,
  "times": 0.01749896324719519,
  "questions": 0.01803965519258905,
  "at leastanswers": 0.05965865988725906,
  "surrender it": 0.03303913815354461,
  "and all reflex": 0.05965865988725906,
  "the intellect": 0.032686751366306006,
  "science in article": 0.03296699242434752,
  "computer science": 0.01888460439539984,
  "banks skepticism": 0.03296699242434752,
  "rsd and what": 0.05965865988725906,
  "faq on": 0.042246781827643604,
  "last year": 0.023954286236834894,
  "banks univ": 0.03397986544725113,
  "diagnosis several": 0.05965865988725906,
  "is a faq": 0.041921075675413026,
  "computer": 0.012308147492848419,
  "faq on this": 0.051307489037139234,
  "sympathetic dystrophy im": 0.05965865988725906,
  "so gordon": 0.05548307446219915,
  "skepticism is": 0.032895700510811365,
  "as a diagnosis": 0.05965865988725906,
  "shameful to": 0.03311215839771536,
  "subject id really": 0.05965865988725906,
  "hospital and have": 0.05965865988725906,
  "info": 0.017861765405229175,
  "rsd come": 0.05965865988725906,
  "reflex sympathetic dystrophy": 0.05548307446219915,
  "just started": 0.0380711964025837,
  "faq as": 0.04886492814492138,
  "so gordon banks": 0.05965865988725906,
  "rehabilitation hospital": 0.05965865988725906,
  "rsd come up": 0.05965865988725906,
  "pittsburgh computer": 0.03311215839771536,
  "hospital and": 0.04295631818701941,
  "sympathetic dystrophy": 0.05548307446219915,
  "rehabilitation": 0.043345104458932485,
  "the chastity": 0.03296699242434752,
  "subject": 0.01846990799156272,
  "gordon banks univ": 0.03397986544725113,
  "questions on": 0.03980422093542575,
  "working": 0.019241163861606653,
  "dystrophy": 0.05304051356998129,
  "a diagnosis": 0.04886492814492138,
  "all reflex": 0.05965865988725906,
  "is rsd": 0.05965865988725906,
  "banks": 0.057299314029777705,
  "shameful": 0.03216258644468173,
  "re need info": 0.04259110962186016,
  "gmt sender": 0.010831506179396704,
  "nature of": 0.02844309633128264,
  "is the nature": 0.04468934271986146,
  "chastity": 0.032755598931508555,
  "for a rehabilitation": 0.05965865988725906,
  "of pittsburgh computer": 0.03311215839771536,
  "on this subject": 0.033812518675521756,
  "or so gordon": 0.05965865988725906,
  "skepticism": 0.03228941421093373,
  "computer science in": 0.03296699242434752,
  "on rsd apr": 0.05965865988725906,
  "univ": 0.02140031219620641,
  "this subject": 0.031180420015497968,
  "leastanswers to": 0.05965865988725906,
  "gordon banks skepticism": 0.03296699242434752,
  "rehabilitation hospital and": 0.05965865988725906,
  "skepticism is the": 0.03296699242434752,
  "on rsd": 0.05965865988725906,
  "all reflex sympathetic": 0.05965865988725906,
  "writes": 0.0038555740032693644,
  "pittsburgh": 0.022031510697611088,
  "to surrender": 0.031453050085305925,
  "started working for": 0.05965865988725906,
  "i just started": 0.044207157733876304,
  "reflex sympathetic": 0.05548307446219915,
  "the last year": 0.04161207992609044,
  "science": 0.015313024772937679,
  "diagnosis several times": 0.05965865988725906,
  "univ of": 0.024318490869588594,
  "of pittsburgh": 0.02963693325046185,
  "in article": 0.005165771695646195,
  "times what exactly": 0.05965865988725906,
  "nature": 0.023060189820459754,
  "science in": 0.031738605741297395,
  "pittsburgh computer science": 0.03311215839771536,
  "banks univ of": 0.03397986544725113,
  "would mail": 0.05965865988725906,
  "reflex": 0.05548307446219915,
  "dystrophy im": 0.05965865988725906,
  "chastity of": 0.03296699242434752,
  "article writes i": 0.029762005488102986,
  "faq as i": 0.05965865988725906,
  "apr gmt sender": 0.013639616684492954,
  "intellect": 0.031738605741297395,
  "mail it to": 0.04642236725270352,
  "started": 0.01965153838279766,
  "rsd apr": 0.05965865988725906,
  "writes i": 0.01595453452534738,
  "the nature": 0.0310225743986665,
  "apr gmt": 0.009061761676801772,
  "gmt sender gordon": 0.036092256240101546,
  "apr": 0.007914600531862286,
  "is shameful": 0.03303913815354461,
  "gmt": 0.0009905413497992312,
  "writes i just": 0.0343291862764701,
  "a faq": 0.03406531505563641,
  "a rehabilitation hospital": 0.05965865988725906,
  "questions on it": 0.05965865988725906,
  "sender": 0.003941888829618168,
  "theres an faq": 0.05548307446219915,
  "gordon banks": 0.062149462806286186,
  "year or": 0.03551809853043694,
  "nature of it": 0.05304051356998129,
  "sender gordon": 0.03479640455566212,
  "surrender": 0.02951440503216593,
  "leastanswers": 0.05965865988725906,
  "shameful to surrender": 0.03311215839771536,
  "in article writes": 0.016744968410122865,
  "subject id": 0.05965865988725906,
  "mail it": 0.041037922216425826,
  "is the chastity": 0.03296699242434752,
  "hospital": 0.028545491369647524,
  "mail": 0.018124503023201937,
  "rsd and": 0.05965865988725906,
  "sympathetic": 0.04259110962186016,
  "faq": 0.04756024303397798,
  "someone would mail": 0.05965865988725906,
  "diagnosis": 0.03597296330458239,
  "banks skepticism is": 0.03296699242434752,
  "it is shameful": 0.03311215839771536
}