{
  "someday but": 0.02019432397389196,
  "varying degrees": 0.01743291845938293,
  "weight gain": 0.03192155303724111,
  "onlypounds unfortunately": 0.02112428981817674,
  "appears": 0.008983682422019646,
  "prove it": 0.013248172376697046,
  "gain": 0.02119327436948172,
  "and dsz": 0.01902270557075895,
  "dietexercise more": 0.02112428981817674,
  "you dont doesnt": 0.02271407692955276,
  "fact that": 0.007479015458526942,
  "eat which": 0.02112428981817674,
  "gain in check": 0.02112428981817674,
  "metabolic": 0.01650295261509815,
  "experience weight rebound": 0.02271407692955276,
  "and the purely": 0.02112428981817674,
  "gmt in": 0.003931405998965829,
  "just dietexercise": 0.02112428981817674,
  "perfectly for": 0.019534502706800717,
  "fluctuations in": 0.019534502706800717,
  "morbid obesity": 0.02019432397389196,
  "the purely": 0.02019432397389196,
  "in the cycle": 0.02019432397389196,
  "notion of some": 0.02112428981817674,
  "some experience": 0.018250980257407547,
  "ones success depends": 0.02019432397389196,
  "portland": 0.026209554125039346,
  "conscious": 0.013441023562959755,
  "a lot": 0.005901220939083947,
  "hold the": 0.012937288220742403,
  "dsz": 0.01902270557075895,
  "you dont": 0.006868309087086657,
  "in longterm weight": 0.02112428981817674,
  "conscious desire to": 0.02112428981817674,
  "how large": 0.01743291845938293,
  "varying": 0.013883463164162719,
  "the extra weight": 0.019534502706800717,
  "in longterm": 0.01902270557075895,
  "change": 0.006816205815792546,
  "ymodem": 0.01860453686251594,
  "working": 0.007325764222538313,
  "portland rain": 0.01902270557075895,
  "in article": 0.001966784636415753,
  "certainly describes": 0.01902270557075895,
  "forest friapr": 0.02112428981817674,
  "with varying": 0.017214317129556497,
  "the high": 0.011733591280970086,
  "sauvie": 0.01902270557075895,
  "success depends": 0.02019432397389196,
  "smaller and larger": 0.02112428981817674,
  "usually i cycle": 0.02112428981817674,
  "doesnt": 0.010107775843523013,
  "working someday but": 0.02112428981817674,
  "experience": 0.007620867899082693,
  "cycle are": 0.02019432397389196,
  "forsberg tektronixreedomencaf": 0.01902270557075895,
  "dietexercise more with": 0.02112428981817674,
  "omen technology inc": 0.0380454111415179,
  "limitless and the": 0.02112428981817674,
  "friapr": 0.00507266219833591,
  "zcomm and dsz": 0.01902270557075895,
  "leastyears without seeing": 0.02112428981817674,
  "a change": 0.013070286518105588,
  "totally limitless and": 0.02112428981817674,
  "professionalyam zcomm": 0.01902270557075895,
  "larger cycles": 0.02112428981817674,
  "fact": 0.005415422197457799,
  "describes": 0.011146588129279258,
  "banks a lot": 0.02112428981817674,
  "portland or": 0.015960776518620556,
  "within alb range": 0.02112428981817674,
  "with varying degrees": 0.019534502706800717,
  "tektronixreedomencaf author of": 0.01902270557075895,
  "omen technology": 0.0380454111415179,
  "banks": 0.010907896936861353,
  "derangement associated with": 0.02112428981817674,
  "cycle within": 0.02112428981817674,
  "prove it doesnt": 0.02271407692955276,
  "of ymodem": 0.01902270557075895,
  "conscious desire": 0.02112428981817674,
  "it works great": 0.014765141372672652,
  "doesnt prove it": 0.02271407692955276,
  "have a hard": 0.014253344236630888,
  "more with varying": 0.02112428981817674,
  "large the fluctuations": 0.02019432397389196,
  "cycle dieting for": 0.02112428981817674,
  "cycle ones success": 0.02019432397389196,
  "can cycle onlypounds": 0.02019432397389196,
  "depends on how": 0.015241378447852113,
  "range but smaller": 0.02112428981817674,
  "have been cycle": 0.02112428981817674,
  "great omen technology": 0.01902270557075895,
  "works great omen": 0.01902270557075895,
  "with cycle dieting": 0.02112428981817674,
  "longterm": 0.013139794200434325,
  "it doesnt happen": 0.016661193146031525,
  "software": 0.0061856886463595205,
  "weight usually i": 0.02112428981817674,
  "be totally limitless": 0.02112428981817674,
  "morbid obesity i": 0.02019432397389196,
  "tendency to eat": 0.02112428981817674,
  "to morbid": 0.02019432397389196,
  "totally": 0.009291594177776443,
  "professionalyam": 0.01902270557075895,
  "a hard": 0.01142971700792862,
  "gain i": 0.019534502706800717,
  "weight": 0.051613075222622984,
  "occur as well": 0.02112428981817674,
  "my situation perfectly": 0.02112428981817674,
  "rebound the fact": 0.02271407692955276,
  "morbid": 0.02019432397389196,
  "alb range": 0.02112428981817674,
  "ymodem zmodem": 0.01902270557075895,
  "describes my situation": 0.02112428981817674,
  "the extra": 0.012083964571227908,
  "friapr gmt in": 0.007617688996312332,
  "get too fat": 0.02112428981817674,
  "great omen": 0.01860453686251594,
  "the weight gain": 0.019534502706800717,
  "large": 0.006954693226317562,
  "longterm weight gain": 0.02112428981817674,
  "gmt": 0.0003771327157492486,
  "tektronixreedomencaf author": 0.01902270557075895,
  "great": 0.005734579014208514,
  "ymodem zmodem professionalyam": 0.01902270557075895,
  "success": 0.020813584982858492,
  "situation perfectly": 0.02112428981817674,
  "chuck forsberg tektronixreedomencaf": 0.01902270557075895,
  "some experience weight": 0.02271407692955276,
  "others chuck forsberg": 0.02271407692955276,
  "i just dietexercise": 0.02112428981817674,
  "hold the weight": 0.02112428981817674,
  "reason i": 0.01189183181190346,
  "that you dont": 0.01226940515982675,
  "smaller and": 0.016661193146031525,
  "check": 0.00760817863860167,
  "banks a": 0.017674571018231156,
  "occur as": 0.017674571018231156,
  "degrees": 0.013002823478641614,
  "situation perfectly for": 0.02112428981817674,
  "success to": 0.01902270557075895,
  "of us cycle": 0.02019432397389196,
  "reliability software": 0.01902270557075895,
  "forest": 0.014196709804084164,
  "onlypounds": 0.02019432397389196,
  "notion": 0.010921270607298953,
  "purely conscious": 0.02112428981817674,
  "totally limitless": 0.02112428981817674,
  "afraid": 0.010281657206451186,
  "adiposity only": 0.02271407692955276,
  "extra": 0.009083803133390602,
  "doesnt prove": 0.017944715595424696,
  "omen": 0.03650196051481509,
  "between my tendency": 0.02112428981817674,
  "weight usually": 0.02112428981817674,
  "always afraid": 0.02112428981817674,
  "but smaller": 0.02112428981817674,
  "reliability": 0.01281158125630434,
  "much weight": 0.016831165559228135,
  "friapr gmt": 0.005278521975710635,
  "one reason": 0.014913165503722127,
  "and larger": 0.01902270557075895,
  "experience weight": 0.02271407692955276,
  "it doesnt": 0.008414969760473926,
  "mentioned": 0.008108143015904842,
  "purely": 0.011347501109366382,
  "high reliability": 0.01902270557075895,
  "perfectly": 0.0102116951553195,
  "fluctuations in the": 0.02019432397389196,
  "reliability software v": 0.01902270557075895,
  "rain": 0.012905209684103093,
  "gordon banks": 0.011831205075508609,
  "fat i just": 0.02112428981817674,
  "able to hold": 0.02019432397389196,
  "degrees of success": 0.01860453686251594,
  "hold": 0.00800807172838327,
  "appears to be": 0.012174811218234894,
  "limitless": 0.02112428981817674,
  "it works": 0.009890712295353548,
  "high reliability software": 0.01902270557075895,
  "the fluctuations": 0.02019432397389196,
  "will stop working": 0.02019432397389196,
  "accepting the": 0.015960776518620556,
  "to hold": 0.01162168723470992,
  "the notion": 0.013070286518105588,
  "stop working someday": 0.02112428981817674,
  "of some metabolic": 0.02112428981817674,
  "dynamic between": 0.02112428981817674,
  "of ymodem zmodem": 0.01902270557075895,
  "to morbid obesity": 0.02019432397389196,
  "time accepting the": 0.02112428981817674,
  "situation": 0.007933959368313216,
  "weight rebound the": 0.02271407692955276,
  "constant dynamic": 0.02112428981817674,
  "of success": 0.015331334211965144,
  "author of ymodem": 0.01902270557075895,