{
  "is model number": 0.07797903575814963,
  "netnews bboard": 0.07797903575814963,
  "helpful to thanks": 0.07797903575814963,
  "inreplyto it": 0.07797903575814963,
  "replying i": 0.07797903575814963,
  "carnegie": 0.034133803445070124,
  "really be helpful": 0.07252118394271699,
  "btw if": 0.05665580582821096,
  "returned and i": 0.06932854529619602,
  "the first message": 0.07252118394271699,
  "number a": 0.06932854529619602,
  "electrical": 0.03459802523351989,
  "it is model": 0.07252118394271699,
  "freshman electrical": 0.060678054834242386,
  "the netnews bboard": 0.07797903575814963,
  "paandrewcmuedu inreplyto": 0.048548566322847514,
  "bboard": 0.06160548031185171,
  "the company": 0.03884664757251183,
  "mellon pittsburgh": 0.03683142415410867,
  "smith mon": 0.07797903575814963,
  "freshman electrical and": 0.060678054834242386,
  "carnegie mellon pittsburgh": 0.03683142415410867,
  "bboard because": 0.07797903575814963,
  "smith": 0.0314373298995628,
  "ken": 0.0325346174657873,
  "replying i was": 0.07797903575814963,
  "company": 0.02525620963957883,
  "contact": 0.027402288013791205,
  "pittsburgh paandrewcmuedu inreplyto": 0.048548566322847514,
  "number a interlaced": 0.07797903575814963,
  "reply i posted": 0.07797903575814963,
  "returned": 0.03777474068806631,
  "electrical and computer": 0.0481822669871397,
  "a number": 0.03066554610899534,
  "mon apr": 0.054390592659299304,
  "pittsburgh": 0.028797092722861736,
  "a interlaced btw": 0.07797903575814963,
  "message would": 0.06706333212728435,
  "is model": 0.06706333212728435,
  "carnegie mellon": 0.034133803445070124,
  "paandrewcmuedu inreplyto it": 0.07797903575814963,
  "mon": 0.04498962834061872,
  "posted this": 0.046866880493728946,
  "reply i": 0.05665580582821096,
  "didnt know if": 0.06706333212728435,
  "computer engineering": 0.04377584346008913,
  "to you calvin": 0.07797903575814963,
  "and computer engineering": 0.0481822669871397,
  "apr freshman": 0.06387069348076338,
  "to contact": 0.04671689470655811,
  "posted": 0.027015679108536236,
  "electrical and": 0.0471757050067469,
  "bboard because the": 0.07797903575814963,
  "contact the company": 0.07252118394271699,
  "engineering carnegie": 0.04387877323621001,
  "model number a": 0.07252118394271699,
  "netnews": 0.03338879575707919,
  "interlaced": 0.054390592659299304,
  "mellon pittsburgh paandrewcmuedu": 0.041561926992131744,
  "have a number": 0.051741204969368494,
  "message i": 0.05479447686707529,
  "computer engineering carnegie": 0.04976235120337711,
  "message": 0.04289810349261368,
  "you calvin": 0.07797903575814963,
  "calvin ": 0.13061259258032915,
  "model number": 0.05665580582821096,
  "ken smith mon": 0.07797903575814963,
  "smith mon apr": 0.07797903575814963,
  "company that": 0.0481822669871397,
  "computer": 0.016087814833171947,
  "didnt": 0.0190602812057508,
  "apr": 0.010345068411725507,
  "attn ken": 0.07797903575814963,
  "number to contact": 0.07252118394271699,
  "interlaced btw if": 0.07797903575814963,
  "pittsburgh paandrewcmuedu": 0.041561926992131744,
  "number to": 0.04614398640512168,
  "ken smith": 0.07797903575814963,
  "netnews bboard because": 0.07797903575814963,
  "mon apr freshman": 0.06932854529619602,
  "message would get": 0.07797903575814963,
  "mellon": 0.03407392470975344,
  "btw": 0.02939942369128777,
  "didnt know": 0.03977407305012114,
  "interlaced btw": 0.07797903575814963,
  "returned and": 0.05984844447473195,
  "and i didnt": 0.051197954012778324,
  "i posted": 0.04008782036151642,
  "contact the": 0.0458724417116479,
  "a interlaced": 0.07797903575814963,
  "apr freshman electrical": 0.07252118394271699,
  "model": 0.02938296806200069,
  "reply": 0.028453716302173276,
  "posted this on": 0.07252118394271699,
  "on the netnews": 0.07797903575814963,
  "and computer": 0.04228927596954131,
  "my second message": 0.07797903575814963,
  "company that would": 0.07797903575814963,
  "freshman": 0.04452631731681609,
  "calvin": 0.049546611249139984,
  "get a reply": 0.06265690860023378,
  "thanks for replying": 0.07252118394271699,
  "for replying": 0.06706333212728435,
  "replying": 0.04836328681568063,
  "was returned": 0.05984844447473195,
  "the netnews": 0.06530629629016457,
  "a reply": 0.046866880493728946,
  "number": 0.039753219112703915,
  "inreplyto": 0.02833770660522064,
  "message i sent": 0.07797903575814963,
  "btw if you": 0.06706333212728435,
  "engineering": 0.024416872267407026,
  "second message": 0.07797903575814963,
  "first message": 0.06932854529619602,
  "helpful": 0.03678920412937336,
  "you was returned": 0.07797903575814963,
  "paandrewcmuedu": 0.041561926992131744,
  "helpful to": 0.05295498984989808,
  "engineering carnegie mellon": 0.04387877323621001,
  "attn": 0.05841284166533073,
  "inreplyto it is": 0.07797903575814963,
  "i didnt": 0.030646223361266465,
  "be helpful": 0.04642523115001994,
  "attn ken smith": 0.07797903575814963
}