{
  "bone marrow": 0.020615096871061372,
  "previous article": 0.011754822606899355,
  "suddenly usually through": 0.025656314873795345,
  "fact she tried": 0.023860596789443154,
  "yfnysuedu in a": 0.017423014795173723,
  "transmitted": 0.01420854127846737,
  "region": 0.02485695371701773,
  "me foryears": 0.023860596789443154,
  "accept blood from": 0.025656314873795345,
  "mechanical means ok": 0.025656314873795345,
  "st": 0.0096298676616179,
  "are kept alive": 0.025656314873795345,
  "diseases": 0.014763328813196986,
  "of a case": 0.020615096871061372,
  "three years": 0.014613102757107999,
  "they are brain": 0.023860596789443154,
  "accident": 0.012524438702240341,
  "cannot donate": 0.023860596789443154,
  "accept": 0.009212301377277183,
  "healthy": 0.027400088209553076,
  "sheetapr": 0.022064878705090964,
  "hearing of a": 0.025656314873795345,
  "bank wont accept": 0.025656314873795345,
  "are brain dead": 0.022810169048230296,
  "cancer the": 0.022810169048230296,
  "holloway yfnysuedu": 0.025656314873795345,
  "brain dead the": 0.025656314873795345,
  "hospital youngstown ohmichael": 0.025656314873795345,
  "havent": 0.008381112157688083,
  "sheetapr gmt st": 0.025656314873795345,
  "years in": 0.01480228704471134,
  "in article": 0.002221549485692405,
  "freenet is forwarded": 0.025656314873795345,
  "donate blood either": 0.025656314873795345,
  "gmt st elizabeth": 0.016932750547405517,
  "define": 0.010976452987493708,
  "or head injury": 0.025656314873795345,
  "fact sheetapr": 0.022064878705090964,
  "bone": 0.016372587053960865,
  "have her bone": 0.023860596789443154,
  "arbitrary": 0.013970150349140294,
  "a previous article": 0.011791397429556831,
  "the facts": 0.012710169086841678,
  "holloway yfnysuedu in": 0.025656314873795345,
  "transmissable": 0.025656314873795345,
  "elizabeth hospital": 0.01659800512906353,
  "bank says in": 0.025656314873795345,
  "head injury": 0.023860596789443154,
  "transfusion": 0.020269160620738774,
  "fact": 0.01223380351342798,
  "testicular": 0.022810169048230296,
  "malaria though": 0.025656314873795345,
  "to treat": 0.014763328813196986,
  "help to treat": 0.025656314873795345,
  "are brain": 0.01881937878670918,
  "knowingly introducing": 0.025656314873795345,
  "st elizabeth": 0.01659800512906353,
  "testicular cancer the": 0.025656314873795345,
  "wife cannot": 0.023860596789443154,
  "do you define": 0.01969106851888849,
  "malarial region": 0.04772119357888631,
  "organs are kept": 0.025656314873795345,
  "a previous": 0.01130070983452481,
  "for testicular": 0.025656314873795345,
  "havent done the": 0.023860596789443154,
  "knowingly introducing another": 0.025656314873795345,
  "recall": 0.010213295859227279,
  "blood transfusion probably": 0.025656314873795345,
  "email mail to": 0.025656314873795345,
  "by knowingly": 0.025656314873795345,
  "hearing of": 0.02148678660324068,
  "ohmichael holloway yfnysuedu": 0.025656314873795345,
  "wife cannot donate": 0.023860596789443154,
  "cant donate": 0.025656314873795345,
  "sheetapr gmt": 0.022810169048230296,
  "a malarial": 0.04562033809646059,
  "dead the organs": 0.025656314873795345,
  "facts are": 0.016445568600506708,
  "died suddenly usually": 0.025656314873795345,
  "arbitrary precaution": 0.025656314873795345,
  "cannot donate blood": 0.023860596789443154,
  "of arbitrary": 0.019011368351874263,
  "cancer": 0.05391561839888691,
  "foryears obviously": 0.025656314873795345,
  "article": 0.004085012197479163,
  "treated": 0.012557232476519934,
  "donate blood because": 0.023860596789443154,
  "diseases like malaria": 0.025656314873795345,
  "introducing another": 0.025656314873795345,
  "i cant donate": 0.025656314873795345,
  "surgically": 0.020615096871061372,
  "by a blood": 0.025656314873795345,
  "transmissable diseases": 0.025656314873795345,
  "re organ donation": 0.023860596789443154,
  "youngstown ohmichael": 0.025656314873795345,
  "are that gonadal": 0.025656314873795345,
  "bone marrow typed": 0.023860596789443154,
  "gmt": 0.00042598410379966935,
  "mechanical means": 0.025656314873795345,
  "blood": 0.05380757196083872,
  "malaria": 0.020615096871061372,
  "suddenly usually": 0.025656314873795345,
  "yfnysuedu": 0.01684492269332344,
  "a blood": 0.01996402322266524,
  "youngstown ohmichael holloway": 0.025656314873795345,
  "cant donate blood": 0.025656314873795345,
  "malarial": 0.04562033809646059,
  "regard i havent": 0.025656314873795345,
  "introducing another cancer": 0.025656314873795345,
  "my imperfect understanding": 0.025656314873795345,
  "mestastizes": 0.025656314873795345,
  "my imperfect": 0.025656314873795345,
  "precaution transmissable": 0.025656314873795345,
  "freenet is": 0.025656314873795345,
  "treated for testicular": 0.025656314873795345,
  "cancer being": 0.025656314873795345,
  "dangerous": 0.010794728610895884,
  "dont recall": 0.014882006367682204,
  "imperfect understanding of": 0.023860596789443154,
  "and transplantation": 0.023860596789443154,
  "alive through mechanical": 0.025656314873795345,
  "that gonadal": 0.025656314873795345,
  "malarial region but": 0.025656314873795345,
  "particularly dangerous": 0.025656314873795345,
  "doug bank": 0.01881937878670918,
  "facts": 0.010193341920465383,
  "by knowingly introducing": 0.025656314873795345,
  "says in article": 0.014763328813196986,
  "diagnosed": 0.014882006367682204,
  "you define": 0.016677724452034394,
  "doug": 0.011152631042193337,
  "gonadal cancer": 0.025656314873795345,
  "fact she": 0.02148678660324068,
  "case": 0.005964857724722592,
  "holloway": 0.03992804644533048,
  "understanding": 0.010414547027970787,
  "of cancer": 0.019011368351874263,
  "common sense": 0.015470238105079474,
  "another story michael": 0.025656314873795345,
  "ever hearing": 0.025656314873795345,
  "case of": 0.011468585464646353,
  "recall ever hearing": 0.025656314873795345,
  "organ donors": 0.025656314873795345,
  "diseases like": 0.023860596789443154,
  "foryears": 0.014763328813196986,
  "cancer mestastizes": 0.025656314873795345,
  "from me foryears": 0.025656314873795345,
  "wont accept blood": 0.025656314873795345,
  "a case": 0.013147730062131352,
  "introducing": 0.01702366070235699,
  "dead": 0.00886863466155013,
  "michael": 0.008281023846327088,
  "healthy people who": 0.025656314873795345,
  "died": 0.01040015435997959,
  "gonadal cancer is": 0.025656314873795345,
  "transplantation": 0.021014450963878106,
  "healthy people": 0.03992804644533048,
  "story michael holloway": 0.025656314873795345,
  "case of cancer": 0.025656314873795345,
  "kind of": 0.007789231113114743,
  "a common sense": 0.025656314873795345,
  "blood from": 0.023860596789443154,
  "organ donors are": 0.025656314873795345,
  "forwarded phone ": 0.025656314873795345,
  "ohmichael holloway": 0.025656314873795345,
  "been diagnosed": 0.01776895104549632,
  "fact sheetapr gmt": 0.022810169048230296,
  "just a common": 0.023860596789443154,
  "is particularly dangerous": 0.025656314873795345,
  "story michael": 0.023860596789443154,
  "mechanical": 0.01325348652461906,
  "dont recall ever": 0.023860596789443154,
  "hospital": 0.012276040329952043,
  "organ": 0.03605646923377493,
  "hearing": 0.0118409812124861,
  "typed and": 0.023860596789443154,
  "common": 0.008714382346288428,
  "article organ donors": 0.025656314873795345,
  "dangerous in this": 0.022810169048230296,
  "arbitrary precaution transmissable": 0.025656314873795345,
  "blood because she": 0.023860596789443154,
  "common sense kind": 0.025656314873795345,
  "st elizabeth hospital": 0.01659800512906353,
  "in a previous": 0.011602040217107774,
  "phone": 0.007587716658704555,
  "youngstown": 0.015912273123293887,
  "treated for": 0.022810169048230296,
  "michael holloway": 0.020615096871061372,
  "i havent": 0.009846577582050348,
  "precaution transmissable diseases": 0.025656314873795345,
  "define healthy": 0.025656314873795345,
  "regard i": 0.023860596789443154,