{
  "program": 0.01941605602204374,
  "masters apparently": 0.06877317737003474,
  "misled": 0.04870115127353359,
  "gmt": 0.001141874056018558,
  "hear": 0.022959665551377437,
  "huh": 0.033315222690169594,
  "of my masters": 0.06877317737003474,
  "masters misled": 0.06877317737003474,
  "programs on highdensity": 0.06877317737003474,
  "confused advice": 0.06877317737003474,
  "copyprotected": 0.06877317737003474,
  "nntppostinghost ubvmsdccbuffaloedu": 0.04870115127353359,
  "sender university": 0.02437324157871091,
  "programs": 0.024178578288045035,
  "gmt sender university": 0.028233382598049046,
  "have copy protection": 0.06877317737003474,
  "learn something": 0.0521211268644905,
  "on highdensity disks": 0.06877317737003474,
  "advice comprendo": 0.06877317737003474,
  "quick": 0.028294388358852746,
  "up masters misled": 0.06877317737003474,
  "disks": 0.030374364262316524,
  "copyprotected i just": 0.06877317737003474,
  "backing up": 0.09399782396327573,
  "copyprotected i": 0.06877317737003474,
  "hear that no": 0.06877317737003474,
  "thanks backing": 0.06877317737003474,
  "disks have": 0.05759652520035348,
  "huh learn something": 0.06877317737003474,
  "apr gmt": 0.010446197488535376,
  "shit": 0.0332732621731143,
  "shit i was": 0.06877317737003474,
  "vaxvms vnews nntppostinghost": 0.041889837016507725,
  "day mitch": 0.06877317737003474,
  "handle highdensity": 0.06877317737003474,
  "nntppostinghost ubvmsdccbuffaloedu just": 0.06877317737003474,
  "ubvmsdccbuffaloedu": 0.04870115127353359,
  "backing up of": 0.06877317737003474,
  "university": 0.006778862173840393,
  "to handle highdensity": 0.06877317737003474,
  "up masters": 0.06877317737003474,
  "confused advice comprendo": 0.06877317737003474,
  "surprised to": 0.04281713835417801,
  "program that": 0.033190094179734335,
  "misled confused": 0.06877317737003474,
  "who explained": 0.0639596552828129,
  "on highdensity": 0.06877317737003474,
  "university at buffalonewssoftware": 0.042185389894416024,
  "handle": 0.028480688652138472,
  "protection": 0.029256792270562104,
  "my masters": 0.05433261110836921,
  "a program": 0.030457532255696498,
  "that no programs": 0.06877317737003474,
  "university at": 0.039573923068708584,
  "have copy": 0.06877317737003474,
  "ubvmsdccbuffaloedu just a": 0.06877317737003474,
  "many who explained": 0.06877317737003474,
  "said huh learn": 0.06877317737003474,
  "buffalonewssoftware vaxvms": 0.041889837016507725,
  "the backing": 0.05759652520035348,
  "protection which someone": 0.06877317737003474,
  "vnews": 0.029568685025290035,
  "learn": 0.026583274376363323,
  "day": 0.01770566118670397,
  "protection which": 0.06877317737003474,
  "just a quick": 0.04870115127353359,
  "advice comprendo apr": 0.06877317737003474,
  "quick thanks": 0.06877317737003474,
  "not copyprotected": 0.06877317737003474,
  "highdensity old": 0.06877317737003474,
  "highdensity": 0.1126608065563465,
  "highdensity disks have": 0.06877317737003474,
  "vnews nntppostinghost": 0.041889837016507725,
  "at buffalonewssoftware": 0.041889837016507725,
  "every day mitch": 0.06877317737003474,
  "old shit": 0.06877317737003474,
  "huh learn": 0.06877317737003474,
  "copy protection": 0.04470556693392553,
  "every day": 0.03352891476424427,
  "vaxvms vnews": 0.029568685025290035,
  "sender university at": 0.04233802119107419,
  "backing": 0.078942081057068,
  "highdensity old shit": 0.06877317737003474,
  "copy": 0.023901870589800592,
  "surprised to hear": 0.05633040327817325,
  "copy protection which": 0.06877317737003474,
  "confused": 0.03286703851560313,
  "programs on": 0.0479694810259098,
  "vnews nntppostinghost ubvmsdccbuffaloedu": 0.04870115127353359,
  "i was surprised": 0.049967273195713834,
  "apr": 0.009123775613119023,
  "to handle": 0.0374477641303344,
  "gmt sender": 0.0124863196234712,
  "used a program": 0.0639596552828129,
  "are not copyprotected": 0.06877317737003474,
  "day mitch ": 0.06877317737003474,
  "mitch": 0.04428456261575584,
  "explained the": 0.04909808470297768,
  "handle highdensity old": 0.06877317737003474,
  "explained the backing": 0.06877317737003474,
  "shit i": 0.050446390358817664,
  "masters apparently they": 0.06877317737003474,
  "disks have copy": 0.06877317737003474,
  "backing up masters": 0.06877317737003474,
  "apr gmt sender": 0.015723447011290487,
  "vaxvms": 0.029071596110269313,
  "a quick": 0.03535523045772628,
  "no programs": 0.06877317737003474,
  "said huh": 0.06877317737003474,
  "unable to handle": 0.06877317737003474,
  "buffalonewssoftware vaxvms vnews": 0.041889837016507725,
  "sender": 0.004544121845254275,
  "program that is": 0.04951908902114737,
  "comprendo": 0.06877317737003474,
  "masters": 0.0783424675589401,
  "surprised": 0.03077129769176061,
  "misled confused advice": 0.06877317737003474,
  "comprendo apr": 0.06877317737003474,
  "unable to": 0.03201411608722577,
  "nntppostinghost": 0.011824824613030827,
  "ubvmsdccbuffaloedu just": 0.06877317737003474,
  "hear that": 0.039471040528534,
  "at buffalonewssoftware vaxvms": 0.041889837016507725,
  "new every day": 0.06877317737003474,
  "was surprised": 0.047307604777268655,
  "advice": 0.026943680196694235,
  "to hear": 0.02942299203592063,
  "masters misled confused": 0.06877317737003474,
  "comprendo apr gmt": 0.06877317737003474,
  "is unable": 0.049967273195713834,
  "highdensity disks": 0.0639596552828129,
  "quick thanks to": 0.06877317737003474,
  "there said huh": 0.06877317737003474,
  "learn something new": 0.06877317737003474,
  "explained": 0.032710977016630505,
  "that is unable": 0.06877317737003474,
  "unable": 0.03194467106406894,
  "mitch ": 0.1279193105656258,
  "buffalonewssoftware": 0.041889837016507725
}