{
  "ibism": 0.10737469820264506,
  "citibank ibism": 0.10737469820264506,
  "originator sender citibank": 0.11231939464298851,
  "a minute": 0.06367324773366809,
  "a sedative": 0.11231939464298851,
  "machine ": 0.17104794593631312,
  "of a sedative": 0.11231939464298851,
  "to side": 0.09152978376203211,
  "wedapr gmt has": 0.101145117425011,
  "sender": 0.007979921289227022,
  "minute im": 0.12077240904006102,
  "side": 0.03959281728178794,
  "rhoepnol": 0.11231939464298851,
  "larouche": 0.09892168380557255,
  "heard": 0.03298056464142475,
  "sedative called": 0.11231939464298851,
  "citibank": 0.09892168380557255,
  "sedative": 0.1978433676111451,
  "larouche i": 0.11231939464298851,
  "gmt": 0.002005242244715517,
  "one heard": 0.11231939464298851,
  "rhoepnol made": 0.11231939464298851,
  "gmt has any": 0.12077240904006102,
  "sender citibank": 0.10737469820264506,
  "machine": 0.03967144503289733,
  "info as": 0.08486461661120198,
  "tranquillizers thanks": 0.12077240904006102,
  "information originator": 0.11231939464298851,
  "heard of": 0.05081421029031477,
  "originator sender": 0.051502011369121165,
  "rhoepnol made by": 0.11231939464298851,
  "equivalent tranquillizers thanks": 0.12077240904006102,
  "made by larouche": 0.11231939464298851,
  "equivalent": 0.05710953312447168,
  "effects or": 0.103866380245916,
  "information originator sender": 0.12077240904006102,
  "minute": 0.055220233336595585,
  "as to side": 0.11231939464298851,
  "sedative called rhoepnol": 0.11231939464298851,
  "effects or equivalent": 0.11231939464298851,
  "seek sedative": 0.11231939464298851,
  "done it worked": 0.12077240904006102,
  "gmt has": 0.07889451630243728,
  "worked on my": 0.12077240904006102,
  "larouche i believe": 0.11231939464298851,
  "heard of a": 0.07641160221412949,
  "believe any info": 0.11231939464298851,
  "wedapr": 0.032410761874274,
  "any one heard": 0.11231939464298851,
  "wedapr gmt": 0.03374212600847263,
  "info": 0.03615918362522004,
  "seek": 0.05918879919555447,
  "tranquillizers thanks this": 0.12077240904006102,
  "worked on": 0.08201565501142753,
  "originator": 0.046081148175497536,
  "sender citibank ibism": 0.10737469820264506,
  "ibism wedapr gmt": 0.12077240904006102,
  "side effects or": 0.103866380245916,
  "equivalent tranquillizers": 0.11231939464298851,
  "sedative information": 0.11231939464298851,
  "tranquillizers": 0.11231939464298851,
  "any info": 0.0581407207833505,
  "citibank ibism wedapr": 0.12077240904006102,
  "or equivalent": 0.09892168380557255,
  "sedative information originator": 0.12077240904006102,
  "take a minute": 0.12077240904006102,
  "or equivalent tranquillizers": 0.11231939464298851,
  "on my machine": 0.084239088630866,
  "called rhoepnol": 0.11231939464298851,
  "worked": 0.04728623862755718,
  "minute im done": 0.12077240904006102,
  "to side effects": 0.11231939464298851,
  "effects": 0.05214288326334593,
  "side effects": 0.07609482798969948,
  "info as to": 0.101145117425011,
  "by larouche": 0.11231939464298851,
  "seek sedative information": 0.11231939464298851,
  "ibism wedapr": 0.12077240904006102,
  "it worked": 0.06733305983672098,
  "my machine": 0.06844973292849527
}