{
  "writes am i": 0.01959645500910348,
  "im glad": 0.015860825443331353,
  "complain": 0.013292828161651659,
  "emergency": 0.014482059307037628,
  "wedapr gmt in": 0.010006788024236326,
  "doctor sender usenet": 0.022988838779678576,
  "your repeat": 0.02585727817567886,
  "set foot in": 0.022988838779678576,
  "walkin income": 0.02585727817567886,
  "usenet news purdue": 0.013681196990007666,
  "foot": 0.012899459297715653,
  "news purdue": 0.013681196990007666,
  "avoid them": 0.021655090414754313,
  "university svm": 0.02585727817567886,
  "care they are": 0.021655090414754313,
  "department can": 0.02404749441442574,
  "gmt in": 0.004475438682895826,
  "deleted": 0.00912482702408748,
  "the story deleted": 0.02585727817567886,
  "department": 0.007537148452717451,
  "emphasize exactly what": 0.02585727817567886,
  "good writing to": 0.02585727817567886,
  "doctor last saturday": 0.022237710653172617,
  "trying to find": 0.015255599296967582,
  "of course steve": 0.020776572825664988,
  "in charge": 0.03078853449635787,
  "three stitches": 0.022988838779678576,
  "urgent and": 0.021179055018425454,
  "to local": 0.018966789064411866,
  "son cut": 0.022237710653172617,
  "that clinic": 0.06896651633903574,
  "urgent": 0.018035522892248072,
  "change": 0.00775944056314765,
  "dont give": 0.016500831861172044,
  "broadcast news": 0.02585727817567886,
  "sounds": 0.009198994789517592,
  "in article": 0.002238950656598612,
  "evening myyear old": 0.022237710653172617,
  "generating walkin": 0.02585727817567886,
  "letter short and": 0.02585727817567886,
  "the local": 0.011182602286077944,
  "advertising and": 0.021179055018425454,
  "of generating": 0.020427926891919496,
  "evening": 0.013632392465171757,
  "this doctor": 0.03793357812882373,
  "newspapers": 0.014319835335478865,
  "local health": 0.022988838779678576,
  "university svm na": 0.02585727817567886,
  "point": 0.005685551174143736,
  "generating": 0.01564311889257665,
  "angry": 0.014079577114277163,
  "good writing": 0.02585727817567886,
  "doctor": 0.023549399451345383,
  "they dont": 0.019965557943547846,
  "be angry": 0.019845306653501194,
  "knife i took": 0.022237710653172617,
  "i justified": 0.019845306653501194,
  "hand and emphasize": 0.02585727817567886,
  "emphasize": 0.016574385064740443,
  "writes am": 0.01959645500910348,
  "is in charge": 0.021179055018425454,
  "to find": 0.008320477200428264,
  "will change": 0.016808359369413255,
  "general care": 0.022237710653172617,
  "repeat business you": 0.02585727817567886,
  "that the local": 0.020776572825664988,
  "write them": 0.019160282464291033,
  "article writes am": 0.02585727817567886,
  "saturday": 0.013379148950844579,
  "set": 0.0068783744467135295,
  "doctor sender": 0.020427926891919496,
  "opinion only": 0.021179055018425454,
  "ass": 0.012774679496576364,
  "bothered my son": 0.022988838779678576,
  "find out who": 0.019160282464291033,
  "local health department": 0.02585727817567886,
  "advertising and nothing": 0.02585727817567886,
  "your son": 0.022988838779678576,
  "and general": 0.016650070539605332,
  "svm": 0.02585727817567886,
  "my son": 0.017065383058220703,
  "discard it": 0.02585727817567886,
  "local urgent": 0.022237710653172617,
  "rats ass": 0.021655090414754313,
  "you are upset": 0.022988838779678576,
  "care clinic at": 0.022237710653172617,
  "they dont discard": 0.02585727817567886,
  "health": 0.010187787632699355,
  "business you are": 0.02404749441442574,
  "article": 0.002058504841027359,
  "letter short": 0.02585727817567886,
  "broadcast news shows": 0.02585727817567886,
  "find out": 0.010361470876411006,
  "at pm": 0.01735049870303791,
  "local newspapers": 0.021179055018425454,
  "through advertising": 0.02585727817567886,
  "at this doctor": 0.043310180829508625,
  "gmt": 0.0004293207939077608,
  "walkin": 0.02404749441442574,
  "like your son": 0.02585727817567886,
  "a rats ass": 0.021655090414754313,
  "pm": 0.012827428079650826,
  "in that clinic": 0.02404749441442574,
  "local urgent and": 0.022237710653172617,
  "old son cut": 0.022237710653172617,
  "to someone official": 0.02585727817567886,
  "letter we will": 0.02404749441442574,
  "svm na": 0.02585727817567886,
  "short and to": 0.02585727817567886,
  "so they dont": 0.0179081334296647,
  "the sole": 0.015695867475651114,
  "them a letter": 0.021179055018425454,
  "angry at this": 0.021179055018425454,
  "charge of that": 0.02404749441442574,
  "newspapers and broadcast": 0.02585727817567886,
  "to a local": 0.01755948749591921,
  "charge already": 0.02585727817567886,
  "and broadcast": 0.02585727817567886,
  "avoid": 0.010155672024131073,
  "rats": 0.01755948749591921,
  "usenet": 0.0053205372939953335,
  "university": 0.002548710582331636,
  "business": 0.009321300034321965,
  "stitches at the": 0.022988838779678576,
  "to local newspapers": 0.02585727817567886,
  "son": 0.033379350942664934,
  "clinic at": 0.022237710653172617,
  "exists for the": 0.02404749441442574,
  "son cut his": 0.022237710653172617,
  "official but really": 0.02585727817567886,
  "exists for": 0.018618143130666374,
  "hand and": 0.015490980751260786,
  "in being pissed": 0.022237710653172617,
  "writing to local": 0.02585727817567886,
  "letter we": 0.02404749441442574,
  "care they": 0.021179055018425454,
  "do some good": 0.02404749441442574,
  "i can write": 0.022988838779678576,
  "room im still": 0.02404749441442574,
  "of generating walkin": 0.02585727817567886,
  "emphasize exactly": 0.02585727817567886,
  "my opinion": 0.01138922714393362,
  "writing to": 0.017670609204584475,
  "providing and": 0.02585727817567886,
  "hope": 0.007537148452717451,
  "official but": 0.02585727817567886,
  "local newspapers and": 0.02585727817567886,
  "na wedapr": 0.015695867475651114,
  "charge": 0.021609119783290647,
  "sole": 0.014319835335478865,
  "clinic exists for": 0.02585727817567886,
  "change them all": 0.02585727817567886,
  "his finger": 0.019845306653501194,
  "am i justified": 0.019845306653501194,
  "a letter": 0.013250714892905226,
  "good": 0.004219479857625076,
  "kind of": 0.007850243367264467,
  "cut his": 0.021655090414754313,
  "justified": 0.01306918470322217,
  "at the emergency": 0.022988838779678576,
  "hope for": 0.015490980751260786,
  "certainly never set": 0.02404749441442574,
  "a local urgent": 0.022237710653172617,
  "and emphasize": 0.02404749441442574,
  "finger badly": 0.022237710653172617,
  "opinion only of": 0.022237710653172617,
  "exists": 0.00955904510660532,
  "purpose of": 0.01225548665389969,
  "give a rats": 0.022988838779678576,
  "can write": 0.017157005303158744,
  "clinic again": 0.02404749441442574,
  "news": 0.008016232391690463,
  "wedapr gmt": 0.007224162748550276,
  "last saturday": 0.019845306653501194,
  "the letter short": 0.02585727817567886,
  "bothered my": 0.022988838779678576,
  "myyear old son": 0.022237710653172617,
  "na wedapr gmt": 0.015695867475651114,
  "are providing": 0.02404749441442574,
  "are upset": 0.022237710653172617,
  "the emergency room": 0.022988838779678576,
  "clinic again the": 0.02585727817567886,
  "the story": 0.01279214421759672,
  "finger": 0.012954817542234199,
  "the sole purpose": 0.020776572825664988,
  "never set foot": 0.021655090414754313,
  "department can help": 0.02585727817567886,
  "some good": 0.014227128577105732,
  "official": 0.01053274315444185,
  "health department": 0.021655090414754313,
  "walkin income through": 0.02585727817567886,
  "sole purpose": 0.018966789064411866,
  "upset": 0.013514229040659693,
  "purdue": 0.012402208738347843,
  "son did get": 0.022988838779678576,
  "do will change": 0.02585727817567886,
  "you can hope": 0.02585727817567886,
  "of that clinic": 0.02404749441442574,
  "news shows": 0.022988838779678576,
  "saturday evening myyear": 0.022237710653172617,
  "story deleted be": 0.02585727817567886,
  "discard it out": 0.02585727817567886,
  "this doctor sender": 0.022237710653172617,