{
  "references": 0.01858416764892949,
  "microtubule tubulin": 0.04460962856434686,
  "transformed cells cytoskeleton": 0.04460962856434686,
  "interested in": 0.014659247708379399,
  "cytoskeleton in": 0.04460962856434686,
  "properties of microtubules": 0.04460962856434686,
  "microtubules": 0.04460962856434686,
  "access": 0.012627524210161004,
  "fast": 0.01583232493576294,
  "review paper": 0.03584426753256617,
  "cytoskeleton and": 0.04460962856434686,
  "express access online": 0.02216095008818318,
  "greenbelt md": 0.024002822354872163,
  "internal motions": 0.04460962856434686,
  "normal and": 0.05919939667666486,
  "circumstances also id": 0.04460962856434686,
  "or acoustical": 0.04460962856434686,
  "other info": 0.032411204235057625,
  "internal": 0.017972227638048347,
  "and elastic properties": 0.04460962856434686,
  "cells in particular": 0.04460962856434686,
  "cytoplasm": 0.04460962856434686,
  "dynamicsapr express": 0.04460962856434686,
  "info relevant": 0.04460962856434686,
  "components under": 0.04460962856434686,
  "cell": 0.025101820725219243,
  "microtubules and": 0.04460962856434686,
  "constants": 0.03305580262983543,
  "transformed circumstances also": 0.04460962856434686,
  "force": 0.015908674297536694,
  "transformed cells": 0.08921925712869372,
  "any other info": 0.03966092456133736,
  "and transformed circumstances": 0.04460962856434686,
  "translational behavior and": 0.04460962856434686,
  "usaaccessdigexnet": 0.023477430896648017,
  "constants mechanical and": 0.04460962856434686,
  "review": 0.019544221324154547,
  "relevant to the": 0.02959969833833243,
  "under normal": 0.03471222055832785,
  "access online communications": 0.02216095008818318,
  "christensbarry": 0.041487343967229987,
  "express access": 0.022099663367211204,
  "microtubules and viscous": 0.04460962856434686,
  "interested": 0.012856228378509757,
  "translational behavior": 0.04460962856434686,
  "and transformed cells": 0.04460962856434686,
  "motions": 0.032120490175879375,
  "usaaccessdigexnet fast": 0.04460962856434686,
  "cytoskeleton and its": 0.04460962856434686,
  "background and review": 0.04460962856434686,
  "motility": 0.04460962856434686,
  "transformed circumstances": 0.04460962856434686,
  "normal and transformed": 0.08921925712869372,
  "and viscous properties": 0.04460962856434686,
  "me understand": 0.03524277477299625,
  "and its components": 0.03966092456133736,
  "thanks bill christensbarry": 0.04460962856434686,
  "the vibrational": 0.03966092456133736,
  "in normal": 0.030294070769986744,
  "cell motility but": 0.04460962856434686,
  "the internal": 0.024441444715345928,
  "tubulin im": 0.04460962856434686,
  "cell motility": 0.04460962856434686,
  "christensbarry ": 0.08297468793445997,
  "data on": 0.02566957172024341,
  "help me understand": 0.037359908238067126,
  "mechanical and elastic": 0.04460962856434686,
  "understand the": 0.021501976695324006,
  "md": 0.01875470553651247,
  "elastic": 0.036538639964220486,
  "understand the dynamics": 0.03966092456133736,
  "paper references": 0.04460962856434686,
  "behavior and": 0.031115339043833387,
  "properties": 0.07302064690479376,
  "online communications": 0.02015311672220974,
  "motions of": 0.036538639964220486,
  "behavior": 0.018813017088728852,
  "relevant": 0.020094233471906347,
  "translational": 0.03836505937011312,
  "motility but": 0.04460962856434686,
  "express": 0.018313545469004787,
  "for good": 0.02689870229081386,
  "viscous": 0.03836505937011312,
  "md usaaccessdigexnet fast": 0.04460962856434686,
  "access online": 0.02216095008818318,
  "mechanical and": 0.03966092456133736,
  "properties of these": 0.04460962856434686,
  "relevant to": 0.02553707674183668,
  "vibrational": 0.03836505937011312,
  "in translational": 0.04460962856434686,
  "normal": 0.03436299698953295,
  "dynamics": 0.05120567419917924,
  "elastic properties of": 0.04460962856434686,
  "vibrational or": 0.04460962856434686,
  "dynamics of cytoskeleton": 0.08921925712869372,
  "paper references that": 0.04460962856434686,
  "greenbelt": 0.023355129144098683,
  "cytoskeleton dynamicsapr": 0.04460962856434686,
  "thanks bill": 0.032411204235057625,
  "references that can": 0.04460962856434686,
  "and cell": 0.041487343967229987,
  "cells cytoskeleton microtubule": 0.04460962856434686,
  "and elastic": 0.041487343967229987,
  "communications": 0.015787128859233314,
  "circumstances also": 0.04460962856434686,
  "properties of": 0.08364547938622562,
  "transformed": 0.09403916975835895,
  "viscous properties": 0.04460962856434686,
  "online communications greenbelt": 0.024927431030711628,
  "bill christensbarry": 0.041487343967229987,
  "fast dynamics of": 0.04460962856434686,
  "cytoskeleton microtubule tubulin": 0.04460962856434686,
  "motility but rather": 0.04460962856434686,
  "md usaaccessdigexnet": 0.02639768591644348,
  "paper": 0.017466088141710308,
  "components under normal": 0.04460962856434686,
  "cells": 0.049195371935087266,
  "and cell motility": 0.04460962856434686,
  "the cytoskeleton": 0.04460962856434686,
  "and viscous": 0.04460962856434686,
  "cytoskeleton": 0.2230481428217343,
  "its components": 0.03341635536710361,
  "components": 0.02200926893905441,
  "cytoskeleton microtubule": 0.04460962856434686,
  "communications greenbelt md": 0.02498481402970906,
  "me thanks bill": 0.04460962856434686,
  "and transformed": 0.08921925712869372,
  "other info relevant": 0.04460962856434686,
  "acoustical": 0.04460962856434686,
  "info": 0.013356094852558752,
  "in the internal": 0.03524277477299625,
  "for good background": 0.04460962856434686,
  "cytoplasm any": 0.04460962856434686,
  "dynamicsapr express access": 0.04460962856434686,
  "and review": 0.03524277477299625,
  "elastic properties": 0.04460962856434686,
  "good background and": 0.04460962856434686,
  "any data": 0.03184740629382336,
  "info relevant to": 0.04460962856434686,
  "on force constants": 0.04460962856434686,
  "dynamicsapr": 0.04460962856434686,
  "cytoskeleton in normal": 0.04460962856434686,
  "review paper references": 0.04460962856434686,
  "the dynamics": 0.03836505937011312,
  "or acoustical properties": 0.04460962856434686,
  "cytoskeleton re": 0.04460962856434686,
  "force constants mechanical": 0.04460962856434686,
  "to the vibrational": 0.03966092456133736,
  "fast dynamics": 0.04460962856434686,
  "greenbelt md usaaccessdigexnet": 0.026477413741215556,
  "good background": 0.04460962856434686,
  "looking for good": 0.03471222055832785,
  "of cytoskeleton": 0.08921925712869372,
  "understand": 0.013430988095197634,
  "the internal motions": 0.04460962856434686,
  "background and": 0.030485780744846185,
  "tubulin": 0.04460962856434686,
  "microtubule": 0.04460962856434686,
  "background": 0.02007477553882294,
  "in translational behavior": 0.04460962856434686,
  "appreciate any data": 0.04460962856434686,
  "on force": 0.041487343967229987,
  "circumstances": 0.021664807839992074,
  "of the cytoskeleton": 0.04460962856434686,
  "bill christensbarry ": 0.041487343967229987,
  "cytoplasm any other": 0.04460962856434686,
  "behavior and cell": 0.04460962856434686,
  "acoustical properties of": 0.04460962856434686,
  "im not interested": 0.03305580262983543,
  "tubulin im looking": 0.04460962856434686,
  "motions of the": 0.03966092456133736,
  "good": 0.007279553087704523,
  "vibrational or acoustical": 0.04460962856434686,
  "viscous properties of": 0.04460962856434686,
  "microtubule tubulin im": 0.04460962856434686,
  "data": 0.013060195516046499,
  "online": 0.01583232493576294,
  "of microtubules": 0.04460962856434686,
  "cells in": 0.03305580262983543,
  "interested in translational": 0.04460962856434686,
  "transformed cells in": 0.04460962856434686,
  "force constants": 0.04460962856434686,
  "properties of cytoplasm": 0.04460962856434686,
  "cytoskeleton dynamicsapr express": 0.04460962856434686,
  "references that": 0.036538639964220486,