{
  "electrical engineering": 0.06346334375415082,
  "risky due": 0.10586425701982825,
  "what other remedies": 0.10586425701982825,
  "obesity what": 0.10120373853582637,
  "university electrical engineering": 0.09323652956387297,
  "to the obesity": 0.10586425701982825,
  "may be risky": 0.10586425701982825,
  "umbilical": 0.19066435928392877,
  "umbilical hernia apr": 0.10586425701982825,
  "gary": 0.0498714613099116,
  "gary taylor": 0.09533217964196439,
  "advance dr": 0.11383146599178165,
  "engineering could anyone": 0.11383146599178165,
  "hernias": 0.10120373853582637,
  "the obesity": 0.10586425701982825,
  "engineering could": 0.11383146599178165,
  "remedies could": 0.10586425701982825,
  "information on umbilical": 0.10586425701982825,
  "protruding hernia surgery": 0.10586425701982825,
  "protruding": 0.09323652956387297,
  "dr gary taylor": 0.11383146599178165,
  "obesity what other": 0.10586425701982825,
  "gmt": 0.0018899984375479583,
  "in advance": 0.03781555543569475,
  "surgery may": 0.10586425701982825,
  "protruding hernia": 0.10586425701982825,
  "taylor": 0.06346334375415082,
  "remedies could i": 0.10586425701982825,
  "obesity": 0.08270445218600911,
  "hernia apr": 0.10120373853582637,
  "remedies": 0.07730211161996617,
  "sender wits": 0.09533217964196439,
  "taylor ": 0.2117285140396565,
  "hernia surgery may": 0.10586425701982825,
  "umbilical hernias the": 0.10586425701982825,
  "wits university electrical": 0.09789704804787486,
  "surgery": 0.06304019463779775,
  "apr gmt sender": 0.026025015742825636,
  "umbilical hernias": 0.10586425701982825,
  "patient is": 0.08349747369735339,
  "surgery may be": 0.10586425701982825,
  "apr": 0.015101421704472867,
  "a protruding": 0.10120373853582637,
  "umbilical hernia": 0.10586425701982825,
  "wits": 0.08857601107987106,
  "gmt sender wits": 0.10120373853582637,
  "hernias the": 0.10120373853582637,
  "advance": 0.036559859154362696,
  "hernias the patient": 0.10586425701982825,
  "apr gmt": 0.017290257912058554,
  "other remedies": 0.10586425701982825,
  "hernia surgery": 0.10586425701982825,
  "over weight": 0.10120373853582637,
  "dr gary": 0.10120373853582637,
  "has a protruding": 0.10586425701982825,
  "gmt sender": 0.02066701179057302,
  "electrical engineering could": 0.11383146599178165,
  "weight": 0.05173172597026119,
  "wits university": 0.09789704804787486,
  "sender": 0.007521305123179492,
  "advance dr gary": 0.11383146599178165,
  "on umbilical hernias": 0.10586425701982825,
  "sender wits university": 0.09789704804787486,
  "hernia": 0.17053864118383913,
  "university electrical": 0.09146468266930678,
  "risky": 0.07436034869884893,
  "risky due to": 0.10586425701982825,
  "weight and has": 0.10586425701982825,
  "hernia apr gmt": 0.10120373853582637,
  "university": 0.011220185667046167,
  "weight and": 0.08270445218600911,
  "on umbilical": 0.10586425701982825,
  "be risky": 0.10120373853582637,
  "a protruding hernia": 0.10586425701982825,
  "is over weight": 0.10586425701982825,
  "patient": 0.058707436732048986,
  "engineering": 0.035643020436329796,
  "dr": 0.045891274680970984,
  "gary taylor ": 0.11383146599178165,
  "in advance dr": 0.11383146599178165,
  "the patient": 0.06777016501209807,
  "patient is over": 0.10586425701982825,
  "thanx in advance": 0.06982409361834377,
  "electrical": 0.05050516327191983
}