{
  "nuclear": 0.0998197865193429,
  "vnews sender": 0.12000422531028063,
  "hip": 0.1439084430777294,
  "vnews": 0.08870605507587011,
  "news system european": 0.17278957560106045,
  "usenet": 0.04245345382500443,
  "usenet news system": 0.05956884675021496,
  "system": 0.036632669254106826,
  "replacement newssoftware vaxvms": 0.20631953211010423,
  "hip replacement newssoftware": 0.20631953211010423,
  "newssoftware vaxvms": 0.09302621317420431,
  "organization for nuclear": 0.16577973733811852,
  "gmt": 0.003425622168055674,
  "tueapr gmt": 0.04889394941343229,
  "news": 0.031981427146015075,
  "news system": 0.05697411758377016,
  "sender usenet": 0.046470409263385255,
  "organization": 0.08144533570788404,
  "tueapr": 0.04706034957767578,
  "replacement newssoftware": 0.20631953211010423,
  "replacement": 0.10263757914300893,
  "vaxvms vnews": 0.08870605507587011,
  "vnews sender usenet": 0.13477813201666367,
  "nuclear research cern": 0.17278957560106045,
  "organization for": 0.13844252090132333,
  "gmt ": 0.2753125281366947,
  "european organization": 0.16577973733811852,
  "system european organization": 0.17278957560106045,
  "cern tueapr gmt": 0.1918789658484387,
  "cern tueapr": 0.1918789658484387,
  "newssoftware": 0.0892278474076636,
  "sender": 0.013632365535762827,
  "cern": 0.14729425410893304,
  "research cern tueapr": 0.1918789658484387,
  "newssoftware vaxvms vnews": 0.09302621317420431,
  "for nuclear": 0.14729425410893304,
  "vaxvms vnews sender": 0.12000422531028063,
  "usenet news": 0.050081546889432796,
  "hip replacement": 0.20631953211010423,
  "nuclear research": 0.1563633805934715,
  "tueapr gmt ": 0.16054402008226631,
  "sender usenet news": 0.05096469692005463,
  "european organization for": 0.16577973733811852,
  "research cern": 0.17278957560106045,
  "system european": 0.17278957560106045,
  "vaxvms": 0.08721478833080794,
  "european": 0.09188075204050945
}