{
  "company he also": 0.023435598882252058,
  "for its electrical": 0.023435598882252058,
  "crossposted to": 0.017452455734253386,
  "dr bernard jenssen": 0.023435598882252058,
  "yale university": 0.03188677547866981,
  "touches upon fasting": 0.023435598882252058,
  "title actually": 0.023435598882252058,
  "plugs a unique": 0.023435598882252058,
  "issue touches": 0.023435598882252058,
  "supposedly for its": 0.023435598882252058,
  "which promotes colon": 0.02167186559838451,
  "degree": 0.011463549210603689,
  "volcanic ash supposedly": 0.023435598882252058,
  "eli": 0.016152644986757225,
  "bernard jenssen": 0.023435598882252058,
  "davenport college": 0.023435598882252058,
  "the colema": 0.046871197764504116,
  "psyllium": 0.023435598882252058,
  "the immune system": 0.019097817477065224,
  "experience this": 0.019340337018552055,
  "a ritual": 0.02024790685045723,
  "fasting and": 0.023435598882252058,
  "ive come upon": 0.02167186559838451,
  "to hear": 0.010780943646749544,
  "through a ritual": 0.023435598882252058,
  "escapes me but": 0.023435598882252058,
  "cleansing as a": 0.02167186559838451,
  "plugs a": 0.023435598882252058,
  "ive": 0.005284718589895648,
  "company": 0.008161675888617078,
  "ingested": 0.019340337018552055,
  "interested": 0.0072622969466391,
  "science engineering unixtm": 0.019908132314516967,
  "cleansing as": 0.02167186559838451,
  "escapes me": 0.01722097538258487,
  "a unique appliance": 0.023435598882252058,
  "info colonics": 0.019908132314516967,
  "appliance": 0.0211040703024196,
  "for its bulkiness": 0.023435598882252058,
  "ct world": 0.02024790685045723,
  "experience": 0.008454703318066295,
  "a unique": 0.01562884841117415,
  "ingested debrisloosening": 0.023435598882252058,
  "boosts": 0.023435598882252058,
  "cleansing through": 0.023435598882252058,
  "davenport college yale": 0.023435598882252058,
  "regular selfadministered": 0.023435598882252058,
  "a vital aid": 0.02167186559838451,
  "unixtm new": 0.019908132314516967,
  "debrisloosening agents": 0.023435598882252058,
  "davenport": 0.02167186559838451,
  "colon": 0.056018230410866156,
  "and psyllium powder": 0.023435598882252058,
  "plugs vitratox": 0.023435598882252058,
  "purificationapr yale": 0.023435598882252058,
  "unixtm": 0.019908132314516967,
  "bulkiness": 0.023435598882252058,
  "debrisloosening agents boosts": 0.023435598882252058,
  "hear about": 0.01461693246291433,
  "colonics along": 0.023435598882252058,
  "book colon": 0.023435598882252058,
  "of purification eli": 0.023435598882252058,
  "ash supposedly for": 0.023435598882252058,
  "purification eli": 0.023435598882252058,
  "eli elisha": 0.023435598882252058,
  "is crossposted": 0.019608429933711917,
  "the selfadministration": 0.023435598882252058,
  "to altmagick": 0.023435598882252058,
  "products as his": 0.023435598882252058,
  "this article": 0.013215794758200174,
  "powder": 0.01722097538258487,
  "interested to hear": 0.017452455734253386,
  "eli elisha wiesel": 0.023435598882252058,
  "chemical agents": 0.02167186559838451,
  "chemical agents of": 0.023435598882252058,
  "to preventive": 0.02167186559838451,
  "electrical charge and": 0.023435598882252058,
  "degree he also": 0.023435598882252058,
  "debrisloosening": 0.023435598882252058,
  "sells": 0.012873156373604103,
  "yale university school": 0.023435598882252058,
  "agents of": 0.0170088084387196,
  "or the colema": 0.023435598882252058,
  "body": 0.00906610238564186,
  "for health": 0.01722097538258487,
  "unique": 0.012975360042116404,
  "dr": 0.010159137143115714,
  "vitratox products as": 0.023435598882252058,
  "health": 0.00992855639522609,
  "article": 0.0020061255829859504,
  "school home ": 0.023435598882252058,
  "certain orally": 0.023435598882252058,
  "elisha wiesel": 0.0211040703024196,
  "ive come": 0.01770712102320245,
  "immune system to": 0.022403881049915763,
  "engineering unixtm": 0.019908132314516967,
  "of purification": 0.023435598882252058,
  "health and longevity": 0.023435598882252058,
  "minervacisyaleedu recently": 0.025199332166119602,
  "system of purification": 0.023435598882252058,
  "charge and psyllium": 0.023435598882252058,
  "board and": 0.015513168070011919,
  "touches": 0.01848417356658968,
  "board": 0.018150187328949425,
  "vitratox products": 0.023435598882252058,
  "the title": 0.012954588259319557,
  "his chemical agents": 0.023435598882252058,
  "to preventive medicine": 0.02167186559838451,
  "a body": 0.01663114939261712,
  "system to a": 0.02167186559838451,
  "vitratox": 0.023435598882252058,
  "his chemical": 0.023435598882252058,
  "significant degree": 0.02167186559838451,
  "volcanic": 0.019608429933711917,
  "claims that": 0.01293398467094139,
  "elisha wiesel davenport": 0.023435598882252058,
  "regular": 0.010405106894300095,
  "ct": 0.013333074929193223,
  "a ritual system": 0.023435598882252058,
  "wiesel davenport": 0.023435598882252058,
  "anything about colon": 0.023435598882252058,
  "his book colon": 0.023435598882252058,
  "info": 0.007544664267857616,
  "orally": 0.017844696649844373,
  "these include": 0.01830861918621576,
  "school": 0.008371382501031662,
  "choice these": 0.022403881049915763,
  "medicine": 0.01099196242367253,
  "include volcanic ash": 0.023435598882252058,
  "literature": 0.012116218790794766,
  "fasting": 0.02024790685045723,
  "bulkiness if anyone": 0.023435598882252058,
  "issue": 0.007944732609030085,
  "degree he": 0.023435598882252058,
  "purification eli elisha": 0.023435598882252058,
  "which facilitates": 0.023435598882252058,
  "jenssen in": 0.023435598882252058,
  "about colon": 0.023435598882252058,
  "system to": 0.013749434786144373,
  "its electrical": 0.022403881049915763,
  "unique appliance": 0.023435598882252058,
  "colema": 0.046871197764504116,
  "and purificationapr yale": 0.023435598882252058,
  "supposedly": 0.011888623217380195,
  "from a californiabased": 0.023435598882252058,
  "electrical": 0.011180532327371567,
  "college yale university": 0.023435598882252058,
  "ritual": 0.016152644986757225,
  "immune": 0.01608096336597683,
  "upon a body": 0.02167186559838451,
  "colon cleansing as": 0.02167186559838451,
  "californiabased": 0.02167186559838451,
  "personal experience": 0.015750039375523398,
  "actually escapes": 0.023435598882252058,
  "university science": 0.016909010186421172,
  "dr bernard": 0.023435598882252058,
  "haven ct": 0.01757660373468451,
  "the issue": 0.010861445135154588,
  "powder for": 0.023435598882252058,
  "colon cleansing": 0.06501559679515354,
  "be very interested": 0.01630236636086138,
  "article is crossposted": 0.023435598882252058,
  "the issue touches": 0.023435598882252058,
  "to that claims": 0.023435598882252058,
  "wiesel davenport college": 0.023435598882252058,
  "hear about research": 0.023435598882252058,
  "selfadministered": 0.023435598882252058,
  "new haven ct": 0.01757660373468451,
  "particulars or": 0.023435598882252058,
  "ash supposedly": 0.023435598882252058,
  "longevity": 0.02024790685045723,
  "hear": 0.008412701881420742,
  "claims": 0.00937085845085309,
  "a significant degree": 0.023435598882252058,
  "info colonics and": 0.019908132314516967,
  "engineering": 0.007890439638576826,
  "particular dr": 0.023435598882252058,
  "charge": 0.010529634703562746,
  "very interested": 0.01438891170288968,
  "powder for its": 0.023435598882252058,
  "vital aid": 0.02167186559838451,
  "ct world minervacisyaleedu": 0.02167186559838451,
  "nutrition in": 0.020640147766048215,
  "theory": 0.009717145364401608,
  "the immune": 0.018876414482180668,
  "selfadministration": 0.023435598882252058,
  "medicine through": 0.02167186559838451,
  "wiesel": 0.019097817477065224,
  "ritual system of": 0.023435598882252058,
  "colema board which": 0.023435598882252058,
  "orally ingested": 0.023435598882252058,
  "particular dr bernard": 0.023435598882252058,
  "university school home": 0.023435598882252058,
  "elisha": 0.0211040703024196,