{
  "discussions on altpsychoactives": 0.10586425701982825,
  "news system": 0.03143399590828699,
  "vs where": 0.11383146599178165,
  "rd center": 0.09533217964196439,
  "schenectady ny tueapr": 0.10120373853582637,
  "group moderated": 0.11383146599178165,
  "nntppostinghost": 0.019572123497430333,
  "usenet news system": 0.032865570620808256,
  "good bong": 0.11383146599178165,
  "discussion": 0.03952585330569013,
  "nntppostinghost ge corp": 0.11383146599178165,
  "tueapr gmt serious": 0.11383146599178165,
  "system nntppostinghost": 0.04175113918881269,
  "on altpsychoactives sender": 0.11383146599178165,
  "eliminate some": 0.10586425701982825,
  "bong": 0.08992983907592146,
  "schenectady": 0.08196263010396806,
  "gmt": 0.0018899984375479583,
  "schenectady ny": 0.08349747369735339,
  "altpsychoactives sender usenet": 0.11383146599178165,
  "tueapr gmt": 0.02697597209016954,
  "tueapr": 0.025964330801476292,
  "idiots": 0.06567451493400663,
  "vs": 0.03988962584535429,
  "about drugs": 0.10120373853582637,
  "good bong man": 0.11383146599178165,
  "center": 0.03365429441182817,
  "eliminate": 0.061732621242893644,
  "altpsychoactives sender": 0.11383146599178165,
  "bong man": 0.11383146599178165,
  "the idiots": 0.08857601107987106,
  "corp rd center": 0.09533217964196439,
  "ge corp rd": 0.09533217964196439,
  "group moderated that": 0.11383146599178165,
  "moderated that": 0.11383146599178165,
  "moderated": 0.07730211161996617,
  "usenet news": 0.027631198283824994,
  "sender usenet": 0.02563884649014359,
  "corp rd": 0.09533217964196439,
  "altpsychoactives": 0.10120373853582637,
  "serious discussion": 0.07998733979446623,
  "discussion about": 0.06819592675555035,
  "drugs vs": 0.11383146599178165,
  "a good bong": 0.11383146599178165,
  "gmt serious": 0.11383146599178165,
  "ny tueapr gmt": 0.08196263010396806,
  "the group moderated": 0.11383146599178165,
  "vs where can": 0.11383146599178165,
  "re discussions": 0.10120373853582637,
  "usenet": 0.023422595213795545,
  "of the idiots": 0.11383146599178165,
  "system": 0.020211127864334804,
  "discussions": 0.054078626551944564,
  "nntppostinghost ge": 0.11383146599178165,
  "the group": 0.057794715150389094,
  "drugs vs where": 0.11383146599178165,
  "eliminate some of": 0.11383146599178165,
  "system nntppostinghost ge": 0.11383146599178165,
  "news": 0.017644925321939352,
  "ny tueapr": 0.08196263010396806,
  "ge": 0.07202013082251284,
  "discussion about drugs": 0.11383146599178165,
  "a good": 0.03117135874998418,
  "moderated that would": 0.11383146599178165,
  "bong man why": 0.11383146599178165,
  "drugs": 0.049696640405733114,
  "would eliminate": 0.09146468266930678,
  "ny": 0.04465223364125021,
  "good": 0.018575411327246025,
  "have the group": 0.11383146599178165,
  "rd center schenectady": 0.09789704804787486,
  "gmt serious discussion": 0.11383146599178165,
  "about drugs vs": 0.11383146599178165,
  "center schenectady": 0.09789704804787486,
  "sender": 0.007521305123179492,
  "news system nntppostinghost": 0.04177288801814645,
  "idiots ": 0.2117285140396565,
  "ge corp": 0.08349747369735339,
  "sender usenet news": 0.02811845347313359,
  "that would eliminate": 0.10586425701982825,
  "on altpsychoactives": 0.10120373853582637,
  "group": 0.029536335007210562,
  "center schenectady ny": 0.10586425701982825,
  "get a good": 0.07296539631948953,
  "discussions on": 0.07436034869884893,
  "corp": 0.044348646290218285
}