{
  "article": 0.003808731179292166,
  "water especially if": 0.04253490460201398,
  "s c h": 0.04253490460201398,
  "n i": 0.036258175210080346,
  "listen up what": 0.04253490460201398,
  "computing center": 0.025359310102065116,
  "public": 0.012891010246232711,
  "urinals": 0.04006714796546329,
  "swimming pool water": 0.04114513613606334,
  "matthews writes": 0.04006714796546329,
  "a x": 0.032292085586554595,
  "x gallon": 0.04784221034437199,
  "heard": 0.01306476473718275,
  "as public": 0.035837830393705326,
  "computing center tueapr": 0.04006714796546329,
  "usenet news purdue": 0.02531351906846829,
  "news purdue": 0.02531351906846829,
  "possibilities of transmission": 0.04253490460201398,
  "urinals so": 0.04006714796546329,
  "be very diluted": 0.04784221034437199,
  "to par": 0.039186367497859656,
  "gmt in": 0.008280642587193725,
  "tueapr gmt": 0.011337727400216182,
  "f e r": 0.04449367324021767,
  "x gallon swimming": 0.04784221034437199,
  "transmission through swimming": 0.04253490460201398,
  "s c": 0.036258175210080346,
  "pregnency without sex": 0.03361786744984813,
  "ive heard of": 0.030143844904132158,
  "in article harry": 0.032292085586554595,
  "j e": 0.04006714796546329,
  "transmission through": 0.04253490460201398,
  "c h": 0.03722759885965596,
  "university ": 0.05220799875318587,
  "i f": 0.04449367324021767,
  "the possibilities": 0.034448061927754695,
  "purdue university computing": 0.032102613542335845,
  "i b e": 0.04253490460201398,
  "f e": 0.04449367324021767,
  "r": 0.03185205173996896,
  "transmission": 0.023766816036602252,
  "sex": 0.02096046924619473,
  "usenet news": 0.011613112322187315,
  "sperm": 0.03313437248097381,
  "water especially": 0.04253490460201398,
  "gallon swimming": 0.04784221034437199,
  "in a x": 0.04784221034437199,
  "purdue university ": 0.04253490460201398,
  "swimming pool": 0.07343722172261793,
  "in article": 0.004142599524044774,
  "article harry matthews": 0.04114513613606334,
  "ive": 0.010033306308352604,
  "sex sender usenet": 0.04253490460201398,
  "x": 0.014806436427235068,
  "as public urinals": 0.04006714796546329,
  "swimming pool j": 0.04784221034437199,
  "all right listen": 0.04253490460201398,
  "but the sperm": 0.04784221034437199,
  "email school of": 0.04449367324021767,
  "chlorination isnt up": 0.04253490460201398,
  "school of nursing": 0.04449367324021767,
  "writes all right": 0.04449367324021767,
  "of community swimming": 0.04006714796546329,
  "the sperm": 0.04006714796546329,
  "harry matthews writes": 0.04006714796546329,
  "i f e": 0.04449367324021767,
  "ive heard": 0.021786038622862998,
  "center tueapr gmt": 0.04006714796546329,
  "sperm would be": 0.04784221034437199,
  "writes all": 0.031252900177777085,
  "swimming pools refered": 0.04006714796546329,
  "c h e": 0.04253490460201398,
  "without sex sender": 0.04114513613606334,
  "chlorination": 0.04253490460201398,
  "news purdue university": 0.025359310102065116,
  "public urinals so": 0.04006714796546329,
  "c": 0.013331980379617784,
  "pregnency without": 0.03361786744984813,
  "to as public": 0.04006714796546329,
  "pools refered to": 0.04006714796546329,
  "community": 0.018861840479895264,
  "listen": 0.02060378199010269,
  "h e i": 0.04006714796546329,
  "e r email": 0.04449367324021767,
  "r s": 0.033370073757154645,
  "r s c": 0.04449367324021767,
  "refered to": 0.032102613542335845,
  "through swimming pool": 0.04253490460201398,
  "diluted in a": 0.04784221034437199,
  "of nursing": 0.04114513613606334,
  "community swimming pools": 0.04006714796546329,
  "swimming": 0.09472524219273229,
  "nursing purdue": 0.04449367324021767,
  "chlorination isnt": 0.04253490460201398,
  "refered to as": 0.03779659903190902,
  "re pregnency": 0.03387906175550163,
  "without sex": 0.03361786744984813,
  "water": 0.01969728228939397,
  "e n n": 0.04449367324021767,
  "j": 0.015952209770802542,
  "heard of community": 0.04006714796546329,
  "matthews writes all": 0.04449367324021767,
  "article harry": 0.032292085586554595,
  "center tueapr": 0.03779659903190902,
  "purdue": 0.045894163737074625,
  "of transmission": 0.03779659903190902,
  "gallon": 0.03387906175550163,
  "university computing": 0.02731807874026881,
  "par ive": 0.04253490460201398,
  "par ive heard": 0.04253490460201398,
  "r email": 0.04449367324021767,
  "swimming pools": 0.03844167822333183,
  "through swimming": 0.04253490460201398,
  "if the chlorination": 0.04253490460201398,
  "pool j e": 0.04784221034437199,
  "j e n": 0.04449367324021767,
  "gmt": 0.0007943471694042143,
  "tueapr gmt in": 0.015874080015992876,
  "right listen": 0.04253490460201398,
  "matthews": 0.02978583537681949,
  "b e": 0.03779659903190902,
  "are the possibilities": 0.04114513613606334,
  "tueapr": 0.010912544829605977,
  "n": 0.03644551740871364,
  "a x gallon": 0.04784221034437199,
  "pools": 0.032489293289551,
  "urinals so what": 0.04006714796546329,
  "e": 0.06391414545553027,
  "sex sender": 0.039186367497859656,
  "gmt in article": 0.00879231368356825,
  "center": 0.01414455852091329,
  "computing": 0.016851403778325637,
  "public urinals": 0.04006714796546329,
  "refered": 0.03157508073091076,
  "school": 0.015893494313552865,
  "pools refered": 0.04006714796546329,
  "sender usenet": 0.010775747075567596,
  "community swimming": 0.04006714796546329,
  "pool water": 0.04114513613606334,
  "university": 0.009431460415777937,
  "very diluted": 0.04784221034437199,
  "b e r": 0.04114513613606334,
  "isnt": 0.012794457638684371,
  "e r s": 0.04114513613606334,
  "nursing purdue university": 0.04449367324021767,
  "of nursing purdue": 0.04449367324021767,
  "pool j": 0.04784221034437199,
  "h": 0.01791754661922865,
  "e i": 0.034759842223105276,
  "sperm would": 0.04784221034437199,
  "e n": 0.03415518935859317,
  "gallon swimming pool": 0.04784221034437199,
  "n n i": 0.04253490460201398,
  "harry matthews": 0.03779659903190902,
  "the chlorination isnt": 0.04253490460201398,
  "usenet": 0.009844279147827113,
  "e i b": 0.04449367324021767,
  "writes": 0.0030919095871628716,
  "isnt up": 0.039186367497859656,
  "n i f": 0.04449367324021767,
  "b": 0.015371554784996905,
  "pool": 0.05138521799627469,
  "listen up": 0.04114513613606334,
  "to par ive": 0.04253490460201398,
  "purdue university": 0.04612018189721671,
  "harry": 0.02522321890898929,
  "r email school": 0.04449367324021767,
  "h e": 0.032292085586554595,
  "school of": 0.02048491333888433,
  "up to par": 0.039186367497859656,
  "e r": 0.06384058623459588,
  "heard of": 0.02012930069471406,
  "possibilities": 0.026920793241539478,
  "the chlorination": 0.04253490460201398,
  "isnt up to": 0.039186367497859656,
  "pool water especially": 0.04253490460201398,
  "diluted in": 0.04449367324021767,
  "nursing": 0.03361786744984813,
  "diluted": 0.03779659903190902,
  "of community": 0.03509314111917751,
  "sender": 0.0031611282401768875,
  "n n": 0.03313437248097381,
  "university computing center": 0.02978583537681949,
  "pregnency": 0.033370073757154645,
  "par": 0.03192029311729794,
  "s": 0.013312938502877047,
  "sender usenet news": 0.011817900735085131,
  "f": 0.018537340343870796,
  "email school": 0.04449367324021767,
  "possibilities of": 0.03779659903190902,
  "i b": 0.03671861086130897,
  "email": 0.010091487475751285,
  "news": 0.0074159831063223365
}