{
  "hepatitis i": 0.08077729589556784,
  "and chronic persistent": 0.08077729589556784,
  "gmt beth israel": 0.03366233111845627,
  "school boston mass": 0.03332238629206305,
  "hepatitis and chronic": 0.04038864794778392,
  "vs chronicapr gmt": 0.04542815385910552,
  "chronic one for": 0.039069005413601435,
  "disease where": 0.04038864794778392,
  "chronic persistent hepatitis": 0.03720907372503188,
  "chronicapr gmt beth": 0.04542815385910552,
  "active hepatitis": 0.03650196051481509,
  "chronicapr": 0.04542815385910552,
  "david": 0.011967707532092576,
  "fuzzy": 0.056349884638453585,
  "israel hospital": 0.03332238629206305,
  "re persistent": 0.03720907372503188,
  "persistent vs chronicapr": 0.04542815385910552,
  "the term": 0.021951118022331413,
  "chronic hepatitis i": 0.04038864794778392,
  "where the term": 0.03720907372503188,
  "and a chronic": 0.039069005413601435,
  "disease": 0.042247891511348314,
  "chronic active and": 0.04038864794778392,
  "often fairly": 0.04038864794778392,
  "two classes": 0.03720907372503188,
  "sound": 0.015759811078810318,
  "a persistent": 0.03366233111845627,
  "conditions is often": 0.04038864794778392,
  "vs chronic hepatitis": 0.039069005413601435,
  "hepatitis vs chronic": 0.039069005413601435,
  "well david rind": 0.04542815385910552,
  "two conditions": 0.03720907372503188,
  "active hepatitis and": 0.04038864794778392,
  "distinction rather there": 0.04038864794778392,
  "writes can": 0.024587352105573394,
  "actual distinction between": 0.04038864794778392,
  "in article": 0.003933569272831506,
  "actual": 0.018636219650970665,
  "fuzzy as": 0.04038864794778392,
  "fuzzy as well": 0.04038864794778392,
  "chronic one": 0.039069005413601435,
  "hepatitis vs": 0.039069005413601435,
  "of chronic": 0.03402949950227983,
  "persistent disease and": 0.039069005413601435,
  "well david": 0.04038864794778392,
  "often fairly fuzzy": 0.04038864794778392,
  "rind ": 0.0666447725841261,
  "sound fuzzy the": 0.04038864794778392,
  "usaenterprisebihharvardedu in article": 0.03402949950227983,
  "classes of chronic": 0.04038864794778392,
  "sound fuzzy": 0.04038864794778392,
  "hepatitis chronic active": 0.039069005413601435,
  "usaenterprisebihharvardedu in": 0.03402949950227983,
  "disease and": 0.029119217797227474,
  "terms chronic": 0.04038864794778392,
  "general distinction": 0.04038864794778392,
  "actual distinction": 0.04038864794778392,
  "hospital harvard medical": 0.03332238629206305,
  "me the difference": 0.03486583691876586,
  "disease where the": 0.04038864794778392,
  "persistent disease": 0.039069005413601435,
  "mass usaenterprisebihharvardedu in": 0.03402949950227983,
  "active and chronic": 0.04038864794778392,
  "disease and a": 0.039069005413601435,
  "of chronic hepatitis": 0.04038864794778392,
  "persistent sound fuzzy": 0.04038864794778392,
  "term persistent": 0.04038864794778392,
  "are two classes": 0.039069005413601435,
  "persistent sound": 0.04038864794778392,
  "israel": 0.017580733088451896,
  "classes": 0.024167929142455816,
  "boston": 0.018264950099271503,
  "persistent hepatitis vs": 0.039069005413601435,
  "medical school boston": 0.03332238629206305,
  "hepatitis i cant": 0.04038864794778392,
  "school boston": 0.03332238629206305,
  "as well david": 0.04542815385910552,
  "fairly": 0.018167606266781204,
  "chronic": 0.21317405427753772,
  "enea": 0.04038864794778392,
  "horace": 0.03534914203646231,
  "writes": 0.0029358958006546537,
  "chronic persistent sound": 0.04038864794778392,
  "any other disease": 0.0380454111415179,
  "between a persistent": 0.039069005413601435,
  "dont think": 0.015166017611919044,
  "dont": 0.005589899443380575,
  "gmt beth": 0.03366233111845627,
  "conditions": 0.02050282356757231,
  "difference between a": 0.026802268489626534,
  "writes can anyone": 0.030482756895704226,
  "example persistent hepatitis": 0.039069005413601435,
  "article": 0.003616547495933387,
  "hepatitis": 0.16661193146031525,
  "fairly fuzzy": 0.04038864794778392,
  "chronic much": 0.04038864794778392,
  "chronicapr gmt": 0.04542815385910552,
  "fuzzy the": 0.04038864794778392,
  "the actual distinction": 0.04038864794778392,
  "a persistent disease": 0.039069005413601435,
  "persistent hepatitis": 0.07300392102963019,
  "the actual": 0.02143224277261659,
  "active": 0.041627169965716984,
  "distinction between": 0.02757576717052466,
  "fuzzy the actual": 0.04038864794778392,
  "usaenterprisebihharvardedu": 0.03402949950227983,
  "difference": 0.014623642912616155,
  "gmt": 0.0007542654314984971,
  "the two conditions": 0.04038864794778392,
  "and chronic": 0.07300392102963019,
  "the term persistent": 0.04038864794778392,
  "beth israel hospital": 0.03332238629206305,
  "persistent hepatitis i": 0.04038864794778392,
  "chronic hepatitis": 0.07441814745006375,
  "david rind ": 0.03332238629206305,
  "term": 0.017709654622030373,
  "terms": 0.017424515178302836,
  "difference between": 0.01878529840047963,
  "beth": 0.028174942319226792,
  "enea writes can": 0.04038864794778392,
  "chronic much as": 0.04038864794778392,
  "dont think there": 0.031686262696013816,
  "distinction rather": 0.04038864794778392,
  "two terms chronic": 0.04038864794778392,
  "beth israel": 0.03332238629206305,
  "classes of": 0.03402949950227983,
  "preference to": 0.03650196051481509,
  "school": 0.015091529004153411,
  "rind": 0.030482756895704226,
  "in article horace": 0.0380454111415179,
  "vs": 0.03183850870225526,
  "chronic active": 0.07300392102963019,
  "harvard medical": 0.03270985696809735,
  "medical": 0.01811969819723495,
  "chronic persistent": 0.07441814745006375,
  "chronic active hepatitis": 0.03650196051481509,
  "a general distinction": 0.04038864794778392,
  "harvard": 0.022926893407553092,
  "for example persistent": 0.039069005413601435,
  "active and": 0.03402949950227983,
  "distinction": 0.04790097535927324,
  "harvard medical school": 0.03270985696809735,
  "is often fairly": 0.04038864794778392,
  "boston mass usaenterprisebihharvardedu": 0.03402949950227983,
  "persistent": 0.17104013083957065,
  "in preference": 0.03588943119084939,
  "mass usaenterprisebihharvardedu": 0.03402949950227983,
  "article horace enea": 0.04038864794778392,
  "persistent vs": 0.03650196051481509,
  "horace enea writes": 0.04038864794778392,
  "article horace": 0.0380454111415179,
  "hepatitis i dont": 0.04038864794778392,
  "to chronic": 0.03720907372503188,
  "these two terms": 0.04038864794778392,
  "enea writes": 0.04038864794778392,
  "a general": 0.02209055599106706,
  "general distinction rather": 0.04038864794778392,
  "distinction between the": 0.03534914203646231,
  "preference to chronic": 0.04038864794778392,
  "two terms": 0.04038864794778392,
  "terms chronic active": 0.04038864794778392,
  "example persistent": 0.039069005413601435,
  "hepatitis chronic": 0.039069005413601435,
  "horace enea": 0.04038864794778392,
  "mass": 0.018440436480718917,
  "i dont": 0.008374220080495796,
  "boston mass": 0.03332238629206305,
  "vs chronicapr": 0.04542815385910552,
  "other disease": 0.0380454111415179,
  "hospital harvard": 0.03332238629206305,
  "israel hospital harvard": 0.03332238629206305,
  "persistent is": 0.04038864794778392,
  "the difference": 0.018216019971729322,
  "term persistent is": 0.04038864794778392,
  "chronic hepatitis chronic": 0.04038864794778392,
  "vs chronic": 0.03650196051481509,
  "a chronic": 0.0330059052301963,
  "persistent is used": 0.04038864794778392,
  "re persistent vs": 0.03720907372503188,
  "preference": 0.02649634475339409,
  "hospital": 0.02173647507963986,
  "or in preference": 0.04038864794778392,
  "hepatitis and": 0.039069005413601435,
  "medical school": 0.028506688473261776,
  "david rind": 0.030482756895704226,
  "general": 0.013456637024694556,
  "conditions is": 0.039069005413601435,
  "fairly fuzzy as": 0.04038864794778392,
  "is a general": 0.029981842712378574
}