{
  "throw": 0.04078987310064622,
  "scimed not": 0.0789895202747705,
  "terms if": 0.0789895202747705,
  "deantha menon": 0.08771609867357198,
  "another cat": 0.09431750039319052,
  "barbie ": 0.18863500078638104,
  "ro altsex would": 0.09431750039319052,
  "atp": 0.09431750039319052,
  "or deantha menon": 0.08771609867357198,
  "alan": 0.04204190300122206,
  "or deantha": 0.08771609867357198,
  "terms if ya": 0.083854526215399,
  "that atp": 0.09431750039319052,
  "gday": 0.07065172277616193,
  "gmt": 0.0015659987053968799,
  "some decent terms": 0.083854526215399,
  "deantha": 0.0789895202747705,
  "circumci apr gmt": 0.09431750039319052,
  "menon ro first": 0.09431750039319052,
  "altsex would": 0.09431750039319052,
  "ya": 0.05008520611565363,
  "terms": 0.03617661246542874,
  "almac bbs ltd": 0.083854526215399,
  "mate throw": 0.09431750039319052,
  "decent terms if": 0.083854526215399,
  "menon": 0.08771609867357198,
  "barclay almac": 0.09431750039319052,
  "mind this": 0.07148040255701556,
  "like to rephrase": 0.09431750039319052,
  "alan barclay": 0.09431750039319052,
  "decent terms": 0.083854526215399,
  "ravi or deantha": 0.08771609867357198,
  "almac bbs": 0.083854526215399,
  "rephrase that": 0.09431750039319052,
  "gmt alan barclay": 0.09431750039319052,
  "info": 0.028238600545409935,
  "use some decent": 0.083854526215399,
  "ravi": 0.06733451616408369,
  "info on": 0.04303659503329443,
  "ro altsex": 0.09431750039319052,
  "mate throw another": 0.09431750039319052,
  "deantha menon ro": 0.09431750039319052,
  "to ravi": 0.09431750039319052,
  "apr gmt alan": 0.08771609867357198,
  "if ya": 0.07451329523433493,
  "some decent": 0.07238811855515198,
  "dont mind": 0.05470909007547935,
  "circumci apr": 0.09431750039319052,
  "cat on": 0.09431750039319052,
  "rephrase that atp": 0.09431750039319052,
  "ya dont mind": 0.083854526215399,
  "scimed not ro": 0.09431750039319052,
  "gday mate": 0.09431750039319052,
  "cat": 0.04796002943647067,
  "decent": 0.04308038274042423,
  "is scimed": 0.083854526215399,
  "mind": 0.02882926599423083,
  "atp gday": 0.09431750039319052,
  "info on circumci": 0.09431750039319052,
  "ravi or": 0.08771609867357198,
  "if ya dont": 0.083854526215399,
  "not ro": 0.09431750039319052,
  "throw another": 0.09431750039319052,
  "ro first off": 0.09431750039319052,
  "that atp gday": 0.09431750039319052,
  "altsex": 0.07451329523433493,
  "bbs ltd": 0.083854526215399,
  "throw another cat": 0.09431750039319052,
  "ro": 0.14296080511403111,
  "bbs ltd to": 0.09431750039319052,
  "cat on the": 0.09431750039319052,
  "menon ro": 0.09431750039319052,
  "barclay": 0.083854526215399,
  "atp gday mate": 0.09431750039319052,
  "gday mate throw": 0.09431750039319052,
  "apr gmt": 0.014326213698562804,
  "on circumci apr": 0.09431750039319052,
  "altsex would you": 0.09431750039319052,
  "apr": 0.012512606555134663,
  "to rephrase": 0.08771609867357198,
  "scimed": 0.05358734687875189,
  "barbie": 0.08771609867357198,
  "ro first": 0.09431750039319052,
  "almac": 0.08111469695395346,
  "the barbie": 0.09431750039319052,
  "dont mind this": 0.083854526215399,
  "on the barbie": 0.09431750039319052,
  "bbs": 0.036928300642473225,
  "rephrase": 0.07451329523433493,
  "need info": 0.060188748598370416,
  "gmt alan": 0.07578502278313991,
  "ltd to ravi": 0.09431750039319052,
  "circumci": 0.09431750039319052,
  "re need info": 0.06733451616408369,
  "mate": 0.06733451616408369,
  "on circumci": 0.09431750039319052,
  "not ro altsex": 0.09431750039319052,
  "mind this is": 0.07725312449578046,
  "dont": 0.011605695987209194,
  "this is scimed": 0.083854526215399,
  "barclay almac bbs": 0.09431750039319052,
  "ya dont": 0.08111469695395346,
  "alan barclay almac": 0.09431750039319052
}