{
  "events as they": 0.021910038808152663,
  "to gaining": 0.018843015885321043,
  "as this deactivates": 0.01947948064738251,
  "established medical": 0.021910038808152663,
  "flaming of the": 0.021910038808152663,
  "post": 0.005718579629905091,
  "interested in starting": 0.017309504423905237,
  "language": 0.009014141424059282,
  "gives symptoms": 0.020376527346736853,
  "wife are not": 0.01947948064738251,
  "seeing a hoemoepath": 0.020376527346736853,
  "the approximate language": 0.020376527346736853,
  "year": 0.005693778434167015,
  "interested and": 0.017048922486612352,
  "part of keeping": 0.020376527346736853,
  "tests for anyone": 0.021910038808152663,
  "or a praise": 0.021910038808152663,
  "imperial": 0.014460269272784355,
  "centrenntppostinghost ps hi": 0.021910038808152663,
  "regarded as low": 0.01947948064738251,
  "proneness": 0.020376527346736853,
  "year that gives": 0.020376527346736853,
  "monthes she has": 0.020376527346736853,
  "probability of": 0.013392013140652533,
  "gaining weight she": 0.020376527346736853,
  "year that": 0.015515411025196543,
  "her tests": 0.021910038808152663,
  "computer": 0.004520248857993003,
  "medication as this": 0.01947948064738251,
  "dieted vigorously to": 0.020376527346736853,
  "her to eat": 0.020376527346736853,
  "affect the treatment": 0.020376527346736853,
  "monthes she": 0.020376527346736853,
  "questions are has": 0.018843015885321043,
  "my questions": 0.01285175437845775,
  "relaying events as": 0.021910038808152663,
  "deficiency apr gmt": 0.021910038808152663,
  "keeping an edge": 0.020376527346736853,
  "wife are": 0.018349335462059517,
  "havent": 0.007157321444397344,
  "brain sorry": 0.020376527346736853,
  "the drug hormone": 0.01947948064738251,
  "illnesscondition may": 0.020376527346736853,
  "in starting medication": 0.01947948064738251,
  "slowly": 0.011811923340303466,
  "questions are": 0.013640858236729279,
  "her thyroidal": 0.020376527346736853,
  "interested": 0.01262868451340339,
  "the english": 0.013299816909677823,
  "doctor has": 0.017604927858915244,
  "such as needing": 0.020376527346736853,
  "hadheard": 0.020376527346736853,
  "using this approach": 0.020376527346736853,
  "about the approximate": 0.020376527346736853,
  "got many clues": 0.020376527346736853,
  "gland": 0.03363164800128742,
  "sinking any": 0.020376527346736853,
  "over the illnesscondition": 0.020376527346736853,
  "dependency": 0.017309504423905237,
  "couple": 0.007026340301845458,
  "thyroidal sp deficiency": 0.020376527346736853,
  "symptoms such as": 0.01947948064738251,
  "doctor": 0.029931703506190097,
  "erik": 0.012510713051406292,
  "reactivate": 0.01947948064738251,
  "andor": 0.008988265229892932,
  "thyroidal": 0.0538379075579001,
  "they have happened": 0.021910038808152663,
  "to eat": 0.012640891148802161,
  "flaming of": 0.021910038808152663,
  "low": 0.007614755232148861,
  "happened sincerely erik": 0.021910038808152663,
  "proneness to gaining": 0.020376527346736853,
  "hypofyse in norwegian": 0.020376527346736853,
  "to the drug": 0.0179459691859667,
  "much sleep": 0.017604927858915244,
  "coldness and proneness": 0.020376527346736853,
  "figures for": 0.01681582400064371,
  "coldness and": 0.018349335462059517,
  "greatly value": 0.021910038808152663,
  "alternatives i": 0.020376527346736853,
  "for alternatives": 0.021910038808152663,
  "sinking": 0.01641245772455089,
  "topic i dont": 0.021910038808152663,
  "of improvement": 0.01947948064738251,
  "greatly": 0.008671241726986311,
  "brain sorry about": 0.020376527346736853,
  "has anyone hadheard": 0.020376527346736853,
  "erik a": 0.020376527346736853,
  "tests and her": 0.01947948064738251,
  "get the exact": 0.01947948064738251,
  "a praise": 0.021910038808152663,
  "centrenntppostinghost": 0.021910038808152663,
  "taken the ordinary": 0.01947948064738251,
  "on the probability": 0.018843015885321043,
  "weight she": 0.020376527346736853,
  "praise for alternatives": 0.021910038808152663,
  "a hoemoepath": 0.020376527346736853,
  "probability of improvement": 0.020376527346736853,
  "deactivates the gland": 0.01947948064738251,
  "weight": 0.019914425484127096,
  "deficiency apr": 0.021910038808152663,
  "doctor has told": 0.020376527346736853,
  "hormone": 0.016604960770988126,
  "praise": 0.012743811537374935,
  "to a doctor": 0.016235372088105014,
  "starting medication as": 0.01947948064738251,
  "am just relaying": 0.021910038808152663,
  "a flaming": 0.016071416397499434,
  "clues to": 0.01947948064738251,
  "messagecenter": 0.020376527346736853,
  "havent got many": 0.020376527346736853,
  "values have": 0.018843015885321043,
  "dont intend this": 0.01947948064738251,
  "approximate language but": 0.020376527346736853,
  "reactivate either her": 0.020376527346736853,
  "her thyroidal gland": 0.020376527346736853,
  "steadily sinking": 0.020376527346736853,
  "gmt": 0.00036378288510325744,
  "of the established": 0.021910038808152663,
  "hypofyse in": 0.020376527346736853,
  "this topic": 0.012607621508615125,
  "success": 0.010038410456334405,
  "values have been": 0.020376527346736853,
  "symptoms": 0.011571921917750213,
  "informationopinionexperience on": 0.021910038808152663,
  "treatment development": 0.020376527346736853,
  "terms": 0.008403859090420393,
  "the gland": 0.01947948064738251,
  "any informationopinionexperience": 0.021910038808152663,
  "anyone hadheard": 0.020376527346736853,
  "in the brain": 0.017604927858915244,
  "illnesscondition": 0.020376527346736853,
  "as needing": 0.01947948064738251,
  "values": 0.017654135113481118,
  "couple of monthes": 0.020376527346736853,
  "havent got": 0.016071416397499434,
  "college computer centrenntppostinghost": 0.021910038808152663,
  "flaming": 0.011930261138867596,
  "alternatives i am": 0.021910038808152663,
  "intend": 0.011210300075959126,
  "feels that": 0.015282312539227901,
  "wife has aquired": 0.020376527346736853,
  "deficiency over": 0.020376527346736853,
  "sp deficiency over": 0.020376527346736853,
  "gaining weight": 0.01947948064738251,
  "approach her values": 0.020376527346736853,
  "will greatly": 0.017604927858915244,
  "medical profession": 0.015918777301289364,
  "messagecenter in the": 0.020376527346736853,
  "have happened": 0.01308485286442639,
  "sleep": 0.010961454979882377,
  "the treatment development": 0.020376527346736853,
  "terms are but": 0.020376527346736853,
  "the established medical": 0.021910038808152663,
  "either her thyroidal": 0.020376527346736853,
  "aquired some": 0.020376527346736853,
  "deactivates": 0.01947948064738251,
  "but the brainarea": 0.020376527346736853,
  "drug": 0.009261747433360135,
  "slowly but": 0.01947948064738251,
  "gmt imperial college": 0.020376527346736853,
  "giving lifelong": 0.01947948064738251,
  "profession or a": 0.021910038808152663,
  "hoemoepath sp and": 0.020376527346736853,
  "gmt imperial": 0.020376527346736853,
  "informationopinionexperience on this": 0.021910038808152663,
  "hi my wife": 0.020376527346736853,
  "not very interested": 0.01947948064738251,
  "of monthes": 0.020376527346736853,
  "sincerely": 0.011677798070798079,
  "thyroidal deficiency apr": 0.021910038808152663,
  "coldness": 0.017604927858915244,
  "my wife": 0.032342254114331205,
  "doctor and taken": 0.01947948064738251,
  "ps hi": 0.021910038808152663,
  "many clues": 0.01947948064738251,
  "this deactivates": 0.01947948064738251,
  "slowly but steadily": 0.020376527346736853,
  "brainarea is called": 0.020376527346736853,
  "the ordinary": 0.01497310470211472,
  "her values": 0.03895896129476502,
  "were regarded": 0.017604927858915244,
  "messagecenter in": 0.020376527346736853,
  "doctor and": 0.02994620940422944,
  "drops": 0.012574844770152424,
  "feels": 0.011245699061238863,
  "hypofyse": 0.020376527346736853,
  "imperial college": 0.015775992962489428,
  "sp and been": 0.020376527346736853,
  "some thyroidal sp": 0.020376527346736853,