{
  "very bad anxietyjitters": 0.031650138696649684,
  "to a drunken": 0.03403208777073884,
  "unbearable side": 0.03403208777073884,
  "a severe": 0.024295959440648753,
  "prozac": 0.052238848441862246,
  "friend has been": 0.031650138696649684,
  "prescribed prozac": 0.03403208777073884,
  "sit": 0.015947241760756417,
  "gave tremors": 0.03403208777073884,
  "legs and panic": 0.03403208777073884,
  "for a cure": 0.031650138696649684,
  "friend": 0.02451210866074613,
  "sit still for": 0.031650138696649684,
  "in advance gordon": 0.03403208777073884,
  "a small problem": 0.031650138696649684,
  "thankyou": 0.02579189782985097,
  "effects of": 0.01841939092445017,
  "brain was closed": 0.03403208777073884,
  "andor have": 0.029268189622560524,
  "problem": 0.014648984775596147,
  "satmay gmt world": 0.031650138696649684,
  "similar problems": 0.023110940587412566,
  "friend of mine": 0.017278832364549315,
  "having a severe": 0.03403208777073884,
  "requested satmay gmt": 0.03403208777073884,
  "coordination was": 0.03403208777073884,
  "advance": 0.010930267169861013,
  "coordination": 0.023737475146841963,
  "in the legs": 0.031650138696649684,
  "friend has": 0.021717589700442932,
  "the next step": 0.02356981135244529,
  "drunken": 0.023737475146841963,
  "my friend": 0.018241297907733378,
  "problems andor have": 0.03403208777073884,
  "so the aurorix": 0.03403208777073884,
  "suggestions as": 0.023110940587412566,
  "thankyou in advance": 0.03025678780968005,
  "person her": 0.03403208777073884,
  "tryptanol all": 0.03403208777073884,
  "problem is the": 0.02162343514996831,
  "step thankyou": 0.03403208777073884,
  "attacks along with": 0.03403208777073884,
  "unco ordination occurred": 0.03403208777073884,
  "prozac aurorix": 0.03403208777073884,
  "the main": 0.01444293459757497,
  "prescribed prozac aurorix": 0.03403208777073884,
  "person": 0.009690548775462913,
  "mine is experiencing": 0.031650138696649684,
  "problems andor": 0.03403208777073884,
  "a friend": 0.014042015056088656,
  "household": 0.022016597868792172,
  "a small": 0.013061096036671594,
  "whilst": 0.024295959440648753,
  "tryptanol all with": 0.03403208777073884,
  "person her brain": 0.03403208777073884,
  "main problem is": 0.026119424220931123,
  "have any suggestions": 0.022706187887562453,
  "next step thankyou": 0.03403208777073884,
  "is experiencing": 0.026886240548471364,
  "occurred she": 0.03403208777073884,
  "case of depression": 0.03403208777073884,
  "satmay gmt": 0.017848135188909514,
  "small": 0.010219315362616334,
  "gmt world": 0.01709994452277594,
  "problem is": 0.012567803353276428,
  "friend of": 0.01652779154803519,
  "the legs": 0.026119424220931123,
  "gordon taylor email": 0.03403208777073884,
  "side effects the": 0.031650138696649684,
  "feelings were": 0.03403208777073884,
  "a minute": 0.017942289739384134,
  "tremors in": 0.03403208777073884,
  "the side": 0.017879234280043253,
  "world private": 0.03403208777073884,
  "unco ordination": 0.03403208777073884,
  "advance gordon": 0.03403208777073884,
  "clouded over the": 0.03403208777073884,
  "antidepressants for a": 0.03403208777073884,
  "calming effect all": 0.03403208777073884,
  "lost and": 0.024295959440648753,
  "taylor email": 0.03403208777073884,
  "is the side": 0.03403208777073884,
  "panic": 0.020875244483834734,
  "zealand hello": 0.03403208777073884,
  "aurorix and": 0.03403208777073884,
  "to sit": 0.02102799968167265,
  "andor": 0.013961154240246064,
  "taylor": 0.018973576998663647,
  "of depression": 0.029268189622560524,
  "problem a": 0.022706187887562453,
  "effects the prozac": 0.03403208777073884,
  "antidepressants for": 0.03403208777073884,
  "antidepressants": 0.05158379565970194,
  "and the body": 0.02850137329502028,
  "was closed": 0.026886240548471364,
  "step thankyou in": 0.03403208777073884,
  "christchurch new zealand": 0.026119424220931123,
  "feelings were lost": 0.03403208777073884,
  "minute": 0.015560340665294974,
  "suggestions": 0.013521065227833804,
  "been prescribed prozac": 0.03403208777073884,
  "and insomina": 0.031650138696649684,
  "tryptanol gave tremors": 0.03403208777073884,
  "zealand": 0.017637982532025216,
  "ordination": 0.02850137329502028,
  "the tryptanol": 0.03403208777073884,
  "body": 0.012243911469268903,
  "drunken person her": 0.03403208777073884,
  "cure": 0.019481893596865096,
  "body coordination": 0.03403208777073884,
  "gordon taylor": 0.031650138696649684,
  "depression": 0.021814396837785528,
  "anxietyjitters and": 0.031650138696649684,
  "requiring antidepressants for": 0.03403208777073884,
  "problems": 0.009494448447367163,
  "a calming": 0.03403208777073884,
  "the body": 0.015790618020219235,
  "whilst having a": 0.03403208777073884,
  "experiencing and": 0.03403208777073884,
  "closed down has": 0.03403208777073884,
  "help with antidepressants": 0.031650138696649684,
  "calming": 0.031650138696649684,
  "insomina it was": 0.031650138696649684,
  "brain": 0.0303679766858718,
  "severe": 0.017358444252114726,
  "private household christchurch": 0.03403208777073884,
  "sit still": 0.029268189622560524,
  "whilst having": 0.03403208777073884,
  "small problem a": 0.03403208777073884,
  "were lost": 0.02734511131350409,
  "a severe case": 0.02850137329502028,
  "a drunken person": 0.03403208777073884,
  "any suggestions": 0.016836395997730392,
  "prozac gave": 0.031650138696649684,
  "feelings": 0.018276185782180175,
  "the prozac": 0.031650138696649684,
  "requiring": 0.019016803054357326,
  "anxietyjitters and insomina": 0.031650138696649684,
  "with antidepressants requested": 0.031650138696649684,
  "ordination occurred": 0.03403208777073884,
  "gordon": 0.015640822707247204,
  "gmt world private": 0.03403208777073884,
  "suggestions as to": 0.023257193557923894,
  "world private household": 0.03403208777073884,
  "minute or": 0.02579189782985097,
  "brain was clouded": 0.03403208777073884,
  "aurorix whilst": 0.03403208777073884,
  "impossible": 0.014103934318984455,
  "gave very bad": 0.031650138696649684,
  "along with unco": 0.03403208777073884,
  "very bad": 0.022122342400293045,
  "impossible to sit": 0.03025678780968005,
  "bad": 0.009358308133959473,
  "christchurch new": 0.02579189782985097,
  "gmt": 0.0005650510792669153,
  "problem a friend": 0.029268189622560524,
  "brain was": 0.05853637924512105,
  "step": 0.014274723557995701,
  "requested satmay": 0.03403208777073884,
  "clouded over": 0.031650138696649684,
  "severe case of": 0.02850137329502028,
  "next step": 0.023110940587412566,
  "occurred": 0.017439944343583168,
  "occurred she did": 0.03403208777073884,
  "it was impossible": 0.025217828810389916,
  "of mine": 0.015624574799357357,
  "requested": 0.017910617385071683,
  "email ": 0.029460937756827708,
  "main problem": 0.023110940587412566,
  "drunken person": 0.03403208777073884,
  "legs": 0.01990537346086492,
  "impossible to": 0.01661317298647688,
  "requiring antidepressants": 0.03403208777073884,
  "unbearable": 0.02734511131350409,
  "insomina it": 0.031650138696649684,
  "cure the": 0.02787483873559089,
  "has been prescribed": 0.03403208777073884,
  "cure the main": 0.03403208777073884,
  "new zealand": 0.017637982532025216,
  "andor have any": 0.029268189622560524,
  "body coordination was": 0.03403208777073884,
  "but unbearable side": 0.03403208777073884,
  "tryptanol gave": 0.03403208777073884,
  "was clouded": 0.03403208777073884,
  "with unco": 0.03403208777073884,
  "the side effects": 0.026481487848621248,
  "with unco ordination": 0.03403208777073884,
  "mine is": 0.02118786227835613,
  "similar problems andor": 0.03403208777073884,
  "a cure": 0.025492889661501726,
  "all feelings": 0.031650138696649684,
  "than a minute": 0.026481487848621248,
  "has been diagnosed": 0.02734511131350409,
  "diagnosed": 0.019740393326203885,
  "the aurorix whilst": 0.03403208777073884,
  "mine": 0.01116115873167476,
  "insomina": 0.031650138696649684,