{
  "get a bigger": 0.03266024950611723,
  "at least upgrade": 0.035118218231507105,
  "is the wait": 0.035118218231507105,
  "monitor upgrade": 0.035118218231507105,
  "zeos is": 0.03266024950611723,
  "diamond": 0.03571491553779731,
  "for buck": 0.035118218231507105,
  "wait": 0.02607660192906055,
  "buck": 0.02037040587916784,
  "access the": 0.019952735539960808,
  "pro zeos": 0.035118218231507105,
  "the zeos ctx": 0.035118218231507105,
  "the fastest": 0.02071948415155526,
  "the wait till": 0.035118218231507105,
  "monitor for": 0.023703764951832632,
  "thuapr": 0.00864832520088112,
  "changed to": 0.022719255247583413,
  "diamond speedstar pro": 0.035118218231507105,
  "computers": 0.015162114991469383,
  "zeos": 0.12757601666990764,
  "hours to": 0.024868672990740557,
  "pkg now for": 0.035118218231507105,
  "pdt the": 0.02090781686543451,
  "get the fastest": 0.035118218231507105,
  "good": 0.011461424010428397,
  "the then current": 0.035118218231507105,
  "current pkg": 0.035118218231507105,
  "lots of bang": 0.035118218231507105,
  "to nec": 0.035118218231507105,
  "choice": 0.013130597046958556,
  "good mail": 0.03266024950611723,
  "to nec monitor": 0.035118218231507105,
  "stayed": 0.019903823050129825,
  "a few good": 0.023999444416155508,
  "cache": 0.017326445760532196,
  "tech support": 0.02131743703253325,
  "houses around": 0.035118218231507105,
  "tm": 0.01690616703629341,
  "thuapr pdt the": 0.028217827632020177,
  "wait to": 0.02330189018124042,
  "for but changed": 0.035118218231507105,
  "buy": 0.010672628321568678,
  "upgrade to": 0.0426348740650665,
  "delivered once you": 0.035118218231507105,
  "support": 0.0095531818605748,
  "pkg it was": 0.035118218231507105,
  "cachedays": 0.035118218231507105,
  "tech": 0.015136694816013308,
  "once you order": 0.035118218231507105,
  "nec": 0.018141297157811903,
  "great deal although": 0.035118218231507105,
  "nec monitor": 0.028764461248428894,
  "lots": 0.012894102811147662,
  "a great deal": 0.018449848140044633,
  "purchased the then": 0.035118218231507105,
  "is your choice": 0.035118218231507105,
  "houses": 0.01794024983980997,
  "pkg": 0.08629338374528668,
  "ago": 0.010161104885949719,
  "upgrade buy this": 0.035118218231507105,
  "good call": 0.03122242997381877,
  "stayed with": 0.03020228078072735,
  "deal although": 0.035118218231507105,
  "around lots": 0.035118218231507105,
  "portal": 0.01976100780495983,
  "pkg for": 0.035118218231507105,
  "buck with zeos": 0.035118218231507105,
  "thuapr pdt": 0.0257598589066303,
  "business": 0.012659779833848625,
  "hd cache": 0.035118218231507105,
  "cachedays ago": 0.035118218231507105,
  "call": 0.009300143070568303,
  "zeos computers": 0.03122242997381877,
  "with zeos": 0.03266024950611723,
  "the hardest": 0.02449505414089011,
  "i stayed": 0.028764461248428894,
  "bigger hd with": 0.035118218231507105,
  "mail": 0.01066903369450894,
  "system tm world": 0.024157074779881868,
  "tm world i": 0.028217827632020177,
  "of bang": 0.035118218231507105,
  "ctx monitor": 0.03266024950611723,
  "bigger": 0.016723233104412226,
  "a bigger hd": 0.035118218231507105,
  "video card": 0.017776554656252656,
  "pkg it": 0.035118218231507105,
  "i bought": 0.01589646291493871,
  "diamond speedstar": 0.023703764951832632,
  "video card is": 0.027326641716130435,
  "portal system": 0.021245796226442754,
  "after normal": 0.03266024950611723,
  "purchased": 0.016885368740362918,
  "recommended you at": 0.035118218231507105,
  "pro zeos tech": 0.035118218231507105,
  "bang": 0.020843921455850543,
  "viper": 0.022410704265350686,
  "you order": 0.02467694525573958,
  "after normal business": 0.035118218231507105,
  "call after": 0.029410991591669863,
  "normal": 0.013525860517156586,
  "system": 0.0062353479581458435,
  "really good": 0.020658865593543557,
  "then current pkg": 0.035118218231507105,
  "a bigger": 0.021106715683346013,
  "hd cachedays": 0.035118218231507105,
  "order": 0.019759801688798994,
  "hd cache this": 0.035118218231507105,
  "with hd cachedays": 0.035118218231507105,
  "zeos computers thuapr": 0.035118218231507105,
  "the diamond speedstar": 0.028764461248428894,
  "your choice": 0.023057234608591656,
  "i recently purchased": 0.02467694525573958,
  "hd": 0.04718380212925395,
  "lots of": 0.013232755120120877,
  "about buying": 0.024868672990740557,
  "buy this": 0.0257598589066303,
  "order you": 0.028217827632020177,
  "generally recommended": 0.035118218231507105,
  "computers thuapr pdt": 0.035118218231507105,
  "hardest": 0.024157074779881868,
  "deal although it": 0.035118218231507105,
  "speedstar": 0.022037085415500236,
  "speedstar pro zeos": 0.035118218231507105,
  "the zeos": 0.03122242997381877,
  "current pkg for": 0.035118218231507105,
  "tm world": 0.024157074779881868,
  "it is generally": 0.025515203333981534,
  "current": 0.011309102877218197,
  "hardest part about": 0.035118218231507105,
  "changed to nec": 0.035118218231507105,
  "re zeos computers": 0.03266024950611723,
  "bang for": 0.026306492523039016,
  "great deal": 0.018417756524725774,
  "support is": 0.022940958641134244,
  "the diamond viper": 0.029410991591669863,
  "is generally recommended": 0.035118218231507105,
  "to the zeos": 0.035118218231507105,
  "cache this is": 0.03266024950611723,
  "pdt": 0.016606318142576872,
  "this pkg": 0.07023643646301421,
  "great": 0.008866228546790467,
  "ago when i": 0.024157074779881868,
  "with hd": 0.06244485994763754,
  "card": 0.01097660495597545,
  "viper video card": 0.03266024950611723,
  "to the diamond": 0.03266024950611723,
  "then current": 0.035118218231507105,
  "is really good": 0.02774431205533747,
  "zeos ctx monitor": 0.035118218231507105,
  "recommended you": 0.035118218231507105,
  "the fastest access": 0.035118218231507105,
  "is generally": 0.020482989915744366,
  "ctx monitor for": 0.035118218231507105,
  "least upgrade": 0.035118218231507105,
  "choice i": 0.026022653134125766,
  "buy this pkg": 0.035118218231507105,
  "re zeos": 0.03020228078072735,
  "card is your": 0.035118218231507105,
  "few good mail": 0.035118218231507105,
  "really good call": 0.035118218231507105,
  "zeos is the": 0.035118218231507105,
  "access": 0.009940816931403343,
  "the portal": 0.021245796226442754,
  "delivered once": 0.035118218231507105,
  "tech support is": 0.03020228078072735,
  "few good": 0.023999444416155508,
  "purchased the": 0.023703764951832632,
  "part about buying": 0.035118218231507105,
  "order you can": 0.035118218231507105,
  "wait till": 0.023999444416155508,
  "when i bought": 0.024322039374331843,
  "nec monitor upgrade": 0.035118218231507105,
  "ago when": 0.021864070648941965,
  "card is": 0.020155424950740766,
  "buying": 0.01427518354434526,
  "business hours": 0.03122242997381877,
  "recently purchased": 0.02251060099218294,
  "choice i stayed": 0.035118218231507105,
  "can hardly wait": 0.03266024950611723,
  "generally recommended you": 0.035118218231507105,
  "monitor": 0.02684567619321741,
  "the portal system": 0.021245796226442754,
  "business hours to": 0.035118218231507105,
  "wait till it": 0.03020228078072735,
  "you also upgrade": 0.035118218231507105,
  "hd with": 0.03020228078072735,
  "recommended": 0.017544363417318236,
  "pkg now": 0.035118218231507105,
  "viper video": 0.03266024950611723,
  "support is really": 0.035118218231507105,
  "monitor upgrade buy": 0.035118218231507105,
  "diamond viper": 0.026022653134125766,
  "normal business hours": 0.035118218231507105,
  "is delivered": 0.03020228078072735,
  "a great": 0.013247592377293126,
  "hardest part": 0.029410991591669863,
  "zeos tech support": 0.035118218231507105,
  "till": 0.01749476681457093,
  "but changed": 0.035118218231507105,
  "bought this": 0.026306492523039016,
  "portal system tm": 0.021245796226442754,
  "mail order houses": 0.03266024950611723,
  "bigger hd": 0.035118218231507105,
  "it is delivered": 0.035118218231507105,
  "monitor for more": 0.035118218231507105,