{
  "shipping and returned": 0.038989517879074814,
  "budget get": 0.038989517879074814,
  "proscan not as": 0.038989517879074814,
  "quality control some": 0.038989517879074814,
  "clear": 0.012802227038170376,
  "now clear wellfocussed": 0.038989517879074814,
  "avoid": 0.01531347395764646,
  "however cheap": 0.036260591971358495,
  "conclusion": 0.017363291724190762,
  "cckeeleacuk xnewsreader": 0.03193534674038169,
  "distortion at": 0.036260591971358495,
  "ctx nasty": 0.038989517879074814,
  "not perfect": 0.026316778411089772,
  "reported pincushioning the": 0.038989517879074814,
  "month ago": 0.026013782186144384,
  "reported pincushioning": 0.038989517879074814,
  "pay": 0.01272167163710211,
  "retuned": 0.038989517879074814,
  "a trinitron": 0.03132845430011689,
  "problem seems poor": 0.038989517879074814,
  "gmtworld": 0.030339027417121193,
  "potential": 0.016735623468568318,
  "conclusion if": 0.032653148145082286,
  "about a month": 0.026316778411089772,
  "conclusion if youre": 0.038989517879074814,
  "etc i complained": 0.038989517879074814,
  "similar thread": 0.038989517879074814,
  "good": 0.01272488807457011,
  "gmtworld cckeeleacuk xnewsreader": 0.03193534674038169,
  "quality control": 0.028073814248209532,
  "even pay": 0.038989517879074814,
  "many replies": 0.038989517879074814,
  "send it back": 0.02954898530900249,
  "returned to": 0.022870051098672847,
  "dodnt even": 0.038989517879074814,
  "main": 0.014683273375523883,
  "dodnt": 0.036260591971358495,
  "started a similar": 0.038989517879074814,
  "seems poor": 0.038989517879074814,
  "had others poor": 0.038989517879074814,
  "budget": 0.0185887952401296,
  "much nicer": 0.03193534674038169,
  "low": 0.013550666791068052,
  "ago and got": 0.038989517879074814,
  "mine": 0.012786996814635257,
  "dodnt even pay": 0.038989517879074814,
  "the digital": 0.026013782186144384,
  "controls": 0.01973617485457972,
  "got many replies": 0.038989517879074814,
  "price range conclusion": 0.038989517879074814,
  "as good": 0.019210460710388687,
  "the problem": 0.012143360141769612,
  "not as good": 0.029206420832665364,
  "makes however cheap": 0.038989517879074814,
  "month": 0.015848825824824265,
  "my price range": 0.03466427264809801,
  "pay shipping and": 0.036260591971358495,
  "controls and mode": 0.038989517879074814,
  "however cheap main": 0.038989517879074814,
  "and mode memory": 0.038989517879074814,
  "barrel": 0.023667390721158962,
  "certainly a trinitron": 0.038989517879074814,
  "pincushioning": 0.07252118394271699,
  "avoid ctx proscan": 0.038989517879074814,
  "im very happy": 0.03193534674038169,
  "proscan not": 0.038989517879074814,
  "budget get one": 0.038989517879074814,
  "thread": 0.0160875054382748,
  "the summary ctx": 0.038989517879074814,
  "prepared to send": 0.038989517879074814,
  "are nice": 0.027835134634759003,
  "ctx nasty low": 0.038989517879074814,
  "indays": 0.027835134634759003,
  "problem": 0.016782892006686922,
  "and mode": 0.036260591971358495,
  "distortion": 0.024181643407840316,
  "nasty low": 0.038989517879074814,
  "price": 0.012274605890854618,
  "memory are": 0.032653148145082286,
  "tin version i": 0.025344888340493213,
  "nasty low quality": 0.038989517879074814,
  "ctx proscan not": 0.038989517879074814,
  "memory": 0.013435488215679118,
  "mine and": 0.0216402295040187,
  "summary ctx nasty": 0.038989517879074814,
  "some reported pincushioning": 0.038989517879074814,
  "happy": 0.014833750591351433,
  "control": 0.011700258801911613,
  "xnewsreader tin version": 0.013248809911485563,
  "even pay shipping": 0.038989517879074814,
  "returned": 0.018887370344033157,
  "seems poor quality": 0.038989517879074814,
  "poor focus etc": 0.038989517879074814,
  "very happy": 0.025598977006389162,
  "my price": 0.029924222237365974,
  "version i": 0.023003521774561355,
  "control some": 0.038989517879074814,
  "ctxapr": 0.038989517879074814,
  "controls and": 0.033531666063642177,
  "low quality": 0.03466427264809801,
  "others poor": 0.038989517879074814,
  "ctx proscan": 0.038989517879074814,
  "digital controls": 0.032653148145082286,
  "trinitron say would": 0.038989517879074814,
  "retuned i dodnt": 0.038989517879074814,
  "version": 0.010017742688750587,
  "but has good": 0.038989517879074814,
  "wellfocussed": 0.038989517879074814,
  "a budget": 0.023831456455019467,
  "nice certainly": 0.038989517879074814,
  "pincushioning the": 0.038989517879074814,
  "started a": 0.025870602484684247,
  "ago": 0.01128122668440087,
  "i complained": 0.03466427264809801,
  "has no pincushioning": 0.038989517879074814,
  "re ctxapr gmtworld": 0.038989517879074814,
  "ctxapr gmtworld": 0.038989517879074814,
  "poor quality control": 0.038989517879074814,
  "replies the summary": 0.038989517879074814,
  "returned to me": 0.038989517879074814,
  "happy with": 0.021144637984770655,
  "trinitron": 0.02647749492494904,
  "a similar thread": 0.038989517879074814,
  "quality avoid": 0.038989517879074814,
  "the digital controls": 0.038989517879074814,
  "thread about a": 0.036260591971358495,
  "potential chris": 0.038989517879074814,
  "send": 0.011560513396342597,
  "poor": 0.031373572338676034,
  "pay shipping": 0.026316778411089772,
  "and be prepared": 0.038989517879074814,
  "distortion at all": 0.038989517879074814,
  "summary": 0.01723576615020952,
  "shipping and": 0.025870602484684247,
  "tin": 0.012075111275621794,
  "thread about": 0.02889129206229711,
  "good potential chris": 0.038989517879074814,
  "complained about": 0.027610101509404874,
  "good as some": 0.038989517879074814,
  "its not perfect": 0.033531666063642177,
  "prepared to": 0.02178696727881095,
  "cheap main": 0.038989517879074814,
  "control some reported": 0.038989517879074814,
  "has good potential": 0.038989517879074814,
  "replies the": 0.03193534674038169,
  "complained": 0.024773305624569992,
  "now clear": 0.036260591971358495,
  "no pincushioning": 0.038989517879074814,
  "indays its now": 0.038989517879074814,
  "gmtworld cckeeleacuk": 0.030802740155925854,
  "proscan": 0.038989517879074814,
  "nice": 0.012484751318180302,
  "of my price": 0.036260591971358495,
  "was retuned": 0.038989517879074814,
  "barrel distortion": 0.03466427264809801,
  "nasty": 0.02097884473536071,
  "range": 0.01585986933241328,
  "month ago and": 0.033531666063642177,
  "ctxapr gmtworld cckeeleacuk": 0.038989517879074814,
  "quality avoid ctx": 0.038989517879074814,
  "started": 0.012843131384033117,
  "nicer but": 0.038989517879074814,
  "cheap main problem": 0.038989517879074814,
  "summary ctx": 0.038989517879074814,
  "ago and": 0.020898494847048872,
  "the summary": 0.028073814248209532,
  "quality": 0.03084161839370524,
  "cckeeleacuk xnewsreader tin": 0.03193534674038169,
  "send it": 0.021887921730044564,
  "tin version": 0.012963155498296236,
  "mode memory are": 0.038989517879074814,
  "problem seems": 0.03193534674038169,
  "potential chris ": 0.038989517879074814,
  "focus etc": 0.036260591971358495,
  "good as": 0.020555930370711746,
  "range conclusion if": 0.038989517879074814,
  "digital controls and": 0.038989517879074814,
  "wellfocussed and has": 0.038989517879074814,
  "clear wellfocussed": 0.038989517879074814,
  "digital": 0.015926788924415524,
  "chris": 0.015361900249306507,
  "be prepared": 0.023916126554314597,
  "perfect": 0.016017822063867707,
  "indays its": 0.038989517879074814,
  "about mine": 0.036260591971358495,
  "nice certainly a": 0.038989517879074814,
  "i dodnt": 0.038989517879074814,
  "focus etc etc": 0.038989517879074814,
  "shipping": 0.01609924019472416,
  "to send": 0.017545669959128714,
  "xnewsreader": 0.01154939713143076,
  "retuned i": 0.038989517879074814,
  "clear wellfocussed and": 0.038989517879074814,
  "prepared": 0.018793066245519408,
  "replies": 0.017772700045151583,
  "trinitron say": 0.038989517879074814,
  "a month": 0.01973617485457972,
  "pincushioning or": 0.038989517879074814,