{
  "flusa ssdcsdharriscom is": 0.09903337541285004,
  "isa and": 0.06907605267731012,
  "controller coloradosonly": 0.09903337541285004,
  "lost los": 0.07070124197228787,
  "mark": 0.031053971283100723,
  "csd ft lauderdale": 0.07823895999605167,
  "controllers thanks": 0.09903337541285004,
  "angelino ": 0.15010884536973265,
  "format tape drive": 0.09903337541285004,
  "mca controllers": 0.09903337541285004,
  "an eisa controller": 0.09903337541285004,
  "disclaimer my": 0.0614213742559144,
  "ssdcsdharriscom": 0.08804725252616895,
  "los angelino": 0.07338388183823466,
  "controller": 0.04257890643641765,
  "controllers": 0.05933045627732881,
  "not harris": 0.07418430891497002,
  "ft lauderdale": 0.06907605267731012,
  "qic format tape": 0.09903337541285004,
  "ssdcsdharriscom is there": 0.09903337541285004,
  "an eisa": 0.07823895999605167,
  "a qic": 0.08517043180165113,
  "coloradosonly has": 0.09903337541285004,
  "harris the": 0.07418430891497002,
  "lauderdale": 0.0685881510356158,
  "eisa tape controllersapr": 0.09903337541285004,
  "tape controllersapr harris": 0.09903337541285004,
  "harris": 0.11457900542778732,
  "ssdcsdharriscom is": 0.09903337541285004,
  "los angelino ": 0.07505442268486633,
  "controllers thanks email": 0.09903337541285004,
  "controllersapr": 0.09903337541285004,
  "drive that": 0.06536041711298529,
  "isa and mca": 0.09903337541285004,
  "format": 0.04059793124253643,
  "eisa controller coloradosonly": 0.09903337541285004,
  "flusa": 0.09210190360725058,
  "the lost": 0.05952093822703576,
  "coloradosonly": 0.09903337541285004,
  "opinions not": 0.06725283710937056,
  "eisa controller": 0.09903337541285004,
  "thanks email": 0.07823895999605167,
  "my opinions": 0.037830401223340526,
  "email please mark": 0.09210190360725058,
  "mark ashley disclaimer": 0.07338388183823466,
  "email please": 0.06214458087171067,
  "tape": 0.08372619679757563,
  "isa": 0.04840742508258036,
  "eisa": 0.109932365880415,
  "csd": 0.07418430891497002,
  "email": 0.02088937907480516,
  "with an eisa": 0.09903337541285004,
  "lauderdale flusa ssdcsdharriscom": 0.09210190360725058,
  "has isa": 0.09903337541285004,
  "harris the lost": 0.07418430891497002,
  "drive": 0.028540827000291664,
  "please mark ashley": 0.09210190360725058,
  "controller coloradosonly has": 0.09903337541285004,
  "flusa ssdcsdharriscom": 0.09210190360725058,
  "format tape": 0.09903337541285004,
  "mark ashley": 0.06767843325355853,
  "opinions": 0.02705902187188412,
  "angelino": 0.07338388183823466,
  "ft lauderdale flusa": 0.09210190360725058,
  "ft": 0.05599272448080833,
  "ashley disclaimer": 0.07338388183823466,
  "tape controllersapr": 0.09903337541285004,
  "eisa tape": 0.09903337541285004,
  "qic": 0.07706112963948783,
  "please mark": 0.08517043180165113,
  "there a qic": 0.09903337541285004,
  "the lost los": 0.07338388183823466,
  "harris csd": 0.07823895999605167,
  "lost": 0.03533436558456776,
  "controllersapr harris": 0.09903337541285004,
  "controllersapr harris csd": 0.09903337541285004,
  "ashley disclaimer my": 0.07418430891497002,
  "disclaimer": 0.034703974485458235,
  "lost los angelino": 0.07338388183823466,
  "tape drive that": 0.09903337541285004,
  "a qic format": 0.09903337541285004,
  "los": 0.04196227276536127,
  "and mca controllers": 0.09903337541285004,
  "mca": 0.07600752448290958,
  "harris csd ft": 0.07823895999605167,
  "disclaimer my opinions": 0.06437601638485277,
  "mca controllers thanks": 0.09903337541285004,
  "ashley": 0.0664524100326352,
  "coloradosonly has isa": 0.09903337541285004,
  "csd ft": 0.07823895999605167,
  "qic format": 0.09903337541285004,
  "tape drive": 0.061897654745806954,
  "opinions not harris": 0.07418430891497002,
  "lauderdale flusa": 0.09210190360725058,
  "drive that comes": 0.09903337541285004,
  "and mca": 0.09903337541285004
}