{
  "basically i": 0.023049867987644145,
  "used but working": 0.034149439797534493,
  "enough parts": 0.034149439797534493,
  "convertible parts saleapr": 0.034149439797534493,
  "but working": 0.034149439797534493,
  "baltimore": 0.01728616694159741,
  "motherboard battery": 0.031759277105948475,
  "machines if": 0.026978951722776437,
  "robie i have": 0.034149439797534493,
  "parts saleapr": 0.034149439797534493,
  "etc im saving": 0.034149439797534493,
  "couple of old": 0.034149439797534493,
  "built up a": 0.034149439797534493,
  "standard": 0.010481152240800169,
  "future": 0.011917350616357895,
  "note those": 0.031759277105948475,
  "who bought": 0.023819328509417283,
  "have newer": 0.034149439797534493,
  "i built": 0.02291462414918455,
  "note": 0.020283407427715835,
  "built": 0.012775375257905845,
  "for word processing": 0.028599653892589314,
  "im saving": 0.034149439797534493,
  "find them": 0.020873068757154983,
  "maryland baltimore": 0.02558079617757587,
  "very limited": 0.022784485087174736,
  "interested please": 0.020147912174960633,
  "ibm pc": 0.01997401267969549,
  "saving": 0.018304198935001424,
  "out still find": 0.034149439797534493,
  "county": 0.018004159704002702,
  "rest basically": 0.034149439797534493,
  "except motherboard": 0.034149439797534493,
  "ibm laptop": 0.034149439797534493,
  "pc": 0.023662008598511048,
  "however ive basically": 0.034149439797534493,
  "the pc convertible": 0.034149439797534493,
  "the note": 0.024182640632375303,
  "parts except": 0.034149439797534493,
  "to inform": 0.02319063348598985,
  "these things": 0.01603815211461508,
  "bought these": 0.034149439797534493,
  "machines or": 0.027970958869161892,
  "all the standard": 0.027439404800792034,
  "limited": 0.013160561428871367,
  "mine": 0.02239929097184383,
  "parts available": 0.027970958869161892,
  "working parts": 0.034149439797534493,
  "interested please email": 0.022784485087174736,
  "county campusumbcedu": 0.031759277105948475,
  "built up": 0.027439404800792034,
  "machines or who": 0.034149439797534493,
  "prices for parts": 0.034149439797534493,
  "the original": 0.012366113291509375,
  "couple": 0.0109513993670143,
  "note for those": 0.031759277105948475,
  "junk save": 0.034149439797534493,
  "laptop": 0.02126092387241943,
  "standard parts": 0.034149439797534493,
  "laptop the": 0.034149439797534493,
  "of the accessories": 0.034149439797534493,
  "ibm wants outrageous": 0.034149439797534493,
  "saving mine": 0.034149439797534493,
  "couple of": 0.012143177668547946,
  "to convince": 0.018304198935001424,
  "convertible if": 0.031759277105948475,
  "junk save your": 0.034149439797534493,
  "useful for word": 0.034149439797534493,
  "junk": 0.018339207112463556,
  "convertible if you": 0.034149439797534493,
  "email": 0.007203234163725918,
  "working": 0.011013907589747256,
  "note those of": 0.034149439797534493,
  "antique": 0.024811335655802732,
  "ibm wants": 0.034149439797534493,
  "ive got": 0.01598441166283336,
  "antique ": 0.06829887959506899,
  "xauthuser": 0.027439404800792034,
  "outrageous prices for": 0.034149439797534493,
  "outrageous prices": 0.034149439797534493,
  "ive basically just": 0.034149439797534493,
  "saving mine as": 0.034149439797534493,
  "maryland baltimore county": 0.02558079617757587,
  "cannibalized": 0.029369114414362456,
  "pc convertible parts": 0.034149439797534493,
  "things and still": 0.034149439797534493,
  "of old machines": 0.034149439797534493,
  "battery power": 0.027439404800792034,
  "are worthless": 0.0262094912010033,
  "inform me": 0.026978951722776437,
  "original": 0.01061711679738592,
  "basically just": 0.027439404800792034,
  "xauthuser robie": 0.034149439797534493,
  "years": 0.008499841418071363,
  "convince themselves that": 0.034149439797534493,
  "machines if you": 0.031759277105948475,
  "prices for": 0.022092517171788006,
  "delete the note": 0.034149439797534493,
  "parts available for": 0.034149439797534493,
  "maryland": 0.0161856944429089,
  "things": 0.007647015448449846,
  "campusumbcedu xauthuser robie": 0.034149439797534493,
  "wants outrageous prices": 0.034149439797534493,
  "accessories too": 0.034149439797534493,
  "parts to": 0.0262094912010033,
  "motherboard battery power": 0.034149439797534493,
  "things and": 0.01959941322796171,
  "interested": 0.009841664482859194,
  "want to convince": 0.029369114414362456,
  "for parts": 0.025880835408574596,
  "us who bought": 0.034149439797534493,
  "parts": 0.06332510506390554,
  "mine going for": 0.034149439797534493,
  "ive": 0.01432340969537234,
  "delete the": 0.023651086564005448,
  "working parts available": 0.034149439797534493,
  "the standard": 0.015777453008604902,
  "wants outrageous": 0.034149439797534493,
  "that ibm": 0.026978951722776437,
  "up a supply": 0.034149439797534493,
  "a future": 0.021606039246753854,
  "word": 0.010470359506286624,
  "to keep mine": 0.034149439797534493,
  "mine as": 0.028599653892589314,
  "out that ibm": 0.034149439797534493,
  "original ibm": 0.02558079617757587,
  "delete": 0.018594751844028114,
  "convince": 0.016359593938174048,
  "rest": 0.011155549285750343,
  "supply however": 0.034149439797534493,
  "somehow superior": 0.034149439797534493,
  "mine going": 0.034149439797534493,
  "machines": 0.040545530282046334,
  "years and": 0.017698803161445995,
  "inform": 0.02008896585303201,
  "cannibalized a couple": 0.034149439797534493,
  "ill just": 0.0221986263396044,
  "for word": 0.0262094912010033,
  "the original ibm": 0.027970958869161892,
  "university of": 0.005444831753717596,
  "original ibm laptop": 0.034149439797534493,
  "ibm": 0.038097386598468244,
  "basically i have": 0.029369114414362456,
  "save your": 0.022784485087174736,
  "supply ive": 0.034149439797534493,
  "of maryland": 0.01750008208269897,
  "these are worthless": 0.034149439797534493,
  "a supply": 0.027439404800792034,
  "supply of enough": 0.034149439797534493,
  "worthless": 0.018749756629760066,
  "basically": 0.02717074619080384,
  "robie": 0.031759277105948475,
  "still find": 0.027439404800792034,
  "email me": 0.013979354349441876,
  "superior because they": 0.034149439797534493,
  "find them useful": 0.031759277105948475,
  "cannibalized a": 0.034149439797534493,
  "superior": 0.017209250536375693,
  "your effort ill": 0.034149439797534493,
  "keep mine": 0.034149439797534493,
  "supply however ive": 0.034149439797534493,
  "power supply": 0.017787604872143974,
  "motherboard": 0.015914036243415405,
  "note for": 0.02530478684077057,
  "effort ill just": 0.034149439797534493,
  "are worthless junk": 0.034149439797534493,
  "power": 0.00931267705090264,
  "ibm pc convertible": 0.034149439797534493,
  "baltimore county": 0.02558079617757587,
  "in very limited": 0.028599653892589314,
  "university": 0.0033660557001138503,
  "convince themselves": 0.034149439797534493,
  "you are interested": 0.017260337039083074,
  "power supply ive": 0.034149439797534493,
  "are interested": 0.016111134222173848,
  "the accessories": 0.029369114414362456,
  "superior because": 0.034149439797534493,
  "machines when": 0.029369114414362456,
  "processing etc": 0.034149439797534493,
  "saleapr university": 0.029369114414362456,
  "robie i": 0.034149439797534493,
  "however ive": 0.024811335655802732,
  "please email": 0.013862121216540426,
  "newer and better": 0.03036112156074791,
  "campusumbcedu xauthuser": 0.031759277105948475,
  "they have newer": 0.034149439797534493,
  "limited supply however": 0.034149439797534493,
  "these machines": 0.0262094912010033,
  "effort ill": 0.034149439797534493,
  "ive got a": 0.01945054366980582,
  "me note": 0.026978951722776437,
  "worthless junk save": 0.034149439797534493,
  "pc convertible if": 0.034149439797534493,
  "of these things": 0.020524461457598536,
  "processing": 0.016419565464766698,
  "word processing": 0.023819328509417283,
  "few years": 0.015382482175045549,
  "accessories too just": 0.034149439797534493,