{
  "bachelor of engineering": 0.026081445373744974,
  "static": 0.01821529458211224,
  "news at": 0.020553590287102293,
  "you pointed": 0.025023356579338647,
  "columbia": 0.014795095943456533,
  "sender usenet news": 0.007692784440762963,
  "the train": 0.022626689749002494,
  "rsoftbcca": 0.023602019712222116,
  "generally referred": 0.027687815259801556,
  "could this memory": 0.031142570884544037,
  "time doesnt that": 0.031142570884544037,
  "australia doug": 0.031142570884544037,
  "organization": 0.012293635578548534,
  "valid": 0.013632053577119201,
  "canada ": 0.03538787058030785,
  "designers": 0.020053386844870572,
  "fidonet": 0.01706289536731697,
  "bachelor": 0.02460344653963889,
  "simmssale": 0.031142570884544037,
  "elliston writes": 0.031142570884544037,
  "address": 0.010125712564524304,
  "link british columbia": 0.023076692401960586,
  "dram this chip": 0.031142570884544037,
  "bachelor of": 0.02460344653963889,
  "gmt sender usenet": 0.012803317811325429,
  "memory access time": 0.031142570884544037,
  "being issued": 0.026081445373744974,
  "sram by": 0.031142570884544037,
  "doesnt": 0.006929229980779928,
  "solutions canberra": 0.05216289074748995,
  "usenet news": 0.007559478775763442,
  "return valid data": 0.031142570884544037,
  "this chip": 0.018717276172023824,
  "chip": 0.010274814420120619,
  "parameter and is": 0.031142570884544037,
  "way of thinking": 0.023901737258776597,
  "the train stops": 0.027687815259801556,
  "referred to except": 0.031142570884544037,
  "pointed": 0.01371721382429741,
  "writes msgid posted": 0.031142570884544037,
  "ben": 0.05269669271461031,
  "speed": 0.010642107714920149,
  "valid data": 0.031142570884544037,
  "dram this": 0.031142570884544037,
  "workstation origin compact": 0.028962862769575656,
  "at rsoftbcca": 0.023602019712222116,
  "engineering university": 0.018840611747977538,
  "canada": 0.020524916399109857,
  "computer engineering": 0.017482805407016726,
  "as you pointed": 0.026081445373744974,
  "ben ben": 0.025023356579338647,
  "thinking michael how": 0.031142570884544037,
  "station": 0.013164496351820067,
  "chip would": 0.02423305963505907,
  "address refresh": 0.031142570884544037,
  "stops whats a": 0.028962862769575656,
  "australia doug oke": 0.031142570884544037,
  "uunetmunnarisserveadfaozaucompsolroot": 0.026081445373744974,
  "doug oke": 0.031142570884544037,
  "a workstation": 0.023076692401960586,
  "static ram if": 0.031142570884544037,
  "referred to": 0.01534420446678845,
  "by motherboard": 0.031142570884544037,
  "australia": 0.02698244927608134,
  "email": 0.006568987130441875,
  "organization compact": 0.031142570884544037,
  "generally referred to": 0.027687815259801556,
  "workstation origin": 0.028962862769575656,
  "michael": 0.010051808819755523,
  "designers cheers ben": 0.031142570884544037,
  "sram and": 0.028962862769575656,
  "a refresh": 0.027687815259801556,
  "issued": 0.016276571454631013,
  "except by motherboard": 0.031142570884544037,
  "usenet": 0.0064080685018874615,
  "computer engineering university": 0.023901737258776597,
  "is not generally": 0.022843648464370266,
  "australia of": 0.031142570884544037,
  "cheers ben": 0.026081445373744974,
  "gmt sender": 0.005654182471005826,
  "compact solutions": 0.05216289074748995,
  "workstation": 0.016660903633009157,
  "sram as you": 0.031142570884544037,
  "time": 0.01486882013044539,
  "speed rating": 0.026081445373744974,
  "fidonet if": 0.028962862769575656,
  "email uucp": 0.026081445373744974,
  "return": 0.011676170237207094,
  "usenet news at": 0.023602019712222116,
  "train": 0.03488445732449944,
  "memory access": 0.025023356579338647,
  "columbia canada": 0.020778304010316585,
  "ben elliston writes": 0.031142570884544037,
  "michael how could": 0.031142570884544037,
  "vancouver": 0.01534420446678845,
  "for sram": 0.031142570884544037,
  "needed": 0.010623609696357048,
  "uunetmunnarisserveadfaozaucompsolroot fidonet": 0.026081445373744974,
  "oke vancouver canada": 0.031142570884544037,
  "solutions canberra act": 0.05216289074748995,
  "not generally": 0.021148690914896406,
  "memory": 0.02146298117473268,
  "issued an address": 0.031142570884544037,
  "and simmssale mind": 0.031142570884544037,
  "sender": 0.0020577155525679743,
  "sram and simmssale": 0.031142570884544037,
  "access time was": 0.031142570884544037,
  "stops": 0.016789274684959644,
  "of engineering": 0.01675668730434472,
  "fidonet if a": 0.028962862769575656,
  "of canberra": 0.022843648464370266,
  "simmssale mind link": 0.031142570884544037,
  "be static ram": 0.031142570884544037,
  "time none": 0.02678315465460727,
  "engineering": 0.01950278476704838,
  "after being issued": 0.031142570884544037,
  "station is": 0.02423305963505907,
  "refresh time": 0.06228514176908807,
  "uunetmunnarisserveadfaozaucompsolroot fidonet if": 0.028962862769575656,
  "access time": 0.022233094959838953,
  "ram if it": 0.028962862769575656,
  "think sram needed": 0.031142570884544037,
  "compact": 0.03696846446886701,
  "different parameter": 0.031142570884544037,
  "canberra act": 0.05216289074748995,
  "elliston writes msgid": 0.031142570884544037,
  "columbia canada friapr": 0.026081445373744974,
  "mind link british": 0.023328399029864787,
  "posted monapr organization": 0.031142570884544037,
  "refresh time none": 0.031142570884544037,
  "designers cheers": 0.031142570884544037,
  "generally": 0.012103453443445385,
  "stops whats": 0.028962862769575656,
  "a train": 0.02242373842467051,
  "time was": 0.020147264087479633,
  "university of": 0.0049654126055915185,
  "it fast dram": 0.031142570884544037,
  "sram by my": 0.031142570884544037,
  "a different parameter": 0.031142570884544037,
  "an address refresh": 0.031142570884544037,
  "speed rating i": 0.031142570884544037,
  "michael how": 0.031142570884544037,
  "organization compact solutions": 0.031142570884544037,
  "email uucp uunetmunnarisserveadfaozaucompsolroot": 0.031142570884544037,
  "time doesnt": 0.031142570884544037,
  "not generally referred": 0.031142570884544037,
  "issued an": 0.025508107144833172,
  "chip would take": 0.031142570884544037,
  "origin compact": 0.026081445373744974,
  "friapr gmt": 0.007237218809464896,
  "posted monapr": 0.031142570884544037,
  "at rsoftbcca ben": 0.031142570884544037,
  "british columbia canada": 0.020778304010316585,
  "sram as": 0.031142570884544037,
  "british": 0.013525845032721076,
  "an address": 0.021422311597253735,
  "elliston bachelor": 0.026081445373744974,
  "motherboard": 0.014512800347768768,
  "make it fast": 0.031142570884544037,
  "doug oke vancouver": 0.031142570884544037,
  "msgid posted": 0.031142570884544037,
  "canada friapr": 0.019787483108933267,
  "be static": 0.031142570884544037,
  "a workstation origin": 0.028962862769575656,
  "address refresh time": 0.031142570884544037,
  "dram": 0.019621936777218105,
  "monapr organization compact": 0.031142570884544037,
  "writes": 0.002012658127492813,
  "pointed out is": 0.027687815259801556,
  "sram needed": 0.031142570884544037,
  "and simmssale": 0.031142570884544037,
  "re sram": 0.031142570884544037,
  "canberra email uucp": 0.031142570884544037,
  "university": 0.0030696734372107444,
  "act australia doug": 0.031142570884544037,
  "return valid": 0.027687815259801556,
  "a speed rating": 0.027687815259801556,
  "act australia": 0.05216289074748995,
  "canberra email": 0.028962862769575656,
  "data after being": 0.031142570884544037,
  "didnt think sram": 0.031142570884544037,
  "british columbia": 0.018484232234433504,
  "ram": 0.012333092232800385,
  "train station is": 0.028962862769575656,
  "refresh time doesnt": 0.031142570884544037,
  "university of canberra": 0.022843648464370266,
  "mind": 0.009519097262246028,
  "rsoftbcca ben elliston": 0.031142570884544037,
  "a train station": 0.028962862769575656,
  "fast": 0.011052755143834506,
  "motherboard designers cheers": 0.031142570884544037,