{
  "digital drive it": 0.08184576480400829,
  "northeastern university boston": 0.06368688399957673,
  "help bob": 0.07276632440179251,
  "specs": 0.08098167331139743,
  "feed to": 0.0628161359362889,
  "honest": 0.03888297942164609,
  "drive it": 0.05115508656678261,
  "the specs": 0.04968196068739154,
  "na friapr": 0.04594654644158115,
  "university boston": 0.049351338087278325,
  "sole email me": 0.08184576480400829,
  "withcyl andhds": 0.08184576480400829,
  "it is model": 0.07611727570847156,
  "a wd": 0.06854462503182564,
  "andhds but": 0.08184576480400829,
  "email": 0.017263949648599307,
  "sectors": 0.05430688455462644,
  "to feed": 0.05708764684075217,
  "northeastern": 0.05135915774521543,
  "northeastern university": 0.062028448499889526,
  "kind sole": 0.08184576480400829,
  "friapr gmt": 0.019020128771982125,
  "email me": 0.033504237697009456,
  "boston ma usa": 0.05430688455462644,
  "have to feed": 0.08184576480400829,
  "track or any": 0.08184576480400829,
  "for a wd": 0.08184576480400829,
  "any help bob": 0.08184576480400829,
  "for a western": 0.07276632440179251,
  "no sig honest": 0.08184576480400829,
  "up and running": 0.062028448499889526,
  "bob k": 0.08184576480400829,
  "some kind": 0.0379757838337504,
  "na friapr gmt": 0.04594654644158115,
  "ma usa": 0.04465725513185734,
  "bios to": 0.061309346210719026,
  "model a": 0.07276632440179251,
  "usa na friapr": 0.07611727570847156,
  "is model": 0.07038878661293481,
  "a western digital": 0.062028448499889526,
  "friapr": 0.018278353045243445,
  "western digital drive": 0.08184576480400829,
  "bios": 0.040380642185703135,
  "nope no": 0.0628161359362889,
  "ma usa na": 0.08184576480400829,
  "bios to get": 0.07611727570847156,
  "specs for a": 0.14077757322586962,
  "wd": 0.05178306926907948,
  "withcyl": 0.08184576480400829,
  "sig": 0.03693897138620465,
  "per track": 0.07276632440179251,
  "usa na": 0.060035373650163176,
  "digital": 0.03343309410579788,
  "sectors per": 0.07611727570847156,
  "drive northeastern": 0.08184576480400829,
  "wd drive northeastern": 0.08184576480400829,
  "sole": 0.045326420937920706,
  "usa": 0.019174297661005302,
  "kind": 0.02276203258452559,
  "a western": 0.054607443597360944,
  "help bob k": 0.08184576480400829,
  "friapr gmt greetings": 0.07038878661293481,
  "model a withcyl": 0.08184576480400829,
  "ma": 0.028523046172295678,
  "no sig": 0.05893180842186134,
  "andhds but i": 0.08184576480400829,
  "me the specs": 0.07611727570847156,
  "honest ": 0.14553264880358502,
  "western": 0.02820342154365699,
  "wd drive": 0.08184576480400829,
  "my bios": 0.07038878661293481,
  "drive": 0.047174920661639114,
  "feed": 0.040658933219641875,
  "withcyl andhds but": 0.08184576480400829,
  "western digital": 0.05057147030881605,
  "k nope no": 0.08184576480400829,
  "nope no sig": 0.08184576480400829,
  "university": 0.00806740622341336,
  "university boston ma": 0.050955933247947394,
  "running thanx": 0.08184576480400829,
  "drive it is": 0.07611727570847156,
  "andhds": 0.08184576480400829,
  "running thanx for": 0.08184576480400829,
  "running": 0.025233151860657044,
  "gmt": 0.00135892449641878,
  "gmt greetings all": 0.07611727570847156,
  "model": 0.030839974742761057,
  "track or": 0.07038878661293481,
  "boston ma": 0.04747483023078786,
  "the sectors": 0.07276632440179251,
  "feed to my": 0.08184576480400829,
  "gmt greetings": 0.05708764684075217,
  "to my bios": 0.08184576480400829,
  "could some kind": 0.05843077848949411,
  "bob": 0.030839974742761057,
  "sig honest": 0.08184576480400829,
  "k": 0.03389437327196645,
  "specs for": 0.11048697051928599,
  "sectors per track": 0.07611727570847156,
  "kind sole email": 0.08184576480400829,
  "a withcyl": 0.08184576480400829,
  "boston": 0.03290710017885279,
  "a withcyl andhds": 0.08184576480400829,
  "bob k nope": 0.08184576480400829,
  "email me the": 0.05491934713440926,
  "k nope": 0.08184576480400829,
  "some kind sole": 0.08184576480400829,
  "and running": 0.05135915774521543,
  "a wd drive": 0.08184576480400829,
  "track": 0.03746032655501934,
  "nope": 0.04512963871731146,
  "sole email": 0.08184576480400829,
  "know the sectors": 0.08184576480400829,
  "sig honest ": 0.08184576480400829,
  "digital drive": 0.08184576480400829,
  "drive northeastern university": 0.08184576480400829
}