{
  "sender usenet news": 0.019262247654823796,
  "larger": 0.03366705848499501,
  "a card": 0.04656971255685613,
  "university sunapr": 0.046283353153935856,
  "message for": 0.041796989694097744,
  "brand": 0.03580119107569284,
  "nc": 0.04008782036151642,
  "guess i": 0.04281440490260173,
  "larger that": 0.07252118394271699,
  "condition and": 0.04873831082347004,
  "s": 0.021699041496815345,
  "alavi": 0.06160548031185171,
  "reference": 0.02881236724898635,
  "lower": 0.031480123568743565,
  "large": 0.02387595469822407,
  "later becuase": 0.07797903575814963,
  "reference s": 0.06387069348076338,
  "this message": 0.037266563356274415,
  "larger that could": 0.07797903575814963,
  "for large monocolor": 0.07797903575814963,
  "email me": 0.031921360325497194,
  "message": 0.02144905174630684,
  "state": 0.017516130260518497,
  "price please": 0.13865709059239203,
  "usenet news": 0.01892845866687224,
  "lower price": 0.06530629629016457,
  "vga monitor sender": 0.06932854529619602,
  "guess": 0.023555828669553767,
  "for reference": 0.05841284166533073,
  "and mono": 0.06160548031185171,
  "university": 0.007686268921519816,
  "price please email": 0.07797903575814963,
  "mono": 0.047832253108629194,
  "large monocolor vga": 0.07797903575814963,
  "model condition": 0.07797903575814963,
  "the brand model": 0.07797903575814963,
  "or larger": 0.06706333212728435,
  "state university sunapr": 0.056147628496419064,
  "mono later becuase": 0.07797903575814963,
  "monitor or": 0.05778258412459422,
  "for large": 0.054390592659299304,
  "card i": 0.04510984465660917,
  "and a card": 0.07797903575814963,
  "system nc": 0.06387069348076338,
  "include": 0.02599015471728871,
  "please email": 0.031653662620446645,
  "nc state": 0.06265690860023378,
  "monocolor vga": 0.07797903575814963,
  "of lower price": 0.07797903575814963,
  "sunapr gmt i": 0.048932740843866666,
  "gmt i": 0.026705450485356497,
  "reference s alavi": 0.06387069348076338,
  "of lower": 0.06160548031185171,
  "monitor or larger": 0.07797903575814963,
  "prefere and": 0.07797903575814963,
  "news system nc": 0.06387069348076338,
  "s alavi h": 0.06160548031185171,
  "usenet news system": 0.022514209795356836,
  "sender usenet": 0.01756361924915348,
  "email me the": 0.05232473230916158,
  "becuase": 0.050689776680986426,
  "guess i would": 0.06530629629016457,
  "a monitor": 0.04498962834061872,
  "vga monitor": 0.05202756437228877,
  "email": 0.016448329980161543,
  "the brand": 0.05984844447473195,
  "card": 0.024373248799882497,
  "s alavi": 0.06160548031185171,
  "monocolor vga monitor": 0.07797903575814963,
  "mono later": 0.07797903575814963,
  "please include": 0.05329010492406184,
  "usenet": 0.016045399870867814,
  "sunapr gmt": 0.028395497805913918,
  "price": 0.049098423563418474,
  "news system": 0.02153352475607061,
  "state university": 0.024540319611652928,
  "i guess": 0.02762264522180751,
  "vga": 0.036027254901538755,
  "and asking price": 0.07797903575814963,
  "i would prefere": 0.07797903575814963,
  "model condition and": 0.07797903575814963,
  "large monocolor": 0.07797903575814963,
  "monocolor": 0.07797903575814963,
  "monitor sender usenet": 0.06932854529619602,
  "becuase of": 0.07797903575814963,
  "me the brand": 0.07797903575814963,
  "include this message": 0.06387069348076338,
  "would prefere": 0.07797903575814963,
  "gmt i am": 0.039651992841176535,
  "gmt": 0.0012947233391076565,
  "system nc state": 0.06387069348076338,
  "model": 0.02938296806200069,
  "prefere and mono": 0.07797903575814963,
  "price please include": 0.07797903575814963,
  "alavi h": 0.06160548031185171,
  "looking for large": 0.07797903575814963,
  "prefere": 0.07797903575814963,
  "brand model condition": 0.07797903575814963,
  "message for reference": 0.06387069348076338,
  "h": 0.02920419015890024,
  "asking price": 0.05146489536455534,
  "condition and asking": 0.07797903575814963,
  "w": 0.02532463727101172,
  "system": 0.013845418300764786,
  "news": 0.012087468527627746,
  "for a monitor": 0.06160548031185171,
  "for reference s": 0.06387069348076338,
  "w ": 0.11229525699283813,
  "monitor sender": 0.060678054834242386,
  "lower price please": 0.07797903575814963,
  "h w": 0.05841284166533073,
  "card i guess": 0.07797903575814963,
  "h w ": 0.06160548031185171,
  "alavi h w": 0.06387069348076338,
  "becuase of lower": 0.07797903575814963,
  "sunapr": 0.026942995370146237,
  "sender": 0.00515239012375288,
  "include this": 0.05665580582821096,
  "nc state university": 0.06265690860023378,
  "monitor": 0.05961008414556936,
  "university sunapr gmt": 0.04701977880756438,
  "condition": 0.029980417156321087,
  "brand model": 0.07797903575814963
}