{
  "preferred but": 0.08027201004113316,
  "works lee ": 0.10315976605505212,
  "hd controller": 0.08027201004113316,
  "mfm hdc theyd": 0.10315976605505212,
  "hd controller wanted": 0.09593948292421935,
  "sell wd": 0.10315976605505212,
  "to sell": 0.0446139237038318,
  "anyone have abit": 0.10315976605505212,
  "matter": 0.030755445550441865,
  "it works": 0.044920318341397356,
  "and dtk": 0.10315976605505212,
  "mfm": 0.1305364871158045,
  " bit mfm": 0.10315976605505212,
  "incorporated": 0.05346513455020144,
  "toofor": 0.10315976605505212,
  "controller": 0.044353027537935054,
  "edt": 0.03834126326264202,
  "fine toofor that": 0.10315976605505212,
  "to sell wd": 0.10315976605505212,
  "fine toofor": 0.10315976605505212,
  "adaptec and": 0.08639478780053023,
  "incorporated hi": 0.09593948292421935,
  "wd is preferred": 0.10315976605505212,
  "dtk are fine": 0.10315976605505212,
  "incorporated hi again": 0.10315976605505212,
  "anything so long": 0.10315976605505212,
  "like to sell": 0.06526824355790226,
  "adaptec and dtk": 0.10315976605505212,
  "controller wanted": 0.09593948292421935,
  "ludus associates incorporated": 0.08639478780053023,
  "long": 0.024880601883295127,
  "it works lee": 0.10315976605505212,
  "toofor that matter": 0.10315976605505212,
  "as it works": 0.09593948292421935,
  "monapr edt ludus": 0.08871919979338658,
  "abit": 0.06240952641517559,
  "wd is": 0.08639478780053023,
  "ludus associates": 0.08639478780053023,
  "hdc theyd": 0.10315976605505212,
  "is preferred": 0.07644154358149444,
  "preferred": 0.05294849974666631,
  "sell wd is": 0.10315976605505212,
  "associates": 0.05751365527719918,
  "sell": 0.036250943518244615,
  "abit mfm": 0.10315976605505212,
  "preferred but adaptec": 0.10315976605505212,
  "hdc": 0.10315976605505212,
  "dtk are": 0.10315976605505212,
  "but adaptec": 0.10315976605505212,
  "wd": 0.06526824355790226,
  "monapr": 0.02723343590378902,
  "edt ludus associates": 0.08639478780053023,
  "mfm hd": 0.09593948292421935,
  "old at type": 0.10315976605505212,
  "works lee": 0.10315976605505212,
  "bit": 0.028327779439818235,
  "long as": 0.04196257094201013,
  "adaptec": 0.06583144377946763,
  "matter almost anything": 0.10315976605505212,
  "mfm hd controller": 0.10315976605505212,
  "bit mfm hd": 0.10315976605505212,
  "that matter": 0.05082767729623673,
  "associates incorporated hi": 0.09593948292421935,
  "type together as": 0.10315976605505212,
  "have abit": 0.08449560491725988,
  "have abit mfm": 0.10315976605505212,
  "are fine toofor": 0.10315976605505212,
  "long as it": 0.06499766557453496,
  "type": 0.03425637438626294,
  "lee": 0.045438270792985166,
  "dtk": 0.07917450466969747,
  "controller wanted monapr": 0.10315976605505212,
  "ludus": 0.08639478780053023,
  "bit mfm": 0.09171588804809264,
  "fine": 0.03363308489031851,
  "hdc theyd like": 0.10315976605505212,
  "matter almost": 0.10315976605505212,
  "so long": 0.05498296591667429,
  "wanted monapr": 0.08871919979338658,
  "wanted": 0.031804285157703144,
  "abit mfm hdc": 0.10315976605505212,
  "monapr edt": 0.0606854176810342,
  "mfm hdc": 0.10315976605505212,
  "toofor that": 0.10315976605505212,
  "hd": 0.04620080625156116,
  "lee ": 0.13166288755893527,
  "works": 0.031028386929546282,
  "edt ludus": 0.08639478780053023,
  " bit": 0.08449560491725988,
  "are fine": 0.06882813203417368,
  "associates incorporated": 0.08639478780053023,
  "wanted monapr edt": 0.09593948292421935,
  "type together": 0.10315976605505212,
  "at type": 0.10315976605505212
}