{
  "diamond stealthgiving": 0.06417280155023943,
  "inc monapr gmt": 0.05074531958581273,
  "winmark results": 0.06868583209810575,
  "row of": 0.06541595219400764,
  "diamond": 0.04061131524862435,
  "life": 0.022192355462744097,
  "inreplyto message ofapr": 0.0387376702698452,
  "board benchmarks attomillion": 0.07986562533294357,
  "older": 0.03570059668833461,
  "revision": 0.09569428431827226,
  "of dip": 0.07100584881142656,
  "absolutely normal the": 0.07986562533294357,
  "plane if so": 0.07986562533294357,
  "least mine": 0.07986562533294357,
  "monapr": 0.021083950377126983,
  "are absolutely": 0.05570649409460493,
  "toy v ": 0.07986562533294357,
  "winmarks": 0.10987572722462398,
  "back plane": 0.07986562533294357,
  "sender real": 0.07986562533294357,
  "message": 0.021967980417588455,
  "normal the later": 0.07986562533294357,
  "winmarks at": 0.07986562533294357,
  "revision a board": 0.07986562533294357,
  "row of dip": 0.07986562533294357,
  "sender real life": 0.07986562533294357,
  "mine does": 0.07427572871552465,
  "ofapr": 0.036938125501182216,
  "stealthhave a": 0.07986562533294357,
  "b": 0.02566057935882548,
  "board and": 0.049166734286408734,
  "revision b": 0.07986562533294357,
  "dip switches on": 0.06417280155023943,
  "inreplyto message": 0.03181381329238082,
  "row": 0.04494035645966671,
  "stealthgiving winmarks inreplyto": 0.07427572871552465,
  "normal the": 0.06688628732944275,
  "attomillion": 0.07986562533294357,
  "winmarks at least": 0.07986562533294357,
  "switches": 0.043943469717995925,
  "mine": 0.026192719281591573,
  "plane": 0.04241086001728734,
  "revision b board": 0.07986562533294357,
  "plane if": 0.06868583209810575,
  "have the older": 0.07986562533294357,
  "ofapr gmt": 0.040306957764891724,
  "ofapr gmt sender": 0.04831705270852304,
  "re diamond stealthgiving": 0.06541595219400764,
  "your stealthhave": 0.07986562533294357,
  "the older": 0.0475484222262301,
  "does your stealthhave": 0.07986562533294357,
  "gmt does": 0.043943469717995925,
  "toy v": 0.07986562533294357,
  "stealthgiving winmarks": 0.06541595219400764,
  "and the winmark": 0.07986562533294357,
  "the older revision": 0.07986562533294357,
  "diamond stealthgiving winmarks": 0.06541595219400764,
  "real life": 0.049723128411303504,
  "older revision a": 0.07986562533294357,
  "v": 0.030333065610464893,
  "older revision": 0.07986562533294357,
  "b board": 0.07986562533294357,
  "benchmarks": 0.05359065325212516,
  "attomillion winmarks": 0.07986562533294357,
  "b board benchmarks": 0.07986562533294357,
  "the winmark": 0.07427572871552465,
  "the back plane": 0.07986562533294357,
  "revision a": 0.07986562533294357,
  "monapr gmt does": 0.05493786361231199,
  "winmark results are": 0.07986562533294357,
  "dip switches": 0.058026510807925744,
  "gmt sender": 0.014500242143385909,
  "benchmarks attomillion": 0.07986562533294357,
  "re diamond": 0.051916142245849,
  "message ofapr gmt": 0.040306957764891724,
  "the later revision": 0.07986562533294357,
  "stealthgiving": 0.06417280155023943,
  "winmark": 0.05918054986954408,
  "winmarks inreplyto": 0.07427572871552465,
  "absolutely normal": 0.07986562533294357,
  "switches on": 0.057017130622812794,
  "gmt does your": 0.07986562533294357,
  "absolutely": 0.03211096065839667,
  "gmt": 0.0026520945817205223,
  "winmarks inreplyto message": 0.07427572871552465,
  "later revision": 0.07986562533294357,
  "mine does in": 0.07986562533294357,
  "later revision b": 0.07986562533294357,
  "board and the": 0.07427572871552465,
  "at least mine": 0.07986562533294357,
  "board benchmarks": 0.07986562533294357,
  "normal": 0.030760424724501266,
  "benchmarks attomillion winmarks": 0.07986562533294357,
  "board": 0.05752438403449293,
  "sender": 0.005277044723521094,
  "real life inc": 0.07986562533294357,
  "a board": 0.051916142245849,
  "in toy v": 0.07986562533294357,
  "a row": 0.04991746350468303,
  "inc monapr": 0.05032077334802707,
  "inreplyto": 0.0290232962811534,
  "toy": 0.05493786361231199,
  "v ": 0.11311235134498125,
  "life inc": 0.07427572871552465,
  "gmt sender real": 0.07986562533294357,
  "of dip switches": 0.07100584881142656,
  "message ofapr": 0.036938125501182216,
  "stealthhave": 0.07986562533294357,
  "real": 0.020433361457730594,
  "monapr gmt": 0.022042080627704637,
  "in toy": 0.07986562533294357,
  "stealthhave a row": 0.07986562533294357,
  "life inc monapr": 0.07986562533294357,
  "dip": 0.049166734286408734,
  "attomillion winmarks at": 0.07986562533294357,
  "does in toy": 0.07986562533294357,
  "are absolutely normal": 0.07986562533294357,
  "switches on the": 0.058026510807925744,
  "results are absolutely": 0.07986562533294357
}