{
  "the netherlandsworld wintuenl": 0.08717549755066231,
  "university of": 0.015633675332456465,
  "actually flooding": 0.09805284694341587,
  "was dos": 0.09119000357153523,
  "a ms": 0.07265730875072739,
  "are actually flooding": 0.09805284694341587,
  "a messie": 0.09805284694341587,
  "of technology": 0.03617190395074772,
  "lack of": 0.03963802166042091,
  "faq since lots": 0.09805284694341587,
  "technology": 0.02851949955645902,
  "net": 0.028335899777130618,
  "net i wont": 0.09805284694341587,
  "was dos questionapr": 0.09805284694341587,
  "eindhoven": 0.06744846621709591,
  "is time": 0.063433960196223,
  "since lots": 0.09805284694341587,
  "lots of questions": 0.09805284694341587,
  "timeknowledgeexperience perry egelmeers": 0.09805284694341587,
  "egelmeers": 0.08432716019965458,
  "a ms dos": 0.09805284694341587,
  "flooding": 0.07525497473555404,
  "eindhoven university": 0.07431130958897655,
  "dos questionapr eindhoven": 0.09805284694341587,
  "lack of timeknowledgeexperience": 0.09805284694341587,
  "timeknowledgeexperience perry": 0.09805284694341587,
  "university": 0.009664912406267491,
  "technology the netherlandsworld": 0.08717549755066231,
  "messie": 0.09805284694341587,
  "of timeknowledgeexperience perry": 0.09805284694341587,
  "of timeknowledgeexperience": 0.09805284694341587,
  "create": 0.07530729879732552,
  "write it": 0.06405297363168175,
  "to write": 0.04451649277054341,
  "lack": 0.03846281511672048,
  "questionapr eindhoven": 0.09805284694341587,
  "egelmeers ": 0.18238000714307046,
  "perry": 0.04799100728650193,
  "create a ms": 0.09805284694341587,
  "technology the": 0.06506072308029504,
  "to create": 0.04284543008058106,
  "wintuenl hi there": 0.09805284694341587,
  "the net": 0.03417117412720571,
  "dos questionapr": 0.09805284694341587,
  "questionapr eindhoven university": 0.09805284694341587,
  "create a": 0.09294755224640756,
  "create a messie": 0.09805284694341587,
  "ms dos faq": 0.09805284694341587,
  "faq please was": 0.09805284694341587,
  "dos faq since": 0.09805284694341587,
  "net i": 0.06506072308029504,
  "a messie dos": 0.09805284694341587,
  "wintuenl hi": 0.09805284694341587,
  "university of technology": 0.05372277947333462,
  "netherlandsworld wintuenl": 0.08717549755066231,
  "perry egelmeers ": 0.09119000357153523,
  "ms": 0.039213249169884175,
  "the lack": 0.05306973028727722,
  "questions": 0.02964933427692854,
  "wintuenl": 0.08211781810743467,
  "time to": 0.03644318092290727,
  "messie dos": 0.09805284694341587,
  "time": 0.015604900334922884,
  "lots of": 0.03694690043439691,
  "please was dos": 0.09805284694341587,
  "able to write": 0.07746431682777392,
  "netherlandsworld wintuenl hi": 0.09805284694341587,
  "somebody create": 0.09805284694341587,
  "write": 0.03219569968015124,
  "dos": 0.10657364969592083,
  "perry egelmeers": 0.08432716019965458,
  "faq since": 0.08717549755066231,
  "the netherlandsworld": 0.08717549755066231,
  "it is time": 0.06506072308029504,
  "faq please": 0.08211781810743467,
  "dos faq": 0.19610569388683174,
  "eindhoven university of": 0.07431130958897655,
  "flooding the net": 0.09805284694341587,
  "flooding the": 0.08717549755066231,
  "of questions": 0.05751478197091983,
  "messie dos faq": 0.09805284694341587,
  "of the lack": 0.07878640982405634,
  "time to create": 0.09805284694341587,
  "questions about it": 0.08717549755066231,
  "write it my": 0.09805284694341587,
  "will somebody create": 0.09805284694341587,
  "questions about": 0.049412699559890604,
  "timeknowledgeexperience": 0.09805284694341587,
  "dos faq please": 0.09805284694341587,
  "netherlandsworld": 0.08717549755066231,
  "faq": 0.07816832023406281,
  "questionapr": 0.06285138098807513,
  "ms dos": 0.07265730875072739,
  "lots": 0.03600135636379842
}