{
  "set it in": 0.04469403681531418,
  "assuming a drive": 0.04675223533362973,
  "i thought": 0.018131145641580262,
  "sender usenet news": 0.012417794173414326,
  "needs formatting": 0.04675223533362973,
  "card but": 0.03413849599460435,
  "hard drive on": 0.04039303244786644,
  "rochester": 0.023771480792927298,
  "wedapr": 0.0134907739781242,
  "xt sender": 0.05027074894053301,
  "computer the geometry": 0.04469403681531418,
  "ide card": 0.04039303244786644,
  "a drive": 0.03031224319066333,
  "the controller": 0.03002209895797324,
  "computer the": 0.03283934181116678,
  "ide": 0.04695657748278665,
  "controller": 0.021613658089552106,
  "institute of technology": 0.019819294311362028,
  "usenet news": 0.01220261040960799,
  "set": 0.013372677223813611,
  "xts": 0.04210101334442082,
  "drive on my": 0.08420202668884164,
  "mfm rll": 0.041175523208410905,
  "assuming": 0.02023926638922623,
  "system nntppostinghost": 0.018438320352419813,
  "fathers pcxt": 0.04469403681531418,
  "rll or ide": 0.04469403681531418,
  "xt i thought": 0.04675223533362973,
  "formatting": 0.03180584457643968,
  "low": 0.017471418096097893,
  "card for xts": 0.04675223533362973,
  "thought it": 0.024200706112866704,
  "rob": 0.022450246791588892,
  "an xt sender": 0.05027074894053301,
  "doubt": 0.017463492814032144,
  "a hard": 0.025296226474400395,
  "pcxt either mfm": 0.04469403681531418,
  "hard": 0.013773682083955305,
  "the computer": 0.04601725394068365,
  "the geometry": 0.03588895531588217,
  "on my fathers": 0.04675223533362973,
  "usenet news system": 0.01451423677162598,
  "but the ide": 0.04675223533362973,
  "pcxt either": 0.04469403681531418,
  "doubt thats": 0.04323372172672645,
  "card": 0.031425407082081996,
  "the drive": 0.023826656794129854,
  "in the bios": 0.038582499737517546,
  "the ide": 0.03267818090601663,
  "usenet": 0.010343988749239657,
  "the bios": 0.029837491627156616,
  "technology wedapr gmt": 0.04469403681531418,
  "ide card for": 0.04675223533362973,
  "formatting advthanksance": 0.05027074894053301,
  "card for": 0.027048865800921928,
  "hd on an": 0.04323372172672645,
  "ide i": 0.03971520811982318,
  "mfm": 0.03180584457643968,
  "an hd": 0.04039303244786644,
  "the controller card": 0.041175523208410905,
  "didnt come with": 0.04323372172672645,
  "nntppostinghost ultbgwiscritedu": 0.03971520811982318,
  "bios but": 0.03971520811982318,
  "rochester institute of": 0.03252197959298742,
  "put an hd": 0.04323372172672645,
  "format": 0.020608086925145395,
  "on the computer": 0.03725070144072825,
  "doubt thats how": 0.04469403681531418,
  "which needs formatting": 0.04675223533362973,
  "either mfm": 0.04469403681531418,
  "ultbgwiscritedu": 0.039117324690095344,
  "dumb": 0.026456800299775936,
  "level format": 0.03765700960150762,
  "low level": 0.03180584457643968,
  "sender": 0.0033215916026224147,
  "xt i": 0.04210101334442082,
  "hook": 0.026184799050364225,
  "system nntppostinghost ultbgwiscritedu": 0.04039303244786644,
  "system": 0.008925726518767146,
  "controller card but": 0.04675223533362973,
  "nntppostinghost": 0.008643526620692584,
  "rll": 0.03506398613061427,
  "format it": 0.03435453464647641,
  "i saw didnt": 0.04675223533362973,
  "an xt": 0.06870906929295283,
  "hd": 0.02251409847791813,
  "a dumb": 0.038098691718206255,
  "ultbgwiscritedu rochester institute": 0.041175523208410905,
  "wedapr gmt this": 0.04210101334442082,
  "drive which": 0.03458017811130298,
  "geometry of": 0.038098691718206255,
  "software": 0.013690153552348988,
  "fathers pcxt either": 0.04469403681531418,
  "tell the computer": 0.04323372172672645,
  "rob ": 0.06535636181203326,
  "advthanksance rob": 0.05027074894053301,
  "controller card": 0.03252197959298742,
  "my fathers pcxt": 0.04675223533362973,
  "the ide card": 0.04323372172672645,
  "a dumb question": 0.04323372172672645,
  "computer assuming": 0.04675223533362973,
  "dumb question": 0.03725070144072825,
  "question": 0.011144040657104125,
  "xts that": 0.04675223533362973,
  "institute": 0.015329314491735583,
  "saw didnt": 0.04675223533362973,
  "of technology": 0.018544986289469642,
  "with the controller": 0.04469403681531418,
  "my fathers": 0.0361966945129199,
  "i doubt": 0.022471441570322295,
  "of technology wedapr": 0.04469403681531418,
  "nntppostinghost ultbgwiscritedu rochester": 0.041175523208410905,
  "formatting advthanksance rob": 0.05027074894053301,
  "geometry": 0.028851928102075614,
  "the computer assuming": 0.04675223533362973,
  "hard drive": 0.022891928908287517,
  "my you set": 0.04675223533362973,
  "either mfm rll": 0.04469403681531418,
  "hd on": 0.039117324690095344,
  "technology wedapr": 0.04469403681531418,
  "gmt this": 0.03031224319066333,
  "xt": 0.0545252593718959,
  "put a hard": 0.04469403681531418,
  "you set": 0.03393127774830864,
  "didnt come": 0.03180584457643968,
  "drive on": 0.06284025862518472,
  "assuming a": 0.039117324690095344,
  "news system nntppostinghost": 0.01844792516537432,
  "rll or": 0.04323372172672645,
  "but i doubt": 0.03373218783382497,
  "bios": 0.024802323372944562,
  "thought it might": 0.03506398613061427,
  "dumb question but": 0.04039303244786644,
  "thought": 0.0136488991225069,
  "question but": 0.029747646058124123,
  "might be software": 0.04675223533362973,
  "pcxt": 0.03652430121920199,
  "sender usenet": 0.011322739312906052,
  "ide i know": 0.04469403681531418,
  "xt sender usenet": 0.05027074894053301,
  "hook it": 0.03725070144072825,
  "format it once": 0.04675223533362973,
  "drive which needs": 0.04675223533362973,
  "computer assuming a": 0.04675223533362973,
  "advthanksance": 0.04675223533362973,
  "set it": 0.030836021039573135,
  "for xts": 0.04675223533362973,
  "computer": 0.020742664810282613,
  "ultbgwiscritedu rochester": 0.041175523208410905,
  "news system": 0.013882018497568363,
  "drive": 0.043463188325317245,
  "be a dumb": 0.04469403681531418,
  "didnt": 0.012287592452438332,
  "software with the": 0.04210101334442082,
  "of the drive": 0.03413849599460435,
  "advthanksance rob ": 0.05027074894053301,
  "question but i": 0.03725070144072825,
  "card but the": 0.04323372172672645,
  "software with": 0.038582499737517546,
  "gmt this may": 0.04469403681531418,
  "gmt": 0.0008346693607445297,
  "i low": 0.04675223533362973,
  "low level format": 0.038582499737517546,
  "fathers": 0.02609727719029059,
  "level format it": 0.04323372172672645,
  "a hard drive": 0.03354061256487652,
  "geometry of the": 0.04039303244786644,
  "xts that i": 0.04675223533362973,
  "bios but i": 0.04469403681531418,
  "news": 0.007792428949282861,
  "on an xt": 0.08420202668884164,
  "or ide": 0.038098691718206255,
  "be software": 0.04323372172672645,
  "do i low": 0.04675223533362973,
  "level": 0.018032750378529257,
  "mfm rll or": 0.04469403681531418,
  "i low level": 0.04675223533362973,
  "technology": 0.014621672361433306,
  "wedapr gmt": 0.014044945851242413,
  "rochester institute": 0.03252197959298742,
  "needs formatting advthanksance": 0.05027074894053301,
  "hook it up": 0.038582499737517546,
  "to hook": 0.031297806715744336,
  "how to hook": 0.04323372172672645,
  "institute of": 0.0177737073327808
}