{
  "or chipset": 0.10737469820264506,
  "card": 0.03774881216567167,
  "functions": 0.05717563150824412,
  "as acolor": 0.12077240904006102,
  "acolor driver": 0.12077240904006102,
  "driver": 0.09210898432123946,
  "from cica": 0.09046866940850003,
  "cica which": 0.12077240904006102,
  "of washington": 0.06536637510993902,
  "quadtel video": 0.12077240904006102,
  " color": 0.11231939464298851,
  " color drivers": 0.12077240904006102,
  "a quadtel": 0.12077240904006102,
  "apr": 0.016022240101087066,
  "drivers apr": 0.103866380245916,
  "pnw university of": 0.12077240904006102,
  "chipset": 0.07673682473952169,
  "functions as": 0.0954133658488435,
  "shelley pnw": 0.12077240904006102,
  "functions as acolor": 0.12077240904006102,
  "used would suffice": 0.12077240904006102,
  "a quadtel video": 0.12077240904006102,
  "pnw university": 0.12077240904006102,
  "quadtel": 0.11231939464298851,
  "university of": 0.019256112299732963,
  "drivers apr gmt": 0.11231939464298851,
  "for a quadtel": 0.12077240904006102,
  "card the type": 0.12077240904006102,
  "video card": 0.0611340050373567,
  "color drivers": 0.12077240904006102,
  "apr gmt": 0.018344541931086516,
  "gmt": 0.002005242244715517,
  "cica": 0.0719024921469821,
  "type": 0.040105023671722466,
  "which functions": 0.11231939464298851,
  "apr gmt shelley": 0.07381938950701153,
  "chip": 0.03984623153168727,
  "washington": 0.04353729162372332,
  "seattlehardyuwashingtonedu i": 0.10737469820264506,
  "color": 0.04535595915057951,
  "driver name": 0.12077240904006102,
  "acolor": 0.09397698736522907,
  "the type": 0.06510962621728253,
  "washington seattlehardyuwashingtonedu": 0.10737469820264506,
  "shelley": 0.07331118589237044,
  "video": 0.04261961890518908,
  "the driver": 0.06208723397454372,
  "driver name from": 0.12077240904006102,
  "university of washington": 0.0670319304148872,
  "of chip": 0.09892168380557255,
  "chip or chipset": 0.10737469820264506,
  "shelley pnw university": 0.12077240904006102,
  "acolor driver for": 0.12077240904006102,
  "university": 0.011904343329670934,
  "chip or": 0.07929439219052253,
  "would suffice": 0.09704179746621573,
  "type of": 0.05031323436661399,
  "seattlehardyuwashingtonedu": 0.10737469820264506,
  "gmt shelley": 0.07381938950701153,
  "suffice as well": 0.12077240904006102,
  "suffice": 0.07462375496788709,
  "drivers": 0.047434419332221964,
  "gmt shelley pnw": 0.12077240904006102,
  "driver for a": 0.10737469820264506,
  "seattlehardyuwashingtonedu i would": 0.12077240904006102,
  "name from cica": 0.12077240904006102,
  "quadtel video card": 0.12077240904006102,
  "type of chip": 0.11231939464298851,
  "chipset used would": 0.12077240904006102,
  "cica which functions": 0.12077240904006102,
  "video card the": 0.10737469820264506,
  "card the": 0.07707095857108406,
  "of washington seattlehardyuwashingtonedu": 0.10737469820264506,
  "pnw": 0.11231939464298851,
  "driver for": 0.06631011491012707,
  "as acolor driver": 0.12077240904006102,
  "chipset used": 0.12077240904006102,
  "suffice as": 0.12077240904006102,
  "appreciate the driver": 0.12077240904006102,
  "washington seattlehardyuwashingtonedu i": 0.10737469820264506,
  "color drivers apr": 0.12077240904006102
}