{
  "i havent": 0.023607322650133128,
  "board i": 0.04104037686509735,
  "reputation": 0.03629127037725828,
  "jones ": 0.09441928507193735,
  "bad about": 0.049425014858569497,
  "vlb seeking commentsapr": 0.06151141329990685,
  "jones": 0.031622069477717916,
  "and fahrenheit video": 0.06151141329990685,
  "comments": 0.06789607597304496,
  "about this board": 0.1230228265998137,
  "heard any": 0.04786405567670051,
  "comments bob": 0.06151141329990685,
  "field": 0.023848151134145307,
  "and fahrenheit": 0.06151141329990685,
  "of orchids": 0.06151141329990685,
  "board primarily": 0.06151141329990685,
  "ide": 0.028728092435121026,
  "laboratoryworld": 0.03908335173068806,
  "bad comments about": 0.06151141329990685,
  "reputation and long": 0.06151141329990685,
  "or heard": 0.045580050831201646,
  "standing in the": 0.048595627326740165,
  "the system": 0.023705359095482582,
  "comments about this": 0.05720615130885129,
  "field thanks for": 0.06151141329990685,
  "good": 0.010037644630250956,
  "long standing in": 0.06151141329990685,
  "mother": 0.026784786091764885,
  "any comments": 0.03266426485803497,
  "the orchid vlb": 0.1230228265998137,
  "commentsapr": 0.06151141329990685,
  "orchid vlb": 0.1230228265998137,
  "about the purchase": 0.054687734488303684,
  "it i havent": 0.049425014858569497,
  "bjonesllnlgov": 0.06151141329990685,
  "livermore": 0.03859911855385755,
  "board": 0.11076123633970687,
  "long": 0.01483563839003933,
  "orchid vlb mother": 0.06151141329990685,
  "good or bad": 0.03800712985942075,
  "gmt": 0.0010213035035197041,
  "the vlb ide": 0.06151141329990685,
  "fahrenheit video": 0.06151141329990685,
  "orchids": 0.054687734488303684,
  "commentsapr gmt lawrence": 0.06151141329990685,
  "board the": 0.041771948515137,
  "system also": 0.049425014858569497,
  "standing": 0.029949895504972297,
  "board primarily because": 0.06151141329990685,
  "video": 0.021706886647363383,
  "fahrenheit": 0.0442903653356846,
  "of orchids reputation": 0.06151141329990685,
  "the purchase": 0.037867546903817904,
  "board in": 0.046617653841531874,
  "vlb mother": 0.06151141329990685,
  "and long": 0.043222972435519015,
  "board the system": 0.06151141329990685,
  "all comments bob": 0.06151141329990685,
  "all comments": 0.045580050831201646,
  "seen or heard": 0.05151490452702423,
  "vlb seeking": 0.06151141329990685,
  "considering the orchid": 0.06151141329990685,
  "lawrence livermore national": 0.045119752867513935,
  "seeking commentsapr": 0.06151141329990685,
  "lawrence": 0.029911436062438623,
  "havent seen": 0.03152188698125901,
  "reputation and": 0.05290088931779573,
  "purchase of": 0.03891771044446346,
  "and long standing": 0.06151141329990685,
  "orchid i": 0.054687734488303684,
  "bad about this": 0.06151141329990685,
  "livermore national": 0.04469122571542107,
  "the orchid": 0.09023950573502787,
  "and all comments": 0.05151490452702423,
  "standing in": 0.043222972435519015,
  "orchid i am": 0.06151141329990685,
  "national laboratoryworld": 0.05290088931779573,
  "any comments good": 0.054687734488303684,
  "orchid vlb seeking": 0.06151141329990685,
  "good or": 0.03437198564483218,
  "or bad": 0.03673511487404179,
  "seeking commentsapr gmt": 0.06151141329990685,
  "bob jones": 0.05720615130885129,
  "lawrence livermore": 0.0442903653356846,
  "comments good or": 0.06151141329990685,
  "orchids reputation and": 0.06151141329990685,
  "gmt lawrence": 0.049425014858569497,
  "national": 0.019097052606480237,
  "board in it": 0.06151141329990685,
  "bjonesllnlgov none": 0.06151141329990685,
  "considering this board": 0.06151141329990685,
  "bob jones ": 0.06151141329990685,
  "national laboratoryworld bjonesllnlgov": 0.06151141329990685,
  "any bad": 0.046617653841531874,
  "bad comments": 0.06151141329990685,
  "heard any bad": 0.06151141329990685,
  "mother board": 0.04038596372436551,
  "ide and": 0.041771948515137,
  "field thanks": 0.06151141329990685,
  "gmt lawrence livermore": 0.05290088931779573,
  "the vlb": 0.049425014858569497,
  "video board in": 0.05720615130885129,
  "bob": 0.023177869216609238,
  "any bad comments": 0.06151141329990685,
  "mother board the": 0.05720615130885129,
  "havent": 0.020093846539550306,
  "vlb mother board": 0.06151141329990685,
  "because of orchids": 0.06151141329990685,
  "bad": 0.03382941201220132,
  "bjonesllnlgov none orchid": 0.06151141329990685,
  "board does": 0.05151490452702423,
  "system": 0.010921541144081538,
  "commentsapr gmt": 0.06151141329990685,
  "the field": 0.030185791455687925,
  "purchase of a": 0.046617653841531874,
  "seeking": 0.03242985288298623,
  "purchase": 0.027020981095424754,
  "in the field": 0.03662114506864927,
  "comments good": 0.054687734488303684,
  "video board": 0.041771948515137,
  "havent seen or": 0.06151141329990685,
  "vlb": 0.10383734536022371,
  "orchids reputation": 0.06151141329990685,
  "has the vlb": 0.06151141329990685,
  "heard": 0.016797554662092106,
  "none orchid": 0.06151141329990685,
  "long standing": 0.04786405567670051,
  "laboratoryworld bjonesllnlgov": 0.06151141329990685,
  "orchid": 0.12178959710494153,
  "have any comments": 0.05038247249724812,
  "this board": 0.1127923591225145,
  "fahrenheit video board": 0.06151141329990685,
  "comments about": 0.03960855289856423,
  "board does anyone": 0.06151141329990685,
  "uses the orchid": 0.06151141329990685,
  "system also has": 0.054687734488303684,
  "vlb ide and": 0.06151141329990685,
  "livermore national laboratoryworld": 0.05290088931779573,
  "ide and fahrenheit": 0.06151141329990685,
  "board i am": 0.054687734488303684,
  "comments bob jones": 0.06151141329990685,
  "laboratoryworld bjonesllnlgov none": 0.06151141329990685,
  "vlb ide": 0.054687734488303684
}