{
  "edmonton canada": 0.05604403092447547,
  "board i": 0.05506250562733895,
  "machine is": 0.0473652486342408,
  "a rll hard": 0.08252781284404169,
  "university of": 0.013158343404817524,
  "sender nntppostinghost": 0.02484732797611562,
  "get jumper": 0.08252781284404169,
  "jumper settings for": 0.06519913333004305,
  "wd jumper settings": 0.08252781284404169,
  "rll hard drive": 0.08252781284404169,
  "wedapr": 0.022147353947420564,
  "controller in": 0.059960727834856606,
  "a wd": 0.06911583024042418,
  "a kind": 0.044491577915143056,
  "gmt i have": 0.038416939304670925,
  "hard drive": 0.07516183324887735,
  "in advance": 0.027416277690878694,
  "controller": 0.03548242203034804,
  "no signature": 0.07337271043847411,
  "of alberta edmonton": 0.055703847636806685,
  "get jumper settings": 0.08252781284404169,
  "for that board": 0.08252781284404169,
  "alberta": 0.04466702299179166,
  "wd can": 0.08252781284404169,
  "is a wd": 0.08252781284404169,
  "please mail": 0.049286279122672735,
  "rll hard": 0.07675158633937548,
  "university": 0.008134634608608471,
  "kind soul please": 0.0675964839338079,
  "settings sender nntppostinghost": 0.08252781284404169,
  "machine is a": 0.06631189493524742,
  "advance jerry": 0.06519913333004305,
  "canada wedapr gmt": 0.05475944192591499,
  "soul please mail": 0.08252781284404169,
  "settings": 0.08418845462275643,
  "nntppostinghost bodeeeualbertaca": 0.07097535983470926,
  "settings sender": 0.07337271043847411,
  "wd can a": 0.08252781284404169,
  "me wd": 0.08252781284404169,
  "hard drive the": 0.06421760803290652,
  "ma no signature": 0.07337271043847411,
  "canada": 0.027195514228820557,
  "wd": 0.10442918969264363,
  "settings for that": 0.08252781284404169,
  "bodeeeualbertaca": 0.06911583024042418,
  "ma no": 0.07337271043847411,
  "hard": 0.045223589508986584,
  "nntppostinghost bodeeeualbertaca university": 0.07097535983470926,
  "jerry": 0.04215958712355343,
  "give me wd": 0.08252781284404169,
  "drive the": 0.0474887076824503,
  "hard drive and": 0.055703847636806685,
  "wd jumper": 0.08252781284404169,
  "have a rll": 0.08252781284404169,
  "kind": 0.022951716189396634,
  "drive and": 0.043905071275461394,
  "sender nntppostinghost bodeeeualbertaca": 0.07097535983470926,
  "gmt i": 0.028263268430335626,
  "board i really": 0.08252781284404169,
  "ma": 0.028760738223731475,
  "a kind soul": 0.07675158633937548,
  "signature ": 0.1223064697303911,
  "to get jumper": 0.08252781284404169,
  "drive the controller": 0.07097535983470926,
  "drive": 0.0475680450004861,
  "of alberta": 0.05391125280666547,
  "jumper settings": 0.11512675446218353,
  "kind soul": 0.05158137895483913,
  "jerry look": 0.07337271043847411,
  "mail": 0.02507222918209601,
  "controller in my": 0.07097535983470926,
  "wedapr gmt": 0.023057119439122965,
  "machine": 0.027108820772479843,
  "the controller": 0.049286279122672735,
  "thanks in advance": 0.02997551878614156,
  "canada wedapr": 0.05475944192591499,
  "look ma": 0.07337271043847411,
  "soul please": 0.0675964839338079,
  "gmt": 0.0013702488672222698,
  "my machine": 0.046773984167805094,
  "university of alberta": 0.05446701426082107,
  "in advance jerry": 0.06519913333004305,
  "that board": 0.07675158633937548,
  "advance jerry look": 0.07337271043847411,
  "bodeeeualbertaca university": 0.07097535983470926,
  "another hard drive": 0.06911583024042418,
  "soul": 0.0350241163991193,
  "alberta edmonton": 0.055703847636806685,
  "mail me": 0.045029398924622814,
  "in my machine": 0.07337271043847411,
  "wedapr gmt i": 0.045311911855253496,
  "board": 0.029720931751154683,
  "sender": 0.005452946214305131,
  "a rll": 0.07337271043847411,
  "can a kind": 0.08252781284404169,
  "bodeeeualbertaca university of": 0.07097535983470926,
  "edmonton": 0.04512250976294053,
  "settings for": 0.055377008360529334,
  "signature": 0.041288147090890286,
  "alberta edmonton canada": 0.05604403092447547,
  "nntppostinghost": 0.014189789535636993,
  "rll": 0.05756337723109176,
  "mail me or": 0.07097535983470926,
  "edmonton canada wedapr": 0.07337271043847411,
  "jumper settings sender": 0.08252781284404169,
  "me wd jumper": 0.08252781284404169,
  "jumper": 0.09522804665430962,
  "got another hard": 0.08252781284404169,
  "drive and i": 0.06631189493524742,
  "another hard": 0.0675964839338079,
  "advance": 0.026505897886912953,
  "jerry look ma": 0.07337271043847411
}