{
  "drive do": 0.016899664592354882,
  "mention": 0.007227659284450612,
  "sender oracle": 0.01299010235193062,
  "are kind": 0.01591919314558714,
  "on the drive": 0.01299010235193062,
  "seagate": 0.022923270282382637,
  "is the process": 0.015273373113684624,
  "adding a": 0.01188054793585546,
  "fdisk work i": 0.017677908561852317,
  "msdos manual clone": 0.017677908561852317,
  "power supply i": 0.015569247739072837,
  "ide drives cant": 0.017677908561852317,
  "scsi drive sender": 0.019008325415134364,
  "e": 0.006348477979508045,
  "process of": 0.009917733383667,
  "format and create": 0.017677908561852317,
  "built into the": 0.012908414032508746,
  "msdos": 0.009352974318411839,
  "adding such a": 0.016899664592354882,
  "ide": 0.017755174211341596,
  "ideally": 0.011424364343001106,
  "msdos manual": 0.017677908561852317,
  "scsi contoler": 0.01591919314558714,
  "user and not": 0.010481163694423583,
  "partitions d and": 0.017677908561852317,
  "appreciated": 0.0065154863806397715,
  "built": 0.00711105340651189,
  "this message": 0.00908417187379434,
  "e how do": 0.017677908561852317,
  "ideally i": 0.0145887762923051,
  "true": 0.004914699331963833,
  "for this drive": 0.014791003769575399,
  "monicausoraclecom": 0.014085198049565192,
  "work i": 0.01032926864536653,
  "net that there": 0.016347491708570274,
  "clone obliges and": 0.017677908561852317,
  "expensive are": 0.016347491708570274,
  "powering are": 0.016347491708570274,
  "quantum prodrive mg": 0.016899664592354882,
  "good but": 0.010747164007832693,
  "documentation at": 0.01591919314558714,
  "the user": 0.008402849524286408,
  "seagate ide": 0.014085198049565192,
  "expressed": 0.007338587996524784,
  "cable do": 0.016347491708570274,
  "corp": 0.007405628075333955,
  "be lowlevel": 0.017677908561852317,
  "manual clone": 0.017677908561852317,
  "the quantum": 0.0135702959639708,
  "i know adaptec": 0.016347491708570274,
  "are scsi": 0.01423883088579079,
  "supply i": 0.015273373113684624,
  "shores ca": 0.013686658002006183,
  "type of": 0.015837563217129928,
  "bios": 0.009378229759059652,
  "adapter need": 0.016347491708570274,
  "amg": 0.016347491708570274,
  "connect the drive": 0.01591919314558714,
  "any good": 0.00949618135064058,
  "a reduced msdos": 0.017677908561852317,
  "process of adding": 0.016899664592354882,
  "drive to": 0.011149698616243575,
  "corporation the": 0.012480115469525618,
  "the quantum connect": 0.019008325415134364,
  "that ide": 0.016347491708570274,
  "message": 0.005228463669445237,
  "of expensive": 0.015273373113684624,
  "have a reduced": 0.017677908561852317,
  "xdisclaimer this": 0.010414588727076384,
  "user": 0.01369102422318066,
  "built into": 0.012077580861114738,
  "a drive": 0.011461635141191319,
  "ca monapr gmt": 0.013258359439023055,
  "and create": 0.012297178464143037,
  "oracle news": 0.01299010235193062,
  "of adding": 0.014085198049565192,
  "recognize the drive": 0.016347491708570274,
  "monicausoraclecom oracle": 0.0145887762923051,
  "quantum prodrive": 0.0145887762923051,
  "the seagate drive": 0.015569247739072837,
  "shores": 0.012480115469525618,
  "an unauthenticated": 0.012754781196283147,
  "d": 0.00606161457159432,
  "partitions": 0.03183838629117428,
  "a scsi": 0.04258448149401468,
  "fdisk ideally i": 0.017677908561852317,
  "format": 0.015584618519207841,
  "does fdisk": 0.016899664592354882,
  "region i": 0.01591919314558714,
  "there anythiing": 0.01591919314558714,
  "poster nntppostinghost": 0.011056051468125662,
  "lost": 0.006782027943295155,
  "drives": 0.015629386042232192,
  "nntppostinghost monicausoraclecom oracle": 0.0145887762923051,
  "prodrive mg": 0.016899664592354882,
  "sender": 0.0012559569015674007,
  "of oracle": 0.012682342946795919,
  "add": 0.0065794718322090455,
  "numbers for": 0.012297178464143037,
  "think that ide": 0.017677908561852317,
  "an unauthenticated user": 0.012754781196283147,
  "expressed are": 0.008772780706371658,
  "computer with": 0.013686658002006183,
  "with scsi": 0.012754781196283147,
  "redwood shores ca": 0.013942956260402579,
  "adaptec is good": 0.01591919314558714,
  "drive what type": 0.03269498341714055,
  "drives is this": 0.015569247739072837,
  "format or": 0.013686658002006183,
  "buy a": 0.008234567053544976,
  "drive a quantum": 0.016899664592354882,
  "anythiing": 0.01591919314558714,
  "contoler which one": 0.016347491708570274,
  "cable": 0.016626424219221645,
  "this drive": 0.01241717914932794,
  "have a computer": 0.0145887762923051,
  "to the adapter": 0.016347491708570274,
  "drive could": 0.016899664592354882,
  "havewatts": 0.016347491708570274,
  "work": 0.003904641391143915,
  "ide drives": 0.012682342946795919,
  "oracle news poster": 0.01299010235193062,
  "adapter via": 0.016347491708570274,
  "corporation": 0.006484276167834051,
  "good boards": 0.016347491708570274,
  "was written": 0.009416747154550648,
  "of drive": 0.028170396099130385,
  "d and e": 0.01591919314558714,
  "controler built": 0.016347491708570274,
  "this i dont": 0.012612539407120534,
  "work i have": 0.0135702959639708,
  "user at": 0.010350245748115458,
  "power supply": 0.009900970082383402,
  "drive sender oracle": 0.019008325415134364,
  "at oracle corporation": 0.012754781196283147,
  "the opinions": 0.0083278639807338,
  "drive setup the": 0.017677908561852317,
  "there any good": 0.015017074855288227,
  "oracle": 0.04680748600011273,
  "buy": 0.005776739321847154,
  "poster": 0.007365123706681871,
  "of fdisk": 0.016347491708570274,
  "i dont": 0.0035039922793629235,
  "nntppostinghost": 0.0032682816588799216,
  "power": 0.01036727963440217,
  "corporation the opinions": 0.012612539407120534,
  "poster nntppostinghost monicausoraclecom": 0.0145887762923051,
  "by an unauthenticated": 0.012754781196283147,
  "scsi how exactly": 0.017677908561852317,
  "obliges and there": 0.017677908561852317,
  "xdisclaimer this message": 0.01064612037350367,
  "they are kind": 0.01591919314558714,
  "quantum": 0.01970308221427769,
  "havewatts and all": 0.016347491708570274,
  "mention of fdisk": 0.017677908561852317,
  "the process": 0.008819711792483297,
  "compatible with": 0.010188517641363557,
  "the adapter": 0.029582007539150797,
  "region": 0.00920804619459582,
  "fdisk ideally": 0.017677908561852317,
  "adaptec is": 0.01591919314558714,
  "reduced msdos": 0.017677908561852317,
  "have no documentation": 0.016899664592354882,
  "oracle corp redwood": 0.0135702959639708,
  "and e": 0.015017074855288227,
  "obliges": 0.017677908561852317,
  "is no mention": 0.014405839286922519,
  "lowlevel": 0.013356811059728526,
  "in the region": 0.012184240844137407,
  "reduced": 0.009416747154550648,
  "reduced msdos manual": 0.017677908561852317,
  "create": 0.007299459864232128,
  "written by": 0.009041037793464093,
  "the opinions expressed": 0.009196448662050785,
  "powering": 0.014085198049565192,
  "ide drive": 0.011461635141191319,
  "drive and": 0.010112492424290532,
  "supply": 0.007786753869918001,
  "cable and the": 0.015569247739072837,
  "second drive": 0.013460586916293354,
  "no mention": 0.012356241148724138,
  "e how": 0.017677908561852317,
  "i use format": 0.017677908561852317,
  "drive": 0.07669320115241522,
  "quantum connect": 0.019008325415134364,
  "with amg seagate": 0.016899664592354882,
  "amg seagate": 0.016899664592354882,
  "type of drive": 0.031138495478145675,
  "on the net": 0.007721313924921886,
  "numbers": 0.00684551211159033,
  "drive as the": 0.015569247739072837,
  "unauthenticated user at": 0.012754781196283147,
  "motherboard i": 0.013942956260402579,
  "xdisclaimer": 0.009650940917627353,
  "seagate ide drive": 0.015017074855288227,
  "drive is this": 0.016347491708570274,
  "appreciated im": 0.014085198049565192,
  "dont have": 0.0059519055239168756,
  "scsi and": 0.012239879110688755,
  "partitioned in to": 0.017677908561852317,
  "kind of expensive": 0.015569247739072837,
  "have the numbers": 0.014791003769575399,