{
  "manage": 0.00971414544923368,
  "interesting": 0.0063538943628408005,
  "deleted steps to": 0.019304751542465894,
  "a ram": 0.013670498603097148,
  "feel": 0.005931138147829857,
  "halted error message": 0.019304751542465894,
  "system halted": 0.016602423353148366,
  "addreww which": 0.019304751542465894,
  "errors": 0.008362981354574917,
  "couldnt place": 0.019304751542465894,
  "in this manner": 0.013370009948463117,
  "address": 0.006276757496137872,
  "qaplus check it": 0.019304751542465894,
  "total ofmeg simm": 0.019304751542465894,
  "apr gmt": 0.002932265961694141,
  "halted": 0.013670498603097148,
  "chip for me": 0.019304751542465894,
  "errors or found": 0.019304751542465894,
  "problems in": 0.010914761107370044,
  "it is ps": 0.017953587447807128,
  "dodnt": 0.017953587447807128,
  "patterns used": 0.017953587447807128,
  "a bad chip": 0.017953587447807128,
  "the commercial": 0.01243075441845778,
  "detect common faults": 0.017953587447807128,
  "idea but": 0.013192677047477296,
  "manner": 0.008844759310454486,
  "faults in": 0.017163207120110904,
  "few monthes ago": 0.019304751542465894,
  "worstcase": 0.015511554370818107,
  "ram drive": 0.017163207120110904,
  "foundmoral never": 0.019304751542465894,
  "always faild": 0.019304751542465894,
  "patterns used to": 0.017953587447807128,
  "address that i": 0.017953587447807128,
  "apr gmt intergalactic": 0.01616744567027466,
  "address that": 0.015251259258489603,
  "system these": 0.015511554370818107,
  "filter out": 0.01616744567027466,
  "my typing": 0.017163207120110904,
  "common": 0.00655702063482911,
  "monthes ago": 0.019304751542465894,
  "ran qaplus check": 0.019304751542465894,
  "major": 0.006341244625141483,
  "what chip": 0.019304751542465894,
  "major memory": 0.019304751542465894,
  "never buy memory": 0.019304751542465894,
  "stinks": 0.014025901247919673,
  "or critical": 0.019304751542465894,
  "developed to test": 0.017953587447807128,
  "chips and creating": 0.019304751542465894,
  "check": 0.006466210304932413,
  "message in": 0.012065819638558859,
  "chip it": 0.01463049175143593,
  "these store": 0.019304751542465894,
  "drive to": 0.01132357305860215,
  "an error": 0.010968170413779624,
  "media are totally": 0.017953587447807128,
  "foundmoral": 0.019304751542465894,
  "did filter": 0.019304751542465894,
  "message": 0.005309999165265046,
  "either ran fine": 0.019304751542465894,
  "to detect common": 0.017953587447807128,
  "worstcase data": 0.017953587447807128,
  "to test": 0.02119855525391976,
  "ofof themeg chips": 0.019304751542465894,
  "dont feel": 0.011718357199170323,
  "totally": 0.007896949437642355,
  "a total ofmeg": 0.017953587447807128,
  "diagnose as": 0.019304751542465894,
  "to search": 0.011758550741475852,
  "developed": 0.008327730525270246,
  "weary travellers robertknichols": 0.019304751542465894,
  "steps to find": 0.019304751542465894,
  "uunetmimsyanagldccatdavid": 0.01581204302545214,
  "gmt intergalactic rest": 0.01616744567027466,
  "in windows": 0.019693205759709103,
  "drive to test": 0.019304751542465894,
  "ofmeg": 0.017163207120110904,
  "parity error problems": 0.019304751542465894,
  "found an error": 0.019304751542465894,
  "out of exahperation": 0.019304751542465894,
  "exahperation i": 0.019304751542465894,
  "applications on": 0.015251259258489603,
  "ran qaplus": 0.019304751542465894,
  "ofmeg simm": 0.019304751542465894,
  "china": 0.011458062086841818,
  "never buy": 0.015021662697755912,
  "media": 0.007489046047479505,
  "stinks today and": 0.019304751542465894,
  "finding the": 0.013192677047477296,
  "system": 0.006855236351645722,
  "for bad memory": 0.017953587447807128,
  "finding": 0.008729800241332554,
  "fine without": 0.017953587447807128,
  "typing stinks today": 0.019304751542465894,
  "error or": 0.014304850260864456,
  "an interesting idea": 0.01581204302545214,
  "manage to find": 0.01581204302545214,
  "place on": 0.011972977437800078,
  "but the worstcase": 0.017953587447807128,
  "ps man": 0.017953587447807128,
  "chips apr gmt": 0.017163207120110904,
  "place on a": 0.017163207120110904,
  "rest": 0.006306255931515788,
  "memory checkers": 0.019304751542465894,
  "total ofmeg": 0.017953587447807128,
  "search for bad": 0.017953587447807128,
  "error at": 0.015251259258489603,
  "ofof": 0.019304751542465894,
  "parity error system": 0.017163207120110904,
  "chip it is": 0.01581204302545214,
  "as several shareware": 0.019304751542465894,
  "themeg chips and": 0.019304751542465894,
  "creating a ram": 0.019304751542465894,
  "memory diagnostics": 0.019304751542465894,
  "alleviate my": 0.017163207120110904,
  "memory chip out": 0.019304751542465894,
  "have always faild": 0.019304751542465894,
  "chips i": 0.028921757861586753,
  "filter out all": 0.017953587447807128,
  "check it": 0.01142355998723285,
  "store": 0.008721231797915325,
  "in memory": 0.013565104409587839,
  "bbs uunetmimsyanagldccatdavid ": 0.01581204302545214,
  "totally different": 0.014160390276159346,
  "i couldnt place": 0.019304751542465894,
  "editor david china": 0.019304751542465894,
  "chips": 0.04903988916853957,
  "ofof themeg": 0.019304751542465894,
  "totally different than": 0.017953587447807128,
  "today and i": 0.01463049175143593,
  "faild me": 0.019304751542465894,
  "data patterns": 0.017163207120110904,
  "chip out": 0.017953587447807128,
  "getting parity": 0.019304751542465894,
  "either not finding": 0.019304751542465894,
  "david china": 0.01581204302545214,
  "rest area for": 0.01616744567027466,
  "several shareware": 0.019304751542465894,
  "steps to": 0.013370009948463117,
  "i did manage": 0.017953587447807128,
  "i did filter": 0.019304751542465894,
  "patterns": 0.0228471199744657,
  "search": 0.00821243291805252,
  "finding the error": 0.019304751542465894,
  "buy": 0.005866824925306759,
  "ago getting": 0.017953587447807128,
  "exahperation": 0.019304751542465894,
  "i dont": 0.003558635433816926,
  "pointing": 0.010005171377815474,
  "commercial shareware": 0.019304751542465894,
  "halted error": 0.019304751542465894,
  "writes": 0.0012476126404341412,
  "i ran qaplus": 0.019304751542465894,
  "for weary": 0.01616744567027466,
  "test on although": 0.019304751542465894,
  "area for weary": 0.01616744567027466,
  "dont feel like": 0.015251259258489603,
  "apr": 0.0025610598212263925,
  "ram": 0.007645074717408425,
  "ofmeg simm in": 0.019304751542465894,
  "error or pointing": 0.019304751542465894,
  "shareware have": 0.019304751542465894,
  "the patterns": 0.015511554370818107,
  "although it dodnt": 0.019304751542465894,
  "developed to": 0.015251259258489603,
  "few monthes": 0.019304751542465894,
  "error": 0.03645246332602692,
  "dodnt alleviate": 0.019304751542465894,
  "chips using combinations": 0.019304751542465894,
  "uunetmimsyanagldccatdavid ": 0.03162408605090428,
  "my parity": 0.019304751542465894,
  "qaplus": 0.016602423353148366,
  "bbs uunetmimsyanagldccatdavid": 0.01581204302545214,
  "memory chips in": 0.019304751542465894,
  "error at some": 0.019304751542465894,
  "not finding": 0.014460878930793376,
  "bad memory chips": 0.07181434979122851,
  "gmt intergalactic": 0.01616744567027466,
  "robertknichols writes steps": 0.019304751542465894,
  "the worstcase": 0.017953587447807128,
  "system these store": 0.019304751542465894,
  "editor": 0.009107658722086581,
  "and creating": 0.01463049175143593,
  "failed to": 0.010038493859997345,
  "memory problems": 0.017163207120110904,
  "or critical applications": 0.019304751542465894,
  "is ps": 0.01616744567027466,
  "find a bad": 0.019304751542465894,
  "are totally": 0.013279327656777166,
  "manage to": 0.01142355998723285,
  "monthes": 0.017163207120110904,
  "dodnt alleviate my": 0.019304751542465894,
  "check it diagnose": 0.019304751542465894,
  "diagnostics": 0.013109714836134613,
  "today and": 0.01160252207154693,
  "drive": 0.005563514035144573,
  "a ram drive": 0.017163207120110904,