{
  "ms dtr": 0.031650138696649684,
  "dtr local bus": 0.031650138696649684,
  "bitz": 0.025492889661501726,
  "of machines": 0.024099538774532088,
  "really kick butt": 0.03403208777073884,
  "vram andbit drivers": 0.031650138696649684,
  "mhz dram ns": 0.03403208777073884,
  "bitnet ": 0.04117741949042513,
  "all too high": 0.03403208777073884,
  "butt in windows": 0.03403208777073884,
  "account": 0.011442121561252088,
  "monitor": 0.026015397548066355,
  "ide": 0.06357694683236406,
  "really kick": 0.03403208777073884,
  "meg": 0.0184561444952981,
  "maybe not mhz": 0.03403208777073884,
  "machines with": 0.023110940587412566,
  "vl bus": 0.025492889661501726,
  "internet": 0.009585503201783394,
  "color monitor": 0.022835879736300756,
  "a price sender": 0.03025678780968005,
  "side but": 0.026119424220931123,
  "andbit": 0.026119424220931123,
  "ram a local": 0.03403208777073884,
  "butt": 0.019288240893940243,
  "to mb": 0.02850137329502028,
  "university bitnet": 0.02496316223941493,
  "gateway mike": 0.03403208777073884,
  "price sender usenet": 0.031650138696649684,
  "gateway too": 0.02787483873559089,
  "digital ide ms": 0.031650138696649684,
  "with vram": 0.02496316223941493,
  "and development": 0.02162343514996831,
  "high": 0.01917660091118842,
  "drivers crystalscan": 0.031650138696649684,
  "faxed me a": 0.031650138696649684,
  "too high": 0.04324687029993662,
  "research and development": 0.023110940587412566,
  "mb hd and": 0.03403208777073884,
  "development": 0.012932828141095353,
  "usenet proxy posting": 0.02579189782985097,
  "digital ide": 0.026886240548471364,
  "praise": 0.019794511391386497,
  "bus with": 0.025492889661501726,
  "praise gateway": 0.03403208777073884,
  "kick butt": 0.03025678780968005,
  "couple of": 0.012101448535666338,
  "get meg": 0.03403208777073884,
  "not mhz dram": 0.03403208777073884,
  "expandable to mb": 0.031650138696649684,
  "development dakota state": 0.02579189782985097,
  "mhz dram": 0.03403208777073884,
  "couple of machines": 0.03403208777073884,
  "a monitor": 0.019634648794703013,
  "card": 0.010637122328471055,
  "bus ide interface": 0.031650138696649684,
  "price sheet just": 0.031650138696649684,
  "dram ns": 0.031650138696649684,
  "for this isnt": 0.03403208777073884,
  "ns": 0.020388472947535673,
  "gmt well gateway": 0.03403208777073884,
  "local bus": 0.054416131216502385,
  "usenet": 0.007002631558763617,
  "account dakota state": 0.02579189782985097,
  "pro vl bus": 0.031650138696649684,
  "vram andbit": 0.029268189622560524,
  "western": 0.011727195899596206,
  "ms": 0.013610096790922,
  "pro vl": 0.031650138696649684,
  "mind that you": 0.029268189622560524,
  "western digital": 0.02102799968167265,
  "and svga card": 0.031650138696649684,
  "crystalscan color": 0.031650138696649684,
  "drivers": 0.013366399949285913,
  "ms dtr local": 0.031650138696649684,
  "the local bus": 0.02496316223941493,
  "in windows": 0.017358444252114726,
  "faxed me": 0.031650138696649684,
  "side but then": 0.031650138696649684,
  "gateway": 0.04509183972962453,
  "hd and": 0.024295959440648753,
  "meg of": 0.02734511131350409,
  "mike bitz internet": 0.02579189782985097,
  "ns simms expandable": 0.031650138696649684,
  "with vram andbit": 0.031650138696649684,
  "mike bitz": 0.02579189782985097,
  "ide and": 0.04622188117482513,
  "pro": 0.015657147802637574,
  "me a price": 0.031650138696649684,
  "sheet": 0.018206760671123406,
  "local": 0.03154214012658534,
  "andbit drivers": 0.031650138696649684,
  "posting account": 0.025492889661501726,
  "internet research": 0.02579189782985097,
  "sender": 0.002248637614146446,
  "on the higher": 0.03025678780968005,
  "isnt at all": 0.02850137329502028,
  "mike": 0.011091114500515996,
  "a local bus": 0.022706187887562453,
  "faxed": 0.026886240548471364,
  "ultra": 0.01831143148722206,
  "vram": 0.018888722659865118,
  "and development dakota": 0.02579189782985097,
  "monitor the local": 0.03403208777073884,
  "mb hd": 0.03025678780968005,
  "hd": 0.015241503093298527,
  "mind that": 0.018138710405500795,
  "vl": 0.023737475146841963,
  "development dakota": 0.02579189782985097,
  "price sender": 0.026481487848621248,
  "machines": 0.013468732854288014,
  "well gateway faxed": 0.031650138696649684,
  "hd and a": 0.029268189622560524,
  "ati ultra pro": 0.022706187887562453,
  "internet research and": 0.02579189782985097,
  "isnt at": 0.026481487848621248,
  "university friapr gmt": 0.01700175423946303,
  "proxy posting account": 0.02579189782985097,
  "crystalscan": 0.02850137329502028,
  "dakota": 0.038671281252707544,
  "a local": 0.016485883393073615,
  "sender usenet proxy": 0.024726073333961485,
  "higher side": 0.031650138696649684,
  "a mb hd": 0.03025678780968005,
  "machines with vlb": 0.03403208777073884,
  "and svga": 0.05574967747118178,
  "bitz internet": 0.02579189782985097,
  "windows i have": 0.02356981135244529,
  "is praise gateway": 0.03403208777073884,
  "vlb": 0.019149842615115712,
  "state university bitnet": 0.025492889661501726,
  "friapr gmt": 0.007908713338178133,
  "dakota state": 0.05043565762077983,
  "higher": 0.012495316126266805,
  "state": 0.01528899342327044,
  "interface": 0.014595689795412885,
  "high a": 0.02579189782985097,
  "not mhz": 0.031650138696649684,
  "dram": 0.02144252884933112,
  "interface ati ultra": 0.031650138696649684,
  "bus": 0.055764931494533036,
  "well gateway": 0.031650138696649684,
  "ati ultra": 0.020658134856269335,
  "ns simms": 0.02850137329502028,
  "university": 0.006708976996790492,
  "the higher side": 0.031650138696649684,
  "ide ms dtr": 0.031650138696649684,
  "simms expandable": 0.031650138696649684,
  "drivers crystalscan color": 0.031650138696649684,
  "ram": 0.01347739975955506,
  "ide and svga": 0.06806417554147769,
  "mb western": 0.03025678780968005,
  "mind": 0.010402312472145143,
  "kick": 0.019060579775241962,
  "butt in": 0.026119424220931123,
  "re gateway": 0.024504291474382205,
  "dtr local": 0.031650138696649684,
  "friapr": 0.007600277383073734,
  "praise gateway mike": 0.03403208777073884,
  "is praise": 0.03403208777073884,
  "andbit drivers crystalscan": 0.031650138696649684,
  "price": 0.03214175150801107,
  "this isnt": 0.01720102316609653,
  "state university friapr": 0.020588709745212565,
  "local bus ide": 0.07737569348955291,
  "price sheet": 0.031650138696649684,
  "simms expandable to": 0.031650138696649684,
  "mhz": 0.017974256724477996,
  "high of": 0.03025678780968005,
  "digital": 0.013901733287977811,
  "vlb in": 0.03403208777073884,
  "to mb western": 0.03403208777073884,
  "sender usenet": 0.007665222146537774,
  "a price sheet": 0.031650138696649684,
  "windows i": 0.01831143148722206,
  "mb": 0.0346103305211644,
  "a couple": 0.011389728741414033,
  "card a": 0.024295959440648753,
  "in mind": 0.01575676133141164,
  "side": 0.011156738890400726,
  "monitor all": 0.03025678780968005,
  "card a mb": 0.03403208777073884,
  "expandable": 0.024099538774532088,
  "gmt well": 0.022460624437451986,
  "friapr gmt well": 0.02787483873559089,
  "bus ide": 0.07488948671824479,
  "of a price": 0.03403208777073884,
  "bitz internet research": 0.02579189782985097,
  "gateway faxed me": 0.031650138696649684,
  "posting account dakota": 0.02579189782985097,
  "sheet just": 0.031650138696649684,
  "proxy posting": 0.02579189782985097,
  "svga card": 0.023737475146841963,
  "gateway faxed": 0.031650138696649684,
  "kick butt in": 0.031650138696649684,
  "expandable to": 0.025217828810389916,
  "ultra pro vl": 0.031650138696649684,
  "state university": 0.021420072788178156,
  "ultra pro": 0.02072899151332341,
  "monitor all for": 0.03403208777073884,
  "posting": 0.010737294307903182,
  "ram a": 0.023737475146841963,
  "ide interface ati": 0.031650138696649684,
  "with vlb": 0.02850137329502028,
  "proxy": 0.02340994875576181,
  "keep in mind": 0.019016803054357326,
  "do is praise": 0.03403208777073884,
  "gateway too high": 0.029268189622560524,