{
  "also heard": 0.038686034216129345,
  "fixed": 0.05625825199265905,
  "interapplication memory": 0.06189585963303127,
  "do i gain": 0.05502953282885559,
  "something good": 0.04973392120143556,
  "flash bios": 0.05183687268031814,
  "area our": 0.06189585963303127,
  "problem for": 0.035523936475680605,
  "atlanta ga friapr": 0.05183687268031814,
  "i gain": 0.05183687268031814,
  "something bad": 0.05756368975453161,
  "divide errors": 0.06189585963303127,
  "upgrade ncr": 0.06189585963303127,
  "errors": 0.02681380896810583,
  "ga friapr gmt": 0.05183687268031814,
  "programs": 0.021760720459240532,
  "errors that": 0.04973392120143556,
  "brief pat gleason": 0.06189585963303127,
  "errors that were": 0.06189585963303127,
  "friapr gmt": 0.014383972383811481,
  "fixed the": 0.04497054587614246,
  "overwriting": 0.05323151987603195,
  "engineering": 0.019380892362254327,
  "bad i": 0.037966850904974425,
  "ncr engineering and": 0.0425768442995418,
  "atlanta": 0.05719326715619277,
  "bios upgrade": 0.05069736295035593,
  "clarion database": 0.06189585963303127,
  "some interapplication": 0.06189585963303127,
  "atlanta atlanta": 0.043172532923318824,
  "the gw bios": 0.06189585963303127,
  "brief pat": 0.06189585963303127,
  "engineering and manufacturing": 0.0425768442995418,
  "i also heard": 0.04636519307185627,
  "guess": 0.018697439006458302,
  "writes": 0.004000158028391965,
  "friapr gmt in": 0.020758202514951106,
  "some interapplication memory": 0.06189585963303127,
  "fixed a": 0.05183687268031814,
  "guess well": 0.048899349997532295,
  "flash bios upgrade": 0.05183687268031814,
  "gmt in": 0.010713081347181885,
  "re gateway flash": 0.05183687268031814,
  "manufacturing atlanta": 0.043172532923318824,
  "this new bios": 0.05502953282885559,
  "gmt in wr": 0.06189585963303127,
  "memory area": 0.05323151987603195,
  "manufacturing atlanta atlanta": 0.043172532923318824,
  "good": 0.010100379909190027,
  "re gateway": 0.044567180119032636,
  "divide errors that": 0.06189585963303127,
  "gw": 0.04383103614618024,
  "friapr": 0.013823004490465356,
  "writes what do": 0.05183687268031814,
  "getting divide": 0.06189585963303127,
  "bios": 0.09161358195881399,
  "with clarion": 0.06189585963303127,
  "pat gleason": 0.06189585963303127,
  "volz": 0.05323151987603195,
  "gateway flash": 0.05183687268031814,
  "bios it": 0.05502953282885559,
  "maybe something good": 0.06189585963303127,
  "bios overwriting": 0.06189585963303127,
  "interapplication": 0.06189585963303127,
  "it fixed": 0.09946784240287113,
  "heard that": 0.028566367175122717,
  "maybe something bad": 0.06189585963303127,
  "same problem": 0.033983933891440124,
  "atlanta atlanta ga": 0.043172532923318824,
  "bios overwriting some": 0.06189585963303127,
  "clarion": 0.06189585963303127,
  "divide": 0.037571982769839855,
  "and manufacturing atlanta": 0.043172532923318824,
  "gateway flash bios": 0.05183687268031814,
  "with brief pat": 0.06189585963303127,
  "problem with brief": 0.06189585963303127,
  "problem for us": 0.05756368975453161,
  "heard that it": 0.045864926148896666,
  "problem": 0.03996426159092324,
  "upgrade ncr engineering": 0.06189585963303127,
  "the gw": 0.048899349997532295,
  "ga friapr": 0.05183687268031814,
  "writes what": 0.030176023287819848,
  "programs but": 0.0481632060246799,
  "by the gw": 0.06189585963303127,
  "interapplication memory area": 0.06189585963303127,
  "guess well never": 0.05502953282885559,
  "gw bios overwriting": 0.06189585963303127,
  "new bios": 0.05183687268031814,
  "area our problem": 0.06189585963303127,
  "a problem": 0.0227734754826255,
  "that were caused": 0.06189585963303127,
  "manufacturing": 0.033634681026474766,
  "i guess": 0.021925474644809713,
  "gain with": 0.05323151987603195,
  "of getting divide": 0.06189585963303127,
  "gw bios": 0.06189585963303127,
  "wr volz": 0.05756368975453161,
  "gleason maybe something": 0.06189585963303127,
  "fixed the same": 0.06189585963303127,
  "caused": 0.024720640950652233,
  "ga": 0.03187072810344842,
  "gateway": 0.027336927836084875,
  "area": 0.019679584011231505,
  "good maybe something": 0.06189585963303127,
  "pat gleason maybe": 0.06189585963303127,
  "gmt": 0.0010276866504167024,
  "problem with": 0.023494699419745982,
  "in wr": 0.06189585963303127,
  "the same problem": 0.034508193166319506,
  "gain": 0.028875836328418843,
  "overwriting some interapplication": 0.06189585963303127,
  "gain with this": 0.05502953282885559,
  "flash": 0.034508193166319506,
  "database programs but": 0.06189585963303127,
  "wr": 0.044567180119032636,
  "that it fixed": 0.06189585963303127,
  "was with clarion": 0.06189585963303127,
  "bad": 0.017020422918638794,
  "wr volz writes": 0.05756368975453161,
  "caused by the": 0.03641125060862052,
  "memory": 0.0213288375423906,
  "memory area our": 0.06189585963303127,
  "database": 0.03176909984799979,
  "database programs": 0.06189585963303127,
  "gleason": 0.05183687268031814,
  "bad i guess": 0.06189585963303127,
  "ncr": 0.03491155892342933,
  "overwriting some": 0.06189585963303127,
  "bios upgrade ncr": 0.06189585963303127,
  "clarion database programs": 0.06189585963303127,
  "bios it fixed": 0.06189585963303127,
  "fixed a problem": 0.06189585963303127,
  "with clarion database": 0.06189585963303127,
  "heard": 0.016902539378730184,
  "were caused": 0.06189585963303127,
  "volz writes": 0.05756368975453161,
  "atlanta ga": 0.035523936475680605,
  "volz writes what": 0.06189585963303127,
  "problem was with": 0.05183687268031814,
  "upgrade": 0.028045232119253645,
  "problem was": 0.03641125060862052,
  "engineering and": 0.03525411040152305,
  "getting divide errors": 0.06189585963303127,
  "caused by": 0.02862704726341622,
  "gleason maybe": 0.06189585963303127,
  "and manufacturing": 0.042299020783474084,
  "pat": 0.02563261978692463,
  "in wr volz": 0.06189585963303127,
  "our problem": 0.05183687268031814,
  "good maybe": 0.05069736295035593,
  "ncr engineering": 0.0425768442995418,
  "programs but i": 0.05756368975453161
}