{
  "floppy problem": 0.07736982454128909,
  "drive stopped": 0.07736982454128909,
  "send": 0.022940393770867342,
  "help floppy problem": 0.07736982454128909,
  "floppy": 0.06923541980646138,
  "and drive works": 0.07736982454128909,
  "chips": 0.03275711346804792,
  "drive stopped recognizing": 0.07736982454128909,
  "suggestions please": 0.05733115768612083,
  "to all suggestions": 0.07736982454128909,
  "low density": 0.06337170368794491,
  "drive works": 0.06479609085039767,
  "technology": 0.022503667618768448,
  "in advance": 0.025702760335198777,
  "problem sender": 0.052873775979342605,
  "your replies": 0.054788795182725294,
  "using chips": 0.07736982454128909,
  "all suggestions": 0.06878691603606948,
  "chip set": 0.06020400753084987,
  "controller": 0.03326477065345129,
  "gmt my": 0.0489511826684267,
  "communications": 0.027380801615232778,
  "in another system": 0.07736982454128909,
  "the system": 0.02981689698728669,
  "my floppy": 0.061124187496915366,
  "friapr gmt": 0.01797996547976435,
  "chip the system": 0.07736982454128909,
  "help floppy": 0.07736982454128909,
  "set": 0.020581386039775638,
  "open to": 0.04064732168353583,
  "system is a": 0.051915945337996254,
  "chip": 0.05105298414997432,
  "floppy problem sender": 0.07736982454128909,
  "send your": 0.048550453806023956,
  "the dma chip": 0.07736982454128909,
  "thanks in advance": 0.028102048862007713,
  "network friapr gmt": 0.058636267722551816,
  "send your replies": 0.07195461219316451,
  "low": 0.026889604413525666,
  "suggestions please send": 0.06878691603606948,
  "chips technology": 0.07736982454128909,
  "fine in": 0.052222357159506266,
  "dma chip": 0.07195461219316451,
  "my floppy drive": 0.06878691603606948,
  "the dma": 0.06020400753084987,
  "recognizing low density": 0.07736982454128909,
  "center": 0.02287440323303946,
  "floppies": 0.04512658715812431,
  "gmt my floppy": 0.07736982454128909,
  "friapr": 0.017278755613081693,
  "open": 0.02520511000029584,
  "floppies the controller": 0.07736982454128909,
  "suggestions": 0.030739296728903416,
  "technology chip": 0.07736982454128909,
  "sender mcnc": 0.07736982454128909,
  "replies to thanks": 0.06337170368794491,
  "center for communications": 0.06479609085039767,
  "works fine": 0.040165340675681616,
  "communications concert": 0.07195461219316451,
  "controller and drive": 0.07195461219316451,
  "chips technology chip": 0.07736982454128909,
  "concert network friapr": 0.07736982454128909,
  "and drive": 0.051915945337996254,
  "problem sender mcnc": 0.07736982454128909,
  "communications concert network": 0.07195461219316451,
  "advance ": 0.10267395361109061,
  "friapr gmt my": 0.06020400753084987,
  "problem": 0.016651775662884682,
  "system i": 0.039163971977056636,
  "density floppies the": 0.07736982454128909,
  "replies": 0.03526770165209767,
  "floppy drive": 0.04440492059460075,
  "system is": 0.03637744897753529,
  "dma": 0.046964978462299814,
  "im open": 0.06020400753084987,
  "dma chip the": 0.07736982454128909,
  "mcnc center for": 0.06878691603606948,
  "drive": 0.04459504218795572,
  "recognizing low": 0.07736982454128909,
  "density floppies": 0.07736982454128909,
  " help floppy": 0.07736982454128909,
  "stopped recognizing low": 0.07736982454128909,
  "low density floppies": 0.07736982454128909,
  "system i was": 0.06337170368794491,
  "set im open": 0.07736982454128909,
  "floppies the": 0.06479609085039767,
  "mcnc center": 0.06878691603606948,
  "please send": 0.034987402529715626,
  "sender mcnc center": 0.07736982454128909,
  "the controller": 0.04620588667750569,
  "concert network": 0.07195461219316451,
  "gmt": 0.001284608313020878,
  "mcnc": 0.06878691603606948,
  "stopped": 0.0354847294966842,
  "controller and": 0.050053359217332206,
  "for communications": 0.06020400753084987,
  "recognizing": 0.048748249180901225,
  "center for": 0.03445528201519105,
  "density": 0.04452066345229716,
  "fine": 0.025224813667738884,
  "system": 0.027474501940580123,
  "be the dma": 0.07736982454128909,
  "sender": 0.0051121370759110605,
  "a using chips": 0.07736982454128909,
  "technology chip set": 0.07736982454128909,
  "concert": 0.052222357159506266,
  "open to all": 0.06216740150179445,
  "replies to": 0.04564761352139519,
  "chip set im": 0.07736982454128909,
  "set im": 0.07195461219316451,
  "using chips technology": 0.07736982454128909,
  "fine in another": 0.07736982454128909,
  "works fine in": 0.06653939984503994,
  "floppy drive stopped": 0.07736982454128909,
  "network": 0.024079922414285453,
  "network friapr": 0.058636267722551816,
  "works": 0.023271290197159712,
  "another system": 0.06337170368794491,
  "chip the": 0.04937358283460073,
  "stopped recognizing": 0.07736982454128909,
  "drive works fine": 0.06878691603606948,
  "for communications concert": 0.07195461219316451,
  "advance": 0.024849279268980895
}