{
  "bachelor of engineering": 0.036217902309392584,
  "the extra": 0.023007024249150073,
  "a cached": 0.040219171880895445,
  "the logic board": 0.033191058726161383,
  "without a disk": 0.043246015464126646,
  "appreciated i need": 0.03844858188915674,
  "uucp uunetmunnarisserveadfaozaucompsolroot fidonet": 0.036217902309392584,
  "email v also": 0.03844858188915674,
  "ben ben j": 0.03844858188915674,
  "fidonet": 0.023694326317933608,
  "versions of": 0.02268038139726056,
  "have been buggered": 0.043246015464126646,
  "bachelor of": 0.03416548471443304,
  "satapr": 0.01418858087817373,
  "appreciated": 0.014823442813595288,
  "university of": 0.006895201784183855,
  "fidonet origin": 0.03844858188915674,
  "attempting to load": 0.043246015464126646,
  "drive but": 0.030388203328028652,
  "solutions canberra": 0.07243580461878517,
  "system when attempting": 0.043246015464126646,
  "of engineering computer": 0.036217902309392584,
  "cache": 0.02133649652607021,
  "been buggered": 0.043246015464126646,
  "extra": 0.017294926489774244,
  "extra space of": 0.043246015464126646,
  "disk": 0.06110234206557487,
  "logic board": 0.03087390479139208,
  "ben": 0.04878471115937722,
  "engineering university of": 0.026162945571427322,
  "attempting to": 0.021635710265968708,
  "ooo ooo": 0.033191058726161383,
  "perfectly without": 0.043246015464126646,
  "avail any advice": 0.043246015464126646,
  "load": 0.019896200919508885,
  "caching i": 0.043246015464126646,
  "my second drive": 0.043246015464126646,
  "computer engineering": 0.024277432835944624,
  "a hard": 0.021761382600248375,
  "engineering university": 0.026162945571427322,
  "ben ben": 0.03474859123244406,
  "perfectly without a": 0.043246015464126646,
  "email v": 0.03844858188915674,
  "versions": 0.019479999260974712,
  "hard": 0.011848975417201726,
  "second drive": 0.03062430473095562,
  "need the extra": 0.040219171880895445,
  "a hard disk": 0.03016421514293018,
  "hyperdisk and various": 0.043246015464126646,
  "perfectly": 0.019442354094844114,
  "uunetmunnarisserveadfaozaucompsolroot": 0.036217902309392584,
  "fidonet origin compact": 0.03844858188915674,
  "various versions": 0.036217902309392584,
  "load disk caching": 0.043246015464126646,
  "much thanks cheers": 0.043246015464126646,
  "disk caching i": 0.043246015464126646,
  "origin compact": 0.036217902309392584,
  "the drive": 0.02049716763512481,
  "problem": 0.009307542728599297,
  "disk caching satapr": 0.043246015464126646,
  "canberra ooo": 0.03844858188915674,
  "computer engineering university": 0.033191058726161383,
  "think the logic": 0.043246015464126646,
  "satapr compact": 0.043246015464126646,
  "cheers ben": 0.036217902309392584,
  "sender disk": 0.043246015464126646,
  "logic board may": 0.043246015464126646,
  "board may have": 0.043246015464126646,
  "bachelor": 0.03416548471443304,
  "engineering computer engineering": 0.036217902309392584,
  "crashes the": 0.03239489472269433,
  "the logic": 0.025991676081675002,
  "drive works": 0.036217902309392584,
  "system when": 0.03474859123244406,
  "university of canberra": 0.03172174764921286,
  "the extra space": 0.040219171880895445,
  "j": 0.014419683067930683,
  "to no avail": 0.027597461147724423,
  "disk cache i": 0.043246015464126646,
  "buggered but": 0.043246015464126646,
  "problem whereby": 0.043246015464126646,
  "to load disk": 0.043246015464126646,
  "uunetmunnarisserveadfaozaucompsolroot fidonet": 0.036217902309392584,
  "to load": 0.025084953964739434,
  "ooo ooo email": 0.03844858188915674,
  "solutions canberra act": 0.07243580461878517,
  "no avail": 0.02702954355712094,
  "system": 0.007678463424441606,
  "board": 0.015574287380517736,
  "sender": 0.0028574390642646975,
  "of engineering": 0.023269111627867337,
  "ie crashes": 0.043246015464126646,
  "disk caching": 0.08649203092825329,
  "space": 0.012956309194108966,
  "of canberra": 0.03172174764921286,
  "board may": 0.040219171880895445,
  "engineering": 0.027082469676512594,
  "drive but i": 0.040219171880895445,
  "locks up": 0.03172174764921286,
  "canberra ooo ooo": 0.03844858188915674,
  "be much appreciated": 0.02825043815196444,
  "hyperdisk": 0.040219171880895445,
  "compact": 0.0513361209655009,
  "canberra act": 0.07243580461878517,
  "ooo email": 0.03844858188915674,
  "v also": 0.037192328297664244,
  "works perfectly": 0.03239489472269433,
  "smartdrive all to": 0.043246015464126646,
  "the system": 0.016666213163199547,
  "a disk": 0.02634120755623193,
  "caching i think": 0.043246015464126646,
  "up ie crashes": 0.043246015464126646,
  "australia": 0.03746907803403434,
  "engineering computer": 0.021956944183772274,
  "when attempting": 0.036217902309392584,
  "also uucp uunetmunnarisserveadfaozaucompsolroot": 0.037192328297664244,
  "compact solutions": 0.07243580461878517,
  "buggered": 0.043246015464126646,
  "much appreciated": 0.02566806048275045,
  "smartdrive": 0.03087390479139208,
  "email": 0.009121999595984786,
  "space of": 0.03204536324813741,
  "caching satapr": 0.043246015464126646,
  "satapr compact solutions": 0.043246015464126646,
  "elliston bachelor": 0.036217902309392584,
  "ben j elliston": 0.03844858188915674,
  "cached drive but": 0.043246015464126646,
  "problem whereby a": 0.043246015464126646,
  "sender disk caching": 0.043246015464126646,
  "hyperdisk and": 0.043246015464126646,
  "but the drive": 0.043246015464126646,
  "locks up ie": 0.043246015464126646,
  "university": 0.004262690624598326,
  "a cached drive": 0.043246015464126646,
  "space of my": 0.043246015464126646,
  "cache i": 0.03365114831418682,
  "v also uucp": 0.03844858188915674,
  "crashes the system": 0.03844858188915674,
  "solutions": 0.04094674046878617,
  "australia has anybody": 0.043246015464126646,
  "whereby a hard": 0.043246015464126646,
  "drive just": 0.036217902309392584,
  "extra space": 0.037192328297664244,
  "compact solutions canberra": 0.07243580461878517,
  "origin": 0.020844711032148164,
  "buggered but the": 0.043246015464126646,
  "cheers ben ben": 0.036217902309392584,
  "j elliston": 0.03844858188915674,
  "disk cache": 0.03365114831418682,
  "ooo": 0.06124860946191124,
  "appreciated i": 0.029189789154658523,
  "canberra": 0.08924404045318804,
  "any advice": 0.023949768268508316,
  "uucp uunetmunnarisserveadfaozaucompsolroot": 0.036217902309392584,
  "disk locks up": 0.043246015464126646,
  "v": 0.016424891422260467,
  "drive works perfectly": 0.043246015464126646,
  "i tried hyperdisk": 0.043246015464126646,
  "need a cached": 0.043246015464126646,
  "cheers": 0.018863935513114865,
  "works perfectly without": 0.043246015464126646,
  "computer": 0.008922063248090993,
  "australia ": 0.05544095615541999,
  "drive just as": 0.043246015464126646,
  "hard disk locks": 0.043246015464126646,
  "attempting": 0.021543773981262018,
  "avail": 0.025991676081675002,
  "avail any": 0.040219171880895445,
  "of canberra ooo": 0.03844858188915674,
  "locks": 0.025294601210094723,
  "drive": 0.037389729694705234,
  "a problem": 0.015911598590480698,
  "advice would be": 0.032774857067627214,
  "j elliston bachelor": 0.03844858188915674,
  "thanks cheers": 0.040219171880895445,
  "ben j": 0.03844858188915674,
  "of smartdrive": 0.043246015464126646,
  "the drive works": 0.040219171880895445,
  "smartdrive all": 0.043246015464126646,
  "caching satapr compact": 0.043246015464126646,
  "act australia": 0.07243580461878517,
  "australia has": 0.043246015464126646,
  "caching": 0.05738980813196331,
  "versions of smartdrive": 0.043246015464126646,
  "advice would": 0.032774857067627214,
  "cached": 0.032774857067627214,
  "crashes": 0.025991676081675002,
  "ooo email v": 0.03844858188915674,
  "cache i tried": 0.043246015464126646,
  "canberra act australia": 0.07243580461878517,
  "and various versions": 0.043246015464126646,
  "hard disk": 0.02185806873945018,
  "load disk": 0.043246015464126646,
  "origin compact solutions": 0.036217902309392584,