{
  "more pear shaped": 0.06969663553656219,
  "globularspherical does": 0.06969663553656219,
  "when uuxpresso": 0.07739655765315175,
  "n to": 0.06816452161392393,
  "in advance": 0.02764666657903734,
  "is accurate": 0.05804710309017657,
  "makes it apr": 0.08322132387634457,
  "shaped than": 0.06969663553656219,
  "xpresso i": 0.07739655765315175,
  "shaped than globularspherical": 0.06969663553656219,
  "n": 0.031698412200015645,
  "advance": 0.026728636524618106,
  "shaped": 0.05104786676299082,
  "true globe": 0.06969663553656219,
  "than globularspherical": 0.06969663553656219,
  "xpresso": 0.07739655765315175,
  "landmass configurationlonglat lines": 0.06969663553656219,
  "to actual shape": 0.06969663553656219,
  "bill vance": 0.06816452161392393,
  "gmt n": 0.07398928783711675,
  "it apr gmt": 0.06166712759515517,
  "tin": 0.025773766924436434,
  "i listen": 0.06475725179788894,
  "bothell wa": 0.07398928783711675,
  "xpresso i listen": 0.07739655765315175,
  "globe that": 0.06816452161392393,
  "gmt": 0.0013817635635854821,
  "uuxpresso ": 0.1547931153063035,
  "pear": 0.06816452161392393,
  "the earth": 0.03642851292036895,
  "make a globe": 0.06969663553656219,
  "globularspherical does anyone": 0.06969663553656219,
  "apr": 0.011040535195707054,
  "that is accurate": 0.06969663553656219,
  "as to actual": 0.06969663553656219,
  "bothell wa rwingxpressobill": 0.07739655765315175,
  "listen when": 0.12951450359577787,
  "it apr": 0.06046459949733439,
  "right nowxnewsreader tin": 0.07739655765315175,
  "bill vance bothell": 0.07739655765315175,
  "globe who": 0.06969663553656219,
  "listen": 0.07168038440254212,
  "configurationlonglat": 0.06969663553656219,
  "earth": 0.02875428917654262,
  "version": 0.02138240876422394,
  "thanks in advance": 0.030227413901991487,
  "version it": 0.06307094343266077,
  "version it has": 0.08322132387634457,
  "pear shaped": 0.06969663553656219,
  "nowxnewsreader": 0.07739655765315175,
  "shape landmass configurationlonglat": 0.06969663553656219,
  "landmass configurationlonglat": 0.06969663553656219,
  "rwingxpressobill you": 0.07739655765315175,
  "wa": 0.04122794342454527,
  "globe that is": 0.06969663553656219,
  "nowxnewsreader tin version": 0.07739655765315175,
  "to actual": 0.0657470252067661,
  "advance bill vance": 0.08322132387634457,
  "actual shape": 0.06969663553656219,
  "wa rwingxpressobill": 0.07739655765315175,
  "shape landmass": 0.06969663553656219,
  "accurate as to": 0.06969663553656219,
  "organized but": 0.07157179142995893,
  "lines etc thanks": 0.07739655765315175,
  "lines etc": 0.06969663553656219,
  "configurationlonglat lines": 0.06969663553656219,
  "vance": 0.05941280838007384,
  "rwingxpressobill": 0.07739655765315175,
  "configurationlonglat lines etc": 0.06969663553656219,
  "bill": 0.02535131007356716,
  "true globe who": 0.06969663553656219,
  "globe": 0.10575495174186182,
  "tin version": 0.02766925627367432,
  "organized but thats": 0.07739655765315175,
  "shape": 0.04016280304102306,
  "nowxnewsreader tin": 0.07739655765315175,
  "earth is": 0.04881506705094876,
  "important right nowxnewsreader": 0.07739655765315175,
  "gmt n to": 0.08322132387634457,
  "wa rwingxpressobill you": 0.07739655765315175,
  "to be organized": 0.07739655765315175,
  "landmass": 0.06969663553656219,
  "organized": 0.040731863327199115,
  "right nowxnewsreader": 0.07739655765315175,
  "vance bothell": 0.07739655765315175,
  "be organized": 0.06686913774982932,
  "globularspherical": 0.06969663553656219,
  "listen when uuxpresso": 0.07739655765315175,
  "pear shaped than": 0.06969663553656219,
  "true": 0.021517297075236613,
  "actual shape landmass": 0.06969663553656219,
  "accurate": 0.036722252542499854,
  "apr gmt n": 0.08322132387634457,
  "i xpresso": 0.07739655765315175,
  "uuxpresso": 0.07739655765315175,
  "you listen": 0.06166712759515517,
  "in advance bill": 0.07157179142995893,
  "rwingxpressobill you listen": 0.07739655765315175,
  "n to be": 0.07739655765315175,
  "actually more pear": 0.06969663553656219,
  "listen when i": 0.07739655765315175,
  "lines": 0.030166298277377376,
  "vance bothell wa": 0.07739655765315175,
  "when i xpresso": 0.07739655765315175,
  "a globe": 0.06686913774982932,
  "that the earth": 0.05804710309017657,
  "bothell": 0.07157179142995893,
  "advance bill": 0.07157179142995893,
  "apr gmt": 0.012640776792849532,
  "more pear": 0.06969663553656219,
  "earth is actually": 0.06969663553656219,
  "globe who makes": 0.06969663553656219,
  "accurate as": 0.06387186931336938,
  "actual": 0.03414030154547567,
  "tin version it": 0.08322132387634457
}