{
  "get g": 0.022086787435791504,
  "remember one": 0.01847988720371411,
  "figures": 0.011309236775645678,
  "tolerance": 0.013630287376759942,
  "equation": 0.014843562289162338,
  "g its rate": 0.022086787435791504,
  "pilots": 0.015514029584651933,
  "aviation": 0.015437893617470685,
  "guinea": 0.0198894475512012,
  "straight find": 0.022086787435791504,
  "position and": 0.028191778659711526,
  "queensland monapr": 0.022086787435791504,
  "time even": 0.01710011707205089,
  "sustained g no": 0.022086787435791504,
  "g no protection": 0.022086787435791504,
  "better be sitting": 0.022086787435791504,
  "treat the body": 0.022086787435791504,
  "blackout": 0.01847988720371411,
  "of human": 0.011765288411321073,
  "good gsuit": 0.022086787435791504,
  "pullout not": 0.022086787435791504,
  "standard s": 0.022086787435791504,
  "to aboutg": 0.022086787435791504,
  "highpressure situations": 0.022086787435791504,
  "number": 0.006053547754572418,
  "ray fairfield": 0.022086787435791504,
  "hear": 0.007928517600475662,
  "human guinea pig": 0.022086787435791504,
  "of g": 0.0198894475512012,
  "in the pullout": 0.022086787435791504,
  "that exceed": 0.0198894475512012,
  "a good gsuit": 0.022086787435791504,
  "parts of the": 0.012021554947393882,
  "amruth laxman are": 0.022086787435791504,
  "pullout not the": 0.022086787435791504,
  "recording": 0.013930438798711996,
  "parts": 0.008807808378193095,
  "be short": 0.019452225592462704,
  "rocketsled": 0.022086787435791504,
  "dive that figure": 0.022086787435791504,
  "the equation": 0.01710011707205089,
  "note": 0.0070529833981266095,
  "bet": 0.010368363825656549,
  "fluid and": 0.019082559693596377,
  "a rocketsled": 0.022086787435791504,
  "the pullout": 0.021114449047042908,
  "equation i remember": 0.022086787435791504,
  "equation i": 0.022086787435791504,
  "situations are": 0.0177900021378825,
  "decelleration eyeballsout against": 0.022086787435791504,
  "blackout in": 0.0204245639812113,
  "large accelerations": 0.019082559693596377,
  "duration of": 0.01710011707205089,
  "up to aboutg": 0.022086787435791504,
  "all critical": 0.021114449047042908,
  "pilot functioning": 0.022086787435791504,
  "pig to hear": 0.022086787435791504,
  "monapr": 0.0062695679778507095,
  "shortperiod in a": 0.022086787435791504,
  "critical parts": 0.0204245639812113,
  "design took a": 0.022086787435791504,
  "recording peaks": 0.022086787435791504,
  "by martinbakers human": 0.022086787435791504,
  "laxman are you": 0.022086787435791504,
  "number as far": 0.0204245639812113,
  "queensland monapr gmt": 0.022086787435791504,
  "fact that you": 0.015089735320481482,
  "flotation tank should": 0.022086787435791504,
  "pham": 0.018762340526631095,
  "s harness it": 0.022086787435791504,
  "good": 0.007750891057412009,
  "either by accident": 0.022086787435791504,
  "peaks about stapp": 0.022086787435791504,
  "design took": 0.022086787435791504,
  "guinea pig to": 0.022086787435791504,
  "answer to amruth": 0.022086787435791504,
  "flotation tank": 0.022086787435791504,
  "any figures": 0.0204245639812113,
  "straight": 0.009721853144695787,
  "onset body": 0.022086787435791504,
  "if the rate": 0.0204245639812113,
  "g a bangseat": 0.022086787435791504,
  "not the dive": 0.022086787435791504,
  "queensland": 0.0177900021378825,
  "university of southern": 0.012905393199606624,
  "onset body position": 0.022086787435791504,
  "protection": 0.010103064956740869,
  "large": 0.007271573733032271,
  "parts of": 0.010792950022572478,
  "duration of g": 0.022086787435791504,
  "you can treat": 0.022086787435791504,
  "the right number": 0.0198894475512012,
  "bangseat can get": 0.022086787435791504,
  "time": 0.0037796041578590195,
  "dives": 0.018762340526631095,
  "dive": 0.017254885707872404,
  "aboutg and": 0.022086787435791504,
  "around a flotation": 0.022086787435791504,
  "surviving large accelerations": 0.019452225592462704,
  "can treat": 0.018762340526631095,
  "re surviving large": 0.0198894475512012,
  "find the book": 0.019082559693596377,
  "fluid and highpressure": 0.022086787435791504,
  "of southern queensland": 0.0198894475512012,
  "stopping": 0.013701877216447425,
  "aboutg": 0.022086787435791504,
  "lan apart from": 0.022086787435791504,
  "high": 0.006691116145270779,
  "stopping time even": 0.022086787435791504,
  "position and a": 0.022086787435791504,
  "lan pham writes": 0.021114449047042908,
  "find": 0.005088205232733005,
  "a pilot": 0.019082559693596377,
  "a bangseat": 0.022086787435791504,
  "remember": 0.006683317499260282,
  "aids are": 0.0198894475512012,
  "southern queensland monapr": 0.022086787435791504,
  "accident or": 0.01710011707205089,
  "sitting straight": 0.021114449047042908,
  "know pilots": 0.0204245639812113,
  "university": 0.0023409020456427255,
  "large accelerations sender": 0.023749010890371708,
  "human tolerance": 0.018762340526631095,
  "short": 0.008261389107770294,
  "anybody clarify": 0.0204245639812113,
  "bangseat": 0.022086787435791504,
  "one note": 0.019082559693596377,
  "to amruth": 0.022086787435791504,
  "a standard s": 0.022086787435791504,
  "critical parts of": 0.022086787435791504,
  "body position and": 0.022086787435791504,
  "standard s harness": 0.022086787435791504,
  "fairfield ": 0.047498021780743416,
  "dives that exceed": 0.0204245639812113,
  "short calculate": 0.022086787435791504,
  "of human tolerance": 0.018762340526631095,
  "martinbakers human guinea": 0.022086787435791504,
  "bad": 0.00653061790643215,
  "news": 0.003681315354936987,
  "aids are all": 0.022086787435791504,
  "the duration": 0.01799866251435643,
  "news administrator": 0.01065647968139291,
  "the stopping time": 0.022086787435791504,
  "gsuit can keep": 0.022086787435791504,
  "pig": 0.015292510831340147,
  "administrator": 0.009275434313573732,
  "treat the": 0.016565000642040795,
  "the aviation doctor": 0.022086787435791504,
  "to hear": 0.010160457681468994,
  "administrator university": 0.0160298842120307,
  "martinbakers human": 0.022086787435791504,
  "s harness": 0.022086787435791504,
  "high a reclining": 0.022086787435791504,
  "note about": 0.017598053198617424,
  "body as a": 0.021114449047042908,
  "gmt lan": 0.023749010890371708,
  "lan apart": 0.022086787435791504,
  "administrator university of": 0.016127778683302292,
  "body position": 0.022086787435791504,
  "onset is": 0.022086787435791504,
  "instrumented gridiron": 0.022086787435791504,
  "too high": 0.015089735320481482,
  "functioning at around": 0.022086787435791504,
  "situations are not": 0.021114449047042908,
  "by martinbakers": 0.022086787435791504,
  "eyeballsout": 0.022086787435791504,
  "peaks": 0.018227224096621,
  "and a good": 0.015673960938365775,
  "accelerations sender news": 0.023749010890371708,
  "book by": 0.01584532536038531,
  "book": 0.007506611907984333,
  "critical": 0.011781546653492245,
  "good gsuit can": 0.022086787435791504,
  "decelleration eyeballsout": 0.022086787435791504,
  "doctor either": 0.022086787435791504,
  "aboutg and youd": 0.022086787435791504,
  "g in": 0.019452225592462704,
  "tank should": 0.022086787435791504,
  "calculate the stopping": 0.022086787435791504,
  "stopping time": 0.022086787435791504,
  "g a": 0.015673960938365775,
  "by accident": 0.016229840108767032,
  "re surviving": 0.0198894475512012,
  "laxman are": 0.022086787435791504,
  "support aids are": 0.022086787435791504,
  "pilots are": 0.0198894475512012,
  "as a fluid": 0.0204245639812113,
  "figure is": 0.017254885707872404,
  "reclining position and": 0.022086787435791504,
  "about instrumented gridiron": 0.022086787435791504,
  "hear how": 0.0204245639812113,
  "bad it": 0.016688006144169213,
  "tolerance would": 0.0204245639812113,
  "aviation doctor": 0.022086787435791504,
  "you get g": 0.022086787435791504,
  "southern queensland": 0.0198894475512012,
  "and highpressure": 0.022086787435791504,
  "straight find the": 0.022086787435791504,