{
  "little speculative thinking": 0.02333436487716469,
  "problem ie a": 0.027132431619958913,
  "postulate": 0.0197131160005008,
  "problem einstein": 0.025233398248561804,
  "problem to": 0.018102741576111435,
  "new physics": 0.08889400626911724,
  "irregularities in": 0.025233398248561804,
  "area of": 0.014180684171431951,
  "create": 0.010419229011684765,
  "folks it may": 0.027132431619958913,
  "technology pasadenaalumnicaltechedu pat": 0.02333436487716469,
  "irregularities": 0.01937020328007887,
  "copernicus started": 0.025233398248561804,
  "time to explain": 0.021801170937615588,
  "experimentalist or": 0.027132431619958913,
  "eye": 0.012671843512478043,
  "alternative for": 0.024122534938676422,
  "detectors what i": 0.027132431619958913,
  "an experimentalist": 0.027132431619958913,
  "ray bursters where": 0.01739175199943997,
  "wondering": 0.009988136858636613,
  "of technology pasadenaalumnicaltechedu": 0.02010517310636566,
  "started looking at": 0.025233398248561804,
  "universe": 0.011505630319530965,
  "the dark": 0.016203708204714326,
  "a new area": 0.02222350156727931,
  "like slightly extra": 0.024122534938676422,
  "writes we know": 0.024122534938676422,
  "postulate new": 0.027132431619958913,
  "explain it": 0.0177242474980818,
  "started looking": 0.02222350156727931,
  "eye is": 0.02333436487716469,
  "speculative thinking folks": 0.02333436487716469,
  "is a question": 0.01953629813437047,
  "planetary motion is": 0.025233398248561804,
  "big enough problem": 0.02143533150576758,
  "real until an": 0.027132431619958913,
  "area": 0.008626666963827509,
  "detectors what": 0.027132431619958913,
  "looking at irregularities": 0.025233398248561804,
  "tolerated when": 0.025233398248561804,
  "on the bursts": 0.024122534938676422,
  "palmer": 0.016104070823424257,
  "physics new physics": 0.027132431619958913,
  "tolerated when there": 0.027132431619958913,
  "david m": 0.016307106363571442,
  "real until": 0.027132431619958913,
  "than meets": 0.027132431619958913,
  "only tolerated": 0.027132431619958913,
  "involving": 0.014928740397346561,
  "low accuracy": 0.02222350156727931,
  "meets": 0.016892240884935985,
  "physics is": 0.0177242474980818,
  "postulate new particles": 0.027132431619958913,
  "bursts we": 0.027132431619958913,
  "opinion a": 0.020562855530100364,
  "physics however": 0.025233398248561804,
  "the lab": 0.017166442141256486,
  "grbs but": 0.027132431619958913,
  "comparable mystery": 0.027132431619958913,
  "determination by": 0.027132431619958913,
  "data": 0.015886922764725055,
  "slightly extra solar": 0.024122534938676422,
  "the data": 0.01226955485973589,
  "physics is a": 0.027132431619958913,
  "pat writes we": 0.025233398248561804,
  "comparable": 0.013993279440241813,
  "physics new": 0.025233398248561804,
  "determination by single": 0.027132431619958913,
  "determination": 0.01755295884881787,
  "big step and": 0.027132431619958913,
  "copernicus": 0.021801170937615588,
  "is only tolerated": 0.027132431619958913,
  "matter problem": 0.027132431619958913,
  "physics problem ie": 0.027132431619958913,
  "by single detectors": 0.027132431619958913,
  "enough to rule": 0.025233398248561804,
  "apr gmt california": 0.01755295884881787,
  "good": 0.004427563795809326,
  "real close": 0.02143533150576758,
  "folks it": 0.022723012681783294,
  "are beyond aboutau": 0.027132431619958913,
  "a big": 0.021891806044471628,
  "is no alternative": 0.021801170937615588,
  "parallax measurements": 0.024122534938676422,
  "problem involving": 0.024122534938676422,
  "involving new physics": 0.027132431619958913,
  "the dark matter": 0.027132431619958913,
  "pasadenaalumnicaltechedu": 0.02010517310636566,
  "alternative for example": 0.025233398248561804,
  "problem theres": 0.027132431619958913,
  "thinking folks it": 0.027132431619958913,
  "solar because we": 0.024122534938676422,
  "lab": 0.010850789496324115,
  "create a new": 0.019213604885996816,
  "rule out the": 0.0197131160005008,
  "big": 0.01527982516667693,
  "these particles": 0.027132431619958913,
  "regarding it theoreticians": 0.027132431619958913,
  "opinion a new": 0.025233398248561804,
  "single": 0.008933837643610264,
  "that these particles": 0.027132431619958913,
  "technology": 0.007891697137540716,
  "experimentalist or several": 0.027132431619958913,
  "or several detects": 0.027132431619958913,
  "started": 0.008937411976834004,
  "the bursts": 0.019213604885996816,
  "no parallax": 0.024122534938676422,
  "models": 0.01226955485973589,
  "bursters where are": 0.01739175199943997,
  "gamma ray": 0.015781377575050604,
  "its not real": 0.024122534938676422,
  "problem to create": 0.02333436487716469,
  "re gamma": 0.016414560372210566,
  "solvingthe": 0.025233398248561804,
  "a little speculative": 0.02333436487716469,
  "to create": 0.01185585873462654,
  "data regarding": 0.022723012681783294,
  "position determination by": 0.027132431619958913,
  "detects": 0.01831359374360768,
  "ray bursters": 0.016584082026232724,
  "all the time": 0.012786015283438503,
  "photoelectric effect": 0.025233398248561804,
  "better data": 0.027132431619958913,
  "solar": 0.013176951617748605,
  "opinion": 0.008901876770141873,
  "extra solar because": 0.024122534938676422,
  "low accuracy of": 0.02222350156727931,
  "question of": 0.012771480893768112,
  "california institute": 0.013516504771805486,
  "close like": 0.024122534938676422,
  "solvingthe photoelectric effect": 0.025233398248561804,
  "peoples opinion": 0.025233398248561804,
  "a big step": 0.027132431619958913,
  "for solvingthe photoelectric": 0.025233398248561804,
  "ray": 0.012038216999060344,
  "beyond aboutau": 0.027132431619958913,
  "mystery to": 0.021801170937615588,
  "peoples opinion a": 0.025233398248561804,
  "however the data": 0.027132431619958913,
  "apr": 0.0035995169542168202,
  "no parallax measurements": 0.024122534938676422,
  "detects them": 0.027132431619958913,
  "of comparable mystery": 0.027132431619958913,
  "solvingthe photoelectric": 0.025233398248561804,
  "pasadenaalumnicaltechedu pat": 0.02333436487716469,
  "the low": 0.017025912567591964,
  "motion": 0.013948364892911192,
  "universe than": 0.027132431619958913,
  "aboutau": 0.027132431619958913,
  "mystery to grbs": 0.027132431619958913,
  "good enough": 0.015196243053686059,
  "this in peoples": 0.025233398248561804,
  "planetary motion": 0.02333436487716469,
  "real": 0.013883489428814212,
  "are they apr": 0.0197131160005008,
  "bursters": 0.01652640145308798,
  "peoples": 0.011804455237488121,
  "new particles": 0.027132431619958913,
  "gmt california": 0.013734214830310272,
  "pat": 0.011236216892898467,
  "data regarding it": 0.027132431619958913,
  "tolerated": 0.01953629813437047,
  "for solvingthe": 0.025233398248561804,
  "in planetary": 0.022723012681783294,
  "speculative": 0.019065475512653595,
  "dark matter problem": 0.027132431619958913,
  "in planetary motion": 0.025233398248561804,
  "parallax": 0.018791274256333094,
  "matter problem theres": 0.027132431619958913,
  "area of physics": 0.02333436487716469,
  "big enough": 0.01523159484775704,
  "old physics": 0.025233398248561804,
  "re gamma ray": 0.016469910255272262,
  "data is": 0.015453856614366268,
  "particles all": 0.027132431619958913,
  "grbs": 0.01990213756621848,
  "have no parallax": 0.024122534938676422,
  "the models": 0.019065475512653595,
  "a question": 0.011845500589859675,
  "until an experimentalist": 0.027132431619958913,
  "eye is a": 0.027132431619958913,
  "to the low": 0.025233398248561804,
  "to grbs": 0.025233398248561804,
  "accuracy of position": 0.027132431619958913,
  "california institute of": 0.013516504771805486,
  "aboutau due to": 0.027132431619958913,
  "detectors": 0.015377748219552359,
  "is a big": 0.016055578831371105,
  "to the universe": 0.021112638257393925,
  "a problem involving": 0.027132431619958913,
  "california": 0.008734120972466635,
  "data is not": 0.0197131160005008,