{
  "hardware for": 0.030757018401621435,
  "their acquired": 0.04440958538692826,
  "a lot": 0.011537813136504937,
  "the mro command": 0.04440958538692826,
  "a cruise": 0.035084735424238414,
  "acquired": 0.026691003689253704,
  "assuming that the": 0.027867525054578773,
  "lot of": 0.013496328191400751,
  "university of otago": 0.07016947084847683,
  "the data": 0.020082455263693275,
  "the magnetometer mag": 0.04130130206603165,
  "galileo update friapr": 0.04130130206603165,
  "otago": 0.07016947084847683,
  "lot of fancy": 0.04440958538692826,
  "of otago virtual": 0.04440958538692826,
  "readout mro": 0.04130130206603165,
  "ram which": 0.04130130206603165,
  "reality just": 0.04130130206603165,
  "dunedin": 0.07016947084847683,
  "university": 0.008754763704331987,
  "their acquired data": 0.04440958538692826,
  "upon receipt": 0.039483072881690104,
  "update": 0.019946261999673996,
  "mro was performed": 0.04130130206603165,
  "new zealand": 0.04603276158582366,
  "walkman and an": 0.04440958538692826,
  "receipt of": 0.03455656037645194,
  "sender news stuff": 0.03568353090685959,
  "walkman and": 0.039483072881690104,
  "lot": 0.011082715804830506,
  "am i correct": 0.03226586251203046,
  "that the science": 0.04440958538692826,
  "downloaded": 0.026691003689253704,
  "galileo update": 0.03226586251203046,
  "was performed": 0.03326650623989687,
  "receipt": 0.0319764521033418,
  "mro command simon": 0.04440958538692826,
  "in onboard": 0.04440958538692826,
  "and an dunedin": 0.04440958538692826,
  "received properly am": 0.04440958538692826,
  "april a cruise": 0.04130130206603165,
  "onboard ram": 0.04440958538692826,
  "correct": 0.01454153538764716,
  "thorinotagoacnz in article": 0.04130130206603165,
  "attitude ": 0.0826026041320633,
  "buffer their acquired": 0.04440958538692826,
  "for university": 0.03819301874513503,
  "readout mro was": 0.04130130206603165,
  "magnetometer mag instrument": 0.039483072881690104,
  "on april": 0.02569035996138729,
  "gmt sender news": 0.022651602140651952,
  "simon": 0.022830283344899484,
  "of otago": 0.07016947084847683,
  "otago dunedin": 0.03637478956079349,
  "of fancy hardware": 0.04440958538692826,
  "thorinotagoacnz": 0.03819301874513503,
  "data": 0.026003259233742807,
  "data was": 0.03326650623989687,
  "article ron": 0.029309604086540486,
  "mag": 0.024872774504912157,
  "buffer their": 0.04440958538692826,
  "magnetometer": 0.03365669178693557,
  "stuff university": 0.034084091696372006,
  "baalke writes": 0.031704592812685145,
  "gmt": 0.0007373536505231945,
  "command": 0.018599082186986953,
  "dunedin new": 0.07274957912158699,
  "memory readout": 0.04130130206603165,
  "onboard": 0.027240789886977167,
  "brady you": 0.04440958538692826,
  "ron": 0.019596179607881088,
  "mro was": 0.04130130206603165,
  "hardware for university": 0.04440958538692826,
  "walkman": 0.03226586251203046,
  "command simon": 0.04130130206603165,
  "dont need": 0.021405555275165602,
  "assuming that": 0.021851567802208822,
  "you dont": 0.01342862225098557,
  "of fancy": 0.03365669178693557,
  "writes on april": 0.03568353090685959,
  "instruments": 0.021822353985970284,
  "baalke": 0.027240789886977167,
  "otago virtual": 0.04440958538692826,
  "dont": 0.005464565375143342,
  "april a": 0.03226586251203046,
  "sender": 0.002934320832809936,
  "zealand nntppostinghost": 0.03568353090685959,
  "command simon brady": 0.04440958538692826,
  "i correct": 0.030757018401621435,
  "receipt of the": 0.039483072881690104,
  "performed for": 0.03365669178693557,
  "just a walkman": 0.04440958538692826,
  "stuff": 0.013180277707922683,
  "re galileo update": 0.03326650623989687,
  "ram": 0.01758710013466602,
  "instrument analysis indicates": 0.04130130206603165,
  "fancy": 0.024281171172882796,
  "fancy hardware": 0.04440958538692826,
  "memory readout mro": 0.04130130206603165,
  "otago dunedin new": 0.03637478956079349,
  "reality": 0.017831441772711176,
  "the magnetometer": 0.04130130206603165,
  "properly": 0.01906210027361593,
  "readout": 0.035084735424238414,
  "attitude": 0.01972200002400287,
  "acquired data": 0.04440958538692826,
  "simon brady": 0.04440958538692826,
  "brady you dont": 0.04440958538692826,
  "cruise science": 0.03819301874513503,
  "data in onboard": 0.04440958538692826,
  "of the mro": 0.04440958538692826,
  "gmt sender": 0.008062914913810998,
  "mro": 0.07896614576338021,
  "news stuff university": 0.03637478956079349,
  "downloaded upon receipt": 0.04440958538692826,
  "friapr": 0.009917850755490837,
  "april": 0.016271639103332125,
  "thorinotagoacnz in": 0.04130130206603165,
  "magnetometer mag": 0.03819301874513503,
  "update friapr": 0.03637478956079349,
  "science instruments": 0.03719237501726862,
  "downloaded upon": 0.04440958538692826,
  "nntppostinghost thorinotagoacnz": 0.03819301874513503,
  "the science": 0.03034907320787378,
  "correct in assuming": 0.03568353090685959,
  "in article": 0.0038453726523644317,
  "science memory": 0.03819301874513503,
  "university of": 0.014161445816843973,
  "received properly": 0.03819301874513503,
  "dont need a": 0.03034907320787378,
  "reality just a": 0.04440958538692826,
  "of otago dunedin": 0.03637478956079349,
  "data in": 0.026049295870237233,
  "simon brady you": 0.04440958538692826,
  "a walkman": 0.03719237501726862,
  "stuff university of": 0.034084091696372006,
  "zealand attitude": 0.04440958538692826,
  "data was received": 0.03819301874513503,
  "re galileo": 0.03326650623989687,
  "the mro": 0.04440958538692826,
  "writes": 0.002870068540550289,
  "new zealand nntppostinghost": 0.03568353090685959,
  "instruments buffer": 0.04440958538692826,
  "in article ron": 0.029309604086540486,
  "indicates the data": 0.03819301874513503,
  "zealand attitude ": 0.04440958538692826,
  "assuming": 0.01787953129451824,
  "hardware": 0.01604923129553225,
  "otago virtual reality": 0.04440958538692826,
  "nntppostinghost": 0.007635761185096139,
  "was received": 0.03568353090685959,
  "mro command": 0.04440958538692826,
  "friapr gmt": 0.010320338930088954,
  "instrument": 0.023941656277207027,
  "ron baalke": 0.027240789886977167,
  "analysis indicates": 0.03819301874513503,
  "zealand": 0.04603276158582366,
  "a cruise science": 0.04130130206603165,
  "news stuff": 0.03568353090685959,
  "need a lot": 0.03455656037645194,
  "news": 0.006883894632326115,
  "for the magnetometer": 0.04130130206603165,
  "an dunedin": 0.04440958538692826,
  "baalke writes on": 0.03719237501726862,
  "analysis indicates the": 0.03819301874513503,
  "friapr gmt sender": 0.022249753895406718,
  "in onboard ram": 0.04440958538692826,
  "virtual reality just": 0.04440958538692826,
  "correct in": 0.029157579191133844,
  "properly am i": 0.04440958538692826,
  "ron baalke writes": 0.031704592812685145,
  "instrument analysis": 0.04130130206603165,
  "performed for the": 0.03719237501726862,
  "properly am": 0.04440958538692826,
  "sender news": 0.013734488843032806,
  "acquired data in": 0.04440958538692826,
  "cruise science memory": 0.03819301874513503,
  "then downloaded": 0.04440958538692826,
  "memory": 0.015303201824136753,
  "article ron baalke": 0.03290757033104693,
  "mag instrument": 0.039483072881690104,
  "brady": 0.028596309491788527,
  "dunedin new zealand": 0.07438475003453723,
  "analysis": 0.019255003345740103,
  "instruments buffer their": 0.04440958538692826,
  "is then downloaded": 0.04440958538692826,
  "the science instruments": 0.04440958538692826,
  "update friapr gmt": 0.03719237501726862,
  "performed": 0.022217836999582217,
  "cruise": 0.02660558577458691,
  "fancy hardware for": 0.04440958538692826,
  "mag instrument analysis": 0.04130130206603165,
  "article": 0.003535458987055957,
  "new zealand attitude": 0.04440958538692826,
  "science instruments buffer": 0.04440958538692826,
  "buffer": 0.023803666776459252,
  "science memory readout": 0.04130130206603165,
  "ram which is": 0.04440958538692826,