{
  "the continued": 0.027109941120796757,
  "and they vote": 0.034801285583465985,
  "just my btw": 0.036403914469269,
  "ward paul wrote": 0.033664202293142736,
  "velcro at least": 0.039143626645395266,
  "space": 0.046909008781833246,
  "dates from the": 0.03278221197174269,
  "re long term": 0.028712570006599776,
  "its worth": 0.02213151165249341,
  "stick": 0.016986306225252986,
  "pay taxes too": 0.034801285583465985,
  "things": 0.008765353676088756,
  "dong ": 0.072807828938538,
  "tang dong": 0.039143626645395266,
  "stick in the": 0.029005486892582866,
  "be honest velcro": 0.039143626645395266,
  "pacemakers": 0.03092449011701647,
  "alive fromuntil": 0.03145228218272604,
  "nntppostinghost lexus": 0.036403914469269,
  "teflon so": 0.03092449011701647,
  "sector friapr": 0.036403914469269,
  "too the continued": 0.034801285583465985,
  "relies": 0.02597285783047351,
  "the space": 0.058016232180103725,
  "taxes too": 0.033664202293142736,
  "gmt": 0.0006499204113307208,
  "continued existence of": 0.03092449011701647,
  "lexus motorola": 0.036403914469269,
  "space program that": 0.034801285583465985,
  "missions": 0.02177426239767812,
  "tm dates": 0.039143626645395266,
  "doubts about": 0.027302787619490163,
  "alive": 0.017119302407538492,
  "spinoff btw": 0.039143626645395266,
  "writes ward paul": 0.036403914469269,
  "stick in": 0.0269260675412122,
  "products": 0.01533553339258486,
  "relies upon that": 0.034801285583465985,
  "continued existence": 0.03092449011701647,
  "velcro tm": 0.039143626645395266,
  "fromuntil i": 0.033664202293142736,
  "grungy": 0.033664202293142736,
  "taxes": 0.018027680985455305,
  "money just my": 0.036403914469269,
  "products sector friapr": 0.036403914469269,
  "and pay": 0.026116603459607406,
  "s i": 0.024765815737385836,
  "nntppostinghost lexus motorola": 0.036403914469269,
  "vote and": 0.027945154929758048,
  "program": 0.02210207167726718,
  "fromuntil": 0.029665779717338466,
  "space spinoff btw": 0.039143626645395266,
  "pay taxes": 0.028439870909813408,
  "can prove": 0.024871223828619674,
  "listed above just": 0.039143626645395266,
  "money just": 0.03278221197174269,
  "space spinoff": 0.039143626645395266,
  "my grandfather alive": 0.03145228218272604,
  "forget velcro": 0.034801285583465985,
  "my btw dont": 0.036403914469269,
  "velcro tm dates": 0.039143626645395266,
  "about everything listed": 0.039143626645395266,
  "motorola": 0.01791580835240055,
  "sector friapr gmt": 0.036403914469269,
  "writes ward": 0.036403914469269,
  "age": 0.016406185385214902,
  "it was developed": 0.03145228218272604,
  "missions sender nntppostinghost": 0.039143626645395266,
  "spinoff btw dont": 0.039143626645395266,
  "doubts": 0.02360281386782876,
  "tm": 0.018844028079979213,
  "term human missions": 0.03092449011701647,
  "honest velcro": 0.039143626645395266,
  "space age doesnt": 0.039143626645395266,
  "developed in the": 0.029665779717338466,
  "semiconductor products sector": 0.034801285583465985,
  "article": 0.003116234601239045,
  "semiconductor products": 0.034801285583465985,
  "honest": 0.01859620754948291,
  "in the pan": 0.03045894452153669,
  "forget velcro at": 0.039143626645395266,
  "worth": 0.013774595278058464,
  "motorola semiconductor": 0.034801285583465985,
  "paul": 0.013488592912183777,
  "btw dont forget": 0.06960257116693197,
  "dont forget velcro": 0.034801285583465985,
  "vote": 0.017736115174231553,
  "ward paul": 0.033664202293142736,
  "dont forget": 0.0407779084025435,
  "eggs": 0.02658214905508718,
  "prove its": 0.03145228218272604,
  "they vote": 0.03278221197174269,
  "pay": 0.012771954924205279,
  "my grandfather": 0.0275055279135121,
  "dont stick": 0.03045894452153669,
  "lexus motorola semiconductor": 0.036403914469269,
  "gmt in": 0.006775071207703958,
  "program that": 0.01889080459241796,
  "dont": 0.014449779588817768,
  "grandfather": 0.025090867509073474,
  "sender": 0.002586377651053817,
  "your eggs": 0.03092449011701647,
  "velcro": 0.06290456436545208,
  "was developed": 0.025445065764763936,
  "human missions sender": 0.034801285583465985,
  "sender nntppostinghost lexus": 0.036403914469269,
  "fromuntil i think": 0.039143626645395266,
  "dong": 0.033664202293142736,
  "long term": 0.021923433654527317,
  "a space spinoff": 0.039143626645395266,
  "the pan": 0.029665779717338466,
  "calculators": 0.029321861231213445,
  "products sector": 0.027302787619490163,
  "eggs dont": 0.03092449011701647,
  "gmt in article": 0.00719371119564675,
  "forget tang dong": 0.039143626645395266,
  "btw dont": 0.06732840458628547,
  "pan pacemakers kept": 0.032061573407339714,
  "you can prove": 0.027945154929758048,
  "s i have": 0.036403914469269,
  "about the things": 0.033664202293142736,
  "spinoffs of the": 0.034801285583465985,
  "be honest": 0.02466314583065358,
  "grungy writes ward": 0.036403914469269,
  "missions sender": 0.034801285583465985,
  "listed above": 0.025205442753631783,
  "s": 0.010892404229626675,
  "pacemakers kept my": 0.03145228218272604,
  "everything listed": 0.039143626645395266,
  "was a space": 0.039143626645395266,
  "have doubts": 0.033664202293142736,
  "the pan pacemakers": 0.032061573407339714,
  "friapr": 0.008741821021638167,
  "article grungy": 0.039143626645395266,
  "prove its worth": 0.033664202293142736,
  "space age": 0.028439870909813408,
  "dont forget tang": 0.036403914469269,
  "least be honest": 0.036403914469269,
  "ward": 0.02258372647928291,
  "program relies": 0.034801285583465985,
  "paul wrote": 0.029665779717338466,
  "from the s": 0.02675036887492432,
  "that money": 0.02583415696165426,
  "program relies upon": 0.034801285583465985,
  "motorola semiconductor products": 0.034801285583465985,
  "prove": 0.015203768885598332,
  "teflon": 0.02675036887492432,
  "things that they": 0.03045894452153669,
  "money": 0.012204338147077753,
  "existence of": 0.017971348879893243,
  "velcro at": 0.039143626645395266,
  "grungy writes": 0.034801285583465985,
  "long term human": 0.029005486892582866,
  "listed": 0.017897466931228605,
  "alive fromuntil i": 0.033664202293142736,
  "vote and pay": 0.034801285583465985,
  "dont stick in": 0.03092449011701647,
  "wrote": 0.01015160340874778,
  "tang dong ": 0.039143626645395266,
  "writes": 0.002529744207678713,
  "spinoffs of": 0.034801285583465985,
  "space program": 0.05089013152952787,
  "existence": 0.01593367490833829,
  "spinoff": 0.033664202293142736,
  "the s": 0.01771858712257991,
  "age doesnt mean": 0.039143626645395266,
  "sector": 0.020902043574876454,
  "in article grungy": 0.039143626645395266,
  "paul wrote calculators": 0.034801285583465985,
  "friapr gmt in": 0.013127717005502674,
  "pan": 0.02466314583065358,
  "pacemakers kept": 0.03145228218272604,
  "age doesnt": 0.036403914469269,
  "nntppostinghost": 0.006730334957614384,
  "in the space": 0.027109941120796757,
  "term": 0.015259702401591389,
  "of the space": 0.04995904033856832,
  "the things": 0.01903455022155185,
  "kept my grandfather": 0.03145228218272604,
  "calculators teflon": 0.03145228218272604,
  "friapr gmt": 0.00909658332573058,
  "in article": 0.003389399610582088,
  "spinoffs": 0.027719232345410422,
  "worth to": 0.029005486892582866,
  "worth to them": 0.034801285583465985,
  "calculators teflon so": 0.03145228218272604,
  "semiconductor": 0.02437022894467049,
  "wrote calculators teflon": 0.034801285583465985,
  "upon that money": 0.034801285583465985,
  "developed": 0.01688587256704995,
  "your eggs dont": 0.03092449011701647,
  "lexus": 0.0269260675412122,
  "dates": 0.02229508958199086,
  "tang": 0.03145228218272604,
  "doesnt": 0.008709466932363703,
  "so your eggs": 0.03092449011701647,
  "and pay taxes": 0.034801285583465985,
  "re long": 0.02583415696165426,
  "sender nntppostinghost": 0.011785293901714919,
  "continued": 0.01879779867380059,
  "existence of the": 0.025570554690908524,
  "dates from": 0.03145228218272604,
  "eggs dont stick": 0.03092449011701647,