{
  "usa na": 0.022012970338393164,
  "aperture door": 0.0258092217580761,
  "expendable space manuevering": 0.027909667759772903,
  "faster": 0.011706311606083602,
  "tug out": 0.027909667759772903,
  "using the shuttle": 0.0258092217580761,
  "richardson tx": 0.01731419030078357,
  "pry": 0.02108757140035928,
  "corp the": 0.016886679396965674,
  "starmanconvexcom convex": 0.024580539612293784,
  "the door": 0.015306991749592077,
  "usa": 0.007030575809035277,
  "device": 0.024587265249862295,
  "prove out": 0.02668098561399059,
  "oms": 0.02160832975468249,
  "clear that the": 0.019604091929696536,
  "expendable": 0.022743764449959493,
  "really prove": 0.02668098561399059,
  "those of convex": 0.01809549063200205,
  "whiz kids slap": 0.027909667759772903,
  "satmay": 0.015236788539648034,
  "of convex": 0.017812078334999554,
  "slap": 0.020022729319032345,
  "the contamination": 0.0258092217580761,
  "at convex computer": 0.01809549063200205,
  "convex in pat": 0.030010113761469705,
  "door will": 0.02668098561399059,
  "opinions expressed are": 0.013954606590112018,
  "reboost using": 0.027909667759772903,
  "slap together an": 0.027909667759772903,
  "if goldin": 0.027909667759772903,
  "scheduled": 0.015738810121129296,
  "figured if": 0.0258092217580761,
  "user at convex": 0.01809549063200205,
  "open again if": 0.027909667759772903,
  "its clear": 0.02125141146481466,
  "news access account": 0.01821671891871023,
  "aperture door will": 0.027909667759772903,
  "to pry": 0.0222375399509802,
  "engines": 0.015213744299086765,
  "whiz kids are": 0.030010113761469705,
  "cheaper": 0.013352028230278184,
  "in pat": 0.02160832975468249,
  "computer corp": 0.016340842529600465,
  "tug out of": 0.027909667759772903,
  "explosive device but": 0.030010113761469705,
  "nntppostinghost starmanconvexcom convex": 0.024580539612293784,
  "the aperture door": 0.0258092217580761,
  "running": 0.009252155682240916,
  "user and not": 0.016547534196347535,
  "stick": 0.026045669545387912,
  "a slappedtogether explosive": 0.030010113761469705,
  "slappedtogether explosive device": 0.030010113761469705,
  "shuttle means that": 0.027909667759772903,
  "re hst servicing": 0.01898712539866248,
  "corporation": 0.010237296616489517,
  "slapped together": 0.030010113761469705,
  "shuttle": 0.04287228850403862,
  "dollar": 0.015878480142948292,
  "clear that": 0.014611918716062242,
  "faster cheaper": 0.022480093610596975,
  "space": 0.008990893349851373,
  "a small manuevering": 0.02668098561399059,
  "access account nntppostinghost": 0.021424618779481173,
  "prudent to": 0.027909667759772903,
  "re hst": 0.01898712539866248,
  "just figured": 0.027909667759772903,
  "tug": 0.04284923755896235,
  "news access": 0.01821671891871023,
  "the whiz": 0.05581933551954581,
  "prudent": 0.022012970338393164,
  "i just figured": 0.027909667759772903,
  "aperture": 0.02160832975468249,
  "contamination": 0.020379647608900174,
  "hst servicing mission": 0.018542872446565883,
  "shuttle and its": 0.02668098561399059,
  "the aperture": 0.0258092217580761,
  "billion": 0.015190873978979544,
  "device but at": 0.030010113761469705,
  "computer corp the": 0.01809549063200205,
  "open again": 0.027909667759772903,
  "shut": 0.01439407862662795,
  "access": 0.008494879923199222,
  "slap together": 0.027909667759772903,
  "the opinions expressed": 0.014519241675540787,
  "message": 0.008254635066002936,
  "door": 0.025553710211788986,
  "someone nearby": 0.027909667759772903,
  "starmanconvexcom": 0.024580539612293784,
  "gmt xdisclaimer this": 0.01906793826860842,
  "faster cheaper better": 0.023708775756379294,
  "computer": 0.012382742326138408,
  "clear": 0.00985383535665235,
  "expressed are": 0.01385035984248374,
  "that a shuttle": 0.030010113761469705,
  "a billion dollar": 0.030010113761469705,
  "goldin wants to": 0.027909667759772903,
  "case": 0.006977076005281577,
  "this message": 0.014341980443172276,
  "scheduled fordays sender": 0.024580539612293784,
  "kids slap": 0.027909667759772903,
  "engines the aperture": 0.027909667759772903,
  "was written": 0.01486704626521481,
  "nntppostinghost starmanconvexcom": 0.024580539612293784,
  "corporation richardson": 0.02093213717494246,
  "gmt": 0.0004982723153535526,
  "writes how": 0.016307724134048372,
  "explosive device": 0.05581933551954581,
  "user and": 0.01596548046380414,
  "testing ": 0.04670371493302293,
  "oms engines": 0.023351857466511465,
  "message was written": 0.016807965801804277,
  "a shuttle": 0.01991252433669636,
  "not running": 0.021424618779481173,
  "satmay gmt": 0.015738810121129296,
  "sender": 0.0019828895324745933,
  "scheduled fordays": 0.020022729319032345,
  "in any case": 0.015260009366149758,
  "satmay gmt xdisclaimer": 0.0258092217580761,
  "computer corporation": 0.01775844325288016,
  "had some testing": 0.030010113761469705,
  "an expendable": 0.0258092217580761,
  "shuttle means": 0.027909667759772903,
  "should stick": 0.022743764449959493,
  "xdisclaimer": 0.015236788539648034,
  "explosive": 0.03781682360700216,
  "convex computer corporation": 0.02093213717494246,
  "slapped": 0.02160832975468249,
  "servicing": 0.01775844325288016,
  "space manuevering": 0.023708775756379294,
  "in pat writes": 0.023032583176639265,
  "account nntppostinghost": 0.017978926144645094,
  "engines the": 0.024580539612293784,
  "of the shuttle": 0.02411341634008997,
  "together explosive": 0.030010113761469705,
  "out faster": 0.027909667759772903,
  "kids are": 0.01991252433669636,
  "gmt xdisclaimer": 0.01898712539866248,
  "billion dollar": 0.030010113761469705,
  "nearby": 0.016085508155001253,
  "its oms engines": 0.02668098561399059,
  "contamination threat of": 0.02668098561399059,
  "figured": 0.015657997251183355,
  "the whiz kids": 0.05581933551954581,
  "richardson": 0.01590720360947721,
  "a billion": 0.020022729319032345,
  "of the whiz": 0.027909667759772903,
  "the reboost": 0.021803901030856946,
  "by a user": 0.01745516004513173,
  "its oms": 0.02668098561399059,
  "stick i": 0.0258092217580761,
  "door open again": 0.027909667759772903,
  "user": 0.021615223091748858,
  "mission scheduled fordays": 0.020022729319032345,
  "manuevering tug": 0.04670371493302293,
  "case its": 0.02078428819261085,
  "wiseacres might say": 0.030010113761469705,
  "na satmay": 0.027909667759772903,
  "case its not": 0.024580539612293784,
  "shuttle is a": 0.025133029178336066,
  "the contamination threat": 0.0258092217580761,
  "kids are not": 0.025133029178336066,
  "stick i just": 0.030010113761469705,
  "door open": 0.023351857466511465,
  "it should stick": 0.027909667759772903,
  "mission": 0.013806757607780409,
  "any case": 0.015190873978979544,
  "goldin": 0.0222375399509802,
  "see again wiseacres": 0.030010113761469705,
  "the shuttle": 0.03410103892284211,
  "na satmay gmt": 0.027909667759772903,
  "user at": 0.016340842529600465,
  "at convex": 0.01809549063200205,
  "a small": 0.011517511959610406,
  "convex": 0.04975018856765171,
  "hst servicing": 0.01847477288337783,
  "will be shut": 0.02668098561399059,
  "whiz kids": 0.05581933551954581,
  "reboost using the": 0.027909667759772903,
  "message was": 0.01596548046380414,
  "stick a": 0.023351857466511465,
  "a user": 0.01590720360947721,
  "threat of": 0.019507883752985684,
  "dollar asset that": 0.030010113761469705,
  "tx": 0.013045198734201903,
  "figured if goldin": 0.027909667759772903,
  "pry the door": 0.027909667759772903,
  "convex computer corp": 0.018036647947586595,
  "prove": 0.011656222812292056,
  "during reboost": 0.027909667759772903,
  "corporation richardson tx": 0.02108757140035928,
  "servicing mission scheduled": 0.01932417277778437,
  "sender news access": 0.01821671891871023,
  "written by a": 0.01775844325288016,
  "tug be from": 0.02668098561399059,
  "pry the": 0.02668098561399059,
  "a slapped": 0.030010113761469705,
  "computer corporation richardson": 0.02093213717494246,