{
  "in the boondocks": 0.020849131665863163,
  "billboard would be": 0.018536263689719775,
  "the other hand": 0.008621463265904334,
  "billboards because": 0.0193898744436317,
  "space digest": 0.012571604018022478,
  "il for": 0.018536263689719775,
  "space": 0.012492609707161907,
  "justified": 0.01053788998175598,
  "mention above i": 0.0193898744436317,
  "law despite": 0.0193898744436317,
  "hobby amateur astronomy": 0.020849131665863163,
  "hathaways post": 0.0193898744436317,
  "place": 0.005668461237500595,
  "sez mr": 0.020849131665863163,
  "things": 0.009337408337054548,
  "prohibitively expensive tommy": 0.020849131665863163,
  "forwarded by": 0.0127435577675262,
  "light": 0.007350566891737065,
  "its contradictory": 0.0193898744436317,
  "and pacified": 0.017930617221400234,
  "lengthy in short": 0.0193898744436317,
  "expensive tommy": 0.020849131665863163,
  "mainly an attempt": 0.0193898744436317,
  "beauty of": 0.014764138491344921,
  "money if a": 0.0193898744436317,
  "little lengthy": 0.0193898744436317,
  "its contradictory basis": 0.0193898744436317,
  "originalsender": 0.01283510537160986,
  "basis i would": 0.018536263689719775,
  "money if": 0.015012102776937307,
  "places prohibiting": 0.0193898744436317,
  "feel": 0.006405629199656245,
  "short": 0.007252630016716237,
  "a fine law": 0.0193898744436317,
  "prohibiting them": 0.020849131665863163,
  "trash in": 0.018536263689719775,
  "international": 0.00786047749219694,
  "use the light": 0.0193898744436317,
  "just your opinion": 0.01707700646748831,
  "enjoy": 0.009612209392807759,
  "via international space": 0.01283510537160986,
  "billboards make a": 0.0193898744436317,
  "communists hm and": 0.017930617221400234,
  "property in damages": 0.020849131665863163,
  "their lack": 0.017930617221400234,
  "that investment": 0.0193898744436317,
  "best legal": 0.020849131665863163,
  "as you mention": 0.017930617221400234,
  "legal basis for": 0.020849131665863163,
  "money to": 0.011175195139264028,
  "lived in": 0.011284300545294735,
  "a place": 0.010878187563980015,
  "succesful": 0.016223395713576384,
  "complaints are mainly": 0.0193898744436317,
  "is trash": 0.0193898744436317,
  "hathaways": 0.0193898744436317,
  "defile the": 0.0193898744436317,
  "billboard on the": 0.0193898744436317,
  "moral": 0.008183537645445577,
  "the communists hm": 0.017930617221400234,
  "the property": 0.012980353522108704,
  "prohibiting their use": 0.0193898744436317,
  "forwarded by space": 0.01283510537160986,
  "tommy mac": 0.014764138491344921,
  "these things": 0.0097917139226071,
  "university originalsender": 0.01283510537160986,
  "beauty of the": 0.016752478720483556,
  "post is": 0.013136370305590225,
  "because people dont": 0.0193898744436317,
  "an attempt": 0.011329576766812552,
  "many places prohibiting": 0.0193898744436317,
  "expensive tommy mac": 0.020849131665863163,
  "on the grounds": 0.014158492023025382,
  "originalsender sci friapr": 0.016752478720483556,
  "tangible reason to": 0.0193898744436317,
  "trash billboards": 0.0193898744436317,
  "property in": 0.016001584101665172,
  "fact which": 0.017930617221400234,
  "money to make": 0.017930617221400234,
  "originalsender sci": 0.01283510537160986,
  "hand i lived": 0.0193898744436317,
  "violation of": 0.011329576766812552,
  "buy": 0.0063361709193313,
  "hobby amateur": 0.020849131665863163,
  "i bought": 0.009437479035816246,
  "light pollution": 0.014341673869319341,
  "a philisophical": 0.018536263689719775,
  "enjoy my hobby": 0.020849131665863163,
  "to complain": 0.01336418837851703,
  "legal basis": 0.020849131665863163,
  "wk they": 0.017930617221400234,
  "morally justified": 0.018536263689719775,
  "legal and": 0.013833964276020629,
  "orbiting billboards": 0.016223395713576384,
  "laws prohibit billboards": 0.0193898744436317,
  "dont": 0.005130939278555643,
  "hobby": 0.013688716125521784,
  "basis": 0.023001131728193434,
  "worthless so": 0.0193898744436317,
  "spend money to": 0.018536263689719775,
  "lived in oakbrook": 0.0193898744436317,
  "to find": 0.006708932142661105,
  "on the money": 0.016752478720483556,
  "vandalizing": 0.012374707053789165,
  "digest sender": 0.01283510537160986,
  "of the sky": 0.015800931091550806,
  "some tangible": 0.017930617221400234,
  "pacified the": 0.017930617221400234,
  "boondocks specifically to": 0.020849131665863163,
  "basis for": 0.02068591559792112,
  "fine": 0.006797423472569636,
  "billboards": 0.039914643807340375,
  "the pacifists": 0.017930617221400234,
  "hand i": 0.012490622374174485,
  "hathaways post is": 0.0193898744436317,
  "pollution complaints": 0.0193898744436317,
  "prohibit billboards": 0.0193898744436317,
  "i would guess": 0.01283510537160986,
  "a little lengthy": 0.0193898744436317,
  "investment worthless so": 0.020849131665863163,
  "neither a philisophical": 0.020849131665863163,
  "with the communists": 0.017930617221400234,
  "many succesful": 0.020849131665863163,
  "light pollution complaints": 0.0193898744436317,
  "vandalizing the": 0.012374707053789165,
  "investment": 0.011546309333659799,
  "law": 0.006227971531703513,
  "private property": 0.013833964276020629,
  "or legal": 0.017460841323896636,
  "trashy that": 0.0193898744436317,
  "lack of value": 0.018536263689719775,
  "gmt bboardnewsgateway dale": 0.020849131665863163,
  "zoning laws prohibit": 0.0193898744436317,
  "private": 0.007137068274468833,
  "billboards as you": 0.0193898744436317,
  "violation of private": 0.020849131665863163,
  "lack of": 0.008428295132005287,
  "on the earth": 0.014650312762354867,
  "the money": 0.010357328251740352,
  "some tangible reason": 0.0193898744436317,
  "mr hathaways": 0.0193898744436317,
  "was a fine": 0.018536263689719775,
  "international space university": 0.0127435577675262,
  "things had no": 0.020849131665863163,
  "things would": 0.015012102776937307,
  "billboards make": 0.0193898744436317,
  "would be violation": 0.020849131665863163,
  "il": 0.010138402539058145,
  "the boondocks": 0.020849131665863163,
  "prohibiting their": 0.0193898744436317,
  "university": 0.0020550655853326665,
  "mcwilliams": 0.014884471994165867,
  "a billboard": 0.017930617221400234,
  "in damages": 0.0193898744436317,
  "find some tangible": 0.0193898744436317,
  "against orbiting": 0.0193898744436317,
  "complain on the": 0.0193898744436317,
  "friapr gmt bboardnewsgateway": 0.016752478720483556,
  "lived": 0.009513352586307188,
  "philisophical": 0.017930617221400234,
  "defile": 0.01707700646748831,
  "justified to complain": 0.0193898744436317,
  "would defile": 0.0193898744436317,
  "trash": 0.023931915099405877,
  "in short": 0.011399370887479712,
  "make billsats": 0.020849131665863163,
  "post is right": 0.0193898744436317,
  "guess that the": 0.014764138491344921,
  "friapr gmt": 0.004845127539810183,
  "damages": 0.013488063115407416,
  "opinion": 0.006840389518109019,
  "the light pollution": 0.0193898744436317,
  "find": 0.004466908593788764,
  "zoning laws": 0.017930617221400234,
  "the sky": 0.021107319633950523,
  "billsats": 0.0193898744436317,
  "the price": 0.008869427551496722,
  "prohibiting": 0.025960707044217407,
  "guess": 0.006298084717964902,
  "boondocks": 0.020849131665863163,
  "by space digest": 0.01283510537160986,
  "reason": 0.0055846358513396265,
  "basis for prohibiting": 0.020849131665863163,
  "would be trash": 0.0193898744436317,
  "university originalsender sci": 0.01283510537160986,
  "property i": 0.016471359999168773,
  "the best legal": 0.020849131665863163,
  "mention above": 0.016471359999168773,
  "for protest": 0.020849131665863163,
  "sci friapr": 0.014439610744340168,
  "protest would be": 0.018536263689719775,
  "so their lack": 0.020849131665863163,
  "sci friapr gmt": 0.01454232687943371,
  "of the property": 0.016471359999168773,
  "sender via international": 0.012882416647087877,
  "tommy": 0.011284300545294735,
  "pollution": 0.012571604018022478,