{
  "quick": 0.009409681117031861,
  "flexible modes": 0.02287144928703234,
  "bistems": 0.04574289857406468,
  "design the": 0.016617291778713145,
  "newssoftware vaxvms vnews": 0.01031237467058154,
  "arrays over bistems": 0.02287144928703234,
  "space": 0.0068521819987319935,
  "to mass": 0.017553700804367106,
  "pull their": 0.019669845681674625,
  "retunr": 0.019154502607045962,
  "problems why": 0.020334238458699524,
  "contributed": 0.013230832035541259,
  "dictated a": 0.018733436656020667,
  "flexible": 0.013534148437529914,
  "branch management pull": 0.02287144928703234,
  "sc gro uars": 0.02287144928703234,
  "half hertz": 0.02287144928703234,
  "lab sunmay": 0.02127064748435348,
  "be detachable": 0.019154502607045962,
  "guess based": 0.02127064748435348,
  "extendable and": 0.019669845681674625,
  "arrayflapping": 0.019669845681674625,
  "have indirectly": 0.019154502607045962,
  "collective": 0.01361663823568714,
  "retractable": 0.018069043878995765,
  "vaxvms vnews sender": 0.01330300881037753,
  "for the ability": 0.02127064748435348,
  "article pat": 0.013266638470959193,
  "arrayflapping problems why": 0.020334238458699524,
  "retunr the": 0.019154502607045962,
  "in a pinch": 0.017797027630366703,
  "own guess": 0.02287144928703234,
  "in article pat": 0.013266638470959193,
  "management pull their": 0.02287144928703234,
  "have the ability": 0.015840219638710344,
  "fit": 0.009290541697192385,
  "i didnt": 0.008988615166006561,
  "other large stslaunched": 0.02287144928703234,
  "half": 0.00884594227987205,
  "shuttle": 0.010891343499871243,
  "conventional sa": 0.02287144928703234,
  "dictated": 0.01595289900168825,
  "similar designs": 0.02287144928703234,
  "arrays just": 0.020334238458699524,
  "launch in a": 0.02287144928703234,
  "requirements bistems weight": 0.02287144928703234,
  "vnews sender": 0.01330300881037753,
  "retractable as": 0.018733436656020667,
  "launch": 0.010790367031017127,
  "design": 0.02565470000398831,
  "hst servicing mission": 0.014131981310315801,
  "david w gsfc": 0.01837743046704316,
  "hst arrays": 0.02287144928703234,
  "indeed this dictated": 0.018733436656020667,
  "indirectly contributed": 0.019669845681674625,
  "a quick": 0.011757859551761167,
  "shuttle is": 0.01595289900168825,
  "consideration": 0.011720609247073214,
  "a rather odd": 0.017553700804367106,
  "goddard": 0.014185074885892471,
  "arrays do have": 0.02287144928703234,
  "quick release i": 0.02287144928703234,
  "would voice": 0.02287144928703234,
  "the arrayflapping": 0.019669845681674625,
  "detachable": 0.017553700804367106,
  "contributed to": 0.014660483787056788,
  "design was used": 0.02287144928703234,
  "based": 0.006943748752106907,
  "odd design for": 0.018733436656020667,
  "designs": 0.012584273083213613,
  "retrievable": 0.017797027630366703,
  "fordays newssoftware vaxvms": 0.020334238458699524,
  "the bistem design": 0.02287144928703234,
  "scheduled fordays": 0.01525981680203389,
  "sender goddard": 0.017333584915673515,
  "hearty yea to": 0.02287144928703234,
  "detachable if": 0.019154502607045962,
  "consideration given to": 0.02287144928703234,
  "retrieval": 0.016776628664364305,
  "stslaunched": 0.02287144928703234,
  "to be retrievable": 0.018733436656020667,
  "contributed to the": 0.01646824207631691,
  "servicing mission scheduled": 0.014727429599697093,
  "less than conventional": 0.02287144928703234,
  "sts envelope this": 0.02287144928703234,
  "sa": 0.014029321350567918,
  "no problem": 0.010943537107070413,
  "flown": 0.015840219638710344,
  "stslaunched sc gro": 0.02287144928703234,
  "the hst": 0.029592748174681396,
  "robotics lab sunmay": 0.02127064748435348,
  "envelope": 0.014796374087340698,
  "in article henry": 0.014295070380093984,
  "sender goddard space": 0.017333584915673515,
  "release i": 0.018733436656020667,
  "lab": 0.009146739413760513,
  "newssoftware": 0.00989130871955624,
  "bistem": 0.02287144928703234,
  "be detachedremember": 0.02287144928703234,
  "some consideration": 0.020334238458699524,
  "to be replaced": 0.017132634853341808,
  "his branch management": 0.02287144928703234,
  "be retractable": 0.018733436656020667,
  "out over hst": 0.02287144928703234,
  "tight size": 0.02287144928703234,
  "bother are": 0.019154502607045962,
  "over bistems": 0.02287144928703234,
  "didnt": 0.005590428898684415,
  "the shuttle": 0.012994622222330133,
  "flexible modes no": 0.02287144928703234,
  "article henry spencer": 0.014532146948362074,
  "extendable": 0.017797027630366703,
  "their collective hair": 0.02287144928703234,
  "hst servicing": 0.014080080950380332,
  "than conventional": 0.020334238458699524,
  "an acs guy": 0.02287144928703234,
  "conventional arrays": 0.02287144928703234,
  "similar designs flown": 0.02287144928703234,
  "vaxvms vnews": 0.009833465689703846,
  "in article": 0.0039608226396178675,
  "yea to": 0.02127064748435348,
  "writes no": 0.01319557228466184,
  "his branch": 0.02127064748435348,
  "space flight center": 0.014185074885892471,
  "solar arrays to": 0.019154502607045962,
  "hair out over": 0.02287144928703234,
  "size": 0.008428426627504688,
  "sts": 0.014940762902540084,
  "to the arrayflapping": 0.019669845681674625,
  "article henry": 0.014295070380093984,
  "based on similar": 0.02287144928703234,
  "goddard space flight": 0.014532146948362074,
  "ability to launch": 0.02287144928703234,
  "requirements bistems": 0.02287144928703234,
  "guess based on": 0.02127064748435348,
  "hearty yea": 0.02287144928703234,
  "space flight": 0.013534148437529914,
  "bistem design": 0.02287144928703234,
  "their collective": 0.017797027630366703,
  "sa finally": 0.02287144928703234,
  "thing is designed": 0.018069043878995765,
  "thermal": 0.013160842775736805,
  "the retrieval": 0.02127064748435348,
  "launch in": 0.018069043878995765,
  "over hst": 0.02287144928703234,
  "solar arrays": 0.03355325732872861,
  "retrievable in a": 0.018733436656020667,
  "weight less than": 0.02287144928703234,
  "solar": 0.022215184020684713,
  "weight less": 0.02287144928703234,
  "hst i would": 0.02287144928703234,
  "the hst arrays": 0.02287144928703234,
  "hearty": 0.019154502607045962,
  "flown on": 0.02127064748435348,
  "sunmay gmt": 0.01173915929718237,
  "sender": 0.001511209112509505,
  "to launch": 0.013883411647053987,
  "with new arrays": 0.02287144928703234,
  "guess": 0.006908984390377202,
  "acs guy": 0.02287144928703234,
  "the ability": 0.02259908659209583,
  "sts envelope": 0.02287144928703234,
  "with a quick": 0.019669845681674625,
  "pinch indeed this": 0.018733436656020667,
  "why not design": 0.019154502607045962,
  "guy whos seen": 0.02287144928703234,
  "own guess based": 0.02287144928703234,
  "scheduled": 0.011994936120029257,
  "to retunr": 0.019154502607045962,
  "didnt think": 0.013883411647053987,
  "writes in article": 0.005033101350136114,
  "as an acs": 0.02287144928703234,
  "dictated a rather": 0.018733436656020667,
  "designs flown": 0.02287144928703234,
  "flight": 0.010693621207208443,
  "hertz flexible": 0.02287144928703234,
  "indirectly contributed to": 0.019669845681674625,
  "voice a hearty": 0.02287144928703234,
  "solar arrays since": 0.018733436656020667,
  "conventional arrays over": 0.02287144928703234,
  "article": 0.003641604406990662,
  "fordays newssoftware": 0.020334238458699524,
  "be some consideration": 0.02287144928703234,
  "just fit": 0.019669845681674625,
  "modes no thermal": 0.02287144928703234,
  "snap": 0.016617291778713145,
  "consideration given": 0.02287144928703234,
  "center robotics": 0.017333584915673515,
  "bother": 0.010544571504812205,
  "retrieval as for": 0.02287144928703234,
  "designed to be": 0.014470557463183873,
  "uars also": 0.02287144928703234,
  "well as extendable": 0.018733436656020667,
  "pat writes in": 0.01573278311299466,
  "for the retrieval": 0.02287144928703234,
  "bistems whenever possible": 0.02287144928703234,
  "odd design": 0.018733436656020667,