{
  "internet": 0.011769541905987205,
  "is indistingushable": 0.041786234351413515,
  "department conduct space": 0.038861562703481255,
  "having tracked scispace": 0.038861562703481255,
  "account there": 0.03715073946251854,
  "some questions": 0.025724367305969126,
  "space": 0.025037930847687368,
  "ever eat": 0.038861562703481255,
  "does u": 0.038861562703481255,
  "lach include stddisclaimer": 0.041786234351413515,
  "space research": 0.029590572925691297,
  "magic": 0.021876956413459527,
  "of toronto zoology": 0.023403496686056586,
  "onya henry": 0.041786234351413515,
  "things": 0.009357107510761414,
  "sleep": 0.020905390932096347,
  "zoology department conduct": 0.038861562703481255,
  "lach none at": 0.041786234351413515,
  "questions": 0.02527074060733993,
  "question comes": 0.035936891055548995,
  "superior technology": 0.041786234351413515,
  "you ever eat": 0.038861562703481255,
  "eat or sleep": 0.038861562703481255,
  "aaron well": 0.041786234351413515,
  "questions about": 0.021057732723835234,
  "sleep does": 0.038861562703481255,
  "thode": 0.038861562703481255,
  "master": 0.020319583147901343,
  "well henry": 0.038861562703481255,
  "scispace for quite": 0.038861562703481255,
  "are somewhat toungeincheek": 0.038861562703481255,
  "technology is indistingushable": 0.041786234351413515,
  "a mysterious figure": 0.038861562703481255,
  "is scispace": 0.034995357083759074,
  "questions are": 0.026015476468361325,
  "space community": 0.03715073946251854,
  "indistingushable": 0.041786234351413515,
  "who is henry": 0.034995357083759074,
  "tracked scispace for": 0.038861562703481255,
  "anyway frimay": 0.041786234351413515,
  "anyway frimay edt": 0.041786234351413515,
  "stddisclaimer sufficiently": 0.041786234351413515,
  "internet related things": 0.041786234351413515,
  "comes up frequently": 0.041786234351413515,
  "sleep does u": 0.038861562703481255,
  "magic ": 0.07772312540696251,
  "toungeincheek": 0.03715073946251854,
  "henry spencer is": 0.038861562703481255,
  "an account": 0.030650971357256303,
  "a job": 0.024877655510770175,
  "other internet": 0.034995357083759074,
  "a faq": 0.02386009408960187,
  "questions are somewhat": 0.038861562703481255,
  "lach include": 0.041786234351413515,
  "scispace": 0.048476408927639915,
  "stddisclaimer": 0.03207068543582682,
  "tracked": 0.03130139616665401,
  "it thierry lach": 0.041786234351413515,
  "space community he": 0.038861562703481255,
  "thode writes": 0.038861562703481255,
  "henry c this": 0.041786234351413515,
  "thierry lach": 0.08357246870282703,
  "thierry": 0.07430147892503708,
  "related things": 0.041786234351413515,
  "scispace a hobby": 0.038861562703481255,
  "a mysterious": 0.035936891055548995,
  "eat or": 0.03251524457362356,
  "be a faq": 0.034995357083759074,
  "things quite a": 0.041786234351413515,
  "henry spencer": 0.06454831008293349,
  "the questions": 0.02351309789450916,
  "community he": 0.03715073946251854,
  "scispace a": 0.038861562703481255,
  "aaron": 0.04462630400374467,
  "for parts": 0.03166853277842461,
  "well henry spencer": 0.041786234351413515,
  "sufficiently superior technology": 0.041786234351413515,
  "account there just": 0.038861562703481255,
  "use an account": 0.038861562703481255,
  "aaron thode writes": 0.038861562703481255,
  "writes aaron thode": 0.041786234351413515,
  "tracked scispace": 0.038861562703481255,
  "master writes aaron": 0.041786234351413515,
  "aaron thode": 0.038861562703481255,
  "spencer is": 0.038861562703481255,
  "cnews": 0.03096366322288382,
  "cnews and other": 0.041786234351413515,
  "writes having": 0.03130139616665401,
  "frequently": 0.01949423549597896,
  "it thierry": 0.041786234351413515,
  "the master": 0.025452052870789502,
  "figure called henry": 0.038861562703481255,
  "job": 0.014802008199027652,
  "superior technology is": 0.041786234351413515,
  "eat": 0.019105734740931805,
  "questions about a": 0.038861562703481255,
  "edt thierry": 0.041786234351413515,
  "writes aaron": 0.035936891055548995,
  "frimay edt thierry": 0.041786234351413515,
  "having tracked": 0.038861562703481255,
  "and other internet": 0.041786234351413515,
  "curious": 0.0181955719863888,
  "indistingushable from": 0.041786234351413515,
  "parts of": 0.018990127254906005,
  "lach none": 0.041786234351413515,
  "just curious aaron": 0.041786234351413515,
  "master writes": 0.041786234351413515,
  "a guy onya": 0.041786234351413515,
  "thierry lach include": 0.041786234351413515,
  "frimay edt": 0.041786234351413515,
  "faq about": 0.03357564300518856,
  "responsible for parts": 0.041786234351413515,
  "or a job": 0.03715073946251854,
  "superior": 0.021057732723835234,
  "also responsible": 0.034995357083759074,
  "parts of cnews": 0.041786234351413515,
  "of toronto": 0.019558984735112552,
  "responsible": 0.016055963118644566,
  "department": 0.012180286318104572,
  "cnews and": 0.041786234351413515,
  "thode writes having": 0.038861562703481255,
  "mysterious": 0.02655029379173324,
  "include stddisclaimer sufficiently": 0.041786234351413515,
  "aaron well henry": 0.041786234351413515,
  "frequently enough": 0.041786234351413515,
  "quite a guy": 0.041786234351413515,
  "toronto zoology": 0.023403496686056586,
  "up frequently": 0.041786234351413515,
  "it the questions": 0.038861562703481255,
  "question": 0.009263189913289083,
  "frequently enough that": 0.041786234351413515,
  "called henry spencer": 0.038861562703481255,
  "space research or": 0.038861562703481255,
  "spencer anyway": 0.034995357083759074,
  "guy onya": 0.041786234351413515,
  "the space": 0.020644313279277415,
  "c this": 0.034995357083759074,
  "edt thierry lach": 0.041786234351413515,
  "about it thierry": 0.041786234351413515,
  "figure": 0.015807420066242393,
  "mysterious figure": 0.038861562703481255,
  "faq": 0.016656118868439544,
  "just curious": 0.023403496686056586,
  "include stddisclaimer": 0.03207068543582682,
  "henry c": 0.041786234351413515,
  "mysterious figure called": 0.038861562703481255,
  "writes": 0.005401057253525016,
  "conduct space research": 0.038861562703481255,
  "guy onya henry": 0.041786234351413515,
  "henry": 0.07797694198391585,
  "parts": 0.015497283095808105,
  "is henry": 0.03422606781458628,
  "faq about it": 0.041786234351413515,
  "account": 0.014049187233436107,
  "internet related": 0.041786234351413515,
  "onya henry c": 0.041786234351413515,
  "technology": 0.01215387955781587,
  "somewhat toungeincheek": 0.038861562703481255,
  "writes having tracked": 0.038861562703481255,
  "in the space": 0.02894014811629358,
  "conduct space": 0.03715073946251854,
  "community": 0.016474265735604725,
  "hobby": 0.027435190546931842,
  "spencer is also": 0.041786234351413515,
  "have some questions": 0.03130139616665401,
  "all the master": 0.041786234351413515,
  "a guy": 0.022397543000634654,
  "zoology department": 0.038861562703481255,
  "job for you": 0.034995357083759074,
  "frimay": 0.02527980816817239,
  "hobby or": 0.03715073946251854,
  "called henry": 0.038861562703481255,
  "department conduct": 0.038861562703481255,
  "u": 0.014444274174507804,
  "this question": 0.020816557981894523,
  "henry spencer anyway": 0.034995357083759074,
  "indistingushable from magic": 0.041786234351413515,
  "is also responsible": 0.038861562703481255,
  "the space community": 0.03715073946251854,
  "from magic": 0.038861562703481255,
  "toungeincheek is": 0.038861562703481255,
  "or sleep": 0.038861562703481255,
  "spencer": 0.06012716388338257,
  "guy": 0.014424904243247893,
  "toronto": 0.015852355627072174,
  "responsible for": 0.017117716313195266,
  "thierry lach none": 0.041786234351413515,
  "c": 0.011644387926501609,
  "spencer if": 0.038861562703481255,
  "scispace for": 0.03715073946251854,
  "question comes up": 0.03715073946251854,
  "toungeincheek is scispace": 0.038861562703481255,
  "lach": 0.06999071416751815,
  "job for": 0.028204479816104647,
  "the master writes": 0.041786234351413515,