{
  "two days": 0.04290500620839309,
  "sorry harry": 0.07228713533784674,
  "neo asteroids": 0.07228713533784674,
  "the spacerequest": 0.06722766686660626,
  "spacerequest": 0.0642680675373496,
  "space digest": 0.04358767816467647,
  "harry": 0.038110994993874325,
  "deleted": 0.02550955292135405,
  "access news": 0.05624899973685243,
  "chance": 0.026513497149100028,
  "space digest sender": 0.04450127774828236,
  "g osoff": 0.07228713533784674,
  "you answered": 0.05920859906610911,
  "editor access": 0.07228713533784674,
  "network": 0.022498029700938234,
  "satmay": 0.036701753416670445,
  "space": 0.043313792780305886,
  "send": 0.0214333606034381,
  "xadded forwarded by": 0.04450127774828236,
  "messages": 0.03234355377820093,
  "space university": 0.044183868172079886,
  "sender via": 0.044665313192457964,
  "forwarded by": 0.044183868172079886,
  "directly": 0.02659675968773781,
  "xadded": 0.04450127774828236,
  "my request": 0.05006434382161737,
  "directly i by": 0.07228713533784674,
  "osoff science technology": 0.07228713533784674,
  "satmay gmt bboardnewsgateway": 0.07228713533784674,
  "g osoff science": 0.07228713533784674,
  "chance you": 0.06216819839536578,
  "miss asteroids": 0.06722766686660626,
  "access news network": 0.07228713533784674,
  "mistake deleted": 0.07228713533784674,
  "by chance": 0.05079488001546396,
  "send them": 0.04252408830203856,
  "request for": 0.04204527602112022,
  "osoff science": 0.07228713533784674,
  "international space university": 0.044183868172079886,
  "days please": 0.06722766686660626,
  "mistake": 0.032467273181951105,
  "sci satmay": 0.07228713533784674,
  "by mistake": 0.05547994487803618,
  "gmt bboardnewsgateway if": 0.06722766686660626,
  "bboardnewsgateway if": 0.06722766686660626,
  "read": 0.016611628837930652,
  "international": 0.027253480356157277,
  "near miss asteroids": 0.06722766686660626,
  "all the spacerequest": 0.07228713533784674,
  "messages thanks": 0.07228713533784674,
  "asteroids in": 0.06722766686660626,
  "news": 0.011205171554808201,
  "university": 0.007125227394401581,
  "technology editor access": 0.07228713533784674,
  "science technology editor": 0.07228713533784674,
  "send them to": 0.051606745965173624,
  "via international space": 0.04450127774828236,
  "digest": 0.03912439970083941,
  "news network ": 0.07228713533784674,
  "bboardnewsgateway if by": 0.07228713533784674,
  "g": 0.027132327864120502,
  "please send": 0.0326889600277635,
  "international space": 0.043732222889466106,
  "technology": 0.021025324490528186,
  "read all": 0.047964474679633565,
  "via international": 0.04450127774828236,
  "me directly": 0.04654727749393315,
  "harry g osoff": 0.07228713533784674,
  "deleted instead of": 0.07228713533784674,
  "bboardnewsgateway": 0.044340847772232905,
  "science": 0.018554467973048574,
  "asteroids in the": 0.06722766686660626,
  "neo asteroids in": 0.07228713533784674,
  "osoff": 0.07228713533784674,
  "answered my request": 0.07228713533784674,
  "technology editor": 0.07228713533784674,
  "miss asteroids xadded": 0.07228713533784674,
  "network ": 0.1285361350746992,
  "answered my": 0.06053941334927665,
  "i by mistake": 0.07228713533784674,
  "neo": 0.0642680675373496,
  "access": 0.02046211952303462,
  "sci": 0.03216181982475767,
  "and sorry harry": 0.07228713533784674,
  "by mistake deleted": 0.07228713533784674,
  "university originalsender sci": 0.04450127774828236,
  "days": 0.02355849868357777,
  "by space digest": 0.04450127774828236,
  "answered": 0.03571315508896896,
  "university originalsender": 0.04450127774828236,
  "originalsender sci satmay": 0.07228713533784674,
  "originalsender sci": 0.04450127774828236,
  "asteroids xadded forwarded": 0.07228713533784674,
  "xadded forwarded": 0.04450127774828236,
  "spacerequest messages": 0.07228713533784674,
  "gmt": 0.0012002179858881194,
  "news network": 0.06216819839536578,
  "harry g": 0.07228713533784674,
  "sender via international": 0.044665313192457964,
  "mistake deleted instead": 0.07228713533784674,
  "digest sender via": 0.044665313192457964,
  "originalsender": 0.04450127774828236,
  "asteroids": 0.1023790625312239,
  "satmay gmt": 0.037911002481552325,
  "last two days": 0.07228713533784674,
  "of read": 0.05920859906610911,
  "read all the": 0.06053941334927665,
  "request": 0.02821508482746617,
  "by space": 0.04403019365238768,
  "request for neo": 0.07228713533784674,
  "forwarded": 0.04030153946431475,
  "science technology": 0.053023943150874046,
  "gmt bboardnewsgateway": 0.044340847772232905,
  "forwarded by space": 0.04450127774828236,
  "instead of read": 0.07228713533784674,
  "sorry harry g": 0.07228713533784674,
  "if by chance": 0.06722766686660626,
  "the spacerequest messages": 0.07228713533784674,
  "sci satmay gmt": 0.07228713533784674,
  "chance you answered": 0.07228713533784674,
  "messages thanks and": 0.07228713533784674,
  "directly i": 0.06053941334927665,
  "asteroids xadded": 0.07228713533784674,
  "space university originalsender": 0.04450127774828236,
  "deleted instead": 0.07228713533784674,
  "sender": 0.004776303253405954,
  "for neo asteroids": 0.07228713533784674,
  "editor access news": 0.07228713533784674,
  "for neo": 0.07228713533784674,
  "editor": 0.03410386076226581,
  "days please send": 0.07228713533784674,
  "to me directly": 0.05547994487803618,
  "digest sender": 0.04450127774828236,
  "spacerequest messages thanks": 0.07228713533784674
}