{
  "sender news": 0.008851997144498022,
  "static xtconvertargrec parentcvtargs": 0.028622362836083822,
  "parentcvtargs xtnumberparentcvtargs xtcacheall": 0.028622362836083822,
  "maintextsw however": 0.028622362836083822,
  "the manual": 0.01549145306073699,
  "static xtconvertargrec": 0.028622362836083822,
  "xtsettypeconverter xtrstring": 0.028622362836083822,
  "xtwidgetbaseoffset xtpointerxtoffsetof corerec": 0.028622362836083822,
  "intrinsicsph": 0.028622362836083822,
  "converter": 0.03156466060574963,
  "code to": 0.0155851966322779,
  "sez": 0.017494768611488277,
  "xtrstring xtrwidget": 0.028622362836083822,
  "correct way to": 0.025447182811031484,
  "xmucvtstringtowidget i": 0.028622362836083822,
  "maintextsw however when": 0.028622362836083822,
  "to a widgets": 0.028622362836083822,
  "universitynntppostinghost bobrcsclivacuk": 0.028622362836083822,
  "static": 0.016741224500322806,
  "xmu": 0.023443867260280197,
  "header files": 0.021692029677707027,
  "xmu function xmucvtstringtowidget": 0.028622362836083822,
  "intrinsicsph should i": 0.028622362836083822,
  "computer science": 0.01812048745454551,
  "program i": 0.017685398576204454,
  "xtwidgetbaseoffset": 0.028622362836083822,
  "xmucvtstringtowidget": 0.057244725672167644,
  "code to do": 0.023443867260280197,
  "i can connect": 0.026619047285332535,
  "university": 0.002821260557898892,
  "managed to": 0.014488405818101876,
  "this static xtconvertargrec": 0.028622362836083822,
  "the message": 0.013338354076851062,
  "no type converter": 0.028622362836083822,
  "universitynntppostinghost bobrcsclivacuk can": 0.028622362836083822,
  "gmt": 0.00047523082100194323,
  "news eater": 0.02261241618382996,
  "add it to": 0.020795628150817317,
  "for string": 0.026619047285332535,
  "dept computer": 0.025447182811031484,
  "files": 0.009680358778205757,
  "managed to find": 0.026619047285332535,
  "apr": 0.003797178289853004,
  "widgets classintialize": 0.028622362836083822,
  "corerec": 0.028622362836083822,
  "or coreh": 0.028622362836083822,
  "havent": 0.009350026857998841,
  "widgets": 0.031843285471748924,
  "converter registered": 0.028622362836083822,
  "registered for": 0.028622362836083822,
  "liverpool liverpool": 0.028622362836083822,
  "like the manual": 0.02461573173458125,
  "file so": 0.019964177074367085,
  "i can add": 0.021692029677707027,
  "xtrstring xtrwidget xmucvtstringtowidget": 0.028622362836083822,
  "have managed": 0.02099502951349637,
  "turnbull dept": 0.028622362836083822,
  "function": 0.023776747805709535,
  "england phone": 0.026619047285332535,
  "a widget": 0.018605785082327388,
  "xtwidgetbaseoffset xtpointerxtoffsetof": 0.028622362836083822,
  "intrinsicsh": 0.028622362836083822,
  "a widgets classintialize": 0.028622362836083822,
  "widget but": 0.023443867260280197,
  "parentcvtargs xtwidgetbaseoffset xtpointerxtoffsetof": 0.028622362836083822,
  "phone ": 0.03377395682507852,
  "to window": 0.022998345064247656,
  "program": 0.008080670714376586,
  "correct": 0.009372145640015367,
  "two widgets": 0.028622362836083822,
  "i know rtfm": 0.028622362836083822,
  "corerec coreparent": 0.028622362836083822,
  "of liverpool": 0.022998345064247656,
  "faq thanks in": 0.028622362836083822,
  "xtrwidget xmucvtstringtowidget": 0.028622362836083822,
  "resource converter": 0.025447182811031484,
  "resource": 0.02897681163620375,
  "bobrcsclivacuk": 0.028622362836083822,
  "coreh and intrinsicsh": 0.028622362836083822,
  "myproggymylistswtopwidget maintextsw": 0.028622362836083822,
  "liverpool": 0.061301654889266935,
  "function xmucvtstringtowidget": 0.028622362836083822,
  "gmt sender news": 0.014599153980824812,
  "parentcvtargs xtnumberparentcvtargs": 0.028622362836083822,
  "dept computer science": 0.025447182811031484,
  "widget name in": 0.028622362836083822,
  "the header files": 0.022998345064247656,
  "sizeofcorewidget xtsettypeconverter": 0.028622362836083822,
  "can connect": 0.022272002785979142,
  "widgets together on": 0.028622362836083822,
  "warning no type": 0.028622362836083822,
  "on an xmform": 0.028622362836083822,
  "classintialize function": 0.028622362836083822,
  "warning": 0.012968893465550817,
  "havent got a": 0.02461573173458125,
  "widget resource": 0.026619047285332535,
  "find this bit": 0.028622362836083822,
  "intrinsicsph should": 0.028622362836083822,
  "email": 0.006037392796186462,
  "conversion just like": 0.028622362836083822,
  "england phone ": 0.028622362836083822,
  "this bit": 0.02099502951349637,
  "any code": 0.025447182811031484,
  "richard": 0.011401482220390812,
  "dept": 0.008623276564848532,
  "are the header": 0.028622362836083822,
  "eater": 0.020609100633078675,
  "ie myproggymylistswtopwidget": 0.028622362836083822,
  "eater computer science": 0.023443867260280197,
  "maintextsw": 0.028622362836083822,
  "ie myproggymylistswtopwidget maintextsw": 0.028622362836083822,
  "file": 0.00887371620953411,
  "conversion just": 0.028622362836083822,
  "message warning": 0.028622362836083822,
  "find this": 0.015400654805727226,
  "a resource": 0.019823165039195317,
  "am creating": 0.026619047285332535,
  "registered": 0.01511707718734999,
  "window": 0.010247096169875443,
  "this static": 0.02461573173458125,
  "string to widget": 0.028622362836083822,
  "program i get": 0.028622362836083822,
  "sez i": 0.02461573173458125,
  "know the trick": 0.028622362836083822,
  "bit of": 0.012880347311036685,
  "liverpool england": 0.026619047285332535,
  "rik ps what": 0.028622362836083822,
  "england": 0.01338247971884756,
  "type": 0.009504658789252145,
  "xtcacheall null however": 0.028622362836083822,
  "trick": 0.014554344193148612,
  "type converter registered": 0.028622362836083822,
  "manual sez i": 0.028622362836083822,
  "coreparent sizeofcorewidget xtsettypeconverter": 0.028622362836083822,
  "specify a widget": 0.026619047285332535,
  "converter apr": 0.025447182811031484,
  "resource file": 0.02261241618382996,
  "function how": 0.028622362836083822,
  "creating my": 0.025447182811031484,
  "xmucvtstringtowidget parentcvtargs xtnumberparentcvtargs": 0.028622362836083822,
  "widget": 0.044357044495690376,
  "files coreph and": 0.028622362836083822,
  "an xmform": 0.028622362836083822,
  "xmform ie": 0.028622362836083822,
  "message": 0.00787291783751725,
  "in a resource": 0.028622362836083822,
  "and intrinsicsph": 0.028622362836083822,
  "bit of code": 0.02461573173458125,
  "has any code": 0.028622362836083822,
  "connect two": 0.02461573173458125,
  "sender": 0.0018911952188341494,
  "xtcacheall null": 0.028622362836083822,
  "coreparent": 0.028622362836083822,
  "function how whats": 0.028622362836083822,
  "xtnumberparentcvtargs": 0.028622362836083822,
  "to find": 0.009210239213190823,
  "email university of": 0.021209214404114062,
  "xtnumberparentcvtargs xtcacheall null": 0.028622362836083822,
  "xtconvertargrec": 0.028622362836083822,
  "ps": 0.01092729691263184,
  "phone": 0.008464909336011439,
  "string to window": 0.028622362836083822,
  "turnbull": 0.028622362836083822,
  "the message warning": 0.028622362836083822,
  "these or coreh": 0.028622362836083822,
  "i have managed": 0.02461573173458125,
  "liverpool liverpool england": 0.028622362836083822,
  "creating": 0.01410247693768418,
  "in advance": 0.00950853561533365,
  "resource file so": 0.028622362836083822,
  "trick im sure": 0.028622362836083822,
  "however i havent": 0.023970808175869655,
  "connect": 0.01328054868174508,
  "got a clue": 0.026619047285332535,
  "null": 0.016427253861586406,
  "xtpointerxtoffsetof": 0.028622362836083822,
  "converter apr gmt": 0.025447182811031484,
  "bit": 0.007859730711625868,
  "get the message": 0.021692029677707027,
  "message warning no": 0.028622362836083822,
  "widgets together": 0.028622362836083822,
  "advance": 0.009192796954998712,
  "classintialize": 0.028622362836083822,
  "sizeofcorewidget xtsettypeconverter xtrstring": 0.028622362836083822,