{
  "short description": 0.12479350880087614,
  "the short description": 0.15235903909669235,
  "bit more depth": 0.15235903909669235,
  "x resource but": 0.15235903909669235,
  "work being": 0.14169523631884706,
  "centerline software": 0.11175815710261146,
  "on the frescoe": 0.15235903909669235,
  "the x": 0.07655513624811998,
  "published in the": 0.0909900537649343,
  "ive seen": 0.06081069213380425,
  "frescoeapr": 0.15235903909669235,
  "resource but am": 0.15235903909669235,
  "depth": 0.0810555162008518,
  "frescoe": 0.15235903909669235,
  "ive": 0.0319522216281383,
  "description that was": 0.14169523631884706,
  "the frescoe work": 0.15235903909669235,
  "software": 0.0414916961509654,
  "the frescoe": 0.15235903909669235,
  "the consortium ive": 0.15235903909669235,
  "ive seen the": 0.1097038279853111,
  "information on frescoeapr": 0.15235903909669235,
  "gmt": 0.0025296902164103443,
  "that was published": 0.15235903909669235,
  "gmt centerline": 0.11693465305063011,
  "frescoe work": 0.15235903909669235,
  "by the consortium": 0.14169523631884706,
  "on frescoeapr": 0.15235903909669235,
  "x resource": 0.1078917812829052,
  "consortium ive": 0.14169523631884706,
  "the x resource": 0.11412970602303081,
  "published": 0.06351978454985531,
  "gmt centerline software": 0.11693465305063011,
  "work": 0.03129720253516892,
  "resource": 0.07712289866251153,
  "bit more": 0.08475212902480868,
  "description that": 0.13103143354100175,
  "was published": 0.09414073703641142,
  "consortium": 0.0972279785050599,
  "the short": 0.08911482580171834,
  "description": 0.06722997003934589,
  "short": 0.05299998858369558,
  "resource but": 0.14169523631884706,
  "work being done": 0.15235903909669235,
  "frescoe work being": 0.15235903909669235,
  "centerline": 0.10552023236248585,
  "a bit": 0.05047078795900251,
  "centerline software inc": 0.11546834259210205,
  "with a bit": 0.1097038279853111,
  "more depth": 0.13545731157872146,
  "consortium ive seen": 0.15235903909669235,
  "frescoeapr gmt": 0.15235903909669235,
  "depth to it": 0.15235903909669235,
  "x": 0.047152805237502454,
  "published in": 0.0788340622795919,
  "software inc does": 0.15235903909669235,
  "the consortium": 0.13545731157872146,
  "seen the short": 0.15235903909669235,
  "software inc": 0.09186941397785657,
  "on frescoeapr gmt": 0.15235903909669235,
  "depth to": 0.12759845582847543,
  "frescoeapr gmt centerline": 0.15235903909669235,
  "short description that": 0.15235903909669235,
  "in the x": 0.1097038279853111,
  "bit": 0.041837951172654625
}