{
  "rclocal": 0.0430153695967935,
  "using the version": 0.046516112932954844,
  "get rid": 0.024744400178482548,
  "csiro": 0.03668828389732194,
  "telescope": 0.027579223660579227,
  "is olwm": 0.046516112932954844,
  "reposting this": 0.044468309356650984,
  "but retain": 0.046516112932954844,
  "from openwindows": 0.046516112932954844,
  "xnews the": 0.0430153695967935,
  "change andor": 0.044468309356650984,
  "rid": 0.023385545367279076,
  "gooch": 0.03838763862773211,
  "tapes or from": 0.046516112932954844,
  "uncommon but i": 0.046516112932954844,
  "monapr gmt in": 0.019669314928497012,
  "open look": 0.034181026895736634,
  "openlook window manager": 0.086030739193587,
  "is not uncommon": 0.040189027233483283,
  "or from exportlcsmitedu": 0.046516112932954844,
  "exportlcsmitedu i": 0.0430153695967935,
  "i change andor": 0.046516112932954844,
  "i can start": 0.044468309356650984,
  "retain the": 0.034405530747104486,
  "facility": 0.024847125856447813,
  "telescope national": 0.04188838196389345,
  "installed on": 0.03396607934816696,
  "uncommon": 0.03283909171526691,
  "manager source": 0.046516112932954844,
  "built and": 0.03488689529157077,
  "sparcstation": 0.0312614417908116,
  "regards richard": 0.03790627408326582,
  "openlook": 0.06502627917661896,
  "writes i am": 0.02328299351798238,
  "radiophysicsaustralia": 0.04188838196389345,
  "on my sparcstation": 0.04096756602048964,
  "csiro division of": 0.038919762444185775,
  "csiro division": 0.038919762444185775,
  "start": 0.014124906078574247,
  "on the mit": 0.046516112932954844,
  "post ever made": 0.046516112932954844,
  "aim is to": 0.04188838196389345,
  "am reposting": 0.044468309356650984,
  "retain the openlook": 0.046516112932954844,
  "rid of": 0.02376182075767261,
  "the openlook window": 0.09303222586590969,
  "for instance": 0.022685310552676582,
  "x server but": 0.046516112932954844,
  "radiophysicsaustralia telescope national": 0.04188838196389345,
  "xnews": 0.0374668226843283,
  "version from openwindows": 0.046516112932954844,
  "mit contrib tapes": 0.046516112932954844,
  "my aim": 0.044468309356650984,
  "start xdm": 0.046516112932954844,
  "have built": 0.03668828389732194,
  "sparcstation my": 0.046516112932954844,
  "reposting": 0.035707697965801956,
  "suggest building": 0.046516112932954844,
  "server": 0.0195467238357889,
  "richard gooch": 0.03838763862773211,
  "richard": 0.01992380226391526,
  "the mit": 0.06502627917661896,
  "monapr": 0.013204090135170436,
  "open": 0.016294212525443778,
  "contrib tapes or": 0.046516112932954844,
  "facility monapr gmt": 0.046516112932954844,
  "monapr gmt": 0.013804131302198866,
  "gmt": 0.0008304538589225878,
  "richard gooch ": 0.04188838196389345,
  "window": 0.03581308358360508,
  "national facility monapr": 0.05001685626911618,
  "xdm in": 0.044468309356650984,
  "openlook window": 0.086030739193587,
  "server but retain": 0.046516112932954844,
  "sender csiro division": 0.04188838196389345,
  "server but": 0.04096756602048964,
  "national": 0.015528411462845044,
  "facility monapr": 0.046516112932954844,
  "look sender": 0.046516112932954844,
  "national facility": 0.04188838196389345,
  "i am reposting": 0.044468309356650984,
  "in rclocal": 0.046516112932954844,
  "can start xdm": 0.046516112932954844,
  "division of": 0.025095270748254097,
  "change": 0.01500942290750278,
  "mit": 0.04774937180516337,
  "manager source is": 0.046516112932954844,
  "gmt in": 0.00865703543206617,
  "built": 0.018711408206023714,
  "installed on my": 0.044468309356650984,
  "sender": 0.0033048158874576555,
  "mit x server": 0.04188838196389345,
  "exportlcsmitedu i would": 0.046516112932954844,
  "delete everything that": 0.046516112932954844,
  "contrib": 0.031779897114347366,
  "division": 0.017924078285291176,
  "it is olwm": 0.046516112932954844,
  "the openlook": 0.09303222586590969,
  "can start": 0.03283909171526691,
  "re and open": 0.046516112932954844,
  "of radiophysicsaustralia telescope": 0.04188838196389345,
  "of radiophysicsaustralia": 0.04188838196389345,
  "open look sender": 0.05001685626911618,
  "contrib tapes": 0.0430153695967935,
  "reposting this because": 0.046516112932954844,
  "the mit x": 0.040189027233483283,
  "look sender csiro": 0.05001685626911618,
  "mit x": 0.03633983505142825,
  "tapes": 0.026277056441881753,
  "change andor delete": 0.046516112932954844,
  "article writes": 0.01403057802916309,
  "from exportlcsmitedu": 0.03464048032101808,
  "openwindows": 0.028279153778186027,
  "tapes or": 0.040189027233483283,
  "olwm": 0.0319182757718631,
  "aim": 0.030361198197850388,
  "xdm in rclocal": 0.046516112932954844,
  "in article": 0.004330899502410446,
  "i have built": 0.040189027233483283,
  "olwm regards": 0.05001685626911618,
  "not uncommon": 0.037062566584967004,
  "mit contrib": 0.040189027233483283,
  "manager i": 0.03514595233393213,
  "window manager i": 0.04096756602048964,
  "i get rid": 0.0430153695967935,
  "my sparcstation": 0.04096756602048964,
  "instance": 0.021451241062955304,
  "and installed": 0.035707697965801956,
  "xnews the openlook": 0.046516112932954844,
  "writes": 0.003232450932033912,
  "division of radiophysicsaustralia": 0.04188838196389345,
  "window manager": 0.056835064871403516,
  "i change": 0.0312614417908116,
  "the mit contrib": 0.04188838196389345,
  "aim is": 0.03951462626063216,
  "in article writes": 0.014038710889294929,
  "x": 0.015479456264836664,
  "building this too": 0.046516112932954844,
  "sparcstation my aim": 0.046516112932954844,
  "start xdm in": 0.046516112932954844,
  "exportlcsmitedu": 0.029870472195559238,
  "gooch ": 0.0837767639277869,
  "gmt in article": 0.009191964305548627,
  "and open": 0.03267348654949423,
  "built and installed": 0.044468309356650984,
  "instance i": 0.038919762444185775,
  "would suggest building": 0.046516112932954844,
  "building this": 0.044468309356650984,
  "andor": 0.020518666080361642,
  "rclocal but how": 0.046516112932954844,
  "andor delete": 0.046516112932954844,
  "manager i am": 0.046516112932954844,
  "olwm regards richard": 0.05001685626911618,
  "that i change": 0.046516112932954844,
  "regards richard gooch": 0.040189027233483283,
  "delete": 0.02723473754933411,
  "sender csiro": 0.04188838196389345,
  "xdm": 0.0312614417908116,
  "version from": 0.0374668226843283,
  "instance i can": 0.046516112932954844,
  "manager": 0.037567562124722426,
  "andor delete everything": 0.046516112932954844,
  "openwindows it": 0.044468309356650984,
  "run the mit": 0.046516112932954844,
  "delete everything": 0.04096756602048964,
  "telescope national facility": 0.04188838196389345,
  "rid of xnews": 0.046516112932954844,
  "of xnews": 0.046516112932954844,
  "post ever": 0.044468309356650984,
  "to for instance": 0.046516112932954844,
  "uncommon but": 0.046516112932954844,
  "article": 0.003981855323805447,
  "first post": 0.036013882924470816,
  "retain": 0.03025916432250938,
  "rclocal but": 0.046516112932954844,
  "x server": 0.028078445047632926,
  "the version": 0.029423232815046888,
  "radiophysicsaustralia telescope": 0.04188838196389345,
  "openwindows it is": 0.044468309356650984,
  "my first post": 0.03951462626063216,
  "post": 0.013054535316753038,
  "installed": 0.020317194721637895,
  "article writes i": 0.024951984399116646,
  "building": 0.019051065918191223,
  "window manager source": 0.046516112932954844,
  "writes i": 0.013376023894988208,
  "version": 0.012851043651225502
}