{
  "to this thread": 0.13760916007051396,
  "by accident robert": 0.17684531323723218,
  "tin version": 0.05879716958155792,
  "apr gmt": 0.026861650684805255,
  "was appended": 0.17684531323723218,
  "previous": 0.06194269683031338,
  "expose": 0.10663414122429779,
  "version": 0.04543761862397587,
  "events apr gmt": 0.14484960842958836,
  "gmt": 0.0029362475726191495,
  "excuse my": 0.1324719802053036,
  "robert ": 0.26208529227940947,
  "oracle": 0.10886919734847648,
  "my previous": 0.10628738969113528,
  "tin version please": 0.16446768501294745,
  "accident robert": 0.17684531323723218,
  "thread by accident": 0.17684531323723218,
  "excuse": 0.07803478665281219,
  "thread": 0.07296832823788926,
  "events": 0.06998930822496092,
  "gmt oracle": 0.13760916007051396,
  "appended to": 0.14484960842958836,
  "re expose events": 0.16446768501294745,
  "version please excuse": 0.17684531323723218,
  "thread by": 0.17684531323723218,
  "re expose": 0.16446768501294745,
  "version please": 0.16446768501294745,
  "it was appended": 0.17684531323723218,
  "appended to this": 0.17684531323723218,
  "apr gmt oracle": 0.13760916007051396,
  "excuse my previous": 0.17684531323723218,
  "europexnewsreader tin version": 0.1420969177183873,
  "tin": 0.05476925471442742,
  "previous posting": 0.1262522178076569,
  "posting it": 0.1224788411350282,
  "apr": 0.02346113729087749,
  "please excuse": 0.11866501791542,
  "previous posting it": 0.17684531323723218,
  "accident robert ": 0.17684531323723218,
  "my previous posting": 0.12971928949410258,
  "gmt oracle europexnewsreader": 0.1420969177183873,
  "expose events apr": 0.14484960842958836,
  "posting": 0.05579558292142546,
  "accident": 0.08632916676901377,
  "appended": 0.12971928949410258,
  "posting it was": 0.17684531323723218,
  "europexnewsreader": 0.1420969177183873,
  "this thread": 0.08513462686133466,
  "europexnewsreader tin": 0.1420969177183873,
  "expose events": 0.1262522178076569,
  "robert": 0.062884312926409,
  "by accident": 0.12085434509564023,
  "oracle europexnewsreader tin": 0.1420969177183873,
  "oracle europexnewsreader": 0.1420969177183873,
  "events apr": 0.14484960842958836
}