{
  "jacksonville satapr gmt": 0.17074719898767246,
  "gmt the": 0.07706233685742694,
  "for xgolf": 0.15879638552974237,
  "re searching": 0.15879638552974237,
  "sigh steve hite": 0.17074719898767246,
  "sigh": 0.09374878314880034,
  "searching for xgolf": 0.15879638552974237,
  "university of": 0.02722415876858798,
  "florida": 0.07855568983737128,
  "steve": 0.056723333153542124,
  "satapr gmt": 0.05814586057860548,
  "xgolf university of": 0.17074719898767246,
  "florida jacksonville": 0.15879638552974237,
  "sigh steve": 0.17074719898767246,
  "hite": 0.12091320316187651,
  "joke sigh": 0.17074719898767246,
  "april": 0.06256164689729421,
  "hite ": 0.3414943979753449,
  "gmt": 0.0028349976563219375,
  "xgolf university": 0.17074719898767246,
  "north florida": 0.15879638552974237,
  "satapr": 0.05602043139830662,
  "north florida jacksonville": 0.15879638552974237,
  "joke": 0.08435693529635771,
  "xgolf program was": 0.17074719898767246,
  "fools joke sigh": 0.17074719898767246,
  "searching": 0.09169603556231777,
  "satapr gmt the": 0.12790398088787935,
  "of north florida": 0.15879638552974237,
  "an april": 0.15180560780373956,
  "florida jacksonville satapr": 0.17074719898767246,
  "steve hite ": 0.17074719898767246,
  "north": 0.0652627645386837,
  "xgolf": 0.31759277105948475,
  "program was an": 0.15180560780373956,
  "the xgolf program": 0.17074719898767246,
  "program was": 0.11745336358494288,
  "gmt the xgolf": 0.17074719898767246,
  "searching for": 0.09904231824009191,
  "the xgolf": 0.17074719898767246,
  "university": 0.016830278500569253,
  "joke sigh steve": 0.17074719898767246,
  "of north": 0.0963077487542878,
  "fools joke": 0.15180560780373956,
  "jacksonville satapr": 0.17074719898767246,
  "for xgolf university": 0.17074719898767246,
  "program": 0.04820538046852239,
  "april fools joke": 0.15180560780373956,
  "university of north": 0.09904231824009191,
  "april fools": 0.13985479434580947,
  "xgolf program": 0.17074719898767246,
  "an april fools": 0.15879638552974237,
  "fools": 0.09774536270151282,
  "was an april": 0.17074719898767246,
  "jacksonville": 0.15180560780373956,
  "steve hite": 0.17074719898767246
}