{
  "or in batch": 0.06578707400517898,
  "using clock": 0.06578707400517898,
  "laboratoryworld": 0.04494585449029127,
  "morbidllnlgov": 0.07073812529489287,
  "xlockapr gmt lawrence": 0.07073812529489287,
  "lawrence": 0.03439815147180442,
  "sgi": 0.03952778349155701,
  "oddity": 0.05924214020607787,
  "programs as timed": 0.06578707400517898,
  "with our sgi": 0.06578707400517898,
  "explanations": 0.04251495587645411,
  "my programs": 0.04237889734094915,
  "chip": 0.02333850703998826,
  "in batch": 0.06289089466154923,
  "xlock nolock is": 0.06578707400517898,
  "no other processes": 0.06578707400517898,
  "mode the": 0.045549835833348866,
  "runtime": 0.046443858283020334,
  "xlock": 0.12167204543093017,
  "to affect": 0.05009261273849169,
  "real or": 0.04970641830084687,
  "batch at": 0.06578707400517898,
  "as timed": 0.06578707400517898,
  "oddity with our": 0.06578707400517898,
  "found an oddity": 0.06578707400517898,
  "our sgi indigo": 0.06578707400517898,
  "i am working": 0.042795103827548975,
  "in the code": 0.060836022715465086,
  "oddity with": 0.06578707400517898,
  "itself is slower": 0.06578707400517898,
  "programs": 0.024869394810560608,
  "indigo": 0.045982868846323396,
  "timed": 0.05298879208212144,
  "clock": 0.03112971497718172,
  "an oddity": 0.06578707400517898,
  "nolock is": 0.06578707400517898,
  "chip when": 0.05588497142575119,
  "nolock": 0.06578707400517898,
  "gmt lawrence": 0.05683876708735493,
  "of my programs": 0.06289089466154923,
  "morbidllnlgov i": 0.07073812529489287,
  "running": 0.043617305359135744,
  "slower than if": 0.06578707400517898,
  "lawrence livermore": 0.05093392013603729,
  "xlock is": 0.06578707400517898,
  "runtime of": 0.06578707400517898,
  "xlockapr gmt": 0.07073812529489287,
  "xlock nolock": 0.06578707400517898,
  "laboratoryworld morbidllnlgov i": 0.07073812529489287,
  "very consistent": 0.05504366402820559,
  "runtimes": 0.06578707400517898,
  "am working remotely": 0.06578707400517898,
  "timed by": 0.07073812529489287,
  "code": 0.023347887024452264,
  "morbidllnlgov i found": 0.07073812529489287,
  "is running": 0.040190510159063914,
  "mips chip": 0.06578707400517898,
  "working remotely or": 0.07073812529489287,
  "runtimes yet": 0.06578707400517898,
  "slower": 0.03528923507875068,
  "not running": 0.05050088712306276,
  "affect my": 0.057939843371835345,
  "clock in the": 0.05683876708735493,
  "running and i": 0.06578707400517898,
  "working remotely": 0.06578707400517898,
  "batch": 0.04251495587645411,
  "runtime of my": 0.06578707400517898,
  "is slower": 0.048037740792407545,
  "sgi indigo mips": 0.06578707400517898,
  "clock in": 0.05504366402820559,
  "livermore national": 0.05139490957273423,
  "imagined thanx": 0.07073812529489287,
  "batch at mode": 0.06578707400517898,
  "consistent": 0.033297075187324006,
  "runtimes yet this": 0.06578707400517898,
  "at mode": 0.06578707400517898,
  "if xlock": 0.07073812529489287,
  "remotely or in": 0.07073812529489287,
  "any explanations": 0.07073812529489287,
  "livermore": 0.044388986336936186,
  "working": 0.02281452286447646,
  "gmt": 0.0011744990290476597,
  "my runtimes": 0.07073812529489287,
  "xlockapr": 0.07073812529489287,
  "by using clock": 0.06578707400517898,
  "national": 0.021961610497452277,
  "gmt lawrence livermore": 0.060836022715465086,
  "lawrence livermore national": 0.05188771579764103,
  "sgi indigo": 0.05298879208212144,
  "mips": 0.04774615511726287,
  "mode the runtime": 0.06578707400517898,
  "when xlock": 0.06578707400517898,
  "timed by using": 0.07073812529489287,
  "or imagined": 0.07073812529489287,
  "explanations real": 0.07073812529489287,
  "our sgi": 0.06289089466154923,
  "mips chip when": 0.07073812529489287,
  "code itself": 0.060836022715465086,
  "real or imagined": 0.07073812529489287,
  "when xlock nolock": 0.06578707400517898,
  "indigo mips chip": 0.06578707400517898,
  "am working": 0.042795103827548975,
  "affect my runtimes": 0.07073812529489287,
  "processes": 0.039349202761518313,
  "than if xlock": 0.07073812529489287,
  "processes seem": 0.06578707400517898,
  "imagined": 0.04774615511726287,
  "running no": 0.06289089466154923,
  "processes seem to": 0.06578707400517898,
  "code itself is": 0.06578707400517898,
  "slower than": 0.04224538210514806,
  "consistent any": 0.07073812529489287,
  "explanations real or": 0.07073812529489287,
  "seem to affect": 0.06578707400517898,
  "is not running": 0.06578707400517898,
  "programs as": 0.05361030191776166,
  "affect": 0.034622083828119245,
  "running no other": 0.06578707400517898,
  "running and": 0.04719643339486196,
  "national laboratoryworld": 0.060836022715465086,
  "real": 0.01809812014827567,
  "national laboratoryworld morbidllnlgov": 0.07073812529489287,
  "any explanations real": 0.07073812529489287,
  "indigo mips": 0.06578707400517898,
  "remotely": 0.044040485164297385,
  "imagined thanx ": 0.07073812529489287,
  "chip when xlock": 0.07073812529489287,
  "consistent any explanations": 0.07073812529489287,
  "the runtime": 0.06578707400517898,
  "the code": 0.03777297874602674,
  "remotely or": 0.07073812529489287,
  "mode": 0.02749212996439737,
  "nolock is running": 0.06578707400517898,
  "other processes": 0.05683876708735493,
  "livermore national laboratoryworld": 0.060836022715465086,
  "laboratoryworld morbidllnlgov": 0.07073812529489287,
  "is very consistent": 0.057939843371835345,
  "xlock is not": 0.06578707400517898
}