{
  "current widgets support": 0.05001685626911618,
  "idea is": 0.027885408619248087,
  "them to add": 0.046516112932954844,
  "in article": 0.004330899502410446,
  "widgetshow apr": 0.05001685626911618,
  "functionality ken lee": 0.05001685626911618,
  "transparent": 0.03251313958830948,
  "alexander cerna": 0.05001685626911618,
  "clara canntppostinghost bugsbunnysynopticscom": 0.04096756602048964,
  "on existing": 0.03951462626063216,
  "lee": 0.022030676748114025,
  "need to write": 0.03790627408326582,
  "clara": 0.03102089608884566,
  "gmt sender": 0.009080959726160872,
  "write": 0.01642305892775392,
  "on existing documents": 0.046516112932954844,
  "it in xt": 0.046516112932954844,
  "several times": 0.0276389936486954,
  "that the user": 0.038919762444185775,
  "santa clara canntppostinghost": 0.03951462626063216,
  "widgets": 0.05564533723851075,
  "your widgets": 0.05001685626911618,
  "transparent widgetshow": 0.05001685626911618,
  "cerna sv": 0.05001685626911618,
  "several acetate transparencies": 0.046516112932954844,
  "article alexander": 0.03668828389732194,
  "transparencies stacked": 0.046516112932954844,
  "that functionality": 0.046516112932954844,
  "user": 0.01801268590979072,
  "oclock widget was": 0.05001685626911618,
  "the user": 0.022110528293703125,
  "by the oclock": 0.046516112932954844,
  "widget was written": 0.046516112932954844,
  "write an": 0.03514595233393213,
  "youll": 0.01872168390651759,
  "existing documents the": 0.046516112932954844,
  "have to subclass": 0.05001685626911618,
  "ken lee": 0.03951462626063216,
  "to subclass": 0.05001685626911618,
  "widgetshow": 0.05001685626911618,
  "communications": 0.01770072023611008,
  "widgets support shape": 0.05001685626911618,
  "synoptics communications": 0.040189027233483283,
  "ken": 0.020868163728055493,
  "on top": 0.024643722325448116,
  "widgets few": 0.05001685626911618,
  "client could someone": 0.046516112932954844,
  "acetate": 0.044468309356650984,
  "lee ": 0.0638365515437262,
  "write an application": 0.044468309356650984,
  "functionality ken": 0.05001685626911618,
  "so youll": 0.036013882924470816,
  "alexander": 0.026512006015795352,
  "sender synoptics communications": 0.040189027233483283,
  "notes": 0.023132967485588865,
  "the annotation": 0.046516112932954844,
  "shape so": 0.0430153695967935,
  "ive": 0.010489365686004998,
  "extension you": 0.044468309356650984,
  "widgets support": 0.046516112932954844,
  "re transparent": 0.046516112932954844,
  "documents the annotation": 0.046516112932954844,
  "widgetshow apr gmt": 0.05001685626911618,
  "functionality": 0.02901239625214814,
  "transparent widgetshow apr": 0.05001685626911618,
  "article alexander cerna": 0.05001685626911618,
  "shape extension": 0.04096756602048964,
  "in article alexander": 0.037062566584967004,
  "add that functionality": 0.05001685626911618,
  "writes": 0.003232450932033912,
  "sv": 0.04096756602048964,
  "to add": 0.022529898135167724,
  "synoptics": 0.037062566584967004,
  "an application": 0.027579223660579227,
  "shape extension you": 0.046516112932954844,
  "written": 0.017470738811033143,
  "user can": 0.034181026895736634,
  "few current widgets": 0.05001685626911618,
  "writes i": 0.013376023894988208,
  "sv writes i": 0.05001685626911618,
  "sender synoptics": 0.040189027233483283,
  "application": 0.01881511831936567,
  "sv writes": 0.05001685626911618,
  "ken lee ": 0.04096756602048964,
  "canntppostinghost bugsbunnysynopticscom in": 0.04096756602048964,
  "client could": 0.046516112932954844,
  "canntppostinghost bugsbunnysynopticscom": 0.04096756602048964,
  "apr gmt": 0.007597234537116638,
  "top": 0.017351711187781057,
  "user can see": 0.044468309356650984,
  "idea": 0.013978031284125551,
  "people the idea": 0.0430153695967935,
  "canntppostinghost": 0.03267348654949423,
  "santa": 0.024108276900817828,
  "synoptics communications santa": 0.040189027233483283,
  "idea is something": 0.046516112932954844,
  "transparencies stacked on": 0.046516112932954844,
  "in your widgets": 0.05001685626911618,
  "add that": 0.030061079912644326,
  "annotation could": 0.046516112932954844,
  "does annotation": 0.046516112932954844,
  "add": 0.01731265062919653,
  "several acetate": 0.046516112932954844,
  "notes on existing": 0.046516112932954844,
  "shape so youll": 0.05001685626911618,
  "shape": 0.04827650062506813,
  "stacked": 0.0374668226843283,
  "subclass them": 0.05001685626911618,
  "existing": 0.021704724621156593,
  "stacked on top": 0.046516112932954844,
  "article": 0.003981855323805447,
  "that functionality ken": 0.05001685626911618,
  "ive seen something": 0.044468309356650984,
  "subclass them to": 0.05001685626911618,
  "client": 0.025023119449024418,
  "re transparent widgetshow": 0.05001685626911618,
  "youll have": 0.027699479462062655,
  "annotation could be": 0.046516112932954844,
  "acetate transparencies stacked": 0.046516112932954844,
  "oclock client could": 0.046516112932954844,
  "youll have to": 0.02885698383463928,
  "having several acetate": 0.046516112932954844,
  "oclock widget": 0.05001685626911618,
  "stacked on": 0.046516112932954844,
  "sender": 0.0033048158874576555,
  "was written": 0.024778410442024685,
  "application which": 0.03541901910802443,
  "apr": 0.006635473173177473,
  "acetate transparencies": 0.046516112932954844,
  "current": 0.01610690409785622,
  "the idea": 0.01911737547092755,
  "bugsbunnysynopticscom in article": 0.04096756602048964,
  "them ive": 0.0374668226843283,
  "cerna": 0.05001685626911618,
  "annotation notes on": 0.046516112932954844,
  "support shape so": 0.05001685626911618,
  "times by different": 0.046516112932954844,
  "the oclock widget": 0.05001685626911618,
  "which does annotation": 0.046516112932954844,
  "annotation notes": 0.046516112932954844,
  "gmt": 0.0008304538589225878,
  "does annotation notes": 0.046516112932954844,
  "written using": 0.05001685626911618,
  "xt": 0.027124939637029027,
  "ive seen": 0.019963106003521598,
  "documents the": 0.04096756602048964,
  "using the shape": 0.05001685626911618,
  "times": 0.014670847974921221,
  "communications santa clara": 0.040189027233483283,
  "support": 0.013606046892333806,
  "oclock client": 0.046516112932954844,
  "apr gmt sender": 0.011435234190029448,
  "of them ive": 0.0430153695967935,
  "few current": 0.05001685626911618,
  "written using the": 0.05001685626911618,
  "writes i need": 0.03375990765867072,
  "top of": 0.02219166264978296,
  "documents": 0.02393207862303782,
  "alexander cerna sv": 0.05001685626911618,
  "the shape": 0.03541901910802443,
  "widget was": 0.046516112932954844,
  "santa clara": 0.03102089608884566,
  "existing documents": 0.046516112932954844,
  "the oclock client": 0.046516112932954844,
  "times by": 0.038919762444185775,
  "support shape": 0.05001685626911618,
  "extension": 0.025591190072391544,
  "top of each": 0.044468309356650984,
  "gmt sender synoptics": 0.040189027233483283,
  "notes on": 0.0315140196725018,
  "subclass": 0.04188838196389345,
  "much the oclock": 0.05001685626911618,
  "the shape extension": 0.04188838196389345,
  "done several times": 0.044468309356650984,
  "cerna sv writes": 0.05001685626911618,
  "widgets few current": 0.05001685626911618,
  "bugsbunnysynopticscom": 0.04096756602048964,
  "clara canntppostinghost": 0.03951462626063216,
  "to write": 0.02270790792840851,
  "widget": 0.02583760504294423,
  "current widgets": 0.05001685626911618,
  "xt thank you": 0.046516112932954844,
  "oclock": 0.06977379058314154,
  "communications santa": 0.040189027233483283,
  "application which does": 0.044468309356650984,
  "the oclock": 0.09303222586590969,
  "bugsbunnysynopticscom in": 0.04096756602048964,
  "transparencies": 0.03951462626063216,
  "xt thank": 0.046516112932954844,
  "annotation": 0.07783952488837155,
  "in xt": 0.0430153695967935,
  "extension you can": 0.05001685626911618
}