{
  "dont": 0.0032846309397761867,
  "framebuffer built": 0.02482531094535056,
  "not care": 0.017034551490104834,
  "hires": 0.038113877074009636,
  "and set": 0.01589219502979119,
  "loose the back": 0.02482531094535056,
  "daughterboard i have": 0.02482531094535056,
  "in article": 0.002311369545760831,
  "portal system": 0.016149095783980747,
  "a cgfour": 0.02482531094535056,
  "though the color": 0.026693632186752032,
  "two headed": 0.043728183676856866,
  "its any consolation": 0.02482531094535056,
  "monitor will function": 0.026693632186752032,
  "care": 0.008421974780592523,
  "mono monitors": 0.026693632186752032,
  "connection and be": 0.026693632186752032,
  "have two headed": 0.026693632186752032,
  "i recentley picked": 0.02482531094535056,
  "jumper located": 0.026693632186752032,
  "motherboard the jumpers": 0.026693632186752032,
  "ramsimm selects and": 0.026693632186752032,
  "monitors": 0.012494553590894002,
  "system with": 0.029501459527987543,
  "xsun man": 0.02482531094535056,
  "system also": 0.021448591353718842,
  "a color": 0.030883828956276903,
  "function this": 0.023732413079829904,
  "monitors for": 0.02235552460606712,
  "any consolation": 0.02482531094535056,
  "article matthew": 0.01726908350355397,
  "aheaded sun": 0.02482531094535056,
  "have a sun": 0.021448591353718842,
  "a mono framebuffer": 0.02482531094535056,
  "quadrant of the": 0.02482531094535056,
  "leftrear": 0.026693632186752032,
  "sucessfuly done": 0.02482531094535056,
  "tube i recentley": 0.02482531094535056,
  "sun systems": 0.02295698970394909,
  "re is aheaded": 0.026693632186752032,
  "pull": 0.02461347418643496,
  "the cgfour": 0.02482531094535056,
  "color": 0.040099069006442264,
  "and ethernet connection": 0.026693632186752032,
  "array as the": 0.026693632186752032,
  "jumpers for": 0.02295698970394909,
  "system": 0.01895814689161324,
  "has a mono": 0.02482531094535056,
  "sucessfuly": 0.02482531094535056,
  "left": 0.007919830716128293,
  "and mono": 0.02108866846254762,
  "color monitor having": 0.02482531094535056,
  "of the motherboard": 0.020487203364665654,
  "headed": 0.03122621928362098,
  "framebuffer built on": 0.02482531094535056,
  "a two headed": 0.021864091838428433,
  "their configuration": 0.023732413079829904,
  "your hires mono": 0.026693632186752032,
  "mono monitors for": 0.026693632186752032,
  "simply": 0.008241125784423056,
  "having a color": 0.02482531094535056,
  "selects and": 0.026693632186752032,
  "if i loose": 0.023732413079829904,
  "rated their configuration": 0.026693632186752032,
  "portal": 0.015020496498648712,
  "eg northwest": 0.026693632186752032,
  "situation except": 0.026693632186752032,
  "leftrear eg": 0.026693632186752032,
  "happily": 0.01589219502979119,
  "a plugnplay": 0.026693632186752032,
  "floryan ": 0.04965062189070112,
  "a plugnplay situation": 0.026693632186752032,
  "same system": 0.019394305499144993,
  "mono monitor": 0.04746482615965981,
  "i dont": 0.004920700748108041,
  "monitor having a": 0.02482531094535056,
  "monitor and i": 0.023732413079829904,
  "color front": 0.023732413079829904,
  "selects and ethernet": 0.026693632186752032,
  "left of": 0.01743760198598344,
  "the same tube": 0.02482531094535056,
  "kleinmann": 0.026693632186752032,
  "monitors for each": 0.026693632186752032,
  "the simm sockets": 0.026693632186752032,
  "anybody sucessfuly": 0.02482531094535056,
  "array as": 0.026693632186752032,
  "built on": 0.0177119488709159,
  "daughterboard": 0.021448591353718842,
  "configuration": 0.012914689360993152,
  "pdt": 0.012622592226972177,
  "if your hires": 0.026693632186752032,
  "aheaded": 0.02295698970394909,
  "back screen": 0.04965062189070112,
  "built": 0.00998614238488597,
  "ethernet connection": 0.02482531094535056,
  "ethernet": 0.014227398188681219,
  "hires jumper located": 0.026693632186752032,
  "picked": 0.012898500616895547,
  "tube": 0.028895109213018865,
  "monitor having": 0.02482531094535056,
  "headed sun systems": 0.026693632186752032,
  "of the simm": 0.023732413079829904,
  "jumper array as": 0.026693632186752032,
  "same jumper": 0.026693632186752032,
  "simm": 0.015280946190533003,
  "screen from": 0.04746482615965981,
  "each are rated": 0.026693632186752032,
  "except i dont": 0.026693632186752032,
  "ramsimm selects": 0.026693632186752032,
  "monitor and": 0.01620355052068565,
  "quadrant": 0.020771193972907772,
  "on the color": 0.023732413079829904,
  "jumpers": 0.03140593044409317,
  "rated": 0.015526153139874585,
  "your hires": 0.026693632186752032,
  "situation": 0.009324006157909872,
  "cgfour and": 0.04965062189070112,
  "the hires": 0.02295698970394909,
  "hires mono": 0.026693632186752032,
  "northwest quadrant": 0.026693632186752032,
  "axsun mono": 0.02482531094535056,
  "color tube from": 0.02482531094535056,
  "jumper": 0.030801524524305,
  "mono": 0.0818692202802683,
  "the simm": 0.021448591353718842,
  "recentley picked": 0.02482531094535056,
  "with a color": 0.02295698970394909,
  "dont know if": 0.012439543155230373,
  "and mono monitors": 0.026693632186752032,
  "sun": 0.028010677926023488,
  "be happily": 0.026693632186752032,
  "sun that has": 0.02482531094535056,
  "loose": 0.014073332383182705,
  "i recentley": 0.02482531094535056,
  "plugnplay situation except": 0.026693632186752032,
  "a mono": 0.04217733692509524,
  "do not care": 0.019394305499144993,
  "will function": 0.02482531094535056,
  "is aheaded": 0.02482531094535056,
  "color and mono": 0.02482531094535056,
  "as the jumpers": 0.026693632186752032,
  "writes i": 0.007138686607028747,
  "mono back": 0.02482531094535056,
  "color and": 0.0177119488709159,
  "plugnplay": 0.02482531094535056,
  "pull the": 0.03406910298020967,
  "wedapr pdt the": 0.021448591353718842,
  "motherboard": 0.04975817262092149,
  "daughterboard i": 0.02482531094535056,
  "screen from the": 0.04965062189070112,
  "tube i": 0.02482531094535056,
  "consolation": 0.019995770597026962,
  "and ethernet": 0.021448591353718842,
  "axsun": 0.02482531094535056,
  "pull the motherboard": 0.053387264373504065,
  "pdt the portal": 0.0163158758479109,
  "the color": 0.029501459527987543,
  "headed system": 0.02482531094535056,
  "possible wedapr": 0.026693632186752032,
  "sun systems though": 0.026693632186752032,
  "care if": 0.015941653624584176,
  "happily on your": 0.026693632186752032,
  "the portal": 0.016149095783980747,
  "tm world in": 0.02482531094535056,
  "sucessfuly done this": 0.02482531094535056,
  "up axsun mono": 0.02482531094535056,
  "simm sockets": 0.023732413079829904,
  "simply be": 0.01812744935562549,
  "are rated": 0.02295698970394909,
  "able to pull": 0.02235552460606712,
  "the xsun": 0.02108866846254762,
  "built on the": 0.020771193972907772,
  "mono monitor and": 0.02482531094535056,
  "same jumper array": 0.026693632186752032,
  "from the cgfour": 0.02482531094535056,
  "system with a": 0.018618882123264183,
  "system also has": 0.023732413079829904,
  "jumper array": 0.026693632186752032,
  "the ramsimm selects": 0.026693632186752032,
  "simm sockets thad": 0.026693632186752032,
  "loose the": 0.02295698970394909,
  "the ramsimm": 0.026693632186752032,
  "motherboard to the": 0.02482531094535056,
  "tube from the": 0.02482531094535056,
  "northwest quadrant of": 0.026693632186752032,
  "function": 0.011087270540128705,
  "screen on": 0.02108866846254762,
  "using this system": 0.02482531094535056,
  "color monitor": 0.01791170081742189,
  "a sun": 0.014564765150821397,
  "has anybody sucessfuly": 0.02482531094535056,
  "has a cgfour": 0.02482531094535056,
  "when you pull": 0.026693632186752032,
  "systems though the": 0.026693632186752032,
  "the same system": 0.019394305499144993,
  "matthew kleinmann writes": 0.026693632186752032,
  "front screen": 0.02482531094535056,
  "writes i have": 0.012818984001271023,
  "article": 0.0021250872078530415,
  "sun that": 0.021448591353718842,
  "motherboard the same": 0.02482531094535056,