{
  "getapplicationshellwidgetclass the": 0.037520014009537944,
  "to are lxaw": 0.03878733591461187,
  "the makefile": 0.0311459215736951,
  "what im missing": 0.037520014009537944,
  "article wilson": 0.037520014009537944,
  "linking to usrliblibxmua": 0.043627037626806184,
  "firstare": 0.03878733591461187,
  "lxaw lxmu lxt": 0.03573382410597775,
  "getwmshellwidgetclass": 0.03348349096163417,
  "missing": 0.019113731867675374,
  "have a piece": 0.03878733591461187,
  "pmaxmach as": 0.03878733591461187,
  "imake template": 0.03878733591461187,
  "wilson": 0.023125009652543962,
  "start i think": 0.03505474622127617,
  "lxext the": 0.03878733591461187,
  "usrliblibxmua instead": 0.043627037626806184,
  "well the firstare": 0.040573525818172064,
  "that solved": 0.03878733591461187,
  "i linked": 0.03878733591461187,
  "writes": 0.005638989291125238,
  "it compiles": 0.03505474622127617,
  "on pmax pmaxmach": 0.03878733591461187,
  "to compile": 0.024974586064703718,
  "pointers as": 0.037520014009537944,
  "math library": 0.037520014009537944,
  "piece": 0.0189481000898912,
  "floor": 0.02158322130105526,
  "compiles fine": 0.03653700277026829,
  "pmax pmaxmach": 0.03878733591461187,
  "gmt in": 0.007551070553079743,
  "on pmax": 0.03878733591461187,
  "code that compiles": 0.03878733591461187,
  "math library try": 0.040573525818172064,
  "easy": 0.014698965248818337,
  "lxaw": 0.03306362232813495,
  "x code that": 0.03878733591461187,
  "fine": 0.014223683477843953,
  "start": 0.0123204026588445,
  "compiles": 0.06465540250064729,
  "lxt": 0.03169730105807398,
  "me pointers": 0.037520014009537944,
  "following libraries": 0.03878733591461187,
  "pow floor": 0.037520014009537944,
  "of x code": 0.03878733591461187,
  "that compiles": 0.03878733591461187,
  "piece of x": 0.03878733591461187,
  "after dont": 0.03878733591461187,
  "dont know": 0.012371247418492829,
  "sin cos pow": 0.037520014009537944,
  "libraries that i": 0.03878733591461187,
  "generated off an": 0.03878733591461187,
  "the whole problem": 0.03878733591461187,
  "cos": 0.026956598710866704,
  "template": 0.03089412239378343,
  "the problem": 0.013587724563918423,
  "missing out": 0.03653700277026829,
  "makefile is generated": 0.03878733591461187,
  "firstare easy": 0.040573525818172064,
  "compiling": 0.026482454815746154,
  "compile on a": 0.03505474622127617,
  "adding": 0.021054509083179494,
  "to usrliblibxmua": 0.043627037626806184,
  "wilson swee": 0.03878733591461187,
  "on neosoft": 0.043627037626806184,
  "lxmu at": 0.043627037626806184,
  "usrliblibxmua": 0.043627037626806184,
  "lxmu": 0.06282598078453941,
  "out to compile": 0.03878733591461187,
  "pmax": 0.03878733591461187,
  "solved the": 0.032327701250323644,
  "article": 0.006946320300559282,
  "gmt": 0.0007243606346549444,
  "least that solved": 0.043627037626806184,
  "fine on pmax": 0.03878733591461187,
  "wedapr gmt": 0.012188785606584828,
  "pow": 0.03306362232813495,
  "problem for": 0.02503889795642686,
  "lxmu lxt lxext": 0.03653700277026829,
  "a start": 0.028947722604007926,
  "pointers as to": 0.037520014009537944,
  "sin": 0.018931874339158616,
  "me undefined ld": 0.03878733591461187,
  "math": 0.018819937266359634,
  "wilson swee writes": 0.03878733591461187,
  "lxmu lxt": 0.03573382410597775,
  "try adding": 0.034466502200903824,
  "makefile": 0.02944696791373041,
  "the math": 0.0276024289936503,
  "linked it": 0.03573382410597775,
  "its a start": 0.037520014009537944,
  "errors": 0.01889960103478825,
  "compiling on neosoft": 0.043627037626806184,
  "compiles fine on": 0.03878733591461187,
  "pmaxmach": 0.03878733591461187,
  "in article wilson": 0.037520014009537944,
  "dont": 0.005368273474259759,
  "x code": 0.03505474622127617,
  "lxmu at least": 0.043627037626806184,
  "lxext the makefile": 0.03878733591461187,
  "ld errors sin": 0.03878733591461187,
  "gives me undefined": 0.03878733591461187,
  "pmaxmach as well": 0.03878733591461187,
  "im missing": 0.030010110519500827,
  "neosoft communications services": 0.032327701250323644,
  "the following libraries": 0.03878733591461187,
  "getwmshellwidgetclass getapplicationshellwidgetclass": 0.03394763420241755,
  "off an imake": 0.03878733591461187,
  "problem for me": 0.037520014009537944,
  "communications services": 0.023339944296462165,
  "errors sin": 0.03878733591461187,
  "services wedapr gmt": 0.037520014009537944,
  "imake template can": 0.03878733591461187,
  "of lxmu": 0.043627037626806184,
  "compiling on": 0.032680312297343625,
  "easy you": 0.03505474622127617,
  "dont know if": 0.020330707095112196,
  "services": 0.014422794219592751,
  "usrliblibxmua instead of": 0.043627037626806184,
  "article writes": 0.012238125329402166,
  "cos pow": 0.037520014009537944,
  "writes i have": 0.020950850504279955,
  "pmax pmaxmach as": 0.03878733591461187,
  "firstare easy you": 0.040573525818172064,
  "on neosoft communications": 0.043627037626806184,
  "that compiles fine": 0.03878733591461187,
  "sin cos": 0.03573382410597775,
  "imake": 0.029814287776898034,
  "compiles on it": 0.03878733591461187,
  "instead of lxmu": 0.043627037626806184,
  "an imake": 0.03878733591461187,
  "lxaw lxmu": 0.034466502200903824,
  "code": 0.014399577900543248,
  "in article": 0.007555225563676373,
  "getapplicationshellwidgetclass": 0.03348349096163417,
  "library try": 0.040573525818172064,
  "need the math": 0.040573525818172064,
  "should try linking": 0.043627037626806184,
  "adding lm": 0.040573525818172064,
  "template can": 0.03653700277026829,
  "re compiling": 0.034466502200903824,
  "easy you need": 0.040573525818172064,
  "libraries that": 0.03505474622127617,
  "makefile is": 0.037520014009537944,
  "lm": 0.030429979153000056,
  "services wedapr": 0.03653700277026829,
  "the firstare easy": 0.040573525818172064,
  "linking to": 0.043627037626806184,
  "lxt lxext": 0.03653700277026829,
  "give me pointers": 0.037520014009537944,
  "lm after": 0.040573525818172064,
  "are lxaw": 0.03878733591461187,
  "lm after dont": 0.040573525818172064,
  "is generated": 0.028643789249439857,
  "me undefined": 0.03878733591461187,
  "in article writes": 0.012245219189781479,
  "x": 0.013501904583425813,
  "compiles on": 0.03878733591461187,
  "compile": 0.023041888576313202,
  "lxext": 0.03200123441264205,
  "are lxaw lxmu": 0.03878733591461187,
  "gmt in article": 0.00801766049558867,
  "neosoft": 0.032327701250323644,
  "solved": 0.0241607794426802,
  "libraries": 0.021889266996274498,
  "linked it to": 0.03878733591461187,
  "try linking": 0.043627037626806184,
  "communications": 0.015439394743391172,
  "try adding lm": 0.040573525818172064,
  "piece of": 0.02011365401578716,
  "whole problem": 0.037520014009537944,
  "neosoft communications": 0.032327701250323644,
  "ld errors": 0.037520014009537944,
  "code that": 0.026760775968263914,
  "getwmshellwidgetclass getapplicationshellwidgetclass the": 0.037520014009537944,
  "undefined ld errors": 0.03878733591461187,
  "linked": 0.026220677633055404,
  "swee writes i": 0.040573525818172064,
  "floor getwmshellwidgetclass getapplicationshellwidgetclass": 0.03878733591461187,
  "swee": 0.03878733591461187,
  "errors sin cos": 0.03878733591461187,
  "article writes in": 0.018819937266359634,
  "cos pow floor": 0.037520014009537944,
  "communications services wedapr": 0.040573525818172064,
  "linking": 0.02927418944168952,
  "generated": 0.021857687747470038,
  "compile on": 0.032327701250323644,
  "swee writes": 0.03878733591461187,
  "undefined ld": 0.03878733591461187,
  "generated off": 0.03878733591461187,
  "template can anyone": 0.03878733591461187,
  "problem but its": 0.040573525818172064,
  "start i": 0.02927418944168952,
  "the firstare": 0.03878733591461187,
  "pointers": 0.023659638978553953,
  "getapplicationshellwidgetclass the following": 0.03878733591461187,
  "problem but": 0.02405588671715721,
  "missing out to": 0.03878733591461187,
  "library try adding": 0.040573525818172064,