{
  "a bug": 0.053936778433935274,
  "linking with assert": 0.09003034128440912,
  "lm math": 0.09003034128440912,
  "shared libraries": 0.06427385633844351,
  "link with": 0.07005557239953439,
  "in article": 0.007795619104338802,
  "getwmshellwidgetclass": 0.06909774952991779,
  "pow floor": 0.07742766527422829,
  "getapplicationshellwidgetclass this": 0.09003034128440912,
  "libraries linking with": 0.09003034128440912,
  "math library": 0.07742766527422829,
  "department of": 0.03199846278546361,
  "math": 0.03883750690421488,
  "suns shared": 0.0837290032793187,
  "swee writes sin": 0.09003034128440912,
  "floor link": 0.09003034128440912,
  "suns": 0.051026164546696465,
  "article wilson swee": 0.08004295684197175,
  "getwmshellwidgetclass getapplicationshellwidgetclass": 0.07005557239953439,
  "uppsala": 0.061138942826700515,
  "nodefinitions": 0.0837290032793187,
  "getwmshellwidgetclass getapplicationshellwidgetclass this": 0.09003034128440912,
  "lm math library": 0.09003034128440912,
  "university thuapr gmt": 0.04996925721837045,
  "assert nodefinitions": 0.0837290032793187,
  "thuapr gmt": 0.023248430285197366,
  "gmt in": 0.015582663777719103,
  "swee writes": 0.08004295684197175,
  "department": 0.026242980521734398,
  "nodefinitions should do": 0.09003034128440912,
  "uppsala university": 0.07005557239953439,
  "uppsala university thuapr": 0.08004295684197175,
  "getapplicationshellwidgetclass": 0.06909774952991779,
  "compiling on department": 0.09003034128440912,
  "article": 0.007167339582849803,
  "compiling on": 0.06744028083179093,
  "sin cos": 0.07374161883688135,
  "shared": 0.045920975248776225,
  "cos pow floor": 0.07742766527422829,
  "in suns": 0.08004295684197175,
  "linking with": 0.08004295684197175,
  "of scientific": 0.05360003960047756,
  "writes sin": 0.09003034128440912,
  "sin": 0.03906850431808186,
  "assert nodefinitions should": 0.09003034128440912,
  "library getwmshellwidgetclass getapplicationshellwidgetclass": 0.09003034128440912,
  "department of scientific": 0.0753990875350082,
  "libraries": 0.045171487346857365,
  "scientific computing uppsala": 0.0723402490202699,
  "getapplicationshellwidgetclass this is": 0.09003034128440912,
  "libraries linking": 0.09003034128440912,
  "with lm": 0.09003034128440912,
  "bug": 0.04543693420769612,
  "n": 0.0342919186527442,
  "thuapr": 0.022171160969531596,
  "with assert nodefinitions": 0.09003034128440912,
  "nodefinitions should": 0.09003034128440912,
  "math library getwmshellwidgetclass": 0.09003034128440912,
  "bug in": 0.057708995270868986,
  "assert": 0.04922455610502603,
  "pow floor link": 0.09003034128440912,
  "shared libraries linking": 0.09003034128440912,
  "trick": 0.04578002809844927,
  "swee": 0.08004295684197175,
  "wilson swee writes": 0.08004295684197175,
  "is a bug": 0.06823129334987847,
  "link": 0.04257256105642434,
  "link with lm": 0.09003034128440912,
  "gmt": 0.001494816946060658,
  "floor": 0.04453992032126858,
  "library": 0.037734226385994274,
  "of scientific computing": 0.0723402490202699,
  "bug in suns": 0.09003034128440912,
  "floor link with": 0.09003034128440912,
  "wilson swee": 0.08004295684197175,
  "in suns shared": 0.09003034128440912,
  "trick n": 0.09003034128440912,
  "cos": 0.05562861733969765,
  "with assert": 0.09003034128440912,
  "pow": 0.06823129334987847,
  "scientific": 0.036621880094845204,
  "on department": 0.09003034128440912,
  "n ": 0.14225265453827576,
  "sin cos pow": 0.07742766527422829,
  "wilson": 0.047721610828431626,
  "computing uppsala university": 0.0753990875350082,
  "the trick n": 0.09003034128440912,
  "in article wilson": 0.07742766527422829,
  "article wilson": 0.07742766527422829,
  "re compiling": 0.07112632726913788,
  "thuapr gmt in": 0.032851108821600056,
  "writes sin cos": 0.09003034128440912,
  "university thuapr": 0.04844205966165109,
  "writes": 0.00581841167766104,
  "linking": 0.06041128184785018,
  "trick n ": 0.09003034128440912,
  "suns shared libraries": 0.09003034128440912,
  "computing": 0.031711278019212794,
  "the trick": 0.05265876070101538,
  "gmt in article": 0.016545535749987527,
  "do the trick": 0.05852365125895705,
  "with lm math": 0.09003034128440912,
  "lm": 0.06279641152482737,
  "library getwmshellwidgetclass": 0.09003034128440912,
  "computing uppsala": 0.0723402490202699,
  "scientific computing": 0.06427385633844351,
  "cos pow": 0.07742766527422829,
  "compiling": 0.05465015675613069,
  "university": 0.008874146845754697
}