{
  "john l cwikla": 0.04715875019659526,
  "associations with": 0.04385804933678599,
  "wolfram": 0.06679015031798893,
  "selections sender": 0.04715875019659526,
  "o wolfram research": 0.04715875019659526,
  "and foreground": 0.04715875019659526,
  "send the": 0.026174372828670238,
  "o letter of": 0.04715875019659526,
  "able to send": 0.037892511391569954,
  "and pixmapscolormaps": 0.04715875019659526,
  "x programmer": 0.0419272631076995,
  "o ": 0.06487900083739702,
  "sender": 0.003115969265317218,
  "associations with the": 0.04715875019659526,
  "selections and pixmapscolormaps": 0.04715875019659526,
  "of the alphabet": 0.04715875019659526,
  "pixmapscolormaps": 0.04715875019659526,
  "pixmaps and": 0.04055734847697673,
  "pixmap id and": 0.04715875019659526,
  "inc o": 0.04715875019659526,
  "tia": 0.03313761220056458,
  "colormaps": 0.033667258082041844,
  "x was never": 0.04715875019659526,
  "gmt i want": 0.036695776018803736,
  "john o": 0.04385804933678599,
  "monapr": 0.012449570698874982,
  "o o o": 0.08741639867666774,
  "john": 0.02587803082631122,
  "x": 0.029189831813691995,
  "colormap id how": 0.04715875019659526,
  "one client": 0.04385804933678599,
  "problem however once": 0.04715875019659526,
  "tia john": 0.04715875019659526,
  "o o wolfram": 0.04715875019659526,
  "john l": 0.03619405927757599,
  "cwikla o o": 0.04715875019659526,
  "pixmap from one": 0.04715875019659526,
  "about telling": 0.04715875019659526,
  "cwikla o": 0.04715875019659526,
  "second receiving": 0.04715875019659526,
  "send the colormap": 0.04715875019659526,
  "two ids": 0.04715875019659526,
  "the first o": 0.04715875019659526,
  "letter of": 0.03146428892990798,
  "x programmer o": 0.04715875019659526,
  "with no problem": 0.0349447056372546,
  "ids": 0.03339507515899447,
  "background pixel values": 0.04385804933678599,
  "alphabet": 0.0349447056372546,
  "inc monapr": 0.029713218548358844,
  "problem i can": 0.03949476013738525,
  "client to": 0.03862656224789023,
  "the alphabet o": 0.04715875019659526,
  "wolfram research inc": 0.07148040255701556,
  "morrisonwricom": 0.04715875019659526,
  "colormap": 0.058063571919187464,
  "colormaps sent through": 0.04715875019659526,
  "background pixel": 0.04055734847697673,
  "have associations": 0.0419272631076995,
  "receiving client": 0.04715875019659526,
  "to send": 0.04244381113922566,
  "colormap and": 0.03725664761716747,
  "no problem": 0.02256453127314995,
  "and background pixel": 0.04385804933678599,
  "o x programmer": 0.04715875019659526,
  "o wolfram": 0.04715875019659526,
  "client now wants": 0.04715875019659526,
  "problem i": 0.022873671968860976,
  "selections and": 0.04385804933678599,
  "client to the": 0.04715875019659526,
  "values": 0.01899921207450825,
  "letter of the": 0.03619405927757599,
  "client now": 0.04715875019659526,
  "two ids tia": 0.04715875019659526,
  "morrisonwricom wolfram research": 0.04715875019659526,
  "letter": 0.019196284532426607,
  "through selections": 0.04715875019659526,
  "to have associations": 0.04715875019659526,
  "l": 0.016571859894054682,
  "background": 0.02122190556961283,
  "l cwikla o": 0.04715875019659526,
  "the two ids": 0.04715875019659526,
  "o x was": 0.04715875019659526,
  "monapr gmt i": 0.026291956698148197,
  "send": 0.027965432406390666,
  "ids tia": 0.04715875019659526,
  "first o o": 0.04715875019659526,
  "selections sender nntppostinghost": 0.04715875019659526,
  "o o ": 0.036695776018803736,
  "wolfram research": 0.07148040255701556,
  "o": 0.20513082828616613,
  "foreground and": 0.036695776018803736,
  "foreground and background": 0.037892511391569954,
  "programmer o": 0.04715875019659526,
  "programmer o x": 0.04715875019659526,
  "selections selections and": 0.04715875019659526,
  "morrisonwricom wolfram": 0.04715875019659526,
  "the alphabet": 0.0419272631076995,
  "selections": 0.09798307290802258,
  "programmer": 0.023765155502614054,
  "tia john o": 0.04715875019659526,
  "monapr gmt": 0.013015323799216072,
  "sender nntppostinghost morrisonwricom": 0.04715875019659526,
  "and colormaps": 0.04715875019659526,
  "server that": 0.03459181053176069,
  "problem": 0.020299307474754662,
  "foreground": 0.03313761220056458,
  "and pixmapscolormaps selections": 0.04715875019659526,
  "a problem": 0.017351219415333716,
  "colormap and foreground": 0.04715875019659526,
  "o letter": 0.04715875019659526,
  "client": 0.047186453818160334,
  "the pixmap": 0.03725664761716747,
  "o x": 0.07725312449578046,
  "through selections selections": 0.04715875019659526,
  "x was": 0.03459181053176069,
  "ids tia john": 0.04715875019659526,
  "want to send": 0.03289335841776673,
  "pixmap id": 0.04715875019659526,
  "cwikla": 0.04715875019659526,
  "values so": 0.03725664761716747,
  "pixmaps and colormaps": 0.04715875019659526,
  "selections selections": 0.04715875019659526,
  "john o john": 0.04715875019659526,
  "go about telling": 0.04715875019659526,
  "send a pixmap": 0.04715875019659526,
  "telling the server": 0.04715875019659526,
  "o john": 0.04715875019659526,
  "o o x": 0.04385804933678599,
  "inc monapr gmt": 0.029963902993527518,
  "inc o letter": 0.04715875019659526,
  "pixmap": 0.058277599117778495,
  "have the pixmap": 0.04715875019659526,
  "pixmap from": 0.04715875019659526,
  "alphabet o o": 0.04715875019659526,
  "o john l": 0.04715875019659526,
  "gmt i": 0.01615043910304893,
  "gmt": 0.0007829993526984399,
  "pixel values so": 0.04715875019659526,
  "colormap id": 0.04715875019659526,
  "research inc o": 0.04715875019659526,
  "receiving": 0.024647379631298393,
  "sent through selections": 0.04715875019659526,
  "telling": 0.02022545585935786,
  "pixmaps": 0.03243950041869851,
  "pixmapscolormaps selections sender": 0.04715875019659526,
  "values so far": 0.04715875019659526,
  "research inc monapr": 0.037892511391569954,
  "server": 0.018429768188029532,
  "sender nntppostinghost": 0.014198473129208928,
  "not a problem": 0.030508714189612013,
  "receiving client now": 0.04715875019659526,
  "o o": 0.14891399025873886,
  "nntppostinghost": 0.008108451163221139,
  "server that the": 0.04715875019659526,
  "problem however": 0.036695776018803736,
  "l cwikla": 0.04715875019659526,
  "from one client": 0.04715875019659526,
  "alphabet o": 0.04715875019659526,
  "and the colormap": 0.04715875019659526,
  "second receiving client": 0.04715875019659526,
  "nntppostinghost morrisonwricom wolfram": 0.04715875019659526,
  "pixel": 0.024361170469061704,
  "a pixmap": 0.032661024302674195,
  "pixel values": 0.03532586138808096,
  "colormaps sent": 0.04715875019659526,
  "and background": 0.0339559467573582,
  "send a": 0.02424358659958374,
  "the colormap": 0.06627522440112917,
  "the second receiving": 0.04715875019659526,
  "nntppostinghost morrisonwricom": 0.04715875019659526,
  "the server": 0.024732415904631756,
  "pixmapscolormaps selections": 0.04715875019659526,
  "associations": 0.030655245897548936,
  "first o": 0.04715875019659526,
  "telling the": 0.029713218548358844
}