{
  "of maryland baltimore": 0.06395199044393968,
  "unixworld april yes": 0.08537359949383623,
  "xserver": 0.0542449967986274,
  "nice but": 0.05872668179247144,
  "banz if": 0.08537359949383623,
  "rob": 0.03812671222364666,
  "steve jobs": 0.06262310527301504,
  "alternative to microsoftit": 0.08537359949383623,
  "subject says it": 0.05999050484584967,
  "banz": 0.17074719898767246,
  "jobs unixworld": 0.08537359949383623,
  "an alternative": 0.050985805988971795,
  "father": 0.03809086730857196,
  "umbcedu xauthuser": 0.07149913473147329,
  "jobs": 0.04295997082290412,
  "april yes bill": 0.08537359949383623,
  "os presentation fose": 0.08537359949383623,
  "xserver for": 0.07590280390186978,
  "in advance rob": 0.08537359949383623,
  "alternative": 0.03737062963382677,
  "find": 0.018291220534910887,
  "maryland": 0.040464236107272254,
  "campusna umbcedu xauthuser": 0.08537359949383623,
  "steve": 0.028361666576771062,
  "xauthuser banz": 0.08537359949383623,
  "university of maryland": 0.04509059230019911,
  "ibm os presentation": 0.08537359949383623,
  "in advance": 0.028361666576771062,
  "campusna umbcedu": 0.08537359949383623,
  "your father": 0.06202833913950683,
  "rob banz if": 0.08537359949383623,
  "presentation fose ": 0.08537359949383623,
  "binaries": 0.055496565849011,
  "bill": 0.02600694740305597,
  "yes bill": 0.08537359949383623,
  "good steve jobs": 0.08537359949383623,
  "microsoftit will have": 0.08537359949383623,
  "banz subject": 0.08537359949383623,
  "banz subject says": 0.08537359949383623,
  "university of": 0.01361207938429399,
  "thanks in advance": 0.031009157364974026,
  "unixworld april": 0.08537359949383623,
  "binaries are nice": 0.08537359949383623,
  "for apr": 0.05999050484584967,
  "one binaries": 0.08537359949383623,
  "good steve": 0.08537359949383623,
  "county campusna umbcedu": 0.08537359949383623,
  "a greater": 0.054973939798869324,
  "greater good": 0.07149913473147329,
  "find one": 0.05082762375907355,
  "presentation fose": 0.08537359949383623,
  "os": 0.03480059900303195,
  "microsoftit will": 0.08537359949383623,
  "apr": 0.01132606627835465,
  "jobs unixworld april": 0.08537359949383623,
  "bill we": 0.07342278603590614,
  "bill we are": 0.07342278603590614,
  "microsoftit": 0.08537359949383623,
  "baltimore county": 0.06395199044393968,
  "umbcedu": 0.07149913473147329,
  "alternative to": 0.05401509811688463,
  "advance": 0.02741989436577202,
  "to microsoftit": 0.08537359949383623,
  "maryland baltimore": 0.06395199044393968,
  "i can find": 0.04550314420690286,
  "april": 0.031280823448647105,
  "people an alternative": 0.08537359949383623,
  "for apr university": 0.08537359949383623,
  "fose ": 0.17074719898767246,
  "baltimore county campusna": 0.08537359949383623,
  "advance rob": 0.08537359949383623,
  "an xserver": 0.06470208852143648,
  "april yes": 0.08537359949383623,
  "nice but source": 0.08537359949383623,
  "banz if we": 0.08537359949383623,
  "umbcedu xauthuser banz": 0.08537359949383623,
  "presentation": 0.04887268135075641,
  "father ibm": 0.08537359949383623,
  "rob banz": 0.08537359949383623,
  "been a greater": 0.08537359949383623,
  "are your father": 0.08537359949383623,
  "of maryland": 0.043750205206747425,
  "maryland baltimore county": 0.06395199044393968,
  "binaries are": 0.07149913473147329,
  "fose": 0.07590280390186978,
  "os presentation": 0.07590280390186978,
  "county campusna": 0.08537359949383623,
  "unixworld": 0.08537359949383623,
  "nice": 0.02733730030015342,
  "for an xserver": 0.07939819276487119,
  "county": 0.04501039926000675,
  "xauthuser": 0.06859851200198008,
  "xauthuser banz subject": 0.08537359949383623,
  "father ibm os": 0.08537359949383623,
  "ibm os": 0.05605293241054179,
  "subject says": 0.056961212717936846,
  "xserver for apr": 0.08537359949383623,
  "are nice": 0.06094934652783437,
  "baltimore": 0.04321541735399353,
  "can find": 0.038019621534003914,
  "apr university": 0.049387502339563495,
  "your father ibm": 0.08537359949383623,
  "ibm": 0.0317478221653902,
  "greater good steve": 0.08537359949383623,
  "advance rob banz": 0.08537359949383623,
  "subject": 0.026431075229305274,
  "find one binaries": 0.08537359949383623,
  "good": 0.013931558495434518,
  "greater": 0.03611728220496235,
  "campusna": 0.08537359949383623,
  "a greater good": 0.07590280390186978,
  "apr university of": 0.049387502339563495,
  "steve jobs unixworld": 0.08537359949383623,
  "university": 0.008415139250284627
}