{
  "any faq": 0.15235903909669235,
  "programming in x": 0.13545731157872146,
  "xnewsreader tin version": 0.05177227257718974,
  "bye": 0.09280210046734019,
  "gmt louisiana": 0.10223447697328494,
  "info bye": 0.15235903909669235,
  "universityengrlatechedu xnewsreader tin": 0.14169523631884706,
  "version": 0.03914625604527153,
  "info bye venky": 0.15235903909669235,
  "gmt": 0.0025296902164103443,
  "thankx": 0.11855558406075052,
  "the info": 0.08475212902480868,
  "in x": 0.09248488066422118,
  "x windows thankx": 0.15235903909669235,
  "venky ": 0.3047180781933847,
  "in x windows": 0.13545731157872146,
  "list for": 0.0901582503607762,
  "windows": 0.042951160381366864,
  "faq in": 0.1097038279853111,
  "compwindowsxapr gmt louisiana": 0.15235903909669235,
  "faq list for": 0.12759845582847543,
  "in compwindowsxapr gmt": 0.15235903909669235,
  "list for programming": 0.15235903909669235,
  "xnewsreader": 0.04513149032897559,
  "louisiana": 0.08401055822761057,
  "compwindowsxapr": 0.12479350880087614,
  "universityengrlatechedu": 0.14169523631884706,
  "programming": 0.0668100909272227,
  "louisiana tech universityengrlatechedu": 0.14169523631884706,
  "windows thankx for": 0.13103143354100175,
  "tin": 0.04718581944627594,
  "universityengrlatechedu xnewsreader": 0.14169523631884706,
  "tin version is": 0.13545731157872146,
  "faq": 0.121461543748313,
  "xnewsreader tin": 0.048568083272486594,
  "tech universityengrlatechedu": 0.14169523631884706,
  "windows thankx": 0.13103143354100175,
  "thankx for the": 0.15235903909669235,
  "faq in compwindowsxapr": 0.15235903909669235,
  "for the info": 0.10627085027278481,
  "bye venky": 0.15235903909669235,
  "bye venky ": 0.15235903909669235,
  "for programming": 0.10480453981425673,
  "in compwindowsxapr": 0.15235903909669235,
  "thankx for": 0.12759845582847543,
  "tech universityengrlatechedu xnewsreader": 0.14169523631884706,
  "x": 0.047152805237502454,
  "list": 0.04504497867429309,
  "the info bye": 0.15235903909669235,
  "version is": 0.08553126337586645,
  "there any faq": 0.15235903909669235,
  "tin version": 0.05065602302411145,
  "venky": 0.15235903909669235,
  "faq list": 0.1097038279853111,
  "version is there": 0.12036763076315642,
  "any faq list": 0.15235903909669235,
  "programming in": 0.11289827975113025,
  "gmt louisiana tech": 0.10223447697328494,
  "tech": 0.06566996827870389,
  "x windows": 0.08513676444335357,
  "compwindowsxapr gmt": 0.14169523631884706,
  "louisiana tech": 0.10055448786613122,
  "info": 0.045616200881046814
}