{
  "filesystem protocol": 0.019649479248581354,
  "query results": 0.018274187223660827,
  "archie provides": 0.019649479248581354,
  "multiple selections": 0.019649479248581354,
  "familar with": 0.019649479248581354,
  "flavors": 0.013914614649581027,
  "reload query": 0.019649479248581354,
  "resort": 0.01149298348633272,
  "they dont break": 0.019649479248581354,
  "ftp sites": 0.011593044703846396,
  "save and": 0.014276363770203953,
  "file operations": 0.01609440093662093,
  "pointandclick interface xarchie": 0.019649479248581354,
  "of computer science": 0.016087352227532315,
  "rochester vox": 0.01645615005724385,
  "fullyintegrated ftp": 0.019649479248581354,
  "computer science": 0.01243985845093799,
  "for compwindowsxannounce gf": 0.019649479248581354,
  "rutgersrochesterferguson university": 0.01645615005724385,
  "announcement for compwindowsxannounce": 0.019649479248581354,
  "retrieve files located": 0.019649479248581354,
  "arpa dept": 0.01645615005724385,
  "further explore": 0.019649479248581354,
  "the archie internet": 0.019649479248581354,
  "the browser interface": 0.019649479248581354,
  "explore": 0.01265273217593024,
  "this way xarchie": 0.019649479248581354,
  "ferguson arpa": 0.01645615005724385,
  "multilist": 0.018274187223660827,
  "files": 0.013291286258965047,
  "system using the": 0.017469692961541456,
  "prospero": 0.019649479248581354,
  "browser for": 0.017469692961541456,
  "directories returned": 0.019649479248581354,
  "prospero virtual": 0.019649479248581354,
  "system using": 0.01456029401552275,
  "include multiple selections": 0.019649479248581354,
  "ftp anywhere on": 0.019649479248581354,
  "implementation": 0.009858856365385537,
  "protocol": 0.01055232155280641,
  "the imakeimpaired george": 0.019649479248581354,
  "by examining": 0.015788546413154147,
  "displays this": 0.017469692961541456,
  "of rochestersender": 0.019649479248581354,
  "pseudoweights online help": 0.019649479248581354,
  "fwf multilist widget": 0.018274187223660827,
  "print them": 0.01609440093662093,
  "break": 0.007727230864766683,
  "rochestersender": 0.019649479248581354,
  "located": 0.00981648905492806,
  "xarchie i": 0.019649479248581354,
  "and reload query": 0.019649479248581354,
  "dept of": 0.007354947248989052,
  "fullyintegrated ftp implementation": 0.019649479248581354,
  "selections": 0.013608760126114245,
  "as query matches": 0.019649479248581354,
  "ny fax": 0.015289906674501553,
  "as query": 0.019649479248581354,
  "directories in browser": 0.019649479248581354,
  "to expand": 0.012330273982482274,
  "archie or": 0.019649479248581354,
  "explore ftp sites": 0.019649479248581354,
  "fwf": 0.03493938592308291,
  "examining directories": 0.019649479248581354,
  "improvements": 0.011887528840985826,
  "wide range": 0.012901071745283427,
  "ferguson arpa dept": 0.01645615005724385,
  "makefiledsts": 0.019649479248581354,
  "computer": 0.008107747951638244,
  "imakeimpaired": 0.019649479248581354,
  "science university of": 0.01113666289709645,
  "on a wide": 0.018274187223660827,
  "an browser interface": 0.019649479248581354,
  "to retrieve": 0.01456029401552275,
  "an easytouse pointandclick": 0.019649479248581354,
  "file": 0.00609187660416429,
  "rochester": 0.018583260778597926,
  "rochestersender enterpoopmitedu to": 0.019649479248581354,
  "fax": 0.006032896087765083,
  "imakeimpaired george": 0.019649479248581354,
  "files available": 0.015289906674501553,
  "an easytouse": 0.017469692961541456,
  "been extensively": 0.019649479248581354,
  "summary of the": 0.013516458507791046,
  "arpa": 0.012711964245671671,
  "the internet": 0.010167091365423557,
  "ftp sites by": 0.019649479248581354,
  "computer science university": 0.01177191592804143,
  "fwf fileselector": 0.019649479248581354,
  "exportapr department": 0.019649479248581354,
  "features fwf": 0.019649479248581354,
  "familar": 0.017469692961541456,
  "implementation ability": 0.019649479248581354,
  "xarchie": 0.1030337623819028,
  "of rochester vox": 0.01645615005724385,
  "browser real fullyintegrated": 0.019649479248581354,
  "variety of": 0.009707742553945927,
  "makefiledsts supplied": 0.019649479248581354,
  "arpa dept of": 0.01645615005724385,
  "university of rochester": 0.011397727099058196,
  "to save": 0.009059125915840644,
  "dont": 0.0024178533306685817,
  "retrieve": 0.012773019123978721,
  "displays this information": 0.019649479248581354,
  "operations makefiledsts supplied": 0.019649479248581354,
  "color": 0.007379342560213333,
  "a wide range": 0.013343816886779875,
  "in browser": 0.03929895849716271,
  "compwindowsxannounce": 0.016898895198740303,
  "george george ferguson": 0.01645615005724385,
  "new features fwf": 0.019649479248581354,
  "by userdefinable pseudoweights": 0.019649479248581354,
  "supplied for the": 0.017469692961541456,
  "science university": 0.011109667555715937,
  "summary": 0.008686278972526227,
  "or xarchie": 0.019649479248581354,
  "mono": 0.012052968541261722,
  "following announcement": 0.018274187223660827,
  "results and sort": 0.019649479248581354,
  "on exportapr department": 0.019649479248581354,
  "directories": 0.022673344441502288,
  "range of": 0.010699361180095542,
  "xarchie has been": 0.019649479248581354,
  "them ability": 0.019649479248581354,
  "to expand directories": 0.019649479248581354,
  "the manpage": 0.019649479248581354,
  "features from the": 0.018274187223660827,
  "resort results": 0.019649479248581354,
  "widget": 0.02030097539088475,
  "completely revamped": 0.019649479248581354,
  "new features": 0.0294382178234008,
  "i include": 0.0147191089117004,
  "xarchie is": 0.03493938592308291,
  "a completely": 0.011809709965681698,
  "browser color resources": 0.019649479248581354,
  "local": 0.006070610302140432,
  "george george": 0.014276363770203953,
  "allowed": 0.007572545266612492,
  "ftp": 0.022785663751168563,
  "extensively": 0.013037962363313092,
  "tested": 0.009390582433029466,
  "george ferguson": 0.015788546413154147,
  "to the archie": 0.019649479248581354,
  "to please accept": 0.019649479248581354,
  "internet": 0.01106897393539273,
  "sites by": 0.01645615005724385,
  "interface to the": 0.015289906674501553,
  "pointandclick interface": 0.019649479248581354,
  "browser interface to": 0.03929895849716271,
  "archie": 0.047874099447437396,
  "returned as": 0.01645615005724385,
  "located this": 0.019649479248581354,
  "xarchie is now": 0.019649479248581354,
  "protocol archie provides": 0.019649479248581354,
  "well as print": 0.019649479248581354,
  "university": 0.003873635527908796,
  "files located this": 0.019649479248581354,
  "internet information": 0.015523603173819775,
  "gf a": 0.019649479248581354,
  "available for ftp": 0.015080858032323327,
  "system": 0.0034888256432482694,
  "displays fwf fileselector": 0.019649479248581354,
  "extensively tested": 0.019649479248581354,
  "x": 0.006081214961185831,
  "fileselector widget": 0.017469692961541456,
  "widget ability": 0.019649479248581354,
  "ability to save": 0.019649479248581354,
  "completely revamped version": 0.019649479248581354,
  "way xarchie": 0.019649479248581354,
  "located this way": 0.019649479248581354,
  "selections allowed in": 0.019649479248581354,
  "vox": 0.01456029401552275,
  "filesystem": 0.01645615005724385,
  "the new features": 0.016898895198740303,
  "online help browser": 0.019649479248581354,
  "ny": 0.00770782604521581,
  "interface to": 0.025672025146031178,
  "examining directories returned": 0.019649479248581354,
  "enterpoopmitedu": 0.011248474279142348,
  "break mono displays": 0.019649479248581354,
  "selections allowed": 0.019649479248581354,
  "xarchie has": 0.019649479248581354,
  "about files": 0.019649479248581354,
  "other flavors": 0.019649479248581354,
  "range": 0.007992870655620977,
  "readme follows": 0.019649479248581354,
  "gf a completely": 0.019649479248581354,
  "of computer": 0.01523631878014839,
  "on the internet": 0.012901071745283427,