{
  "dont": 0.005915524653674588,
  "program working using": 0.044709661945267265,
  "calls": 0.019624035523393868,
  "codes": 0.02662377152178837,
  "remote procedure call": 0.04807445408390778,
  "malloc problemapr gmt": 0.04807445408390778,
  "message cannot perform": 0.04807445408390778,
  "rodincsuhedu how do": 0.04807445408390778,
  "to work": 0.017497030555480873,
  "the problem": 0.014972880951502336,
  "decstation": 0.07124648722158704,
  "decstation any help": 0.04807445408390778,
  "xtcreatemanagedwidget call i": 0.04807445408390778,
  "just xlib calls": 0.04807445408390778,
  "dont have": 0.015053120281362582,
  "science univ of": 0.042741384721441227,
  "message": 0.013223444523208585,
  "code": 0.015867496036035517,
  "refused to": 0.02586711923680398,
  "rpc my executable": 0.04807445408390778,
  "the decstation": 0.04026164868374224,
  "campusworld rodincsuhedu": 0.044709661945267265,
  "widgets": 0.02674217663404157,
  "my program": 0.03172835782183751,
  "program refused to": 0.04807445408390778,
  "campusworld rodincsuhedu how": 0.04807445408390778,
  "of computer science": 0.019679673598728853,
  "is the decstation": 0.04807445408390778,
  "call the program": 0.04807445408390778,
  "dept univ": 0.03562324361079352,
  "have the application": 0.044709661945267265,
  "procedure": 0.024155746874406785,
  "calls with rpc": 0.04807445408390778,
  "houston houstontx ": 0.04807445408390778,
  "using just xlib": 0.04807445408390778,
  "decstation using": 0.04807445408390778,
  "rodincsuhedu": 0.044709661945267265,
  "for xtcreatemanagedwidget call": 0.04807445408390778,
  "memory": 0.016566087411565514,
  "calls with": 0.04807445408390778,
  "computer": 0.01983643188167803,
  "just xlib": 0.04807445408390778,
  "application written": 0.04807445408390778,
  "when the message": 0.044709661945267265,
  "li": 0.033781060981158066,
  "univ of houston": 0.08941932389053453,
  "main campusworld": 0.044709661945267265,
  "remote procedure": 0.04807445408390778,
  "houston main campusworld": 0.044709661945267265,
  "rpc": 0.037408315358974674,
  "memory is": 0.03041626884251756,
  "problem when the": 0.04134486980662676,
  "call i": 0.037408315358974674,
  "campusworld": 0.04026164868374224,
  "problemapr gmt": 0.037980077667986244,
  "problemapr gmt computer": 0.04807445408390778,
  "be appreciated": 0.021761177388411244,
  "how much memory": 0.037980077667986244,
  "science": 0.024679243808812177,
  "executable code is": 0.04807445408390778,
  "solve the": 0.028447991618691517,
  "my executable": 0.04807445408390778,
  "xlib": 0.02674217663404157,
  "xtcreatemanagedwidget": 0.04134486980662676,
  "l li": 0.04807445408390778,
  "l li dept": 0.04807445408390778,
  "application": 0.01808443411278836,
  "on decstation": 0.044709661945267265,
  "xtcreatemanagedwidget call": 0.04807445408390778,
  "gmt computer": 0.02993042681068754,
  "cannot perform malloc": 0.04807445408390778,
  "xlib calls with": 0.04807445408390778,
  "any idea": 0.027885701252064708,
  "houston main": 0.044709661945267265,
  "codes to": 0.03862828831179461,
  "written": 0.016792263517400787,
  "work": 0.009875330897019318,
  "i added codes": 0.04807445408390778,
  "dept": 0.028967511567355258,
  "perform": 0.023086616817823053,
  "have my program": 0.04807445408390778,
  "l": 0.01689364358131788,
  "call i have": 0.04807445408390778,
  "dept of computer": 0.023849053177214884,
  "athena widgets as": 0.04807445408390778,
  "with rpc": 0.04807445408390778,
  "houstontx": 0.04807445408390778,
  "appreciated": 0.016478487399579227,
  "have any idea": 0.030290174248326973,
  "the application written": 0.04807445408390778,
  "in running": 0.03937659258280072,
  "call": 0.025462527630099624,
  "of houston": 0.06864198249736686,
  "refused to work": 0.042741384721441227,
  "li dept": 0.04807445408390778,
  "idea": 0.013435195117751741,
  "idea how": 0.029084051144936195,
  "work i": 0.026124024098232827,
  "my executable code": 0.04807445408390778,
  "executable": 0.03140461328543619,
  "malloc": 0.08052329736748448,
  "appreciated thanks man": 0.04807445408390778,
  "univ of": 0.03919290761506511,
  "written in": 0.026124024098232827,
  "widgets as soon": 0.04807445408390778,
  "do you solve": 0.04807445408390778,
  "appreciated thanks": 0.024675029008155172,
  "using athena widgets": 0.04807445408390778,
  "running on decstation": 0.04807445408390778,
  "li dept of": 0.04807445408390778,
  "will be appreciated": 0.029182122539681436,
  "problem": 0.010346734392472034,
  "problemapr": 0.03643418576935258,
  "and i dont": 0.022552631889598163,
  "program refused": 0.04807445408390778,
  "running on": 0.025917424028238673,
  "you solve": 0.04807445408390778,
  "added codes": 0.04807445408390778,
  "program": 0.02714477735120678,
  "computer science univ": 0.04807445408390778,
  "the message": 0.02240325490577897,
  "malloc problemapr": 0.04807445408390778,
  "running": 0.014821414442424767,
  "dept univ of": 0.03562324361079352,
  "program working": 0.042741384721441227,
  "i dont": 0.008862038725961568,
  "of houston houstontx": 0.04807445408390778,
  "computer science dept": 0.02521265699015858,
  "rodincsuhedu how": 0.04807445408390778,
  "houston houstontx": 0.04807445408390778,
  "application written in": 0.04807445408390778,
  "codes to do": 0.04807445408390778,
  "malloc shows for": 0.04807445408390778,
  "written in running": 0.04807445408390778,
  "shows for xtcreatemanagedwidget": 0.04807445408390778,
  "idea how much": 0.037980077667986244,
  "do remote procedure": 0.04807445408390778,
  "malloc shows": 0.04807445408390778,
  "code is about": 0.04807445408390778,
  "much memory": 0.037408315358974674,
  "rpc my": 0.04807445408390778,
  "decstation using athena": 0.04807445408390778,
  "thanks man l": 0.04807445408390778,
  "the program refused": 0.04807445408390778,
  "perform malloc shows": 0.04807445408390778,
  "procedure call": 0.04807445408390778,
  "code is": 0.02294751363452026,
  "houstontx ": 0.09614890816781556,
  "work i also": 0.042741384721441227,
  "main": 0.018104618628073138,
  "athena": 0.029084051144936195,
  "athena widgets": 0.036011800444160205,
  "decstation any": 0.04807445408390778,
  "call the": 0.02448313173263753,
  "working": 0.015505015538964582,
  "gmt": 0.0007982032236246231,
  "to do remote": 0.044709661945267265,
  "working using just": 0.04807445408390778,
  "science dept": 0.024714335853944586,
  "man l li": 0.04807445408390778,
  "gmt computer science": 0.03285360837551385,
  "science univ": 0.042741384721441227,
  "solve the problem": 0.03207524599650812,
  "procedure call the": 0.04807445408390778,
  "solve": 0.024334895209044898,
  "of houston main": 0.044709661945267265,
  "univ": 0.03448982353951712,
  "using athena": 0.04134486980662676,
  "houston": 0.04730970504750066,
  "for xtcreatemanagedwidget": 0.04807445408390778,
  "executable code": 0.044709661945267265,
  "main campusworld rodincsuhedu": 0.044709661945267265,
  "problem when": 0.029488816236873338,
  "the application": 0.02521265699015858,
  "refused": 0.023982975296238326,
  "of computer": 0.018638603556298032,
  "working using": 0.044709661945267265,
  "dept of": 0.017994628220827584,
  "xlib calls": 0.03862828831179461,
  "my program working": 0.04807445408390778,
  "remote": 0.022094560232082214,
  "memory is the": 0.044709661945267265,
  "the program": 0.02131023686951466,
  "do remote": 0.044709661945267265,
  "science dept univ": 0.03689685654510173,
  "perform malloc": 0.04807445408390778,
  "widgets as": 0.04026164868374224,
  "computer science": 0.030435381841129837,
  "cannot perform": 0.044709661945267265,
  "man l": 0.04807445408390778,
  "message cannot": 0.04807445408390778,
  "dont have any": 0.024597357448220995
}