{
  "color may": 0.10648750044392477,
  "college": 0.03239492925954663,
  "matter would": 0.08722126959201021,
  "d plymouth": 0.10648750044392477,
  "is window borders": 0.10648750044392477,
  "the xy option": 0.10648750044392477,
  "color may gmt": 0.10648750044392477,
  "state": 0.023919876807374722,
  "gmt d plymouth": 0.10648750044392477,
  "on this matter": 0.07890739982605878,
  "plymouth state": 0.07890739982605878,
  "blackall i get": 0.10648750044392477,
  "borders i": 0.10648750044392477,
  "dump anything": 0.10648750044392477,
  "get xwd": 0.10648750044392477,
  "matter would be": 0.091581109464141,
  "what it didstill": 0.10648750044392477,
  "didstill no": 0.10648750044392477,
  "didnt know what": 0.0754082342299875,
  "may gmt": 0.03616937188889606,
  "didnt know": 0.054315132014681564,
  "my text": 0.08722126959201021,
  "would be greatly": 0.052050994712452,
  "xy": 0.07028001840105945,
  "because i didnt": 0.08172852094936514,
  "not blackall": 0.10648750044392477,
  "window borders": 0.10648750044392477,
  "greatly appreciated": 0.04919850938167121,
  "xwd to": 0.10648750044392477,
  "white my": 0.10648750044392477,
  "xwd and color": 0.10648750044392477,
  "option": 0.045670384198550004,
  "greatly": 0.042144099576320565,
  "is not black": 0.10648750044392477,
  "blackall": 0.10648750044392477,
  "i didnt": 0.04185021899871873,
  "xy option only": 0.10648750044392477,
  "xwd to dump": 0.10648750044392477,
  "college anyone able": 0.10648750044392477,
  "didstill no effect": 0.10648750044392477,
  "xy option": 0.10648750044392477,
  "and color": 0.07187593243458927,
  "not black": 0.09903430495403288,
  "blackall i": 0.10648750044392477,
  "greatly appreciated ": 0.08918171643925701,
  "d": 0.03395807733118969,
  "text is": 0.0673736707694475,
  "the xy": 0.08412791397424911,
  "text": 0.0389967102359501,
  "d plymouth state": 0.10648750044392477,
  "be greatly": 0.04973357937692995,
  "tried the xy": 0.10648750044392477,
  "borders": 0.059920475279555616,
  "white my text": 0.10648750044392477,
  "not black white": 0.10648750044392477,
  "plymouth state college": 0.07890739982605878,
  "is window": 0.10648750044392477,
  "be greatly appreciated": 0.05126386133585743,
  "didnt": 0.026028556055165075,
  "it didstill": 0.10648750044392477,
  "state college": 0.0754082342299875,
  "option only because": 0.10648750044392477,
  "gmt": 0.0017680630544803482,
  "this matter": 0.06420980546839439,
  "window": 0.038123605105127994,
  "text is not": 0.08918171643925701,
  "is not blackall": 0.10648750044392477,
  "dump anything that": 0.10648750044392477,
  "matter": 0.03174755669723031,
  "black": 0.03750796324853126,
  "option only": 0.09903430495403288,
  "window borders i": 0.10648750044392477,
  "didstill": 0.10648750044392477,
  "dump": 0.06176832750457345,
  "gmt d": 0.0946744650819021,
  "plymouth": 0.06856964534052519,
  "black white my": 0.10648750044392477,
  "college anyone": 0.10648750044392477,
  "xwd": 0.14965373251867875,
  "black white": 0.07811053991042737,
  "xwd and": 0.091581109464141,
  "appreciated ": 0.1398309711746849,
  "borders i tried": 0.10648750044392477,
  "state college anyone": 0.10648750044392477,
  "may gmt d": 0.10648750044392477,
  "get is window": 0.10648750044392477,
  "appreciated": 0.036500735530250766,
  "color": 0.03999127581018839,
  "to dump": 0.07890739982605878,
  "to get xwd": 0.10648750044392477,
  "white": 0.036678469959833676
}