{
  "incompatibilities window managers": 0.08117489787938527,
  "sender": 0.005363553653414883,
  "shareware and": 0.058977765083465514,
  "desqviewx and": 0.06413029507873087,
  "in advance c": 0.08117489787938527,
  "mail": 0.024661209031569847,
  "for dos": 0.04485672739706303,
  "windows ive already": 0.07216987911981061,
  "info is welcome": 0.07549336361250047,
  "u": 0.02805977851933074,
  "be aware": 0.04495489289744594,
  "c": 0.02262065523426952,
  "valente": 0.07216987911981061,
  "sender hi": 0.06015072281822513,
  "dos": 0.029409668358710395,
  "pricing what": 0.07549336361250047,
  "x servers for": 0.06648834485292582,
  "any info": 0.03907818937897329,
  "wedmay sender hi": 0.08117489787938527,
  "mario": 0.04485672739706303,
  "desqviewx and xvision": 0.07216987911981061,
  "windows": 0.022883814957285625,
  "window managers any": 0.08117489787938527,
  "commercial": 0.0338680034274999,
  "dos or windows": 0.057483326093351134,
  "advance c u": 0.08117489787938527,
  "window": 0.029061436678499208,
  "public domain": 0.041090068959534834,
  "already seen desqviewx": 0.07216987911981061,
  "pricing": 0.04832790455780764,
  "servers for": 0.0595432804235225,
  "aggressive": 0.04979259135078613,
  "relay wedmay": 0.08117489787938527,
  "thanx in advance": 0.04979259135078613,
  "c u bye": 0.07216987911981061,
  "incompatibilities window": 0.08117489787938527,
  "area is": 0.05302746177704801,
  "aggressive pricing": 0.08117489787938527,
  "c u": 0.06798278384304018,
  "incompatibilities": 0.06152001859415273,
  "about incompatibilities window": 0.08117489787938527,
  "for x servers": 0.08117489787938527,
  "aggressive pricing what": 0.08117489787938527,
  "or windows ive": 0.07216987911981061,
  "choices is": 0.08117489787938527,
  "managers any": 0.08117489787938527,
  "advance c": 0.08117489787938527,
  "x": 0.02512239623309557,
  "commercial area": 0.08117489787938527,
  "the commercial": 0.052270303415318374,
  "none mail relay": 0.08117489787938527,
  "in the commercial": 0.06981182934561568,
  "valente ": 0.15098672722500095,
  "wedmay": 0.04302768189448754,
  "for x": 0.04495489289744594,
  "none mail": 0.08117489787938527,
  "commercial area is": 0.08117489787938527,
  "u bye": 0.07216987911981061,
  "about incompatibilities": 0.08117489787938527,
  "info is": 0.052767226544961285,
  "xvision but": 0.07216987911981061,
  "u bye mario": 0.07216987911981061,
  "advance": 0.026071374970734053,
  "with aggressive": 0.08117489787938527,
  "bye": 0.049443742052271415,
  "managers": 0.04589567580394126,
  "relay": 0.05203270065406221,
  "in advance": 0.02696683051561839,
  "window managers": 0.05357411238769286,
  "seen desqviewx": 0.07216987911981061,
  "looking for x": 0.057483326093351134,
  "to be aware": 0.058977765083465514,
  "area": 0.025809290506533123,
  "and xvision": 0.07216987911981061,
  "aware": 0.032837571095477566,
  "bye mario": 0.07216987911981061,
  "windows ive": 0.06981182934561568,
  "on the public": 0.06981182934561568,
  "relay wedmay sender": 0.08117489787938527,
  "ive": 0.017023724637942536,
  "aware of": 0.03652950958703847,
  "choices is there": 0.08117489787938527,
  "of other choices": 0.08117489787938527,
  "ive already seen": 0.07216987911981061,
  "wedmay sender": 0.07549336361250047,
  "what about incompatibilities": 0.08117489787938527,
  "anything with aggressive": 0.08117489787938527,
  "or shareware": 0.05512527631915621,
  "pricing what about": 0.08117489787938527,
  "domain or shareware": 0.06522481469040729,
  "the public": 0.03456034577823921,
  "choices": 0.04228201158132584,
  "area is there": 0.08117489787938527,
  "mario valente": 0.07216987911981061,
  "info": 0.024303713584164287,
  "servers for dos": 0.07549336361250047,
  "aware of other": 0.07216987911981061,
  "bye mario valente": 0.07216987911981061,
  "other choices": 0.07216987911981061,
  "desqviewx": 0.0547906698066951,
  "x servers": 0.0570401521485128,
  "with aggressive pricing": 0.08117489787938527,
  "mail relay wedmay": 0.08117489787938527,
  "sender hi people": 0.08117489787938527,
  "shareware": 0.041598555770350015,
  "mail relay": 0.08117489787938527,
  "the commercial area": 0.08117489787938527,
  "dos or": 0.051358617881628016,
  "ive already": 0.05203270065406221,
  "mario valente ": 0.07549336361250047,
  "or windows": 0.054159841600661264,
  "public domain or": 0.058977765083465514,
  "servers": 0.04242581739813658,
  "the public domain": 0.048631521538794104,
  "public": 0.021872451811230913,
  "domain or": 0.057951837682203175,
  "domain": 0.036853817785449876,
  "managers any info": 0.08117489787938527,
  "xvision": 0.06798278384304018,
  "xvision but id": 0.08117489787938527,
  "shareware and in": 0.08117489787938527
}