{
  "dont": 0.008289782848006567,
  "straining my": 0.06736964313799322,
  "vga": 0.031125587567996067,
  "dvx at": 0.06736964313799322,
  "sender usenet": 0.015174011188044165,
  "fahrenheit i": 0.06736964313799322,
  "news": 0.010442914986453902,
  "in article": 0.0058334564726344774,
  "writes": 0.004353913500290575,
  "to worry": 0.03571004891923455,
  "news adobe": 0.04178324779313905,
  "video card its": 0.056421085910550346,
  "that super vga": 0.06736964313799322,
  "weird oddball": 0.06736964313799322,
  "super": 0.03430969480900225,
  "with dvx": 0.06736964313799322,
  "for x windows": 0.04665860614667741,
  "stuff ": 0.11284217182110069,
  "card": 0.021057160527789637,
  "pc ibm": 0.05170579896796569,
  "biased i": 0.06265435619540856,
  "ibm": 0.02505270320534193,
  "support writes may": 0.06736964313799322,
  "desqviewx of": 0.06265435619540856,
  "windows": 0.05697602907732339,
  "adobe": 0.03604195479793817,
  "sender": 0.004451384664738882,
  "about straining": 0.06736964313799322,
  "oddball": 0.05518080321127176,
  "gmt in": 0.011660496704415655,
  "article technical support": 0.05989609015385642,
  "have to worry": 0.04036085461042776,
  "of a kind": 0.05322378231023923,
  "sender usenet news": 0.016641533688181102,
  "systems incorporated": 0.04147397994227676,
  "dvx": 0.05170579896796569,
  "i humbly": 0.06265435619540856,
  "article": 0.005363315334105295,
  "dont have to": 0.03319358517305256,
  "its an orchid": 0.06265435619540856,
  "technical support": 0.04227522508279637,
  "worry": 0.029727537772499882,
  "kind video card": 0.06736964313799322,
  "i dont": 0.012418911411891722,
  "video": 0.023774209185207514,
  "windows sender usenet": 0.051057430397868246,
  "vga stuff ": 0.06736964313799322,
  "humbly suggest desqviewx": 0.06265435619540856,
  "eyes with": 0.05989609015385642,
  "dont have": 0.021094848829664573,
  "my eyes": 0.04194331920409275,
  "biased": 0.035210542330426274,
  "straining my eyes": 0.06736964313799322,
  "x": 0.0416997597338457,
  "may i humbly": 0.06265435619540856,
  "looking for x": 0.04770725022713495,
  "humbly": 0.051057430397868246,
  "on a pc": 0.03907792148248524,
  "writes may i": 0.06736964313799322,
  "adobe systems": 0.04075724174052283,
  "course im biased": 0.06265435619540856,
  "wedmay": 0.03571004891923455,
  "for x": 0.03730950294890071,
  "usenet news": 0.016353158167978058,
  "support writes": 0.05793906925282389,
  "orchid fahrenheit": 0.056421085910550346,
  "x windows": 0.0752910161743943,
  "pc ibm pc": 0.05322378231023923,
  "biased i have": 0.06736964313799322,
  "desqviewx": 0.04547252868310749,
  "fahrenheit i get": 0.06736964313799322,
  "writes may": 0.05989609015385642,
  "windows sender": 0.04178324779313905,
  "weird": 0.03370460987011452,
  "ibm pc": 0.03940451481028361,
  "orchid fahrenheit i": 0.06736964313799322,
  "pc x windows": 0.049921008053220854,
  "gmt": 0.0011185705038549141,
  "an orchid": 0.05518080321127176,
  "straining": 0.05518080321127176,
  "suggest desqviewx": 0.06265435619540856,
  "incorporated wedmay": 0.06736964313799322,
  "fahrenheit": 0.048508495367654565,
  "windows on": 0.04089467512363521,
  "x windows windows": 0.049921008053220854,
  "usenet": 0.0138623522693892,
  "incorporated wedmay gmt": 0.06736964313799322,
  "support": 0.01832651214069451,
  "windows windows sender": 0.056421085910550346,
  "technical": 0.025456668160475687,
  "im biased": 0.056421085910550346,
  "dvx at least": 0.06736964313799322,
  "worry about straining": 0.06736964313799322,
  "kind video": 0.06736964313799322,
  "a pc ibm": 0.05322378231023923,
  "in article technical": 0.05989609015385642,
  "worry about": 0.033016881183914736,
  "that super": 0.05989609015385642,
  "eyes": 0.029489748554584392,
  "pc": 0.04668015301747078,
  "x windows on": 0.048508495367654565,
  "stuff": 0.019994570944671823,
  "an orchid fahrenheit": 0.05989609015385642,
  "kind": 0.01873609484848705,
  "least i dont": 0.05242253716971961,
  "a pc": 0.032119414904713726,
  "card its": 0.05242253716971961,
  "a weird": 0.05242253716971961,
  "windows windows": 0.04894753292641355,
  "in with dvx": 0.06736964313799322,
  "orchid": 0.04446286878434373,
  "systems incorporated wedmay": 0.06736964313799322,
  "oddball one of": 0.06736964313799322,
  "a kind video": 0.06736964313799322,
  "super vga": 0.049921008053220854,
  "have a weird": 0.06736964313799322,
  "article technical": 0.05989609015385642,
  "super vga stuff": 0.06736964313799322,
  "windows on a": 0.046342143455283584,
  "a weird oddball": 0.06736964313799322,
  "technical support writes": 0.05989609015385642,
  "video card": 0.03410196199362755,
  "adobe systems incorporated": 0.04178324779313905,
  "card its an": 0.06736964313799322,
  "news adobe systems": 0.04178324779313905,
  "humbly suggest": 0.06265435619540856,
  "weird oddball one": 0.06736964313799322,
  "ibm pc x": 0.049921008053220854,
  "wedmay gmt in": 0.043583877413731445,
  "with that super": 0.06736964313799322,
  "oddball one": 0.06736964313799322,
  "gmt in article": 0.012381013146249169,
  "desqviewx of course": 0.06265435619540856,
  "vga stuff": 0.06736964313799322,
  "incorporated": 0.03491600623686624,
  "pc x": 0.04894753292641355,
  "eyes with that": 0.06736964313799322,
  "usenet news adobe": 0.04178324779313905,
  "a kind": 0.03631965544093311,
  "wedmay gmt": 0.03639088877336369,
  "systems": 0.01827138850060184
}