{
  "probably color": 0.026268799844257302,
  "in article": 0.004549167647094261,
  "clone": 0.04373966812218103,
  "extra functionality is": 0.026268799844257302,
  "reasearch labworld zoydprlufledu": 0.026268799844257302,
  "youve got a": 0.019085642812155947,
  "with a cache": 0.023354708892883005,
  "suck lemons": 0.021999733763530243,
  "make pcs": 0.026268799844257302,
  "zoydprlufledu ibm": 0.026268799844257302,
  "article amancio hasty": 0.026268799844257302,
  "to apples": 0.019908334929672766,
  "and expandability": 0.026268799844257302,
  "is overxstones": 0.021999733763530243,
  "jr writes": 0.016690768245731506,
  "tektronix terminals for": 0.021999733763530243,
  "worse and you": 0.024430213158421903,
  "pcmay gmt university": 0.024430213158421903,
  "performance of an": 0.024430213158421903,
  "user": 0.009460243528218996,
  "benchmark over a": 0.026268799844257302,
  "university of": 0.0041883321182443044,
  "great and cost": 0.026268799844257302,
  "suck lemons running": 0.021999733763530243,
  "good machine": 0.026268799844257302,
  "can make pcs": 0.026268799844257302,
  "pc for home": 0.026268799844257302,
  "going to cost": 0.019465220646746592,
  "worth": 0.00924395916538141,
  "clone almost with": 0.023354708892883005,
  "x windows": 0.029357504980466746,
  "a server": 0.017160080468965135,
  "doubt this is": 0.019908334929672766,
  "worth the": 0.014027100860593483,
  "expandability": 0.023354708892883005,
  "xstones then": 0.026268799844257302,
  "gill": 0.03664512078371889,
  "extra for the": 0.024430213158421903,
  "card running you": 0.023354708892883005,
  "amancio": 0.022591626472586505,
  "on a clone": 0.021999733763530243,
  "it not applesapples": 0.026268799844257302,
  "great": 0.006632033024389686,
  "pcs you can": 0.024430213158421903,
  "to the clone": 0.026268799844257302,
  "add that a": 0.026268799844257302,
  "an series": 0.022591626472586505,
  "running an": 0.019465220646746592,
  "xserver": 0.016690768245731506,
  "cost kelly murray": 0.026268799844257302,
  "labworld zoydprlufledu": 0.026268799844257302,
  "name generating xstones": 0.023354708892883005,
  "card": 0.008210616969721689,
  "a pc": 0.025048031782455796,
  "and the performance": 0.02044061794150871,
  "doubt": 0.009125485634918653,
  "functionality": 0.015237279729244909,
  "writes in article": 0.005780723831853945,
  "zoydprlufledu": 0.026268799844257302,
  "home user": 0.026268799844257302,
  "i doubt": 0.011742371324545071,
  "extra for": 0.019908334929672766,
  "xstones at": 0.023354708892883005,
  "writes": 0.0033953595996960976,
  "florida parallel reasearch": 0.026268799844257302,
  "card running": 0.021516122207047607,
  "perform much worse": 0.026268799844257302,
  "clone almost": 0.023354708892883005,
  "system i": 0.01329705149353647,
  "of an series": 0.024430213158421903,
  "xterminals": 0.018069748243837364,
  "pc x": 0.019085642812155947,
  "pay": 0.008571099723670917,
  "perform much": 0.026268799844257302,
  "florida": 0.012085490744210966,
  "pcs you": 0.024430213158421903,
  "writes but": 0.01474676954756318,
  "running you can": 0.023354708892883005,
  "a cache isa": 0.023354708892883005,
  "youve got": 0.013277182337756209,
  "the benchmark": 0.022591626472586505,
  "is hardly apples": 0.026268799844257302,
  "lemons running": 0.021999733763530243,
  "machine x terminals": 0.026268799844257302,
  "add": 0.009092585741593932,
  "florida parallel": 0.026268799844257302,
  "functinality and expandability": 0.026268799844257302,
  "provide better priceperformance": 0.026268799844257302,
  "running": 0.024296111738510626,
  "performance is overxstones": 0.021999733763530243,
  "parallel reasearch labworld": 0.026268799844257302,
  "reasearch": 0.024430213158421903,
  "network to": 0.019465220646746592,
  "running you": 0.021516122207047607,
  "zoydprlufledu ibm pc": 0.026268799844257302,
  "further add": 0.026268799844257302,
  "user that extra": 0.026268799844257302,
  "pcs perform": 0.026268799844257302,
  "the performance": 0.029224872077520232,
  "better priceperformance": 0.026268799844257302,
  "ibm pc": 0.015364625138227297,
  "cost": 0.026687162857171293,
  "pcs": 0.026321990019499725,
  "priceperformance than": 0.026268799844257302,
  "applesapples": 0.026268799844257302,
  "worse": 0.010363091386381914,
  "terminals for under": 0.021999733763530243,
  "plus you excuse": 0.024430213158421903,
  "cost more": 0.019085642812155947,
  "priceperformance": 0.021516122207047607,
  "you pay": 0.01635455682493802,
  "gmt": 0.00043615348558799033,
  "pcs perform great": 0.026268799844257302,
  "functinality": 0.026268799844257302,
  "in article graeme": 0.023354708892883005,
  "machine": 0.008628802367898094,
  "know graeme": 0.026268799844257302,
  "running the": 0.014678752490233373,
  "that extra": 0.01967753552121221,
  "windows on": 0.01594566908003813,
  "gill writes": 0.023354708892883005,
  "cheaper and": 0.019085642812155947,
  "server you know": 0.026268799844257302,
  "generating xstones": 0.023354708892883005,
  "cost way": 0.024430213158421903,
  "functionality is worth": 0.026268799844257302,
  "writes but your": 0.022591626472586505,
  "x windows windows": 0.019465220646746592,
  "additional functinality": 0.026268799844257302,
  "cache": 0.012960365263846363,
  "pc": 0.027302317613666596,
  "color": 0.009865221884210927,
  "extra functionality": 0.026268799844257302,
  "kelly": 0.015591474404641521,
  "can get tektronix": 0.021999733763530243,
  "user that": 0.021516122207047607,
  "benchmark over": 0.023354708892883005,
  "make a pc": 0.026268799844257302,
  "you excuse": 0.024430213158421903,
  "worth the added": 0.026268799844257302,
  "for home user": 0.026268799844257302,
  "series plus you": 0.024430213158421903,
  "over a network": 0.021516122207047607,
  "good": 0.004286633383210621,
  "parallel reasearch": 0.026268799844257302,
  "xstones": 0.06599920129059073,
  "extra": 0.021010812552563936,
  "terminals": 0.0309967879614779,
  "of a pc": 0.021516122207047607,
  "pc much": 0.026268799844257302,
  "youve": 0.010022955306076387,
  "a cache": 0.017626633960911194,
  "university": 0.0025892736154721923,
  "a good": 0.007193390480765579,
  "perform great": 0.024430213158421903,
  "for x windows": 0.01819314351077342,
  "priceperformance than pcs": 0.026268799844257302,
  "pc much cheaper": 0.026268799844257302,
  "color makes": 0.026268799844257302,
  "hasty": 0.017838948835376806,
  "performance is": 0.016231161558001965,
  "xstones on a": 0.023354708892883005,
  "you know graeme": 0.026268799844257302,
  "windows": 0.022216117438638033,
  "running an xserver": 0.021999733763530243,
  "cost more you": 0.026268799844257302,
  "good machine x": 0.026268799844257302,
  "xterminals provide better": 0.026268799844257302,
  "still getting xstones": 0.026268799844257302,
  "hasty jr writes": 0.024430213158421903,
  "a good machine": 0.026268799844257302,
  "know graeme gill": 0.026268799844257302,
  "pc for": 0.02044061794150871,
  "system i can": 0.023354708892883005,
  "hasty jr": 0.024430213158421903,
  "a system": 0.012149409979168685,
  "system": 0.004664106430231108,
  "gmt university of": 0.01034336995803306,
  "much cheaper": 0.0169150583996521,
  "cache isa card": 0.023354708892883005,
  "generating": 0.01589208099696779,
  "pay extra": 0.02044061794150871,
  "series plus": 0.024430213158421903,
  "x terminals arent": 0.026268799844257302,
  "come even close": 0.024430213158421903,
  "x": 0.024389382019397818,
  "isa": 0.012840165804397974,
  "will suck": 0.021999733763530243,
  "close": 0.009296399487399987,
  "university of florida": 0.019085642812155947,
  "apples try running": 0.026268799844257302,
  "gill i would": 0.026268799844257302,
  "a network": 0.015408469440485153,
  "of florida": 0.016763444569837912,
  "you pay extra": 0.026268799844257302,
  "expandability of a": 0.026268799844257302,
  "x terminals": 0.019908334929672766,
  "cache isa": 0.021999733763530243,