{
  "xnlock corners cornerdelay": 0.0377989982491794,
  "pcbased x server": 0.0377989982491794,
  "x server": 0.02121958824210427,
  "version sunmay gmt": 0.030960221649072323,
  "news": 0.005859192759575281,
  "workaround id prefer": 0.0377989982491794,
  "cornerdelay": 0.0377989982491794,
  "xnlock as the": 0.0377989982491794,
  "of chicago computing": 0.030960221649072323,
  "cornerdelay my hypothesis": 0.0377989982491794,
  "ends this does": 0.0377989982491794,
  "is fired": 0.031656105453629395,
  "xscreensaver my": 0.0377989982491794,
  "thanks economics": 0.0377989982491794,
  "xscreensaver is": 0.0377989982491794,
  "corners": 0.02192539869437149,
  "workaround": 0.025831463073877303,
  "my screensave command": 0.0377989982491794,
  "sonnenschein": 0.0377989982491794,
  "x session": 0.06331221090725879,
  "from the server": 0.030371860275685836,
  "inactivity from": 0.0377989982491794,
  "solutions for": 0.035153398323378084,
  "university of": 0.006026722170145431,
  "the session": 0.024228967480135834,
  "an interval": 0.035153398323378084,
  "individuals": 0.016131999003880616,
  "use xscreensaver": 0.0377989982491794,
  "corners cornerdelay my": 0.0377989982491794,
  "i recommend astrology": 0.0377989982491794,
  "is that xdm": 0.03360582157487364,
  "period": 0.014558368953580751,
  "timelocker xnlock": 0.0377989982491794,
  "individuals i": 0.029412644900567872,
  "then terminates": 0.0377989982491794,
  "hugo": 0.02901050552782808,
  "session however": 0.035153398323378084,
  "using xnlock": 0.0377989982491794,
  "xnlock xdm sender": 0.0377989982491794,
  "am using xnlock": 0.0377989982491794,
  "session ends": 0.0377989982491794,
  "gmt i": 0.012945008441375095,
  "university of chicago": 0.020109192950593005,
  "system": 0.006711328718309648,
  "screensave": 0.0377989982491794,
  "responses via email": 0.03360582157487364,
  "pcbased": 0.031656105453629395,
  "x session ends": 0.0377989982491794,
  "simple and clear": 0.0377989982491794,
  "workaround id": 0.0377989982491794,
  "for these individuals": 0.03250779839757676,
  "solutions": 0.017894663296473347,
  "x": 0.03509464511951518,
  "astrology hugo sonnenschein": 0.0377989982491794,
  "my x": 0.05601823041086615,
  "screensave command": 0.0377989982491794,
  "no activity": 0.03250779839757676,
  "xnlock": 0.1133969947475382,
  "are atracted": 0.0377989982491794,
  "computing organizations": 0.030960221649072323,
  "command is": 0.029412644900567872,
  "activity": 0.016634198842768858,
  "i use xscreensaver": 0.0377989982491794,
  "hypothesis": 0.0209331944026275,
  "x server however": 0.0377989982491794,
  "i use xdmcp": 0.0377989982491794,
  "news system": 0.01043800627488919,
  "hypothesis is that": 0.035153398323378084,
  "period of inactivity": 0.0377989982491794,
  "gmt i am": 0.019220622484081754,
  "interval of": 0.031656105453629395,
  "command": 0.015830516517931645,
  "responses via": 0.03360582157487364,
  "tin": 0.011706405587816548,
  "of inactivity": 0.03360582157487364,
  "xnewsreader tin version": 0.0128442660973944,
  "session": 0.05572196494890886,
  "sender news system": 0.020072315428029123,
  "astrology hugo": 0.0377989982491794,
  "terminates the session": 0.0377989982491794,
  "system university": 0.018021198438904266,
  "xnlock xdm": 0.0377989982491794,
  "pcbased x": 0.0377989982491794,
  "reason this does": 0.0377989982491794,
  "and clear solutions": 0.0377989982491794,
  "x session detects": 0.0377989982491794,
  "these individuals": 0.02772626034988452,
  "sunmay": 0.018777598929681935,
  "system university of": 0.018021198438904266,
  "this xautolock": 0.0377989982491794,
  "a workaround": 0.02772626034988452,
  "screensaver": 0.03360582157487364,
  "not happen": 0.04989344817785136,
  "simple and": 0.02494672408892568,
  "with xscreensaver": 0.0377989982491794,
  "fired up from": 0.0377989982491794,
  "realworld": 0.026178683601380075,
  "sunmay gmt": 0.019400977006412082,
  "email thanks": 0.022435060498281884,
  "problems which have": 0.0377989982491794,
  "xautolock timelocker xnlock": 0.0377989982491794,
  "recommend": 0.017009924311521728,
  "hugo sonnenschein ": 0.0377989982491794,
  "of no activity": 0.0377989982491794,
  "to realworld": 0.03360582157487364,
  "detects a": 0.03250779839757676,
  "tin version sunmay": 0.030960221649072323,
  "realworld problems which": 0.0377989982491794,
  "interval of no": 0.0377989982491794,
  "fired up": 0.030371860275685836,
  "xautolock timelocker": 0.0377989982491794,
  "organizations": 0.017595544719696606,
  "realworld problems": 0.0377989982491794,
  "session ends this": 0.0377989982491794,
  "xnlock corners": 0.0377989982491794,
  "individuals i recommend": 0.0377989982491794,
  "start": 0.010674547341823286,
  "prefer responses": 0.035153398323378084,
  "chicago computing": 0.030960221649072323,
  "for a pcbased": 0.0377989982491794,
  "ends this": 0.031656105453629395,
  "chicago computing organizations": 0.030960221649072323,
  "reason": 0.010124816906054667,
  "xdmcp to": 0.0377989982491794,
  "id prefer": 0.023719305676225443,
  "university": 0.0037257868436374676,
  "my screensave": 0.0377989982491794,
  "inactivity from the": 0.0377989982491794,
  "sender": 0.0024975326172389915,
  "xdm": 0.04725011812657019,
  "xautolock": 0.0377989982491794,
  "session detects a": 0.0377989982491794,
  "simple": 0.012401469546190015,
  "xsession": 0.028646726215597832,
  "chicago": 0.014827268422857894,
  "clear": 0.012411319342348381,
  "hugo sonnenschein": 0.0377989982491794,
  "economics is not": 0.035153398323378084,
  "responses": 0.01684885425621495,
  "the screensaver": 0.03360582157487364,
  "xdm i": 0.029862198471775445,
  "terminates the": 0.03250779839757676,
  "which have simple": 0.0377989982491794,
  "for some reason": 0.020709926438193877,
  "after an interval": 0.0377989982491794,
  "my x session": 0.07030679664675617,
  "a period": 0.023103778395324216,
  "server however": 0.0377989982491794,
  "that xdm": 0.03360582157487364,
  "email thanks economics": 0.0377989982491794,
  "of chicago": 0.019655524237323047,
  "xsession like this": 0.0377989982491794,
  "xdm i use": 0.0377989982491794,
  "and clear": 0.027216598545974125,
  "a pcbased": 0.035153398323378084,
  "cornerdelay my": 0.0377989982491794,
  "email": 0.007973045448398917,
  "start my": 0.03360582157487364,
  "inactivity": 0.031656105453629395,
  "my hypothesis": 0.035153398323378084,
  "clear solutions": 0.0377989982491794,
  "problems which": 0.028009115205433074,
  "computing organizations xnewsreader": 0.0377989982491794,
  "corners cornerdelay": 0.0377989982491794,
  "xdmcp": 0.03250779839757676,
  "organizations xnewsreader tin": 0.0377989982491794,
  "who are atracted": 0.0377989982491794,
  "problems": 0.01054536068009101,
  "solutions for these": 0.0377989982491794,
  "start my x": 0.0377989982491794,
  "this xautolock timelocker": 0.0377989982491794,
  "xdmcp to start": 0.0377989982491794,
  "happen when i": 0.03360582157487364,
  "session however for": 0.0377989982491794,
  "atracted": 0.0377989982491794,
  "timelocker": 0.0377989982491794,
  "period of": 0.02037782194586705,
  "xsession like": 0.0377989982491794,
  "economics": 0.021694007008049222,
  "activity my x": 0.0377989982491794,
  "ends": 0.018021198438904266,
  "atracted to realworld": 0.0377989982491794,
  "prefer": 0.015573632235885435,
  "server however after": 0.0377989982491794,
  "sunmay gmt i": 0.029412644900567872,
  "xdm sender": 0.035153398323378084,
  "id prefer responses": 0.0377989982491794,
  "my xsession": 0.03250779839757676,
  "xnewsreader": 0.011196743783906157,
  "xdm sender news": 0.0377989982491794,
  "xscreensaver is there": 0.0377989982491794,
  "happen with xscreensaver": 0.0377989982491794,
  "terminates": 0.030960221649072323,
  "gmt": 0.0006275949010178335,
  "screensaver for": 0.0377989982491794,
  "detects": 0.025513212658079397,
  "interval": 0.02566902179746968,
  "happen with": 0.02772626034988452,