{
  "widget that": 0.023285404760729662,
  "pixel into": 0.027411280835491242,
  "john": 0.008086884633222255,
  "love to": 0.014388194461502295,
  "shared and they": 0.02947421887287203,
  "tied to the": 0.021222466723348873,
  "are held": 0.02104203630127615,
  "hard and": 0.019777502985903334,
  "the current": 0.011664884704160156,
  "windows aicons": 0.027411280835491242,
  "free": 0.008350561579375625,
  "to the number": 0.01966518058119248,
  "the input": 0.018015446248734954,
  "via a palette": 0.02947421887287203,
  "things": 0.006600102619197783,
  "colors that are": 0.052409078884624365,
  "describes": 0.014464025072517131,
  "that widget": 0.025348342798110452,
  "computer science": 0.009329893838203492,
  "describes its": 0.02947421887287203,
  "colors": 0.08588548822282573,
  "write it": 0.01925401885952338,
  "re colors": 0.05894843774574406,
  "widget has access": 0.02947421887287203,
  "colors via a": 0.02947421887287203,
  "widget view": 0.02947421887287203,
  "mentioned here": 0.02262128704848499,
  "from the current": 0.024141601404931393,
  "held in": 0.017952787292789023,
  "focus is in": 0.02947421887287203,
  "left over": 0.020142390849273373,
  "of the things": 0.016507823555343484,
  "index pixel": 0.02947421887287203,
  "shared": 0.015033652611206504,
  "closest": 0.016746045899609964,
  "aicons monmay": 0.02947421887287203,
  "a union": 0.025348342798110452,
  "pa andrewcmuedu inreplyto": 0.018892825832724967,
  "colors from the": 0.02947421887287203,
  "transiently get": 0.02947421887287203,
  "solutions for": 0.027411280835491242,
  "focus is": 0.02368281961973122,
  "color descriptors": 0.02947421887287203,
  "widgets": 0.01639550115063263,
  "each widget": 0.024684225085865777,
  "need solutions": 0.020711007625352863,
  "write it what": 0.02947421887287203,
  "netnewscompwindowsx may": 0.02947421887287203,
  "scenario": 0.01696025274373225,
  "shared and": 0.027411280835491242,
  "union": 0.015250637048135337,
  "generated by a": 0.02262128704848499,
  "bold part": 0.02947421887287203,
  "number of hardware": 0.02947421887287203,
  "view": 0.009783548679024362,
  "carnegie mellon pittsburgh": 0.013921401391582742,
  "imaging by providing": 0.02947421887287203,
  "object that": 0.02104203630127615,
  "mellon pittsburgh pa": 0.017389567055769595,
  "held in the": 0.02293486001175233,
  "the server": 0.03091551988078969,
  "approximation": 0.02161988158235043,
  "solutions for applications": 0.02947421887287203,
  "descriptors when the": 0.02947421887287203,
  "descriptors when": 0.02947421887287203,
  "imaging by": 0.027411280835491242,
  "palette palettes can": 0.02947421887287203,
  "hardware color": 0.02947421887287203,
  "other widgets transiently": 0.02947421887287203,
  "mellon": 0.012879132256365139,
  "access to": 0.01222404699559414,
  "the problem": 0.009179802011932981,
  "accomadate up to": 0.02947421887287203,
  "aicons": 0.027411280835491242,
  "x windows a": 0.02947421887287203,
  "access": 0.008343185638856377,
  "pittsburgh": 0.010884615404176906,
  "left": 0.008744813082391657,
  "colors and": 0.043680882046568247,
  "write": 0.009677874010997845,
  "be shared": 0.022337625799067357,
  "a widget": 0.019159528685968083,
  "pixel": 0.015225731543163562,
  "object that uses": 0.02947421887287203,
  "specifies a": 0.02368281961973122,
  "widget has": 0.024684225085865777,
  "palette can accomadate": 0.02947421887287203,
  "excerpts from": 0.018015446248734954,
  "descriptors": 0.026204539442312182,
  "of hardware color": 0.02947421887287203,
  "things mentioned": 0.02947421887287203,
  "descriptive": 0.020711007625352863,
  "union of the": 0.027411280835491242,
  "scenario each widget": 0.02947421887287203,
  "to write": 0.01338144574352644,
  "contain descriptive": 0.02947421887287203,
  "when the input": 0.02947421887287203,
  "are not directly": 0.025348342798110452,
  "hardware": 0.010651721961022893,
  "of computer science": 0.012065514170649237,
  "each widget view": 0.02947421887287203,
  "i would love": 0.019067946368507505,
  "colors from": 0.024141601404931393,
  "andrewcmuedu": 0.01723947522949908,
  "can accomadate": 0.02947421887287203,
  "palettes can": 0.026204539442312182,
  "from netnewscompwindowsx": 0.025348342798110452,
  "has access": 0.02104203630127615,
  "hard": 0.008075640983747604,
  "free colors": 0.02947421887287203,
  "view whatever describes": 0.02947421887287203,
  "pa andrewcmuedu": 0.018892825832724967,
  "bold": 0.019777502985903334,
  "scenario each": 0.02947421887287203,
  "applications now and": 0.02947421887287203,
  "for imaging": 0.025348342798110452,
  "a john": 0.024684225085865777,
  "the number": 0.011278736194799915,
  "palette can": 0.02947421887287203,
  "solutions": 0.013953576737131003,
  "palettes are": 0.02947421887287203,
  "color cells of": 0.02947421887287203,
  "tied to": 0.019777502985903334,
  "is this scenario": 0.02947421887287203,
  "palette the": 0.026204539442312182,
  "view whatever": 0.02947421887287203,
  "other widgets": 0.027411280835491242,
  "windows a john": 0.02947421887287203,
  "this scenario": 0.023285404760729662,
  "directly tied to": 0.02947421887287203,
  "john the": 0.018808983936990754,
  "object": 0.012381947480581907,
  "problem is that": 0.01338144574352644,
  "widgets transiently get": 0.02947421887287203,
  "descriptive information": 0.027411280835491242,
  "widget specifies": 0.02947421887287203,
  "windows aicons monmay": 0.02947421887287203,
  "descriptive information they": 0.02947421887287203,
  "color": 0.03320704152096,
  "aicons monmay school": 0.02947421887287203,
  "science carnegie": 0.016829887795344178,
  "colors via": 0.02947421887287203,
  "problem is": 0.010884615404176906,
  "cells of": 0.02368281961973122,
  "carnegie mellon": 0.01290176499263067,
  "applications now": 0.027411280835491242,
  "the closest": 0.019067946368507505,
  "tied": 0.015326629018388804,
  "transiently": 0.02947421887287203,
  "applications": 0.011664884704160156,
  "x windows": 0.032939819576297505,
  "can be generated": 0.025348342798110452,
  "school": 0.00979152774674239,
  "palette and any": 0.02947421887287203,
  "focus": 0.014642056308263889,
  "palette all": 0.02947421887287203,
  "of hardware": 0.01945250509315038,
  "specifies a color": 0.02947421887287203,
  "andrewcmuedu inreplyto excerpts": 0.025348342798110452,
  "john the problem": 0.027411280835491242,
  "cells": 0.0162520425142699,
  "widget": 0.06090292617265425,
  "directly": 0.01084451213458357,
  "widget that widget": 0.02947421887287203,
  "for applications": 0.02161988158235043,
  "associated palette": 0.05894843774574406,
  "approximation that": 0.02947421887287203,
  "imaging": 0.015594935854681358,
  "monmay school": 0.02947421887287203,
  "color for": 0.02368281961973122,
  "input focus is": 0.027411280835491242,
  "a palette": 0.052409078884624365,
  "hard and would": 0.02947421887287203,
  "transiently get the": 0.02947421887287203,
  "color cells": 0.024684225085865777,
  "a particular widget": 0.027411280835491242,
  "uses them palettes": 0.02947421887287203,
  "bold part above": 0.02947421887287203,
  "a color": 0.017050447236277872,
  "palettes": 0.049368450171731554,
  "andrewcmuedu inreplyto": 0.017389567055769595,
  "providing an index": 0.02947421887287203,
  "access to all": 0.02368281961973122,
  "its colors": 0.02947421887287203,
  "and x windows": 0.048283202809862785,
  "netnewscompwindowsx": 0.025348342798110452,
  "mellon pittsburgh": 0.013921401391582742,
  "color descriptors when": 0.02947421887287203,
  "approximation that can": 0.02947421887287203,
  "we need solutions": 0.020711007625352863,
  "in the server": 0.048283202809862785,
  "them palettes": 0.02947421887287203,
  "carnegie": 0.01290176499263067,
  "any free colors": 0.02947421887287203,
  "is hard": 0.016217232872117543,
  "current palette": 0.02947421887287203,
  "current": 0.0094915684862367,
  "providing": 0.013546069666098025,
  "by providing": 0.02087192197437154,