{
  "gmt harris": 0.103866380245916,
  "bomgardner ssd rudolphssdcsdharriscom": 0.12077240904006102,
  "worth the": 0.06449045151760663,
  "ft lauderdale": 0.084239088630866,
  "tim bomgardner ": 0.12077240904006102,
  "harris": 0.06986524721206544,
  "rudolphssdcsdharriscom has anyone": 0.12077240904006102,
  "organization is": 0.08552397296815656,
  "tim bomgardner": 0.24154481808012204,
  "the membership": 0.086960351451771,
  "ssd rudolphssdcsdharriscom": 0.12077240904006102,
  "is the membership": 0.12077240904006102,
  "membership worth": 0.12077240904006102,
  "gmt": 0.002005242244715517,
  "bomgardner": 0.24154481808012204,
  "the x professional": 0.12077240904006102,
  "x professional": 0.24154481808012204,
  "anyone ever heard": 0.09152978376203211,
  "csd ft lauderdale": 0.0954133658488435,
  "x professional organizationmay": 0.12077240904006102,
  "tim": 0.10010353382498724,
  "charge tim bomgardner": 0.12077240904006102,
  "gmt harris csd": 0.10737469820264506,
  "worth the or": 0.12077240904006102,
  "anyone a member": 0.12077240904006102,
  "heard of": 0.05081421029031477,
  "organizationmay": 0.12077240904006102,
  "flsender tim bomgardner": 0.12077240904006102,
  "organization": 0.047675318463151636,
  "heard": 0.03298056464142475,
  "tim bomgardner ssd": 0.12077240904006102,
  "harris csd": 0.0954133658488435,
  "csd": 0.09046866940850003,
  "they charge": 0.09046866940850003,
  "lauderdale flsender": 0.12077240904006102,
  "x professional organization": 0.12077240904006102,
  "member is the": 0.12077240904006102,
  "professional": 0.11642533722833975,
  "ft lauderdale flsender": 0.12077240904006102,
  "that they charge": 0.10737469820264506,
  "rudolphssdcsdharriscom": 0.12077240904006102,
  "csd ft": 0.0954133658488435,
  "ssd": 0.11231939464298851,
  "bomgardner ": 0.24154481808012204,
  "organization is anyone": 0.12077240904006102,
  "heard of the": 0.0757860742337935,
  "of the x": 0.08013576867207071,
  "harris csd ft": 0.0954133658488435,
  "ft": 0.06828381034244918,
  "ever heard": 0.06986524721206544,
  "ssd rudolphssdcsdharriscom has": 0.12077240904006102,
  "the x": 0.06068394946497315,
  "professional organizationmay gmt": 0.12077240904006102,
  "membership": 0.06473436208720017,
  "bomgardner ssd": 0.12077240904006102,
  "organizationmay gmt harris": 0.12077240904006102,
  "membership worth the": 0.12077240904006102,
  "organizationmay gmt": 0.12077240904006102,
  "lauderdale flsender tim": 0.12077240904006102,
  "flsender tim": 0.12077240904006102,
  "x": 0.07475444732774779,
  "flsender": 0.12077240904006102,
  "rudolphssdcsdharriscom has": 0.12077240904006102,
  "professional organization is": 0.12077240904006102,
  "professional organizationmay": 0.12077240904006102,
  "charge tim": 0.12077240904006102,
  "they charge tim": 0.12077240904006102,
  "a member": 0.0611340050373567,
  "the membership worth": 0.12077240904006102,
  "charge": 0.05046520046951413,
  "worth": 0.0424996659188877,
  "professional organization": 0.11231939464298851,
  "member is": 0.11231939464298851,
  "member": 0.04785916800468148,
  "lauderdale": 0.08364408662879975
}