{
  "roboticsbaud modem obo": 0.059301422402904216,
  "baud": 0.036920167203602604,
  "usr": 0.04079218615524963,
  "fax or": 0.04349868390221404,
  "gmt": 0.0009846099644710922,
  "na express": 0.05515084048338358,
  "selling my baud": 0.059301422402904216,
  "trade either for": 0.059301422402904216,
  "washington": 0.02137759229428331,
  "highest rated modem": 0.059301422402904216,
  "or pick": 0.059301422402904216,
  "modems without": 0.05515084048338358,
  "usaaccessdigexnet i am": 0.059301422402904216,
  "us roboticsbaud": 0.059301422402904216,
  "error": 0.022395345732038097,
  "pick up in": 0.059301422402904216,
  "the washington dc": 0.044942768074770253,
  "modems and am": 0.059301422402904216,
  "john": 0.016270618184207653,
  "online communications": 0.02679037073251834,
  "greenbelt md": 0.0319079434897103,
  "offers welcome": 0.059301422402904216,
  "external both are": 0.059301422402904216,
  "systems": 0.016083198261008805,
  "for a simm": 0.059301422402904216,
  "external both": 0.059301422402904216,
  "highest": 0.028239231948767953,
  "obo apr": 0.059301422402904216,
  "is external": 0.04966406963383774,
  "modem manufacturer add": 0.059301422402904216,
  "rated": 0.0344922324245118,
  "computer": 0.012234446010855314,
  "greenbelt md usaaccessdigexnet": 0.035197520063172776,
  "error correction": 0.04349868390221404,
  "computer systems": 0.03498739239963224,
  "john baker": 0.05515084048338358,
  "usr modems without": 0.059301422402904216,
  "my baud usr": 0.059301422402904216,
  "express": 0.024344952659395586,
  "internal": 0.023891224764351696,
  "baud usr modems": 0.059301422402904216,
  "offers welcome i": 0.059301422402904216,
  "modem": 0.050866415933714375,
  "usr modems": 0.059301422402904216,
  "access na": 0.059301422402904216,
  "without fax": 0.05515084048338358,
  "offers": 0.027169829498581745,
  "express access": 0.02937799561389753,
  "my computer": 0.032628684101985,
  "upgrading my": 0.04857232378477215,
  "obo apr gmt": 0.059301422402904216,
  "am selling": 0.03913797431915287,
  "a simm john": 0.059301422402904216,
  "trade": 0.025517547726628082,
  "manufacturer": 0.030683916456128585,
  "fax modems": 0.052722905704292784,
  "baud usr": 0.059301422402904216,
  "internal the": 0.052722905704292784,
  "communications greenbelt": 0.0331370640048981,
  "greenbelt": 0.031046938143652145,
  "sale us": 0.059301422402904216,
  "shipping": 0.024486269517724174,
  "or error": 0.052722905704292784,
  "modem manufacturer": 0.059301422402904216,
  "fax": 0.03641412728423475,
  "the washington": 0.03541529038754927,
  "upgrading my computer": 0.059301422402904216,
  "my baud": 0.059301422402904216,
  "modems": 0.06432021614529039,
  "sale us roboticsbaud": 0.059301422402904216,
  "communications greenbelt md": 0.03321334559637971,
  "communications": 0.020986482675148476,
  "baker": 0.03721232387527585,
  "a simm": 0.044942768074770253,
  "dc area offers": 0.059301422402904216,
  "usaaccessdigexnet": 0.031209518916502154,
  "trade either": 0.059301422402904216,
  "shipping or": 0.04684967664434232,
  "modem obo": 0.059301422402904216,
  "rated modem manufacturer": 0.059301422402904216,
  "area": 0.018854691268245755,
  "robotics the": 0.059301422402904216,
  "washington dc": 0.029583789886377818,
  "correction one": 0.059301422402904216,
  "internal the other": 0.059301422402904216,
  "us roboticsbaud modem": 0.059301422402904216,
  "apr gmt": 0.0090074996308329,
  "in the washington": 0.04684967664434232,
  "my computer systems": 0.059301422402904216,
  "gmt access": 0.05100025856386295,
  "roboticsbaud": 0.059301422402904216,
  "systems to fax": 0.059301422402904216,
  "fax modems and": 0.059301422402904216,
  "baker ": 0.10544581140858557,
  "access online": 0.02945946658429142,
  "or error correction": 0.059301422402904216,
  "simm john": 0.059301422402904216,
  "md usaaccessdigexnet": 0.0350915345715596,
  "is internal": 0.059301422402904216,
  "add shipping": 0.059301422402904216,
  "washington dc area": 0.052722905704292784,
  "robotics the highest": 0.059301422402904216,
  "and am selling": 0.05515084048338358,
  "robotics": 0.036375426016741964,
  "modems and": 0.04442174186525151,
  "express access online": 0.02945946658429142,
  "online communications greenbelt": 0.0331370640048981,
  "md usaaccessdigexnet i": 0.05100025856386295,
  "apr": 0.007867207714306225,
  "manufacturer add shipping": 0.059301422402904216,
  "pick up": 0.030247348966259795,
  "fax or error": 0.059301422402904216,
  "apr gmt access": 0.05100025856386295,
  "online": 0.021046563687062116,
  "upgrading": 0.03386133113314757,
  "modems without fax": 0.059301422402904216,
  "error correction one": 0.059301422402904216,
  "md": 0.024931404964705202,
  "dc area": 0.04764926582173467,
  "systems to": 0.042336073037298125,
  "shipping or pick": 0.059301422402904216,
  "access na express": 0.059301422402904216,
  "modem obo apr": 0.059301422402904216,
  "sale": 0.019417738870930044,
  "i am upgrading": 0.05515084048338358,
  "area offers": 0.059301422402904216,
  "would trade": 0.052722905704292784,
  "to fax": 0.052722905704292784,
  "na express access": 0.05515084048338358,
  "to fax modems": 0.059301422402904216,
  "obo": 0.03306174195575522,
  "computer systems to": 0.059301422402904216,
  "highest rated": 0.059301422402904216,
  "external": 0.02602700287176925,
  "area offers welcome": 0.059301422402904216,
  "other is external": 0.059301422402904216,
  "gmt access na": 0.059301422402904216,
  "add": 0.020526376195095286,
  "the highest rated": 0.059301422402904216,
  "access": 0.03357257933719453,
  "dc": 0.025227413694376907,
  "access online communications": 0.02945946658429142,
  "rated modem": 0.059301422402904216,
  "correction one is": 0.059301422402904216,
  "are us robotics": 0.059301422402904216,
  "roboticsbaud modem": 0.059301422402904216,
  "simm": 0.03394749123765116,
  "selling": 0.024835900165856833,
  "add shipping or": 0.059301422402904216,
  "usaaccessdigexnet i": 0.04966406963383774,
  "correction": 0.032628684101985,
  "john baker ": 0.05515084048338358,
  "for sale": 0.020362559852511255,
  "pick": 0.024038680137437856,
  "one is internal": 0.059301422402904216,
  "the highest": 0.03083681048011161,
  "selling my": 0.041993807086160705,
  "simm john baker": 0.059301422402904216,
  "manufacturer add": 0.059301422402904216,
  "am upgrading": 0.05515084048338358,
  "us robotics": 0.043942444214511774,
  "i would trade": 0.059301422402904216
}