{
  "ultrastor hd": 0.09431750039319052,
  "controller wanted": 0.08771609867357198,
  "ultrastor line of": 0.09431750039319052,
  "is missing": 0.06224801629808123,
  "tri ": 0.18863500078638104,
  "wanted sender": 0.0636615401563505,
  "gmt": 0.0015659987053968799,
  "system": 0.016746363087591695,
  "thanks tri": 0.09431750039319052,
  "interested": 0.027181740000277777,
  "sender nawc": 0.08771609867357198,
  "system and thats": 0.09431750039319052,
  "admin nawc tueapr": 0.09431750039319052,
  "building a system": 0.09431750039319052,
  "conponents": 0.09431750039319052,
  "sender": 0.006231938530634436,
  "email": 0.01989464673790968,
  "a system": 0.043622167258539,
  "any info asap": 0.09431750039319052,
  "system and": 0.044967180866599225,
  "nawc tueapr": 0.09431750039319052,
  "ultrastor": 0.1397788225490184,
  "sender nawc news": 0.08771609867357198,
  "info asap im": 0.09431750039319052,
  "conponents that is": 0.09431750039319052,
  "controllers": 0.056505196454598866,
  "nawc tueapr gmt": 0.09431750039319052,
  "gmt hi netters": 0.07451329523433493,
  "news admin nawc": 0.09431750039319052,
  "tri": 0.07725312449578046,
  "admin": 0.041105608408426225,
  "conponents that": 0.09431750039319052,
  "missing thanks tri": 0.09431750039319052,
  "controller": 0.08110267892650982,
  "hd": 0.042240737144284494,
  "info on ultrastor": 0.09431750039319052,
  "gmt hi": 0.04308038274042423,
  "building a": 0.05632717614019742,
  "wanted": 0.02907820357275717,
  "tueapr gmt": 0.022351519731854765,
  "asap im": 0.09431750039319052,
  "interested in the": 0.05104802627633333,
  "info asap": 0.08771609867357198,
  "of controller": 0.09431750039319052,
  "im building": 0.07451329523433493,
  "the ultrastor": 0.0789895202747705,
  "missing thanks": 0.08771609867357198,
  "and scsi": 0.06487900083739702,
  "scsi controllers": 0.07725312449578046,
  "hi netters": 0.06258221934390285,
  "nawc": 0.17543219734714396,
  "the and scsi": 0.09431750039319052,
  "tueapr gmt hi": 0.060733114444465164,
  "im especially interested": 0.07725312449578046,
  "on the ultrastor": 0.09431750039319052,
  "asap im building": 0.09431750039319052,
  "tueapr": 0.021513302664080358,
  "line of controller": 0.09431750039319052,
  "asap": 0.0644556507176748,
  "missing": 0.04132206794249819,
  "controller im": 0.08771609867357198,
  "and scsi controllers": 0.09431750039319052,
  "have any info": 0.061612860350474835,
  "info on": 0.08607319006658885,
  "scsi": 0.04028585022965248,
  "especially interested": 0.06852654609697899,
  "news admin": 0.04981436863641045,
  "info on the": 0.059927805987055036,
  "the few conponents": 0.09431750039319052,
  "netters does anyone": 0.08771609867357198,
  "building": 0.035924867160017734,
  "wanted sender nawc": 0.09431750039319052,
  "few conponents": 0.09431750039319052,
  "nawc news": 0.08771609867357198,
  "controllers please": 0.09431750039319052,
  "email any info": 0.08111469695395346,
  "controllers please email": 0.09431750039319052,
  "ultrastor hd controller": 0.09431750039319052,
  "hd controller wanted": 0.08771609867357198,
  "interested in": 0.030993838012002162,
  "controller wanted sender": 0.09431750039319052,
  "please email": 0.038285858598064035,
  "news": 0.014620080981035465,
  "info": 0.0847158016362298,
  "controller im especially": 0.09431750039319052,
  "on ultrastor hd": 0.09431750039319052,
  "netters": 0.04760059774139594,
  "on ultrastor": 0.09431750039319052,
  "hd controller": 0.07339155203760747,
  "nawc news admin": 0.08771609867357198,
  "email any": 0.06627522440112917,
  "netters does": 0.083854526215399,
  "admin nawc": 0.09431750039319052,
  "any info": 0.09081026865209031,
  "ultrastor line": 0.09431750039319052,
  "that is missing": 0.08111469695395346,
  "scsi controllers please": 0.09431750039319052
}