{
  "me andor": 0.025595131548304922,
  "ilyess bdira": 0.02240149117426972,
  "borders sender": 0.026773809188154238,
  "dream": 0.014638962473341337,
  "on sunday": 0.016935465399358383,
  "islamic": 0.013430621548101786,
  "ilyess bdira writes": 0.02240149117426972,
  "muslims only": 0.028788771922340126,
  "a bit": 0.009536631445741753,
  "murder": 0.011966395813715974,
  "wrong": 0.007696936822765516,
  "inhabitant out we": 0.025595131548304922,
  "care": 0.009083001870929726,
  "crap": 0.014301543370862403,
  "booklets": 0.025595131548304922,
  "apply": 0.011342798439894922,
  "jews and for": 0.028788771922340126,
  "crap that i": 0.028788771922340126,
  "empty speaches": 0.028788771922340126,
  "church": 0.010915317573742313,
  "andor my godmy": 0.028788771922340126,
  "able to learn": 0.025595131548304922,
  "church and": 0.01643849505591757,
  "a new converted": 0.028788771922340126,
  "their thinking dorin": 0.028788771922340126,
  "empty speaches and": 0.028788771922340126,
  "time when violence": 0.028788771922340126,
  "types": 0.012038622553793099,
  "rather deam": 0.025595131548304922,
  "nicely": 0.015840087921603182,
  "sunday": 0.013329120777444149,
  "time": 0.004581671319265149,
  "and cheap booklets": 0.028788771922340126,
  "insult its": 0.028788771922340126,
  "of god": 0.011271719672847931,
  "convert": 0.05036259894310742,
  "current inhabitant out": 0.025595131548304922,
  "not feel threatened": 0.02475884645396835,
  "nicely dressed neighbours": 0.028788771922340126,
  "if jews": 0.02240149117426972,
  "an insult": 0.020229356285228376,
  "corporation": 0.009820662451864944,
  "for jews": 0.02038652844008383,
  "vs": 0.010088364676005301,
  "business you": 0.024110173339682853,
  "conversion related violence": 0.028788771922340126,
  "bdira": 0.02038652844008383,
  "comfortable": 0.015581519648299416,
  "re islam": 0.019673963155104224,
  "the day": 0.012122082163916446,
  "wrong to": 0.01772289259161245,
  "nicely dressed": 0.028788771922340126,
  "monapr gmt": 0.007945401156498184,
  "of time": 0.012306559936931638,
  "the same dream": 0.02475884645396835,
  "convert everybody": 0.028788771922340126,
  "dressed neighbours who": 0.028788771922340126,
  "want to convert": 0.02475884645396835,
  "more inferiour": 0.028788771922340126,
  "israeli borders": 0.023580168814119035,
  "insult": 0.016565828261319873,
  "apply for": 0.02008024787131108,
  "violence will occur": 0.028788771922340126,
  "godmy lack of": 0.028788771922340126,
  "and cheap": 0.020916532965647654,
  "threatened a bit": 0.025595131548304922,
  "converts": 0.017247225662014188,
  "kicking the": 0.021818146129321606,
  "re islam borders": 0.02240149117426972,
  "a matter": 0.012601723946290423,
  "jews": 0.019796833673305633,
  "kicking the current": 0.025595131548304922,
  "thouthands": 0.028788771922340126,
  "day": 0.007411672124666778,
  "my godmy": 0.028788771922340126,
  "assume": 0.009973811763907273,
  "violence physical": 0.028788771922340126,
  "monapr": 0.007600028624313215,
  "to convert": 0.05720617348344961,
  "matter": 0.008582915037332613,
  "inferiour or their": 0.028788771922340126,
  "just a matter": 0.021332523790184493,
  "live as": 0.021818146129321606,
  "cheap booklets about": 0.028788771922340126,
  "borders sender unocal": 0.028788771922340126,
  "the current": 0.011393608315691315,
  "business": 0.010378075328910791,
  "long": 0.006943423781384687,
  "usenet": 0.005923737743023873,
  "converted": 0.014895971070271725,
  "andor": 0.01181016245323141,
  "trying to convert": 0.02209521060549697,
  "lack": 0.011292861415083628,
  "not apply": 0.017993504286571788,
  "vs israeli borders": 0.023580168814119035,
  "dressed neighbours": 0.028788771922340126,
  "deam": 0.023580168814119035,
  "years of": 0.01466141028175387,
  "neighbours who": 0.028788771922340126,
  "world dreams": 0.02475884645396835,
  "dream i would": 0.02475884645396835,
  "show on sunday": 0.028788771922340126,
  "not feel": 0.018713958251410687,
  "live as they": 0.028788771922340126,
  "planet but": 0.02475884645396835,
  "dorin ": 0.045487767439564925,
  "be very comfortable": 0.028788771922340126,
  "lack of god": 0.028788771922340126,
  "islamic world dreams": 0.02475884645396835,
  "threatened": 0.016014210426199313,
  "speaches and": 0.028788771922340126,
  "time when": 0.015644037686732448,
  "with empty": 0.022743883719782462,
  "islamic world": 0.020916532965647654,
  "are as long": 0.028788771922340126,
  "sender": 0.001902190539873883,
  "violence": 0.040516065429568794,
  "convert me to": 0.05757754384468025,
  "the objective": 0.018537723885665238,
  "converts if jews": 0.025595131548304922,
  "neighbours": 0.019317561055998606,
  "speaches and cheap": 0.028788771922340126,
  "not by kicking": 0.025595131548304922,
  "vs israeli": 0.023132056372760727,
  "feel": 0.008844982179757897,
  "dreams": 0.015874088037193857,
  "learn anything": 0.024110173339682853,
  "crap that": 0.021818146129321606,
  "news": 0.004462524718048615,
  "care your": 0.025595131548304922,
  "day everybody": 0.025595131548304922,
  "dreams of": 0.022743883719782462,
  "physical murder is": 0.028788771922340126,
  "bdira writes the": 0.028788771922340126,
  "borders vs israeli": 0.023132056372760727,
  "you do assume": 0.028788771922340126,
  "your business": 0.020728920985596574,
  "unocal": 0.04145784197119315,
  "thouthands of": 0.028788771922340126,
  "inferiour or": 0.028788771922340126,
  "types of": 0.014127652396412083,
  "physical murder": 0.028788771922340126,
  "beliefs are": 0.01880625097906935,
  "usenet news unocal": 0.020916532965647654,
  "israeli": 0.012131505111370431,
  "dorin": 0.020728920985596574,
  "violence why not": 0.028788771922340126,
  "kicking": 0.01785505065578907,
  "israeli borders sender": 0.026773809188154238,
  "many types": 0.02209521060549697,
  "related violence": 0.026773809188154238,
  "or to convert": 0.028788771922340126,
  "corporation monapr": 0.020552686619851126,
  "take care": 0.016397260651871186,
  "violence why": 0.028788771922340126,
  "insult its like": 0.028788771922340126,
  "care your business": 0.028788771922340126,
  "learn": 0.011127882297082323,
  "borders vs": 0.023132056372760727,
  "convert me": 0.04363629225864321,
  "just crap": 0.028788771922340126,
  "some friendly nicely": 0.028788771922340126,
  "current inhabitant": 0.025595131548304922,
  "converted one": 0.028788771922340126,
  "islam borders vs": 0.023132056372760727,
  "are many types": 0.028788771922340126,
  "jews had": 0.02209521060549697,
  "business you do": 0.026773809188154238,
  "islam or": 0.023132056372760727,
  "monapr gmt ilyess": 0.028788771922340126,
  "will occur": 0.020552686619851126,
  "same dream": 0.02475884645396835,
  "dream i": 0.02209521060549697,
  "you are wrong": 0.01880625097906935,
  "ilyess": 0.02008024787131108,
  "years of conversion": 0.028788771922340126,
  "dressed": 0.019431574757025588,
  "gmt ilyess bdira": 0.028788771922340126,
  "bdira writes": 0.020552686619851126,
  "friendly nicely dressed": 0.028788771922340126,
  "converted one this": 0.028788771922340126,
  "very comfortable": 0.023580168814119035,
  "comfortable that people": 0.028788771922340126,
  "change their": 0.018453457790103458,
  "their beliefs": 0.017596482382485304,
  "the whole planet": 0.02475884645396835,
  "sender unocal usenet": 0.020916532965647654,
  "god are just": 0.028788771922340126,
  "do assume": 0.028788771922340126,
  "long as": 0.011710484914049338,
  "years": 0.007165563986164813,
  "convert everybody its": 0.028788771922340126,
  "feel threatened a": 0.02475884645396835,
  "that me andor": 0.028788771922340126,
  "are just crap": 0.028788771922340126,
  "or their beliefs": 0.028788771922340126,
  "violence will": 0.028788771922340126,
  "conversion related": 0.028788771922340126,
  "objective is i": 0.028788771922340126,
  "god are": 0.021332523790184493,
  "physical": 0.012002284871338937,
  "when violence": 0.025595131548304922,