{
  "michelin tires shocks": 0.04075447547853911,
  "dealers very little": 0.04075447547853911,
  "cylinder": 0.02351309793933571,
  "eecs": 0.029095161305468263,
  "fritsch please": 0.04075447547853911,
  "camping trips": 0.03504956041220211,
  "truck": 0.021192375926661067,
  "and computing": 0.02989415724966973,
  "michelin tires": 0.04075447547853911,
  "rob": 0.01820040583515643,
  "cruise control great": 0.04075447547853911,
  "technical and": 0.030528522187230466,
  "michelin": 0.03504956041220211,
  "voice fax": 0.022932527576126224,
  "asking if interested": 0.04075447547853911,
  "dealers": 0.020162103849133927,
  "shape": 0.01966820395836109,
  "ataraxiaberkeleyedu please": 0.04075447547853911,
  "white blazer topper": 0.04075447547853911,
  "ac": 0.02010723335172872,
  "pickup": 0.04740907666578988,
  "berkeley caca": 0.04075447547853911,
  "with white": 0.029610235967830426,
  "ataraxiaberkeleyedu": 0.04075447547853911,
  "very little rust": 0.04075447547853911,
  "clutch windshield": 0.04075447547853911,
  "account for sale": 0.04075447547853911,
  "brake cylinder michelin": 0.04075447547853911,
  "topper amfmcasette ac": 0.04075447547853911,
  "miles asking": 0.03790201794537061,
  "free": 0.01154645551716136,
  "new brakes master": 0.04075447547853911,
  "windshield wipers": 0.03790201794537061,
  "computing services uc": 0.03504956041220211,
  "ataraxiaberkeleyedu please do": 0.04075447547853911,
  "ac cruise control": 0.03790201794537061,
  "tires shocks": 0.04075447547853911,
  "caca": 0.03413127419280207,
  "fax": 0.01251267336721647,
  "computing": 0.028709799029739982,
  "caca ataraxiaberkeleyedu": 0.04075447547853911,
  "shape miles": 0.04075447547853911,
  "good shape miles": 0.04075447547853911,
  "berkeley berkeley": 0.03790201794537061,
  "ac cruise": 0.03413127419280207,
  "maintained": 0.02205778913174897,
  "berkeley caca ataraxiaberkeleyedu": 0.04075447547853911,
  "rob mcnicholas": 0.04075447547853911,
  "interested please contact": 0.031712399028595815,
  "body": 0.014662461882951651,
  "shocks maintenance": 0.04075447547853911,
  "white": 0.014037439120430172,
  "free battery clutch": 0.04075447547853911,
  "white blazer": 0.04075447547853911,
  "shape miles asking": 0.04075447547853911,
  "saletoyota pickup apr": 0.04075447547853911,
  "bluetoyota pickup truck": 0.04075447547853911,
  "trips new brakes": 0.04075447547853911,
  "contact": 0.01432136040226948,
  "maintained with": 0.03504956041220211,
  "in good shape": 0.02989415724966973,
  "miles asking if": 0.04075447547853911,
  "respond directly to": 0.06549322956567646,
  "berkeley berkeley caca": 0.04075447547853911,
  "ursula fritsch please": 0.04075447547853911,
  "uc berkeley voice": 0.04075447547853911,
  "uc berkeley berkeley": 0.04075447547853911,
  "directly to this": 0.08150895095707822,
  "apr technical": 0.04075447547853911,
  "trips new": 0.04075447547853911,
  "rust": 0.027191360803624175,
  "berkeley voice fax": 0.04075447547853911,
  "apr": 0.005406681844811274,
  "and computing services": 0.04075447547853911,
  "for saletoyota": 0.036233437253567466,
  "topper": 0.04075447547853911,
  "voice fax ": 0.029095161305468263,
  "wipers well": 0.04075447547853911,
  "mcnicholas technical": 0.04075447547853911,
  "ursula": 0.036233437253567466,
  "shocks maintenance free": 0.04075447547853911,
  "sale": 0.013344701199363445,
  "new brakes": 0.03504956041220211,
  "for camping trips": 0.04075447547853911,
  "toyota parts all": 0.04075447547853911,
  "dealers very": 0.04075447547853911,
  "eecs uc berkeley": 0.04075447547853911,
  "contact ursula": 0.04075447547853911,
  "cylinder michelin": 0.04075447547853911,
  "all toyota": 0.04075447547853911,
  "trips": 0.024044833459829565,
  "body in good": 0.04075447547853911,
  "do not respond": 0.06676195944079794,
  "fritsch": 0.04075447547853911,
  "windshield": 0.028034136164307357,
  "windshield wipers well": 0.04075447547853911,
  "wipers well maintained": 0.04075447547853911,
  "maintenance free battery": 0.04075447547853911,
  "parts all repairs": 0.04075447547853911,
  "for saletoyota pickup": 0.04075447547853911,
  "miles": 0.018065468292674983,
  "respond": 0.03317876338937932,
  "if interested": 0.02282563257035149,
  "technical computing": 0.04075447547853911,
  "services uc": 0.03504956041220211,
  "control": 0.012229900146854116,
  "mcnicholas": 0.04075447547853911,
  "repairs done": 0.04075447547853911,
  "control great for": 0.04075447547853911,
  "pickup apr technical": 0.04075447547853911,
  "amfmcasette": 0.04075447547853911,
  "computing services eecs": 0.04075447547853911,
  "interested": 0.011745196296416323,
  "technical and computing": 0.04075447547853911,
  "brake": 0.022987034682093385,
  "brakes master": 0.04075447547853911,
  "good shape": 0.02785120710022985,
  "saletoyota": 0.036233437253567466,
  "mcnicholas technical computing": 0.04075447547853911,
  "computing services": 0.048232808834983154,
  "uc": 0.043772593107937706,
  "technical": 0.030799425675637256,
  "clutch": 0.021448517115456214,
  "for camping": 0.036233437253567466,
  "little rust": 0.04075447547853911,
  "amfmcasette ac": 0.04075447547853911,
  "pickup truck with": 0.04075447547853911,
  "services eecs uc": 0.04075447547853911,
  "respond directly": 0.06255763331926714,
  "control great": 0.04075447547853911,
  "interested please": 0.024044833459829565,
  "topper amfmcasette": 0.04075447547853911,
  "in good": 0.022101802667208837,
  "rust body": 0.04075447547853911,
  "saletoyota pickup": 0.04075447547853911,
  "master brake": 0.03790201794537061,
  "this account rob": 0.04075447547853911,
  "with white blazer": 0.04075447547853911,
  "maintenance": 0.022014241356726184,
  "all toyota parts": 0.04075447547853911,
  "apr technical and": 0.04075447547853911,
  "pickup apr": 0.04075447547853911,
  "technical computing services": 0.04075447547853911,
  "brakes": 0.022987034682093385,
  "well maintained": 0.029095161305468263,
  "repairs": 0.026757778434661924,
  "tires": 0.021844517247532568,
  "at the dealers": 0.03790201794537061,
  "ursula fritsch": 0.04075447547853911,
  "bluetoyota": 0.04075447547853911,
  "tires shocks maintenance": 0.04075447547853911,
  "great for": 0.02589473098206082,
  "not respond": 0.05922047193566085,
  "body in": 0.027346670795323134,
  "not respond directly": 0.08150895095707822,
  "great": 0.010289203498744494,
  "directly to": 0.043942299175449936,
  "berkeley voice": 0.04075447547853911,
  "blazer": 0.030199128328491632,
  "parts": 0.015114634130479513,
  "blazer topper": 0.04075447547853911,
  "bluetoyota pickup": 0.04075447547853911,
  "rob mcnicholas technical": 0.04075447547853911,
  "master brake cylinder": 0.03790201794537061,
  "directly": 0.029989761952428643,
  "fax ": 0.03606482817631899,
  "camping trips new": 0.04075447547853911,
  "caca ataraxiaberkeleyedu please": 0.04075447547853911,
  "voice": 0.014743083321129303,
  "the dealers": 0.027676064654061965,
  "shocks": 0.02785120710022985,
  "little rust body": 0.04075447547853911,
  "battery": 0.019547514184309566,
  "brake cylinder": 0.03790201794537061,
  "account rob": 0.04075447547853911,
  "clutch windshield wipers": 0.04075447547853911,
  "sale bluetoyota": 0.04075447547853911,
  "camping": 0.028426359126465073,
  "services uc berkeley": 0.04075447547853911,
  "to this account": 0.05868929069173022,
  "wipers": 0.03338097972039897,
  "master": 0.01981786504548403,
  "sale bluetoyota pickup": 0.04075447547853911,
  "free battery": 0.04075447547853911,
  "amfmcasette ac cruise": 0.04075447547853911,
  "please contact ursula": 0.04075447547853911,
  "battery clutch": 0.04075447547853911,
  "for sale bluetoyota": 0.04075447547853911,
  "this account": 0.053794581985996126,
  "uc berkeley": 0.050944571807248526,
  "cruise control": 0.028859941495427317,
  "berkeley": 0.061343995162398905,
  "maintenance free": 0.04075447547853911,
  "cylinder michelin tires": 0.04075447547853911,