{
  "againapr": 0.037553602185448835,
  "usaworld composerthinkcom": 0.03301272601409824,
  "jewish groups": 0.040762616910263394,
  "making such": 0.033974019369553084,
  "my biggest": 0.03434458746063427,
  "mohammad razi": 0.03943075546372737,
  "definition would be": 0.03943075546372737,
  "thinking machines corporation": 0.031135572735819707,
  "skies cambridge": 0.03153840318484577,
  "muslime fundamentalists muslim": 0.04263977018854193,
  "muslim but nobody": 0.04263977018854193,
  "defines what": 0.037553602185448835,
  "razi khan writes": 0.03943075546372737,
  "machines": 0.0362907524129427,
  "os": 0.018689210575702345,
  "am hesitant": 0.04584878491335649,
  "jewish or christan": 0.04263977018854193,
  "are definitely jewish": 0.04584878491335649,
  "composerthinkcom in article": 0.03301272601409824,
  "stealth": 0.02528095502219762,
  "the word": 0.017775705243506457,
  "but nobody defines": 0.04263977018854193,
  "broad generalization shai": 0.04584878491335649,
  "bombers os software": 0.03153840318484577,
  "speak of": 0.02713095496967802,
  "software engineer thinking": 0.03153840318484577,
  "shai": 0.02966124990656723,
  "making such a": 0.036839941630693006,
  "khan writes one": 0.04263977018854193,
  "khan writes": 0.03331151546380922,
  "ma usaworld": 0.03301272601409824,
  "christan fundamentalist is": 0.04263977018854193,
  "ma ": 0.053189393128938244,
  "razi": 0.03943075546372737,
  "fundamentalist is i": 0.04263977018854193,
  "machines corp": 0.030765004644738518,
  "my biggest complaints": 0.04263977018854193,
  "groups might": 0.04584878491335649,
  "jewish fundamentalists other": 0.04584878491335649,
  "that naturei": 0.04584878491335649,
  "cambridge ma ": 0.030590280904077193,
  "defines": 0.026114155852980034,
  "againapr gmt": 0.03943075546372737,
  "againapr gmt thinking": 0.04584878491335649,
  "skies": 0.02865632164157729,
  "what an equal": 0.04263977018854193,
  "usaworld composerthinkcom in": 0.03301272601409824,
  "other ultraorthodox": 0.04584878491335649,
  "stealth bombers": 0.03153840318484577,
  "fundamentalism againapr": 0.04584878491335649,
  "muslim but": 0.04263977018854193,
  "cambridge ma usaworld": 0.03301272601409824,
  "jewish or": 0.03622174073891281,
  "ultraorthodox": 0.04263977018854193,
  "article mohammad": 0.03943075546372737,
  "os software": 0.029131572354818416,
  "usaworld": 0.026816961468109683,
  "saying that naturei": 0.04584878491335649,
  "muslime": 0.036839941630693006,
  "ultraorthodox jewish": 0.04584878491335649,
  "naturei karta are": 0.04584878491335649,
  "guday": 0.03042191218106388,
  "hesitant of": 0.04584878491335649,
  "an equal definition": 0.04263977018854193,
  "or christan fundamentalist": 0.04263977018854193,
  "the skies": 0.03042191218106388,
  "hesitant": 0.03839768346690232,
  "equal": 0.02067249181648985,
  "or christan": 0.04263977018854193,
  "shai guday": 0.03042191218106388,
  "gmt thinking machines": 0.0319796540172732,
  "bombers": 0.028887851366459983,
  "engineer thinking": 0.03153840318484577,
  "corp the": 0.025799093523141997,
  "christan": 0.040762616910263394,
  "complaints": 0.023841422917493697,
  "that naturei karta": 0.04584878491335649,
  "definitely jewish fundamentalists": 0.04584878491335649,
  "word fundamentalist": 0.03943075546372737,
  "usa people": 0.04263977018854193,
  "engineer thinking machines": 0.03153840318484577,
  "corp the winged": 0.03153840318484577,
  "shai guday stealth": 0.03153840318484577,
  "composerthinkcom in": 0.03301272601409824,
  "christan fundamentalist": 0.04263977018854193,
  "using the word": 0.036839941630693006,
  "hesitant of making": 0.04584878491335649,
  "machines corp the": 0.03153840318484577,
  "i am hesitant": 0.04584878491335649,
  "ma usaworld composerthinkcom": 0.03301272601409824,
  "thinking machines corp": 0.030765004644738518,
  "the usa": 0.023105012294208103,
  "generalization": 0.03153840318484577,
  "equal definition": 0.04263977018854193,
  "guday stealth": 0.03153840318484577,
  "of the skies": 0.031135572735819707,
  "any takers": 0.03301272601409824,
  "definition": 0.01865003152978228,
  "razi khan": 0.03943075546372737,
  "fundamentalists other": 0.04584878491335649,
  "os software engineer": 0.03153840318484577,
  "definition would": 0.03567644890717029,
  "in article mohammad": 0.03943075546372737,
  "engineer": 0.02069266452653131,
  "such a broad": 0.04584878491335649,
  "fundamentalists": 0.05877768036847767,
  "naturei karta": 0.04584878491335649,
  "an equal": 0.031135572735819707,
  "word fundamentalist is": 0.04263977018854193,
  "biggest complaints": 0.04263977018854193,
  "a broad generalization": 0.04584878491335649,
  "re fundamentalism againapr": 0.04584878491335649,
  "gmt": 0.0007612493706790388,
  "winged ninjas": 0.03363092690587845,
  "mohammad razi khan": 0.03943075546372737,
  "generalization shai": 0.04584878491335649,
  "cambridge": 0.03808682750359027,
  "groups might very": 0.04584878491335649,
  "broad": 0.025619859670453618,
  "word": 0.014057427114921856,
  "making": 0.014091308507550004,
  "be any takers": 0.04263977018854193,
  "of making": 0.026314027019022666,
  "corp": 0.01786264920022681,
  "re fundamentalism": 0.040762616910263394,
  "takers well": 0.04584878491335649,
  "takers": 0.03153840318484577,
  "muslime fundamentalists": 0.04263977018854193,
  "a jewish": 0.026893486014180103,
  "khan": 0.027555989919923963,
  "thinking": 0.03217807656111488,
  "software engineer": 0.026816961468109683,
  "the winged ninjas": 0.03363092690587845,
  "what a jewish": 0.04263977018854193,
  "speak of muslime": 0.04263977018854193,
  "of my biggest": 0.040762616910263394,
  "fundamentalists muslim but": 0.04263977018854193,
  "composerthinkcom": 0.03221712297277112,
  "fundamentalism againapr gmt": 0.04584878491335649,
  "ultraorthodox jewish groups": 0.04584878491335649,
  "gmt thinking": 0.0317537736275999,
  "jewish groups might": 0.04584878491335649,
  "complaints about": 0.02900810824795656,
  "speak": 0.016081565107619746,
  "stealth bombers os": 0.03153840318484577,
  "karta": 0.04584878491335649,
  "ninjas of": 0.03363092690587845,
  "karta are": 0.04584878491335649,
  "corporation": 0.015640314275192316,
  "winged": 0.031135572735819707,
  "machines corporation cambridge": 0.031135572735819707,
  "muslim": 0.01959933619585409,
  "fundamentalist is that": 0.04263977018854193,
  "broad generalization": 0.04584878491335649,
  "mohammad": 0.02925841945754117,
  "corporation cambridge": 0.031135572735819707,
  "winged ninjas of": 0.03363092690587845,
  "takers well i": 0.04584878491335649,
  "the word fundamentalist": 0.03943075546372737,
  "fundamentalists other ultraorthodox": 0.04584878491335649,
  "jewish": 0.052360270809560475,
  "article mohammad razi": 0.03943075546372737,
  "article": 0.003650034046821659,
  "software": 0.012485927082466437,
  "of muslime": 0.04263977018854193,
  "usa people speak": 0.04263977018854193,
  "biggest complaints about": 0.04263977018854193,
  "nobody defines": 0.04263977018854193,
  "in the usa": 0.025504112900984092,
  "complaints about using": 0.04263977018854193,
  "equal definition would": 0.04263977018854193,
  "ninjas": 0.03331151546380922,
  "the winged": 0.03153840318484577,
  "of muslime fundamentalists": 0.04263977018854193,
  "cambridge ma": 0.04542708581037858,
  "the skies cambridge": 0.03153840318484577,
  "other ultraorthodox jewish": 0.04584878491335649,
  "ma": 0.03195637580414608,
  "writes one": 0.02697129674712631,
  "karta are definitely": 0.04584878491335649,
  "writes one of": 0.034747417909660336,
  "skies cambridge ma": 0.03153840318484577,
  "guday stealth bombers": 0.03153840318484577,
  "fundamentalism": 0.03301272601409824,
  "machines corporation": 0.030946582020448157,
  "corporation cambridge ma": 0.031135572735819707,
  "biggest": 0.022559720462465592,
  "writes": 0.002963080021031085,
  "bombers os": 0.03153840318484577,
  "fundamentalists muslim": 0.04263977018854193,