{
  "an interest": 0.01883676403500175,
  "view a lot": 0.025273125163694697,
  "and elsewhere friendly": 0.025273125163694697,
  "millions of americans": 0.021159492044644575,
  "be dangerous adl": 0.025273125163694697,
  "paranoia if one": 0.029386758282744816,
  "arens to": 0.0472250883811851,
  "government": 0.007833851405958952,
  "americans": 0.012541791510435375,
  "adc": 0.021159492044644575,
  "names": 0.012196806922554478,
  "interest in that": 0.024069964605510235,
  "school": 0.00976247276826541,
  "reporter": 0.01789951492693505,
  "american": 0.00951059195005813,
  "half": 0.011365854620725811,
  "california": 0.009459804614095912,
  "or the naacp": 0.026126781165035296,
  "gmt": 0.00048792244530169846,
  "the adl": 0.08710253037179189,
  "those files": 0.02227134204298704,
  "americans of": 0.022554161567628954,
  "consider yigal": 0.0472250883811851,
  "files": 0.019877769360588677,
  "tueapr": 0.006702957803348479,
  "school of computer": 0.016737856570456046,
  "yigal arens to": 0.0472250883811851,
  "science": 0.007542914279844673,
  "answer": 0.008954978846439721,
  "trust either the": 0.026126781165035296,
  "that person": 0.016535917510381817,
  "computer science": 0.009302208693283008,
  "question as": 0.01844052844857883,
  "seem to view": 0.02461097812715401,
  "in california": 0.01723736789039437,
  "sender": 0.001941701916073044,
  "elsewhere friendly": 0.025273125163694697,
  "arens": 0.040994690016207785,
  "friendly": 0.014897731806227396,
  "ehrlich writes": 0.022866804047325766,
  "rivalry perhaps": 0.025273125163694697,
  "person paranoia": 0.02732994172321976,
  "person paranoia if": 0.029386758282744816,
  "political": 0.010614801389109507,
  "lot": 0.00733366654147538,
  "of arab": 0.01859273406990688,
  "paranoia": 0.017092589955173505,
  "send them": 0.017287240645042383,
  "dangerous adl authorities": 0.025273125163694697,
  "paranoia if": 0.02732994172321976,
  "answer the question": 0.019102675485119514,
  "adl have an": 0.025273125163694697,
  "gmt in article": 0.005400619977740736,
  "american authorities consider": 0.024069964605510235,
  "view a": 0.02177563259294797,
  "view": 0.009754517377306189,
  "interested in": 0.00965683380195913,
  "authorities": 0.027419191765857654,
  "to humanity": 0.02201314804598517,
  "names of half": 0.02732994172321976,
  "usenet news system": 0.008484583513383733,
  "anwar ": 0.05465988344643952,
  "millions": 0.014095091830229152,
  "of computer": 0.01139333036379049,
  "dangerous to": 0.019196885272403135,
  "article": 0.002339487697666108,
  "member of": 0.013288983750159052,
  "members in california": 0.025273125163694697,
  "minoritiesoccupations that the": 0.026126781165035296,
  "yigal is": 0.026126781165035296,
  "government or": 0.018295750513357967,
  "member or the": 0.026126781165035296,
  "friendly rivalry perhaps": 0.025273125163694697,
  "system nntppostinghost spcscmuedu": 0.02177563259294797,
  "arab ancestry": 0.025273125163694697,
  "trust": 0.012298028983405703,
  "does trust": 0.026126781165035296,
  "person": 0.008367803245281032,
  "readers of this": 0.01983519797156321,
  "perhaps perhaps yigal": 0.029386758282744816,
  "nntppostinghost spcscmuedu school": 0.02201314804598517,
  "answer the": 0.016274471612725237,
  "dozens of": 0.01836725660112966,
  "why do american": 0.024069964605510235,
  "in article gideon": 0.02177563259294797,
  "ehrlich anwar ": 0.029386758282744816,
  "member of any": 0.026126781165035296,
  "anwar": 0.02155572763106749,
  "files so it": 0.024069964605510235,
  "lot of people": 0.015811948257512226,
  "perhaps yigal": 0.026126781165035296,
  "carnegie mellon": 0.012863480823513074,
  "mellon": 0.012840915246702337,
  "that the adl": 0.02361254419059255,
  "ancestry": 0.021351001009444488,
  "spcscmuedu school of": 0.02201314804598517,
  "a dangerous": 0.019011364925277514,
  "naacp": 0.02461097812715401,
  "them gideon": 0.02732994172321976,
  "the readers": 0.019011364925277514,
  "millions of": 0.015012315889692618,
  "to view": 0.017188319516651906,
  "half the": 0.016954548365752456,
  "contents": 0.014920297383038135,
  "spied": 0.04643261720833927,
  "gideon ehrlich": 0.04510832313525791,
  "california and": 0.019606826929616242,
  "spied on adc": 0.025273125163694697,
  "a greenpeace": 0.026126781165035296,
  "a member": 0.014875336537279672,
  "news": 0.004555218109818172,
  "authorities consider yigal": 0.024069964605510235,
  "adl authorities seem": 0.025273125163694697,
  "arab": 0.01321156999323235,
  "in that person": 0.025273125163694697,
  "send": 0.008713265289824985,
  "a greenpeace member": 0.026126781165035296,
  "minoritiesoccupations": 0.026126781165035296,
  "adc members": 0.025273125163694697,
  "spied on": 0.04643261720833927,
  "yigal will tell": 0.024069964605510235,
  "humanity sender": 0.029386758282744816,
  "forum seemed": 0.024069964605510235,
  "why the adl": 0.025273125163694697,
  "more interested": 0.01983519797156321,
  "ehrlich anwar": 0.026126781165035296,
  "does the adl": 0.025273125163694697,
  "americans of arab": 0.025273125163694697,
  "of americans": 0.018295750513357967,
  "authorities consider": 0.024069964605510235,
  "of arab ancestry": 0.025273125163694697,
  "tueapr gmt in": 0.009750547665609868,
  "do american": 0.024069964605510235,
  "files so": 0.022554161567628954,
  "adl what an": 0.026126781165035296,
  "a reporter": 0.022554161567628954,
  "organizationsethnic": 0.026126781165035296,
  "gmt in": 0.005086329422994367,
  "he send": 0.02461097812715401,
  "readers": 0.01342267118025087,
  "ehrlich": 0.04311145526213498,
  "in article": 0.002544564099339075,
  "maintained files": 0.025273125163694697,
  "question as to": 0.02155572763106749,
  "gideon ehrlich anwar": 0.026126781165035296,
  "and spied": 0.025273125163694697,
  "minoritiesoccupations that": 0.026126781165035296,
  "posters on": 0.026126781165035296,
  "adl authorities": 0.025273125163694697,
  "elsewhere friendly rivalry": 0.025273125163694697,
  "members": 0.01070644373841352,
  "or a reporter": 0.026126781165035296,
  "including the millions": 0.025273125163694697,
  "naacp or": 0.026126781165035296,
  "be nice": 0.014290033252381658,
  "to humanity sender": 0.029386758282744816,
  "authorities seem": 0.024069964605510235,
  "of half": 0.024069964605510235,
  "yigal arens": 0.04129910125886387,
  "news system": 0.008115007845759548,
  "the dozens": 0.02361254419059255,
  "one does trust": 0.026126781165035296,
  "the question": 0.010835114712519626,
  "humanity": 0.015059417815972408,
  "consider yigal arens": 0.0472250883811851,
  "science carnegie": 0.01677994747547669,
  "them gideon ehrlich": 0.02732994172321976,
  "be more interested": 0.024069964605510235,
  "forum unless they": 0.02732994172321976,
  "of the dozens": 0.026126781165035296,
  "article gideon ehrlich": 0.022866804047325766,
  "spcscmuedu": 0.02155572763106749,
  "contents of": 0.017661999473897853,
  "other political organizationsethnic": 0.026126781165035296,
  "american authorities": 0.02361254419059255,
  "adl maintained files": 0.025273125163694697,
  "forum": 0.029978084732138786,
  "dangerous": 0.03709286567186182,
  "arab ancestry perhaps": 0.025273125163694697,
  "as dangerous": 0.020979597024417766,
  "writes the": 0.010459677619090255,
  "have them gideon": 0.029386758282744816,
  "computer science carnegie": 0.017092589955173505,
  "rivalry": 0.02227134204298704,
  "system": 0.005217709567350528,
  "dangerous adl": 0.025273125163694697,
  "files and spied": 0.025273125163694697,
  "carnegie": 0.012863480823513074,
  "greenpeace": 0.024069964605510235,
  "carnegie mellon tueapr": 0.022866804047325766,
  "adl maintained": 0.02461097812715401,
  "spied on why": 0.029386758282744816,
  "friendly rivalry": 0.025273125163694697,
  "greenpeace member": 0.026126781165035296,
  "mellon tueapr": 0.022866804047325766,
  "news system nntppostinghost": 0.010784098687177274,
  "forum unless": 0.02732994172321976,