{
  "literature": 0.020176584681281112,
  "israel could help": 0.03514364249513094,
  "research writes": 0.025303016561697783,
  "a couple": 0.014044114676913065,
  "were passing": 0.03514364249513094,
  "me questions": 0.037308157850071584,
  "like this cheers": 0.04196329466646188,
  "the other day": 0.02318864721373597,
  "you should mention": 0.03437109352566504,
  "ucla were": 0.04196329466646188,
  "provide accurate": 0.03437109352566504,
  "heard": 0.011459348731342496,
  "omitted elias": 0.04196329466646188,
  "ucla computer science": 0.06286805840251697,
  "ten questions": 0.06097701135748129,
  "these questions": 0.02372573071220692,
  "gmt": 0.0006967367121469168,
  "time": 0.013356736727349248,
  "answers": 0.017851602063393826,
  "tueapr": 0.00957159652427304,
  "around me questions": 0.04196329466646188,
  "questions time": 0.04196329466646188,
  "writes from": 0.02048488702993547,
  "email": 0.00885143181135812,
  "it but ive": 0.03902623034205533,
  "policy": 0.032798739995645775,
  "department tueapr": 0.027412501427118038,
  "subject": 0.012991545451692423,
  "israel sender": 0.032653021033681284,
  "ucla": 0.08549089463055581,
  "thankful if": 0.03315210169324223,
  "are indeed provocative": 0.03437109352566504,
  "steven": 0.02048488702993547,
  "ucla computer": 0.06286805840251697,
  "re ten": 0.03220657817072439,
  "subject ten": 0.03437109352566504,
  "this cheers": 0.03902623034205533,
  "computer science": 0.026566477369799776,
  "couple": 0.01345722803573791,
  "steven berson": 0.03315210169324223,
  "day": 0.01080345428341259,
  "davidsson": 0.026227819807545318,
  "mention": 0.01595597664067275,
  "email funny": 0.04196329466646188,
  "questions omitted elias": 0.04196329466646188,
  "but ive": 0.021178232045960057,
  "questions time and": 0.04196329466646188,
  "provocative questions but": 0.03437109352566504,
  "heard these": 0.037308157850071584,
  "following specific": 0.033717912678939366,
  "angeles ca": 0.0294868583140617,
  "cpr subject": 0.02995815337808808,
  "mention it but": 0.03902623034205533,
  "suryacsuclaedu ucla computer": 0.036089166017648784,
  "center for": 0.0373752211690208,
  "nntppostinghost suryacsuclaedu": 0.036089166017648784,
  "suryacsuclaedu ucla": 0.036089166017648784,
  "gmt center for": 0.029062775862549066,
  "live in": 0.0173398158826623,
  "who live": 0.026898260507608428,
  "answers to": 0.02294364903200366,
  "cpr subject ten": 0.036089166017648784,
  "ca ": 0.04658151096627754,
  "day a couple": 0.04196329466646188,
  "indeed provocative questions": 0.03437109352566504,
  "email funny you": 0.04196329466646188,
  "cpr": 0.028323990323800008,
  "policy research cpr": 0.0294868583140617,
  "heard these questions": 0.04196329466646188,
  "department los": 0.03437109352566504,
  "ca": 0.013366855905903915,
  "writes from center": 0.0294868583140617,
  "accurate answers": 0.03437109352566504,
  "questions these are": 0.03437109352566504,
  "out literature": 0.03902623034205533,
  "live in israel": 0.03437109352566504,
  "usenet nntppostinghost": 0.023239393785967816,
  "tueapr gmt center": 0.03902623034205533,
  "ive": 0.008800400024699107,
  "answers to the": 0.029269513846317846,
  "cheers steve steven": 0.037308157850071584,
  "iceland email": 0.036089166017648784,
  "about israel": 0.057731314304463446,
  "steven berson ucla": 0.033717912678939366,
  "specific questions": 0.029715956709274734,
  "couple neonazis": 0.04196329466646188,
  "questions these": 0.03315210169324223,
  "to provide": 0.018635618666748472,
  "questions but they": 0.03437109352566504,
  "science department": 0.04020578171246164,
  "accurate answers to": 0.03437109352566504,
  "re ten questions": 0.03220657817072439,
  "couple neonazis by": 0.04196329466646188,
  "sender mr usenet": 0.029715956709274734,
  "sender mr": 0.019935764872962614,
  "by ucla": 0.04196329466646188,
  "would be thankful": 0.031434029201258484,
  "asked time": 0.03437109352566504,
  "ten questions about": 0.06360544295327654,
  "ucla were passing": 0.04196329466646188,
  "israel i": 0.029715956709274734,
  "usenet nntppostinghost suryacsuclaedu": 0.036089166017648784,
  "from center": 0.029062775862549066,
  "ive heard": 0.019108940656494242,
  "indeed provocative": 0.03437109352566504,
  "gmt center": 0.029062775862549066,
  "literature like this": 0.04196329466646188,
  "provocative questions": 0.03437109352566504,
  "iceland email funny": 0.04196329466646188,
  "berson ucla computer": 0.033717912678939366,
  "time and": 0.034454297407788666,
  "provocative": 0.030488505678740646,
  "thankful if any": 0.03437109352566504,
  "nntppostinghost suryacsuclaedu ucla": 0.036089166017648784,
  "literature like": 0.04196329466646188,
  "thankful": 0.02799788421729099,
  "other day": 0.022283672212473012,
  "neonazis by": 0.04196329466646188,
  "israel i would": 0.03902623034205533,
  "davidsson iceland email": 0.036089166017648784,
  "israel": 0.048719489151896354,
  "steve": 0.013940480181802726,
  "funny": 0.019128244963849586,
  "elias davidsson iceland": 0.03220657817072439,
  "the following specific": 0.033717912678939366,
  "berson": 0.032653021033681284,
  "research cpr subject": 0.02995815337808808,
  "mr usenet nntppostinghost": 0.031434029201258484,
  "science": 0.02154205179921741,
  "science department tueapr": 0.033717912678939366,
  "nntppostinghost": 0.007215147221510335,
  "passing": 0.020760132353133662,
  "research cpr": 0.0294868583140617,
  "questions but": 0.028323990323800008,
  "for policy": 0.04829360103300031,
  "steve steven berson": 0.036089166017648784,
  "department los angeles": 0.03437109352566504,
  "time and again": 0.06360544295327654,
  "be thankful": 0.029715956709274734,
  "questions about": 0.042293920809736874,
  "accurate": 0.01851672903626052,
  "funny you should": 0.03514364249513094,
  "center for policy": 0.0490886752297601,
  "berson ucla": 0.033717912678939366,
  "center": 0.024812911981602126,
  "los angeles": 0.01850001387401045,
  "policy research": 0.048421040671682854,
  "elias davidsson": 0.0275514413543341,
  "mention it": 0.030488505678740646,
  "ive heard these": 0.04196329466646188,
  "tueapr gmt": 0.009944532084087923,
  "sender": 0.0027726845157483716,
  "passing out literature": 0.04196329466646188,
  "steve steven": 0.03220657817072439,
  "angeles": 0.018384818364247074,
  "questions omitted": 0.04196329466646188,
  "omitted elias davidsson": 0.04196329466646188,
  "mr usenet": 0.029715956709274734,
  "questions about israel": 0.06530604206736257,
  "elias": 0.024146800516500155,
  "subject ten questions": 0.03437109352566504,
  "are asked time": 0.03437109352566504,
  "in israel": 0.02280317357727103,
  "computer science department": 0.04020578171246164,
  "specific questions these": 0.03437109352566504,
  "specific": 0.015447754039840526,
  "los": 0.01778062405311918,
  "department tueapr gmt": 0.027412501427118038,
  "following specific questions": 0.03437109352566504,
  "usenet": 0.008634600777967003,
  "funny you": 0.032653021033681284,
  "provide accurate answers": 0.03437109352566504,
  "to provide accurate": 0.03437109352566504,
  "israel could": 0.031434029201258484,
  "questions": 0.0761334600500792,
  "help to provide": 0.03437109352566504,
  "provide": 0.01419239041211522,
  "live": 0.012928368526411545,
  "iceland": 0.028157800861286105,
  "angeles ca ": 0.03437109352566504,
  "passing out": 0.03315210169324223,
  "writes": 0.002711971544672519,
  "neonazis by ucla": 0.04196329466646188,
  "neonazis": 0.03315210169324223,
  "science department los": 0.03437109352566504,
  "a couple neonazis": 0.04196329466646188,
  "these questions time": 0.04196329466646188,
  "davidsson iceland": 0.03220657817072439,
  "department": 0.024463795401616813,
  "ten": 0.03418678498433245,
  "day a": 0.030780848354532816,
  "suryacsuclaedu": 0.036089166017648784,
  "should mention": 0.033717912678939366,
  "about israel sender": 0.036089166017648784,
  "computer": 0.01731485155773591,