{
  "writes i": 0.007789566856493132,
  "fair and": 0.021162609824067036,
  "not allow fair": 0.02439382243779677,
  "news outlets where": 0.02385758256487338,
  "tad": 0.01756327031929611,
  "political": 0.010521141376852658,
  "basing": 0.018755814754908357,
  "bit biased": 0.02207483020143127,
  "of propoganda": 0.022665038129261128,
  "against our side": 0.02439382243779677,
  "in article andi": 0.01932686185620529,
  "arrest and sometimes": 0.023404198212440264,
  "form": 0.009957841965802142,
  "western reserve university": 0.012959321517622944,
  "learn is one": 0.02385758256487338,
  "goering reported accurately": 0.023404198212440264,
  "is one form": 0.02385758256487338,
  "bit biased in": 0.023011458822368137,
  "understand to learn": 0.02385758256487338,
  "clock": 0.012818117931780709,
  "israeli terrorismapr": 0.023404198212440264,
  "situation in": 0.032261746667578854,
  "biased": 0.015223381536978418,
  "go to understand": 0.02385758256487338,
  "to go deep": 0.025050127000485624,
  "oh usaanas": 0.029127463356720597,
  "a previous article": 0.01338670414061452,
  "omran helainscwruedu": 0.029127463356720597,
  "doubt the": 0.017931397210337305,
  "tv the": 0.021583494658304312,
  "writes i think": 0.01667420893143454,
  "rights organizations": 0.022665038129261128,
  "biased in reporting": 0.023011458822368137,
  "press might be": 0.023011458822368137,
  "events": 0.011527650766464153,
  "a previous": 0.012829629400372283,
  "basing the truth": 0.023404198212440264,
  "re israeli terrorismapr": 0.023404198212440264,
  "committed by": 0.018755814754908357,
  "report on the": 0.019905421545164274,
  "on tv": 0.015672431067004767,
  "terrorismapr": 0.023404198212440264,
  "propaganda machine": 0.020794482933025844,
  "is interesting": 0.01671714657679087,
  "palestine": 0.03093498024790371,
  "human": 0.009288532917060709,
  "report on": 0.01671714657679087,
  "the ot": 0.03417054693566413,
  "omran helainscwruedu in": 0.029127463356720597,
  "arab or": 0.02385758256487338,
  "previous": 0.010202326536757499,
  "committed": 0.012772517383145516,
  "article tim": 0.01667420893143454,
  "sometimes to kill": 0.023404198212440264,
  "or palestinian": 0.02385758256487338,
  "the israeli press": 0.0203164860815618,
  "reporting": 0.016590169600716728,
  "to kill": 0.013171728011187059,
  "interesting that": 0.01718498391393701,
  "basing the": 0.022665038129261128,
  "kill some of": 0.022665038129261128,
  "of terrorism": 0.0203164860815618,
  "which always report": 0.02439382243779677,
  "coverage": 0.013020217615745565,
  "ot the israelis": 0.025050127000485624,
  "goering": 0.021583494658304312,
  "truth from": 0.02207483020143127,
  "university": 0.0028710475089206372,
  "the writers": 0.019433825515531394,
  "terrorism": 0.01478864770024662,
  "helainscwruedu in": 0.018277817903444314,
  "palestinian": 0.01530252110438996,
  "form of propoganda": 0.02385758256487338,
  "article": 0.0046376903183145786,
  "in a previous": 0.013171728011187059,
  "beyer": 0.017036657873857917,
  "palestinian news": 0.02385758256487338,
  "events i doubt": 0.022665038129261128,
  "interesting that you": 0.0203164860815618,
  "propaganda": 0.029667794923078417,
  "the israeli": 0.014678478398673384,
  "to understand": 0.01321085732185283,
  "reserve": 0.01171105624012114,
  "truth from either": 0.02385758256487338,
  "arab or palestinian": 0.02385758256487338,
  "situation in palestine": 0.025050127000485624,
  "the israelis": 0.03388354596996159,
  "doubt the propaganda": 0.022665038129261128,
  "side tim anas": 0.02708879517860311,
  "gmt case": 0.012829629400372283,
  "our side tim": 0.02439382243779677,
  "coverage of": 0.01756327031929611,
  "outlets": 0.018670557293516438,
  "reported": 0.012053536977554452,
  "the propaganda machine": 0.022665038129261128,
  "helainscwruedu": 0.016849853739380485,
  "terrorism committed by": 0.02439382243779677,
  "jews in": 0.016428968905143213,
  "organizations which always": 0.02439382243779677,
  "in palestine": 0.03512654063859222,
  "agenda whether": 0.02439382243779677,
  "in reporting": 0.022665038129261128,
  "neutral coverage of": 0.02439382243779677,
  "many neutral human": 0.02439382243779677,
  "kind of terrorism": 0.02439382243779677,
  "of goering": 0.022665038129261128,
  "press might": 0.023011458822368137,
  "learn is": 0.02385758256487338,
  "kill": 0.010683379733607952,
  "the events": 0.015642264890042442,
  "israelis used": 0.023011458822368137,
  "news": 0.004515025008849188,
  "writers political agenda": 0.02439382243779677,
  "be a tad": 0.022665038129261128,
  "the propaganda": 0.019544826480186826,
  "arab": 0.013094997316821476,
  "kind": 0.008100605713904694,
  "rights": 0.00988913982969147,
  "israelis": 0.02957729540049324,
  "terrorismapr gmt": 0.023404198212440264,
  "determine that": 0.02062636995114364,
  "our side": 0.020467348712113417,
  "arrest and": 0.020172985598710527,
  "says in article": 0.016760720358511873,
  "accurately on": 0.023404198212440264,
  "in germany": 0.01589272903221982,
  "determine that is": 0.02439382243779677,
  "propaganda machine of": 0.022665038129261128,
  "more reliable": 0.020172985598710527,
  "is another kind": 0.02439382243779677,
  "i doubt": 0.013020217615745565,
  "clock says": 0.025896250742990866,
  "events i": 0.020036162023313785,
  "israeli": 0.036822686102747894,
  "understand to": 0.02385758256487338,
  "go deep": 0.025050127000485624,
  "and neutral coverage": 0.02439382243779677,
  "situation in the": 0.020036162023313785,
  "university cleveland": 0.013263852926272473,
  "cleveland oh usaanas": 0.029127463356720597,
  "tv": 0.011081684265303718,
  "form of": 0.012533619030432028,
  "anas omran": 0.020467348712113417,
  "get the truth": 0.02385758256487338,
  "in article": 0.002522112063168436,
  "human rights organizations": 0.022665038129261128,
  "was happening": 0.018670557293516438,
  "outlets where do": 0.02385758256487338,
  "reporters so": 0.02708879517860311,
  "kind of": 0.008843068263712619,
  "happening in germany": 0.023404198212440264,
  "to arrest": 0.019433825515531394,
  "another kind": 0.023404198212440264,
  "gmt": 0.00048361724725491873,
  "neutral": 0.0477767750431135,
  "germany": 0.011648641665171476,
  "propaganda since": 0.025050127000485624,
  "deep there": 0.025050127000485624,
  "on israeli": 0.02062636995114364,
  "usaanas omran": 0.029127463356720597,
  "tim clock says": 0.025896250742990866,
  "omran ": 0.05417759035720622,
  "article tim clock": 0.018277817903444314,
  "goering reported": 0.023404198212440264,
  "andi beyer": 0.017506158302069343,
  "palestinian news outlets": 0.02385758256487338,
  "helainscwruedu in a": 0.018352282044574578,
  "propoganda more reliable": 0.02385758256487338,
  "tim clock": 0.01663188911539895,
  "interesting": 0.009586905318050972,
  "truth on israeli": 0.023404198212440264,
  "machine of": 0.02097279064425065,
  "organizations which": 0.02385758256487338,
  "propoganda more": 0.02385758256487338,
  "israelis do": 0.02439382243779677,
  "oh usaanas omran": 0.029127463356720597,
  "article andi beyer": 0.01932686185620529,
  "allow fair": 0.02439382243779677,
  "news outlets": 0.023011458822368137,
  "organizations": 0.013558919754589737,
  "by the jews": 0.02097279064425065,
  "you are basing": 0.022665038129261128,
  "andi beyer writes": 0.017931397210337305,
  "on the situation": 0.023404198212440264,
  "one form": 0.020794482933025844,
  "in the ot": 0.0406329721631236,
  "reporting the": 0.021583494658304312,
  "reporters": 0.017506158302069343,
  "deep": 0.013500386947774164,
  "writers": 0.015672431067004767,
  "accurately on what": 0.023404198212440264,
  "propaganda since one": 0.025050127000485624,
  "committed by the": 0.02062636995114364,
  "a tad": 0.01762151334075546,
  "from either arab": 0.02385758256487338,
  "reserve university": 0.012959321517622944,
  "neutral coverage": 0.02439382243779677,
  "happening": 0.013358956986986992,