{
  "austrians germans": 0.041263906422020845,
  "jews are": 0.027092250665095196,
  "other races": 0.03259956666502153,
  "received": 0.01625801109718272,
  "government": 0.01100003301586736,
  "but dont justify": 0.041263906422020845,
  "socculturearabic university of": 0.041263906422020845,
  "shame is": 0.03455791512021209,
  "power": 0.011252818103174023,
  "antisemetism by making": 0.041263906422020845,
  "in austria": 0.03259956666502153,
  "terrorism apr": 0.030910128714570842,
  "socculturearabic university": 0.041263906422020845,
  "unfortunate this": 0.041263906422020845,
  "about it richard": 0.041263906422020845,
  "actions during wwii": 0.041263906422020845,
  "richard": 0.016437136867730087,
  "reports of the": 0.028578396264839916,
  "shame is that": 0.03548767991735463,
  "dont": 0.010154983988808043,
  "it is unfortunate": 0.0302678342152906,
  "writes": 0.002666772018927977,
  "austria": 0.025133902209904635,
  "commited": 0.026332577511787053,
  "the holocaust guilt": 0.03548767991735463,
  "thorne": 0.029220690764120157,
  "block": 0.018569167373411223,
  "arab block being": 0.041263906422020845,
  "how the jews": 0.03379824196690395,
  "into an atrocity": 0.041263906422020845,
  "have extensive trading": 0.041263906422020845,
  "sender": 0.0027264731071525656,
  "germans and other": 0.041263906422020845,
  "apr gmt": 0.006267718493121226,
  "that ethics": 0.041263906422020845,
  "government makes": 0.03548767991735463,
  "acts commited": 0.03548767991735463,
  "reports of": 0.02344446425945395,
  "are treating": 0.03315594746762371,
  "daily reports of": 0.03548767991735463,
  "with the arab": 0.03837579316968774,
  "power it": 0.025893575363212778,
  "races when": 0.03548767991735463,
  "of pittsburgh andi": 0.041263906422020845,
  "justify their": 0.027851923818403342,
  "guilt go": 0.03548767991735463,
  "blessing received from": 0.03548767991735463,
  "extensive trading relations": 0.041263906422020845,
  "terrorism": 0.020950584242016047,
  "actions during": 0.041263906422020845,
  "justify": 0.019445398243562725,
  "business": 0.014875241304772135,
  "shame": 0.021755026309003264,
  "atrocity the": 0.041263906422020845,
  "beyer": 0.024135265321298716,
  "think that ethics": 0.041263906422020845,
  "feel": 0.012677807790986319,
  "austria daily reports": 0.03548767991735463,
  "the government": 0.0142192250282604,
  "extensive trading": 0.041263906422020845,
  "making every": 0.03548767991735463,
  "university": 0.0040673173043042354,
  "the austrians": 0.08252781284404169,
  "from the government": 0.026955626403332735,
  "dont justify their": 0.041263906422020845,
  "austrians who": 0.041263906422020845,
  "by israeli soldiers": 0.03548767991735463,
  "feel guilty about": 0.03837579316968774,
  "other europeans": 0.03837579316968774,
  "writes what": 0.020117348858546564,
  "justify their antisemetism": 0.041263906422020845,
  "extensive": 0.021993186366669713,
  "beyer writes what": 0.03837579316968774,
  "being proarab": 0.041263906422020845,
  "their actions": 0.02569028301250681,
  "acts": 0.018110456164939438,
  "by making": 0.026332577511787053,
  "atrocity the austrians": 0.041263906422020845,
  "an atrocity": 0.041263906422020845,
  "wwii but": 0.036686355219237056,
  "unfortunate this can": 0.041263906422020845,
  "acts commited by": 0.03548767991735463,
  "can be turned": 0.03379824196690395,
  "and the blessing": 0.03548767991735463,
  "reports": 0.016320356400002355,
  "austrians germans and": 0.041263906422020845,
  "atrocity": 0.031272676118694304,
  "arab block": 0.041263906422020845,
  "arab": 0.018551246198830425,
  "is a shame": 0.03259956666502153,
  "soldiers": 0.019603502125079903,
  "inhuman acts commited": 0.03548767991735463,
  "soldiers and the": 0.036686355219237056,
  "soldiers and": 0.02819934718898272,
  "and other europeans": 0.041263906422020845,
  "europeans have": 0.03837579316968774,
  "ethics has": 0.041263906422020845,
  "every israeli": 0.03379824196690395,
  "block being": 0.041263906422020845,
  "block being proarab": 0.041263906422020845,
  "israeli": 0.052165471978892854,
  "gmt sender socculturearabic": 0.041263906422020845,
  "be turned": 0.028022015462237735,
  "of pittsburgh": 0.020498878831569443,
  "they got power": 0.03548767991735463,
  "europeans have extensive": 0.041263906422020845,
  "treating other": 0.03455791512021209,
  "making every israeli": 0.041263906422020845,
  "guilt": 0.02350274026768203,
  "the holocaust": 0.02270412602096456,
  "around the austrians": 0.041263906422020845,
  "holocaust": 0.020703598367309627,
  "the inhuman acts": 0.03548767991735463,
  "races": 0.024000845062056127,
  "action into an": 0.041263906422020845,
  "blessing received": 0.03548767991735463,
  "ethics": 0.024000845062056127,
  "dont justify": 0.03379824196690395,
  "gmt": 0.0006851244336111349,
  "antisemetism": 0.041263906422020845,
  "of the inhuman": 0.03548767991735463,
  "every israeli action": 0.041263906422020845,
  "trading relations with": 0.041263906422020845,
  "have extensive": 0.03315594746762371,
  "proarab is": 0.041263906422020845,
  "andi beyer": 0.024800390927931567,
  "government makes some": 0.03548767991735463,
  "israeli action into": 0.041263906422020845,
  "inhuman": 0.029711453412688424,
  "israeli action": 0.036686355219237056,
  "making": 0.012682177656795003,
  "thorne ": 0.07675158633937548,
  "gmt sender": 0.007491791774082719,
  "proarab": 0.03837579316968774,
  "wwii but dont": 0.041263906422020845,
  "for business": 0.027688504180264667,
  "treating": 0.02406751315099963,
  "relations with": 0.028578396264839916,
  "actions": 0.016227184816010033,
  "pittsburgh andi beyer": 0.041263906422020845,
  "andi beyer writes": 0.025402812714644514,
  "good for": 0.019649798897684367,
  "good": 0.006733586606126683,
  "holocaust guilt go": 0.03548767991735463,
  "the inhuman": 0.03455791512021209,
  "commited by israeli": 0.03548767991735463,
  "about their actions": 0.041263906422020845,
  "commited by": 0.030576617432597774,
  "re israeli terrorism": 0.026570737569453506,
  "treating other races": 0.03548767991735463,
  "daily reports": 0.03548767991735463,
  "germans": 0.02356184291348185,
  "business i": 0.031272676118694304,
  "received from the": 0.030576617432597774,
  "it richard": 0.041263906422020845,
  "power it is": 0.03166980186787899,
  "university of pittsburgh": 0.024000845062056127,
  "turned": 0.016480427300434822,
  "re israeli": 0.023807011663577404,
  "of the holocaust": 0.027379720962957495,
  "turned around": 0.0302678342152906,
  "is good": 0.019187584061404025,
  "guilty about their": 0.036686355219237056,
  "pittsburgh": 0.015238461565847667,
  "business i dont": 0.041263906422020845,
  "terrorism apr gmt": 0.031272676118694304,
  "should feel": 0.029980363917428303,
  "europeans": 0.024000845062056127,
  "pittsburgh andi": 0.041263906422020845,
  "ethics has a": 0.041263906422020845,
  "dont think": 0.013775799330826463,
  "it richard thorne": 0.041263906422020845,
  "sender socculturearabic university": 0.041263906422020845,
  "wwii": 0.02311095297748088,
  "richard thorne ": 0.03837579316968774,
  "jews are treating": 0.03548767991735463,
  "action": 0.015303567057110504,
  "austrians": 0.08252781284404169,
  "trading": 0.024963810566070235,
  "the arab block": 0.041263906422020845,
  "action into": 0.041263906422020845,
  "that in austria": 0.03548767991735463,
  "proarab is good": 0.041263906422020845,
  "during wwii": 0.026955626403332735,
  "jews": 0.014187730799202372,
  "the jews": 0.018886247971488915,
  "relations with the": 0.03379824196690395,
  "beyer writes": 0.025402812714644514,
  "got power": 0.03379824196690395,
  "israeli terrorism apr": 0.030910128714570842,
  "andi": 0.02456668481688555,
  "received from": 0.026955626403332735,
  "richard thorne": 0.03837579316968774,
  "guilty": 0.01948996194821584,
  "austrians who should": 0.041263906422020845,
  "but dont": 0.021678571564552444,