{
  "quote being a": 0.1778158181728447,
  "gmt": 0.003737042365151645,
  "cute": 0.1361662394512922,
  "computer": 0.046435283723019034,
  "fourdcom phone cute": 0.1778158181728447,
  "quote": 0.0912377177943664,
  "dimension bbscsutexasedu": 0.20932250819829676,
  "gmt sender dimension": 0.20932250819829676,
  "phone cute": 0.1778158181728447,
  "sender dimension bbscsutexasedu": 0.20932250819829676,
  "computer means": 0.1778158181728447,
  "serdar apr": 0.20932250819829676,
  "gmt sender": 0.04086431876772393,
  "serdar": 0.11001687518768265,
  "a computer": 0.11410308224315074,
  "system fourdcom phone": 0.1778158181728447,
  "cute quote being": 0.1778158181728447,
  "quote being": 0.1778158181728447,
  "apr gmt": 0.034187555417024874,
  "fourdcom phone": 0.1778158181728447,
  "computer means never": 0.1778158181728447,
  "sender": 0.01487167149355945,
  "system": 0.03996291191357109,
  "fourdcom": 0.1778158181728447,
  "loser system fourdcom": 0.20932250819829676,
  "loser system": 0.20932250819829676,
  "loser": 0.1501704698927426,
  "phone cute quote": 0.1778158181728447,
  "bbscsutexasedu you are": 0.2250758532110228,
  "a loser": 0.1727443738247945,
  "such a loser": 0.20932250819829676,
  "dimension": 0.14181308852625812,
  "system fourdcom": 0.1778158181728447,
  "apr gmt sender": 0.05145855385513251,
  "serdar apr gmt": 0.20932250819829676,
  "being a computer": 0.1778158181728447,
  "bbscsutexasedu": 0.20932250819829676,
  "a loser system": 0.2250758532110228,
  "dimension bbscsutexasedu you": 0.2250758532110228,
  "sender dimension": 0.20932250819829676,
  "cute quote": 0.1778158181728447,
  "apr": 0.029859629279298625,
  "phone": 0.0665649688695445,
  "bbscsutexasedu you": 0.2250758532110228
}