{
  "and cables": 0.021516122207047607,
  "nntppostinghost": 0.004516643884022385,
  "a breeze": 0.024430213158421903,
  "sown jackson": 0.043999467527060486,
  "warranty": 0.01375288771880612,
  "original packaging": 0.018322560391859446,
  "consider trading forpin": 0.024430213158421903,
  "state university": 0.016533796237028765,
  "starkville": 0.04221446892429544,
  "reap": 0.03853729555262463,
  "lightn jackson": 0.043999467527060486,
  "still under warranty": 0.02044061794150871,
  "internaldrive": 0.024430213158421903,
  "bought since": 0.024430213158421903,
  "installation was": 0.021516122207047607,
  "sender": 0.0017356857976568057,
  "jackson brown": 0.043999467527060486,
  "the dawns": 0.043999467527060486,
  "the cartridges": 0.020161147077694844,
  "forpin": 0.024430213158421903,
  "the whole package": 0.019465220646746592,
  "condition and still": 0.024430213158421903,
  "no bad": 0.02044061794150871,
  "card and": 0.013504385108521446,
  "the dawns early": 0.043999467527060486,
  "nntppostinghost ramsstateedu": 0.019908334929672766,
  "ide or sell": 0.04886042631684381,
  "myclone": 0.023354708892883005,
  "g seefeld": 0.043999467527060486,
  "software": 0.007153740715683689,
  "sale or trade": 0.019908334929672766,
  "under warranty": 0.018322560391859446,
  "seefeld": 0.043999467527060486,
  "packaging cartridges": 0.024430213158421903,
  "articleof miscforsale syquest": 0.026268799844257302,
  "internaldrive withcartridges sale": 0.024430213158421903,
  "condition and": 0.016418476059895742,
  "internal": 0.010583115479169052,
  "walter": 0.030231538047183214,
  "totalling over no": 0.024430213158421903,
  "a change": 0.015115769023591607,
  "jackson brown walter": 0.026268799844257302,
  "walter g": 0.043032244414095214,
  "adapter card and": 0.024430213158421903,
  "sown jackson brown": 0.043999467527060486,
  "tueapr gmt": 0.006225224328500663,
  "syquest internaldrive": 0.024430213158421903,
  "trade": 0.0339105872971901,
  "system use": 0.024430213158421903,
  "large": 0.00804309349250519,
  "university na thuapr": 0.021999733763530243,
  "the installation": 0.016994243978298466,
  "gmt i will": 0.023354708892883005,
  "ms": 0.021010812552563936,
  "adapter": 0.013378050761069843,
  "sender nntppostinghost ramsstateedu": 0.020161147077694844,
  "simms": 0.013277182337756209,
  "offer includes": 0.021999733763530243,
  "internaldrive withcartridges": 0.024430213158421903,
  "large contiguous drive": 0.024430213158421903,
  "ide or": 0.03981666985934553,
  "sydos": 0.024430213158421903,
  "starkville ms": 0.04221446892429544,
  "cables all original": 0.024430213158421903,
  "price": 0.008269893624077117,
  "lightn jackson st": 0.043999467527060486,
  "card and cables": 0.024430213158421903,
  "adapter card": 0.02110723446214772,
  "internal drive scsi": 0.024430213158421903,
  "forpin simms at": 0.024430213158421903,
  "tueapr": 0.005991768646494529,
  "simms at": 0.022591626472586505,
  "sectors": 0.017430061090476918,
  "for mississippi state": 0.026268799844257302,
  "st by": 0.043999467527060486,
  "was a breeze": 0.024430213158421903,
  "card": 0.008210616969721689,
  "na thuapr": 0.014961956669081398,
  "withcartridges sale": 0.024430213158421903,
  "at walter": 0.024430213158421903,
  "miscforsale": 0.01819314351077342,
  "drive scsi": 0.019908334929672766,
  "jackson st": 0.043999467527060486,
  "mississippi": 0.0338301167993042,
  "whole package": 0.019085642812155947,
  "sell for": 0.03415173283016061,
  "year old": 0.01405349431113239,
  "in system": 0.02110723446214772,
  "early": 0.018402074389907423,
  "consider trading": 0.023354708892883005,
  "jackson": 0.05632061210769669,
  "than one year": 0.02044061794150871,
  "package original": 0.026268799844257302,
  "seefeld by the": 0.043999467527060486,
  "trade for something": 0.024430213158421903,
  "on myclone": 0.024430213158421903,
  "internal drive": 0.019085642812155947,
  "packaging cartridges totalling": 0.024430213158421903,
  "all original packaging": 0.02044061794150871,
  "year": 0.006826492976773185,
  "miscforsale syquest internaldrive": 0.026268799844257302,
  "for ide": 0.021999733763530243,
  "breeze on myclone": 0.024430213158421903,
  "ramsstateedu": 0.019908334929672766,
  "sale": 0.008601491754496862,
  "a large": 0.010505406276281968,
  "breeze on": 0.024430213158421903,
  "myclone i": 0.024430213158421903,
  "and cartridges lower": 0.026268799844257302,
  "for mississippi": 0.026268799844257302,
  "bad": 0.007223521663082776,
  "defects": 0.017336980666574346,
  "trade for": 0.03432016093793027,
  "original post": 0.0165511296953723,
  "to a change": 0.023354708892883005,
  "all been bought": 0.024430213158421903,
  "in excellent": 0.01589208099696779,
  "ms were": 0.043999467527060486,
  "post follows articleof": 0.026268799844257302,
  "near ide": 0.024430213158421903,
  "seefeld by": 0.043999467527060486,
  "all original documentation": 0.023354708892883005,
  "ide": 0.02453699141673467,
  "ramsstateedu mississippi state": 0.020161147077694844,
  "price sender": 0.02044061794150871,
  "trading forpin": 0.024430213158421903,
  "withcartridges": 0.024430213158421903,
  "state": 0.011801318530959412,
  "been bought": 0.024430213158421903,
  "documentation": 0.011950065887976789,
  "g": 0.019719516803100842,
  "withcartridges sale or": 0.024430213158421903,
  "drive offer includes": 0.024430213158421903,
  "offer": 0.009291989644499156,
  "reap what": 0.043032244414095214,
  "is in excellent": 0.017526526990134413,
  "this drive": 0.017160080468965135,
  "package": 0.01034336995803306,
  "miscforsale syquest": 0.026268799844257302,
  "university na tueapr": 0.021516122207047607,
  "sale or": 0.018322560391859446,
  "sell for mississippi": 0.026268799844257302,
  "is right starkville": 0.043999467527060486,
  "st by all": 0.043999467527060486,
  "change in": 0.014080153026924173,
  "whole package original": 0.026268799844257302,
  "thuapr gmt i": 0.014134287964937984,
  "gmt": 0.0008723069711759807,
  "no bad sectors": 0.022591626472586505,
  "system": 0.004664106430231108,
  "articleof miscforsale": 0.026268799844257302,
  "university na": 0.032836952119791485,
  "drive": 0.030282044562643672,
  "post follows": 0.026268799844257302,
  "trade for ide": 0.024430213158421903,
  "bought": 0.009726705440533948,
  "contiguous": 0.020753039786751106,
  "brown": 0.024872158003586296,
  "also consider trading": 0.024430213158421903,
  "includes sydos internal": 0.024430213158421903,
  "early lightn": 0.043999467527060486,
  "cartridges lower": 0.026268799844257302,
  "ramsstateedu mississippi": 0.020161147077694844,
  "offer includes sydos": 0.024430213158421903,
  "or defects": 0.024430213158421903,
  "sectors or": 0.024430213158421903,
  "g seefeld by": 0.043999467527060486,
  "change": 0.007882932985903316,
  "installation was a": 0.024430213158421903,
  "cartridges have": 0.024430213158421903,
  "drive offer": 0.024430213158421903,
  "sydos internal drive": 0.024430213158421903,
  "will trade": 0.04150607957350221,
  "sell for i": 0.024430213158421903,
  "sydos internal": 0.024430213158421903,
  "cables all": 0.022591626472586505,
  "one year": 0.014332965174946253,
  "warranty due to": 0.024430213158421903,
  "brown walter g": 0.026268799844257302,
  "trade will": 0.024430213158421903,
  "warranty due": 0.024430213158421903,
  "excellent": 0.010402979655253376,
  "excellent condition and": 0.020161147077694844,
  "walter g seefeld": 0.043999467527060486,
  "original": 0.02450103876319828,
  "includes": 0.009914906331707116,
  "brown ": 0.04032229415538969,
  "drive is less": 0.024430213158421903,
  "trading": 0.01589208099696779,
  "contiguous drive offer": 0.024430213158421903,
  "mississippi state": 0.035461335365606375,
  "cartridges totalling": 0.024430213158421903,
  "need a large": 0.021999733763530243,
  "or sell": 0.037204062511346614,
  "sectors or defects": 0.024430213158421903,
  "price sender nntppostinghost": 0.023354708892883005,