{
  "original ibm": 0.06998519708959436,
  "cheap harddisks": 0.043444294154363475,
  "ibm pcxt sender": 0.04671385632681605,
  "working order each": 0.040174731981910905,
  "full height has": 0.040174731981910905,
  "shipping cost about": 0.040174731981910905,
  "desire have the": 0.040174731981910905,
  "seagates": 0.038262160717249756,
  "state university": 0.014701040522075104,
  "few the original": 0.040174731981910905,
  "the ohio state": 0.023337313602281803,
  "sender": 0.003086573328851961,
  "antistatic": 0.03585260588816489,
  "so with dblspace": 0.040174731981910905,
  "xt or": 0.0363495894525886,
  "gmt i have": 0.021745437342266558,
  "old ibm xt": 0.040174731981910905,
  "nntppostinghost bottommagnusacsohiostateedu the": 0.0313454764304883,
  "friapr": 0.010432456219219136,
  "na friapr": 0.026224208110525088,
  "seagates mfm full": 0.040174731981910905,
  "the ibm": 0.028075914258035736,
  "doubled": 0.031923789270546475,
  "cheap": 0.017611918909403522,
  "your ibm": 0.04671385632681605,
  "foam fitted boxies": 0.040174731981910905,
  "pcs": 0.023404222257904235,
  "floppy": 0.020901258809497773,
  "full": 0.014497848131002725,
  "boxies and antistatic": 0.040174731981910905,
  "checked and": 0.03499259854479718,
  "drive that": 0.030830385430653435,
  "black face plate": 0.040174731981910905,
  "so desire": 0.03912216806061746,
  "actually seagates": 0.040174731981910905,
  "antistatic bags i": 0.040174731981910905,
  "those old ibm": 0.040174731981910905,
  "shipping cost": 0.0363495894525886,
  "ibm harddisks for": 0.040174731981910905,
  "order each plus": 0.040174731981910905,
  "sender nntppostinghost": 0.014064525269499408,
  "doubled to": 0.03912216806061746,
  "and antistatic bags": 0.040174731981910905,
  "formatted with": 0.03540302956833317,
  "old ibm": 0.03753503486900797,
  "sale they": 0.03308002728013602,
  "xt or pcs": 0.040174731981910905,
  "state university na": 0.03258304371571232,
  "a floppy drive": 0.03499259854479718,
  "and antistatic": 0.03912216806061746,
  "nntppostinghost bottommagnusacsohiostateedu": 0.031167456015474874,
  "face plate each": 0.040174731981910905,
  "drive": 0.02692530849084119,
  "cost about": 0.03258304371571232,
  "has the ibm": 0.040174731981910905,
  "order": 0.013142132255286125,
  "order each": 0.03585260588816489,
  "height has": 0.040174731981910905,
  "foam": 0.03172303637234461,
  "formatted": 0.0281675090026447,
  "good working": 0.03540302956833317,
  "be doubled": 0.040174731981910905,
  "dos it": 0.032824993217540385,
  "the original ibm": 0.07652432143449951,
  "dos it can": 0.040174731981910905,
  "friapr gmt i": 0.02449909122628617,
  "friapr gmt": 0.010855828214197344,
  "be quarenteed": 0.040174731981910905,
  "drive ": 0.07170521177632978,
  "bottommagnusacsohiostateedu": 0.03036604546455319,
  "plate each disk": 0.040174731981910905,
  "ibm xt": 0.038262160717249756,
  "sale": 0.015296049016251494,
  "working": 0.015066194344465586,
  "face": 0.01699316861614037,
  "dblspace or stacker": 0.040174731981910905,
  "fitted": 0.03172303637234461,
  "a floppy": 0.028260917621966305,
  "each drive": 0.03585260588816489,
  "xt": 0.025333670038357296,
  "and black": 0.02845347419989204,
  "face plate": 0.03912216806061746,
  "desire": 0.022744967812738395,
  "disk is": 0.029432905165827153,
  "pcs this": 0.03912216806061746,
  "logo and black": 0.040174731981910905,
  "bottommagnusacsohiostateedu the": 0.0313454764304883,
  "the original": 0.033831819382431315,
  "checked": 0.021336982017662938,
  "for your ibm": 0.04671385632681605,
  "ohio state": 0.022924115209272435,
  "your ibm pcxt": 0.04671385632681605,
  "logo": 0.026951333958766872,
  "ibm harddisks": 0.040174731981910905,
  "have the original": 0.03540302956833317,
  "nntppostinghost": 0.0080319563409266,
  "bags i am": 0.040174731981910905,
  "ibm pcxt": 0.03912216806061746,
  "harddisks for sale": 0.040174731981910905,
  "boxies and": 0.040174731981910905,
  "ibm logo": 0.040174731981910905,
  "gmt": 0.0007756125663522281,
  "pcxt": 0.033940034623503736,
  "university na": 0.029197006955569316,
  "pcxt sender": 0.040174731981910905,
  "mfm full": 0.040174731981910905,
  "formatted with dos": 0.040174731981910905,
  "doubled to or": 0.040174731981910905,
  "black": 0.0164539650099689,
  "or stacker": 0.040174731981910905,
  "drive that is": 0.03912216806061746,
  "or pcs": 0.038262160717249756,
  "in good": 0.025333670038357296,
  "bags i": 0.03753503486900797,
  "quarenteed": 0.040174731981910905,
  "harddisks for your": 0.043444294154363475,
  "fitted boxies and": 0.040174731981910905,
  "with dblspace": 0.038262160717249756,
  "mfm": 0.029555431045087815,
  "plate": 0.024761213165695656,
  "bags": 0.02908333925944167,
  "black face": 0.040174731981910905,
  "are actually seagates": 0.040174731981910905,
  "fitted boxies": 0.040174731981910905,
  "the ibm logo": 0.040174731981910905,
  "original": 0.029046828973980348,
  "ohio state university": 0.02354095592240071,
  "stacker if": 0.040174731981910905,
  "full height": 0.036905169809458335,
  "ibm logo and": 0.040174731981910905,
  "cost": 0.01581927735401506,
  "original ibm harddisks": 0.040174731981910905,
  "you so desire": 0.03912216806061746,
  "dblspace": 0.03461503860294088,
  "ohio": 0.01901518750853579,
  "floppy drive": 0.026810518094853283,
  "shipping": 0.019288712308773288,
  "you its cheaper": 0.040174731981910905,
  "is checked": 0.036905169809458335,
  "good working order": 0.038262160717249756,
  "original ibm foam": 0.040174731981910905,
  "with dos": 0.02908333925944167,
  "disk": 0.016500514543651704,
  "quarenteed in": 0.040174731981910905,
  "working order": 0.03499259854479718,
  "bottommagnusacsohiostateedu the ohio": 0.0313454764304883,
  "ibm foam fitted": 0.040174731981910905,
  "harddisks": 0.07381033961891667,
  "pcs this is": 0.03912216806061746,
  "university": 0.004604510155816116,
  "gmt i": 0.015998076470001298,
  "its cheaper": 0.03461503860294088,
  "antistatic bags": 0.040174731981910905,
  "stacker": 0.029197006955569316,
  "floppy drive ": 0.03912216806061746,
  "sender nntppostinghost bottommagnusacsohiostateedu": 0.03153047979441888,
  "height": 0.02575795417355984,
  "can be doubled": 0.040174731981910905,
  "ibm foam": 0.040174731981910905,
  "desire have": 0.040174731981910905,
  "and formatted": 0.040174731981910905,
  "plate each": 0.040174731981910905,
  "the ohio": 0.02327134076277831,
  "cheaper than a": 0.03753503486900797,
  "cheaper than": 0.027811341302134585,
  "mfm full height": 0.040174731981910905,
  "plus shipping cost": 0.040174731981910905,
  "each plus shipping": 0.038262160717249756,
  "but each drive": 0.040174731981910905,
  "in good working": 0.036905169809458335,
  "cost about if": 0.040174731981910905,
  "checked and formatted": 0.040174731981910905,
  "quarenteed in good": 0.040174731981910905,
  "cheaper": 0.02078381752826321,
  "will be quarenteed": 0.040174731981910905,
  "cheap harddisks for": 0.043444294154363475,
  "stacker if you": 0.040174731981910905,
  "university na friapr": 0.038262160717249756,
  "state": 0.01049315350512193,
  "pcxt sender nntppostinghost": 0.040174731981910905,
  "ibm xt or": 0.040174731981910905,
  "good": 0.007622928233350963,
  "logo and": 0.03585260588816489,
  "boxies": 0.040174731981910905,
  "plus shipping": 0.02845347419989204,
  "height has the": 0.040174731981910905,
  "disk is checked": 0.040174731981910905,
  "dos": 0.01692443179133334,
  "foam fitted": 0.040174731981910905,
  "na friapr gmt": 0.026224208110525088,
  "actually seagates mfm": 0.040174731981910905,
  "harddisks for": 0.08034946396382181,
  "sale they are": 0.034265472696555395,
  "ibm": 0.08685724932040716,
  "than a floppy": 0.03912216806061746,
  "for sale": 0.016040318374383866,
  "dblspace or": 0.040174731981910905,
  "each disk": 0.036905169809458335,
  "seagates mfm": 0.040174731981910905,
  "and black face": 0.040174731981910905
}