{
  "world tueapr": 0.07677527725546422,
  "school doesnt": 0.10003371253823236,
  "spend if you": 0.10003371253823236,
  "spend if": 0.10003371253823236,
  "shape but the": 0.10003371253823236,
  "doesnt have alot": 0.10003371253823236,
  "school cga": 0.10003371253823236,
  "money to spend": 0.0837767639277869,
  "good shape": 0.06836205379147327,
  "overhead mon world": 0.10003371253823236,
  "tueapr": 0.022817139189176137,
  "overhead monitor for": 0.10003371253823236,
  "tueapr commlink": 0.10003371253823236,
  "email": 0.021100382903843598,
  "overhead": 0.11911119911217237,
  "an lcd": 0.08193513204097928,
  "lcd overhead mon": 0.10003371253823236,
  "cga looking for": 0.10003371253823236,
  "doesnt have": 0.046414846907917154,
  "overhead mon": 0.10003371253823236,
  "world tueapr commlink": 0.10003371253823236,
  "in fairly good": 0.10003371253823236,
  "lcd overhead monitor": 0.10003371253823236,
  "lcd": 0.1260560786900072,
  "email me thanks": 0.07083803821604887,
  "sale please email": 0.10003371253823236,
  "one in fairly": 0.10003371253823236,
  "wanted": 0.06168103788160611,
  "my school": 0.0749336453686566,
  "one for sale": 0.07677527725546422,
  "in fairly": 0.07677527725546422,
  "money to": 0.05361836051667085,
  "mon": 0.05771396766927856,
  "to spend": 0.051930945520073206,
  "ohio": 0.04071939143242007,
  "jonathan": 0.04997485337054285,
  "mon world tueapr": 0.10003371253823236,
  "the school doesnt": 0.10003371253823236,
  "sale": 0.03275517567116482,
  "school doesnt have": 0.10003371253823236,
  "bbs": 0.03916637946928979,
  "of money": 0.05063624659659848,
  "the school": 0.0632904179955416,
  "wanted an lcd": 0.10003371253823236,
  "school cga looking": 0.10003371253823236,
  "mon world": 0.10003371253823236,
  "spend": 0.04215391675062049,
  "overhead monitor": 0.10003371253823236,
  "have alot": 0.08037805446696657,
  "monitor": 0.0382347509418551,
  "for my school": 0.10003371253823236,
  "cleveland": 0.041767843893850826,
  "alot of money": 0.09303222586590969,
  "alot": 0.05167521008588846,
  "cga": 0.06471545434160124,
  "commlink bbs": 0.10003371253823236,
  "but the school": 0.10003371253823236,
  "wanted lcd overhead": 0.10003371253823236,
  "good shape but": 0.09303222586590969,
  "cga looking": 0.10003371253823236,
  "sale please": 0.08037805446696657,
  "shape but": 0.08037805446696657,
  "monitor for my": 0.086030739193587,
  "fairly good shape": 0.10003371253823236,
  "lcd overhead": 0.17787323742660394,
  "monitor for": 0.06751981531734144,
  "fairly": 0.04000543602180103,
  "ohio wanted": 0.10003371253823236,
  "ohio wanted an": 0.10003371253823236,
  "me thanks jonathan": 0.09303222586590969,
  "school": 0.06646370349303926,
  "thanks jonathan": 0.07677527725546422,
  "bbs cleveland": 0.10003371253823236,
  "commlink bbs cleveland": 0.10003371253823236,
  "bbs cleveland ohio": 0.10003371253823236,
  "please email": 0.04060621366461337,
  "email me": 0.040949623851900444,
  "fairly good": 0.07677527725546422,
  "good": 0.016323846317882872,
  "cleveland ohio": 0.05159138379483093,
  "cleveland ohio wanted": 0.10003371253823236,
  "wanted lcd": 0.10003371253823236,
  "an lcd overhead": 0.10003371253823236,
  "alot of": 0.05697634004286554,
  "commlink": 0.10003371253823236,
  "doesnt": 0.022257526604929464,
  "for sale": 0.0343489645996907,
  "money": 0.03118886415364315,
  "shape": 0.04827650062506813,
  "jonathan ": 0.16387026408195857,
  "tueapr commlink bbs": 0.10003371253823236,
  "wanted an": 0.07902925252126432,
  "my school cga": 0.10003371253823236
}