{
  "loncaric": 0.017042045848186003,
  "josip": 0.03257524758596298,
  "muslim in this": 0.018187394780396746,
  "serbs and": 0.016453785165523465,
  "this question": 0.01106171354643274,
  "the bosnian": 0.013824367540362408,
  "religious one there": 0.02220479269346413,
  "what languages": 0.017542367712119207,
  "from bosnian muslim": 0.02220479269346413,
  "thumay gmt ibm": 0.02220479269346413,
  "wrote actually just": 0.01859618750863431,
  "wars many": 0.018187394780396746,
  "article josip": 0.01727828018822597,
  "during the dictatorship": 0.018187394780396746,
  "muslims in the": 0.01613293125601523,
  "muslims who": 0.015487904187737694,
  "different language": 0.016633253119948434,
  "wars": 0.010756484456018883,
  "and bosnian muslims": 0.019096509372567516,
  "vs muslim": 0.013139655321637786,
  "dictionary this is": 0.018187394780396746,
  "context": 0.009128823013456248,
  "no flames": 0.013771608577559283,
  "ethinic": 0.018187394780396746,
  "as religious": 0.019096509372567516,
  "flames intended oguocha": 0.017841765453429796,
  "ethnic group": 0.015852296406342573,
  "muslims are mainly": 0.02220479269346413,
  "dont be": 0.012679018608151668,
  "meaning of": 0.010970184410737101,
  "question no flames": 0.018187394780396746,
  "same language": 0.019096509372567516,
  "bosnians originator sender": 0.02220479269346413,
  "killed by": 0.011769904015980895,
  "croats the way": 0.01859618750863431,
  "dictionary this": 0.017841765453429796,
  "muslim in": 0.03144827705555533,
  "the same language": 0.019096509372567516,
  "at this question": 0.018187394780396746,
  "texas in": 0.020650651033015825,
  "knew from childhood": 0.018187394780396746,
  "university": 0.002188690926082997,
  "many parts": 0.01628762379298149,
  "i knew": 0.011665599048189656,
  "re europe": 0.013179340472084872,
  "context i": 0.01517453660393689,
  "to university": 0.017841765453429796,
  "josip loncaric wrote": 0.01859618750863431,
  "ethnic group do": 0.018187394780396746,
  "term not": 0.02220479269346413,
  "changed": 0.008477230340292862,
  "id thumay": 0.02220479269346413,
  "flames": 0.010081089170010951,
  "meaning of muslimmoslem": 0.018187394780396746,
  "are the muslims": 0.018187394780396746,
  "refer to themselves": 0.020650651033015825,
  "ethinic group": 0.018187394780396746,
  "debacle has": 0.017542367712119207,
  "ethnic": 0.02313186283821414,
  "muslims are": 0.014815023935606892,
  "from bosnian": 0.018187394780396746,
  "advanced": 0.01000206240081437,
  "dictatorship introduced on": 0.018187394780396746,
  "muslims if": 0.020650651033015825,
  "serbianled regime between": 0.018187394780396746,
  "division in article": 0.019741536440845052,
  "bosnian debacle has": 0.018187394780396746,
  "of the serbs": 0.017841765453429796,
  "news id thumay": 0.02220479269346413,
  "as christian bosnian": 0.02220479269346413,
  "bosnian muslim friend": 0.02220479269346413,
  "bosnia who": 0.02220479269346413,
  "debacle has kept": 0.018187394780396746,
  "systems": 0.006022184102216301,
  "the muslims": 0.013179340472084872,
  "news": 0.0034419473161630574,
  "the dictatorship": 0.017841765453429796,
  "group": 0.011523144150795153,
  "jama": 0.019096509372567516,
  "bosnian context i": 0.01859618750863431,
  "muslimmoslem": 0.018187394780396746,
  "serbs": 0.036574637371953496,
  "europe vs": 0.013139655321637786,
  "bosnian serbs and": 0.019096509372567516,
  "is practised": 0.017841765453429796,
  "meaning": 0.008726615172378568,
  "or croats": 0.017841765453429796,
  "the serbs": 0.01343344066335618,
  "josip please": 0.01859618750863431,
  "austin jama ": 0.02220479269346413,
  "on jan": 0.01727828018822597,
  "gmt ibm": 0.013139655321637786,
  "make sense": 0.012018033091961882,
  "from childhood": 0.016453785165523465,
  "bosnian muslims": 0.0569326410743999,
  "systems division in": 0.02220479269346413,
  "muslim bosnians": 0.013878397925068823,
  "gmt": 0.00036867682526159725,
  "refer": 0.010011789758658761,
  "muslims": 0.05978141740548221,
  "practised in many": 0.018187394780396746,
  "an ethnic term": 0.02220479269346413,
  "bosnia it is": 0.020650651033015825,
  "a previous article": 0.010205110779840664,
  "word": 0.013616162586650767,
  "people in bosnia": 0.02220479269346413,
  "parts of": 0.010091166276710143,
  "regime": 0.012679018608151668,
  "wars many croats": 0.018187394780396746,
  "usage of the": 0.017542367712119207,
  "a believer": 0.014578789595566922,
  "language bosnian muslims": 0.02220479269346413,
  "gmt ibm advanced": 0.019741536440845052,
  "muslim friend of": 0.02220479269346413,
  "beleivers of": 0.02220479269346413,
  "moslemmuslim": 0.018187394780396746,
  "bosnian muslims if": 0.02220479269346413,
  "not an ethinic": 0.018187394780396746,
  "croats were also": 0.018187394780396746,
  "muslim": 0.03796822079196846,
  "division": 0.007957326234277248,
  "it is practised": 0.017841765453429796,
  "press": 0.008036702752328628,
  "mainly beleivers": 0.02220479269346413,
  "that bosnian": 0.020650651033015825,
  "the western press": 0.01727828018822597,
  "question who": 0.017042045848186003,
  "islam is": 0.014298154745894263,
  "speak": 0.007788381307726156,
  "kept me wondering": 0.018187394780396746,
  "bosnian": 0.10169024281054248,
  "flames intended": 0.016828345893467784,
  "an ethinic": 0.018187394780396746,
  "bosnia": 0.02313186283821414,
  "goes to university": 0.02220479269346413,
  "war many": 0.017542367712119207,
  "which ethnic group": 0.018187394780396746,
  "article writes in": 0.009578757308214432,
  "advanced workstation systems": 0.02220479269346413,
  "mine": 0.007282280697124115,
  "just a question": 0.015724138527777664,
  "under serbianled regime": 0.018187394780396746,
  "josip please dont": 0.01859618750863431,
  "islam i got": 0.02220479269346413,
  "workstation systems": 0.02220479269346413,
  "they speak": 0.01613293125601523,
  "religious": 0.007988740442953477,
  "in islam islam": 0.018187394780396746,
  "originator sender": 0.009468979668762187,
  "believer": 0.013139655321637786,
  "introduced on": 0.017841765453429796,
  "is a believer": 0.017042045848186003,
  "wrote": 0.005758644982989212,
  "question who are": 0.018187394780396746,
  "ibm": 0.00825728110131225,
  "language from": 0.016828345893467784,
  "intended oguocha it": 0.02220479269346413,
  "the dictionary": 0.01410856418977753,
  "speak do they": 0.017542367712119207,
  "believer in": 0.01613293125601523,
  "serbs or": 0.017841765453429796,
  "western press use": 0.018187394780396746,
  "were killed": 0.012042013560833512,
  "of that bosnian": 0.02220479269346413,
  "muslim in bosnia": 0.02220479269346413,
  "language from that": 0.018187394780396746,
  "europe": 0.00910918359621436,
  "that bosnian serbs": 0.02220479269346413,
  "childhood": 0.013824367540362408,
  "christian bosnian muslims": 0.02220479269346413,
  "they belong": 0.01498758232380449,
  "of the word": 0.012018033091961882,
  "in austin jama": 0.02220479269346413,
  "serbs under serbianled": 0.018187394780396746,
  "as christian": 0.01859618750863431,
  "term": 0.008656288582068659,
  "writes": 0.0014350342702751445,
  "re europe vs": 0.013179340472084872,
  "no flames intended": 0.016828345893467784,
  "islam": 0.03160984879512248,
  "question": 0.009844735468383464,
  "language": 0.018270815801232267,
  "sender news": 0.006867244421516403,
  "language bosnian": 0.02220479269346413,
  "practised": 0.016633253119948434,
  "group do they": 0.018187394780396746,
  "different usage": 0.02220479269346413,
  "croats": 0.029157579191133844,
  "which ethnic": 0.018187394780396746,
  "changed in the": 0.01613293125601523,
  "question no": 0.01628762379298149,
  "themselves as christian": 0.02220479269346413,
  "originator sender news": 0.013878397925068823,
  "was changed": 0.015487904187737694,
  "serbianled": 0.018187394780396746,
  "war": 0.007802893672088527,
  "moslemmuslim is": 0.018187394780396746,
  "that a moslemmuslim": 0.018187394780396746,