{
  "motive": 0.02081342825634946,
  "must finally": 0.028210542955275173,
  "you nick": 0.03368482156899661,
  "adventures which": 0.03368482156899661,
  "truth that": 0.023495256012690514,
  "kosher rectum always": 0.03132717809770428,
  "fudgepacking": 0.03368482156899661,
  "rhetoric so": 0.03368482156899661,
  "zionist i": 0.03368482156899661,
  "reserve university": 0.014986970462557146,
  "admit the": 0.024473766463206776,
  "ohio usa i": 0.03368482156899661,
  "secret any": 0.03132717809770428,
  "core": 0.016804397656547943,
  "homosexual may": 0.03368482156899661,
  "proisrael rhetoric": 0.03368482156899661,
  "may gmt thorinscwruedu": 0.03368482156899661,
  "is central": 0.02759040160563588,
  "secret any longer": 0.03368482156899661,
  "have endeavored": 0.03368482156899661,
  "thorinscwruedu case western": 0.03368482156899661,
  "discretion": 0.025528715198934123,
  "motive the": 0.02994804507692821,
  "for discretion": 0.03368482156899661,
  "romantic": 0.025852899483982845,
  "a genuine homosexual": 0.03132717809770428,
  "erection": 0.02994804507692821,
  "mark": 0.01056257526636079,
  "discreet": 0.028969534626411945,
  "may gmt": 0.01144133192403855,
  "a homosexual": 0.021053624063199643,
  "hide behind": 0.025528715198934123,
  "yisrael": 0.026211268584859806,
  "of proisrael rhetoric": 0.03368482156899661,
  "rectum always will": 0.03132717809770428,
  "frequent fudgepacking": 0.03368482156899661,
  "a discreet level": 0.03368482156899661,
  "our frequent": 0.03368482156899661,
  "i must finally": 0.03132717809770428,
  "i love": 0.017727855983183195,
  "nick": 0.03452397145566464,
  "as your erection": 0.03368482156899661,
  "nick steel": 0.02759040160563588,
  "core of": 0.022350792622822444,
  "to the core": 0.028210542955275173,
  "deflect suspicion of": 0.03368482156899661,
  "this saccharine": 0.03368482156899661,
  "discretion has been": 0.03368482156899661,
  "obviated by my": 0.03368482156899661,
  "romantic dialogue with": 0.03368482156899661,
  "of my true": 0.03368482156899661,
  "central": 0.014945405458017093,
  "must finally admit": 0.03132717809770428,
  "eretz yisrael may": 0.03368482156899661,
  "discreet level": 0.03368482156899661,
  "discreet level of": 0.03368482156899661,
  "homosexual but a": 0.03368482156899661,
  "which i hold": 0.03368482156899661,
  "a genuine": 0.023329303073338706,
  "to maintain": 0.01769679311392036,
  "mark ": 0.03722803226150809,
  "central to": 0.025528715198934123,
  "hide": 0.017025502521544528,
  "the exchange": 0.024960504026610427,
  "may she stand": 0.03368482156899661,
  "our love": 0.025232758134343544,
  "rhetoric so as": 0.03368482156899661,
  "your erection": 0.03132717809770428,
  "ohio usa": 0.022736264341553746,
  "she stand": 0.03368482156899661,
  "yisrael may she": 0.03368482156899661,
  "truth is that": 0.024708436094114775,
  "admission from": 0.03132717809770428,
  "deflect": 0.027066079565407106,
  "gmt thorinscwruedu": 0.03368482156899661,
  "homosexual may gmt": 0.03368482156899661,
  "reserve": 0.013543398372929208,
  "true motive the": 0.03368482156899661,
  "kosher": 0.023853625113567475,
  "university": 0.003320259023921825,
  "eretz": 0.02994804507692821,
  "erection insinuating": 0.03132717809770428,
  "admission": 0.04075724174052283,
  "i hold": 0.022231434392171866,
  "rhetoric": 0.021591800951685676,
  "kosher rectum": 0.03132717809770428,
  "and my love": 0.03132717809770428,
  "rabid": 0.022231434392171866,
  "the total": 0.017605271165213137,
  "a discreet": 0.03368482156899661,
  "as our love": 0.03368482156899661,
  "frequent": 0.018494657900103465,
  "zionist i hide": 0.03368482156899661,
  "endeavored to maintain": 0.03368482156899661,
  "a rabid": 0.025232758134343544,
  "my love": 0.026611891155119614,
  "maintain": 0.0156803833896616,
  "forever": 0.01546514036262922,
  "i hide": 0.03368482156899661,
  "love you nick": 0.03368482156899661,
  "into my kosher": 0.03132717809770428,
  "deflect suspicion": 0.03368482156899661,
  "hold this": 0.02759040160563588,
  "usa": 0.007891462642794698,
  "longer i": 0.026611891155119614,
  "finally admit the": 0.03132717809770428,
  "genuine homosexual": 0.03132717809770428,
  "truth that is": 0.026211268584859806,
  "homosexual not just": 0.03368482156899661,
  "we have endeavored": 0.03368482156899661,
  "surpasses that": 0.02994804507692821,
  "discretion has": 0.03368482156899661,
  "rabid homosexual zionist": 0.03368482156899661,
  "true motive": 0.03132717809770428,
  "thorinscwruedu case": 0.03368482156899661,
  "usa i must": 0.03368482156899661,
  "love has and": 0.03368482156899661,
  "insinuating": 0.025528715198934123,
  "longer": 0.02302170240370481,
  "genuine": 0.03897245082577799,
  "rabid homosexual": 0.03368482156899661,
  "suspicion of": 0.02994804507692821,
  "university cleveland": 0.01533914964262803,
  "behind the facade": 0.02994804507692821,
  "runofthemill homosexual but": 0.03368482156899661,
  "my kosher rectum": 0.03132717809770428,
  "for you surpasses": 0.03368482156899661,
  "steel": 0.018533980425277194,
  "central to the": 0.028210542955275173,
  "just a normal": 0.02994804507692821,
  "surpasses that which": 0.03368482156899661,
  "admission here the": 0.03368482156899661,
  "truth is": 0.01782278383392155,
  "she stand forever": 0.03368482156899661,
  "gmt": 0.0005592852519274571,
  "a rabid homosexual": 0.03368482156899661,
  "my kosher": 0.03132717809770428,
  "genuine homosexual may": 0.03368482156899661,
  "erection insinuating itself": 0.03132717809770428,
  "the core": 0.02024521708402577,
  "total truth": 0.028210542955275173,
  "cleveland ohio": 0.01737260882887164,
  "gmt thorinscwruedu case": 0.03368482156899661,
  "the facade": 0.02994804507692821,
  "rectum": 0.027066079565407106,
  "steel and our": 0.03368482156899661,
  "fudgepacking adventures": 0.03368482156899661,
  "suspicion of my": 0.03368482156899661,
  "a normal": 0.018614016130754044,
  "love for": 0.020891623896569525,
  "longer hold this": 0.03368482156899661,
  "saccharine": 0.03368482156899661,
  "stand": 0.013339875272212661,
  "dialogue with nick": 0.03368482156899661,
  "saccharine secret": 0.03368482156899661,
  "nick and": 0.02994804507692821,
  "homosexual": 0.06656737751277207,
  "this saccharine secret": 0.03368482156899661,
  "runofthemill": 0.028210542955275173,
  "proisrael": 0.027066079565407106,
  "obviated": 0.03368482156899661,
  "at a discreet": 0.03368482156899661,
  "for eretz": 0.03368482156899661,
  "my true": 0.028969534626411945,
  "dialogue": 0.02122372753454203,
  "insinuating itself": 0.03132717809770428,
  "facade": 0.025852899483982845,
  "maintain at a": 0.03368482156899661,
  "genuine admission from": 0.03132717809770428,
  "here the truth": 0.03368482156899661,
  "forever as our": 0.03368482156899661,
  "as to deflect": 0.03368482156899661,
  "dialogue with": 0.028210542955275173,
  "motive the exchange": 0.03368482156899661,
  "for eretz yisrael": 0.03368482156899661,
  "admit the total": 0.03132717809770428,
  "longer i love": 0.03368482156899661,
  "thorinscwruedu": 0.025852899483982845,
  "your erection insinuating": 0.03132717809770428,
  "case": 0.007831411842662995,
  "the total truth": 0.03132717809770428,
  "homosexual but": 0.02994804507692821,
  "could no longer": 0.02759040160563588,
  "western reserve university": 0.014986970462557146,
  "true": 0.008709382149500535,
  "homosexual zionist": 0.03368482156899661,
  "forever as": 0.03368482156899661,
  "of proisrael": 0.03368482156899661,
  "obviated by": 0.03368482156899661,
  "steel and": 0.028969534626411945,
  "yisrael may": 0.03368482156899661,
  "finally admit": 0.02994804507692821,
  "nick and my": 0.03368482156899661,
  "love has": 0.03132717809770428,
  "always will mark": 0.03132717809770428,
  "truth": 0.023499647259443167,
  "zionist": 0.019185910422597575,
  "admit": 0.013960016621851961,
  "a normal runofthemill": 0.03368482156899661,
  "cleveland": 0.014064682127521193,