{
  "re the list": 0.039033979701188645,
  "joslin said": 0.052677327347260654,
  "by dr norman": 0.052677327347260654,
  "could not answer": 0.04314669187264334,
  "over quality dave": 0.052677327347260654,
  "critics": 0.035772785696473706,
  "dave butler": 0.0416164680830062,
  "overalleged": 0.052677327347260654,
  "contradictions frank": 0.052677327347260654,
  "wished": 0.03495283527186063,
  "to properly exegete": 0.052677327347260654,
  "contradictionsapr": 0.052677327347260654,
  "popular": 0.022445520074182563,
  "time out of": 0.04314669187264334,
  "contradictions that": 0.04530342117109102,
  "stateyoungstown freenetyfnysuedu": 0.04314669187264334,
  "norman": 0.028343758312668194,
  "geisler": 0.04899037425917584,
  "gmt": 0.000874626936524853,
  "stateyoungstown": 0.040989962574195654,
  "one time": 0.027871800250919874,
  "not answer": 0.03730300948611084,
  "a thousand job": 0.04314669187264334,
  "properly": 0.022610895537321023,
  "the list": 0.022997913379248835,
  "number": 0.013427284115195205,
  "handbook on bible": 0.052677327347260654,
  "of x": 0.0321978188275263,
  "posted a list": 0.04683364496072816,
  "quantity when": 0.052677327347260654,
  "list quantity": 0.052677327347260654,
  "bible": 0.03794161500147406,
  "freenetyfnysuedu someone": 0.052677327347260654,
  "good list": 0.04899037425917584,
  "alleged contradictions that": 0.052677327347260654,
  "alleged bible contradictions": 0.052677327347260654,
  "alleged bible": 0.052677327347260654,
  "long time to": 0.0362356121698228,
  "if one wished": 0.04314669187264334,
  "difficulties by dr": 0.052677327347260654,
  "quality dave": 0.052677327347260654,
  "contradictions that are": 0.052677327347260654,
  "bible difficulties": 0.052677327347260654,
  "butler posted": 0.052677327347260654,
  "wished to contend": 0.04314669187264334,
  "do value quantity": 0.052677327347260654,
  "x number of": 0.04683364496072816,
  "posted a": 0.030988298390315337,
  "deals with": 0.032312213536148444,
  "quantity over": 0.04530342117109102,
  "quantity when critics": 0.052677327347260654,
  "job ": 0.08629338374528668,
  "time to properly": 0.052677327347260654,
  "posted some good": 0.052677327347260654,
  "quantity over quality": 0.04530342117109102,
  "taking a long": 0.04683364496072816,
  "overalleged contradictions": 0.052677327347260654,
  "alleged contradictions": 0.04899037425917584,
  "list of x": 0.04683364496072816,
  "quality": 0.0416689950638358,
  "properly exegete": 0.052677327347260654,
  "properly exegete if": 0.052677327347260654,
  "good quality alleged": 0.052677327347260654,
  "biblical": 0.024286167348849388,
  "of x number": 0.052677327347260654,
  "to properly": 0.03863978835994545,
  "good": 0.017192136015642595,
  "exegete if you": 0.052677327347260654,
  "freenetyfnysuedu": 0.04314669187264334,
  "posted some": 0.03945973878455852,
  "critics ask a": 0.052677327347260654,
  "bible difficulties by": 0.052677327347260654,
  "long time": 0.023659661840038836,
  "geisler deals with": 0.052677327347260654,
  "geisler deals": 0.052677327347260654,
  "ask a popular": 0.052677327347260654,
  "a good list": 0.04899037425917584,
  "butler": 0.03514628018766316,
  "dave butler posted": 0.052677327347260654,
  "number of alleged": 0.052677327347260654,
  "a popular handbook": 0.052677327347260654,
  "list quantity when": 0.052677327347260654,
  "contradictionsapr gmt": 0.052677327347260654,
  "joslin": 0.039033979701188645,
  "frank": 0.01941228047717835,
  "of biblical": 0.03305562812325035,
  "youngstown": 0.032670943753145956,
  "on bible": 0.052677327347260654,
  "biblical contradictionsapr": 0.052677327347260654,
  "him one time": 0.04314669187264334,
  "with overalleged": 0.052677327347260654,
  "quality alleged contradictions": 0.052677327347260654,
  "a list": 0.02426065579425634,
  "some good quality": 0.04899037425917584,
  "frank if": 0.04314669187264334,
  "frank if one": 0.04314669187264334,
  "butler posted some": 0.052677327347260654,
  "of biblical contradictionsapr": 0.052677327347260654,
  "alleged": 0.056909155847707046,
  "list of biblical": 0.03863978835994545,
  "stateyoungstown freenetyfnysuedu someone": 0.052677327347260654,
  "exegete": 0.04899037425917584,
  "freenetyfnysuedu someone posted": 0.052677327347260654,
  "by dr": 0.03534702661310383,
  "wished to": 0.03863978835994545,
  "job": 0.018659978421114647,
  "want a good": 0.04899037425917584,
  "thousand job": 0.04314669187264334,
  "joslin said most": 0.052677327347260654,
  "time out": 0.03674258121133517,
  "on bible difficulties": 0.052677327347260654,
  "when critics": 0.052677327347260654,
  "contradictionsapr gmt youngstown": 0.052677327347260654,
  "contend with": 0.03760704360228078,
  "number of": 0.01606316465357399,
  "bible contradictions as": 0.052677327347260654,
  "biblical contradictionsapr gmt": 0.052677327347260654,
  "norman geisler": 0.052677327347260654,
  "x number": 0.04530342117109102,
  "dave": 0.019075387524136803,
  "answer": 0.016052275910905245,
  "answer him": 0.04314669187264334,
  "popular handbook on": 0.052677327347260654,
  "good quality": 0.03730300948611084,
  "youngstown stateyoungstown freenetyfnysuedu": 0.04314669187264334,
  "quality dave butler": 0.052677327347260654,
  "a long time": 0.02457517985397348,
  "list of": 0.042359139591927525,
  "norman geisler deals": 0.052677327347260654,
  "posted": 0.036499906880681936,
  "x": 0.016302831598072654,
  "to contend": 0.03555564742774894,
  "gmt youngstown stateyoungstown": 0.04314669187264334,
  "contradictions frank if": 0.052677327347260654,
  "good list quantity": 0.052677327347260654,
  "popular handbook": 0.052677327347260654,
  "of alleged": 0.044116487387504795,
  "a popular": 0.03555564742774894,
  "some good": 0.028983990665061143,
  "contend with him": 0.04314669187264334,
  "a good": 0.014425043676854382,
  "difficulties by": 0.052677327347260654,
  "with overalleged contradictions": 0.052677327347260654,
  "contradictions as joslin": 0.052677327347260654,
  "time to": 0.01957851741071082,
  "as joslin": 0.052677327347260654,
  "a long": 0.0199387204641946,
  "gmt youngstown": 0.04314669187264334,
  "contradictions": 0.09801283125943787,
  "quality alleged": 0.052677327347260654,
  "one wished": 0.04314669187264334,
  "exegete if": 0.052677327347260654,
  "dr norman": 0.04683364496072816,
  "youngstown stateyoungstown": 0.040989962574195654,
  "handbook": 0.03089889882480267,
  "value quantity": 0.04530342117109102,
  "list": 0.046722185327059323,
  "deals with overalleged": 0.052677327347260654,
  "of alleged bible": 0.052677327347260654,
  "dr": 0.02123691966619402,
  "dr norman geisler": 0.052677327347260654,
  "contradictions as": 0.052677327347260654,
  "handbook on": 0.04899037425917584,
  "deals": 0.02862526044806363,
  "long": 0.012704988195725173,
  "bible contradictions": 0.0416164680830062,
  "contend": 0.031079226227332894,
  "overalleged contradictions frank": 0.052677327347260654,
  "critics ask": 0.052677327347260654,
  "answer him one": 0.04314669187264334,
  "time": 0.016766967381140543,
  "over quality": 0.04530342117109102,
  "someone posted": 0.03648305906149776,
  "difficulties": 0.032085832608388896,
  "quantity": 0.06179779764960534
}