{
  "that christian morality": 0.013835883008197901,
  "causing said opinions": 0.03301112513761668,
  "timehonoured memetic": 0.03301112513761668,
  "morality is sender": 0.01914818152641777,
  "warwick university": 0.027038593573523163,
  "coventry": 0.02376916273015074,
  "department of": 0.02346553937600665,
  "on my opinions": 0.03301112513761668,
  "ill try to": 0.022150803344211736,
  "response to an": 0.02376916273015074,
  "respond when": 0.030700634535750195,
  "veritable paradise": 0.03301112513761668,
  "spread": 0.01553863508741787,
  "of computer science": 0.027026751742254294,
  "of warwick": 0.024728102971656677,
  "clippingdale that": 0.03301112513761668,
  "that i saved": 0.03301112513761668,
  "intending": 0.025018140894955444,
  "intending to respond": 0.03301112513761668,
  "computer science": 0.020898962197575824,
  "to an assertion": 0.03301112513761668,
  "hens by evelyn": 0.018086669089355988,
  "the fray": 0.030700634535750195,
  "interested and probably": 0.03301112513761668,
  "fax": 0.01013526542744534,
  "of forgot ill": 0.03301112513761668,
  "paradise so": 0.03301112513761668,
  "by simon clippingdale": 0.03301112513761668,
  "gmt": 0.000548099546888908,
  "christian morality": 0.013600972152673281,
  "article frank": 0.015451597940738917,
  "sender network news": 0.017253165741908875,
  "conlon cheers": 0.03301112513761668,
  "christian": 0.0099422201234544,
  "ill try": 0.02063255158193565,
  "clippingdale department": 0.027646332096169676,
  "anyones still": 0.030700634535750195,
  "by simon": 0.03301112513761668,
  "odwyer im not": 0.018086669089355988,
  "intending to": 0.025018140894955444,
  "virus": 0.01875557140756316,
  "im not hatching": 0.018086669089355988,
  "veritable paradise so": 0.03301112513761668,
  "anyones still interested": 0.030700634535750195,
  "network news": 0.014756246631178308,
  "thuapr": 0.008129425688828252,
  "busy that": 0.03301112513761668,
  "afteryears": 0.01344680209383743,
  "soon if anyones": 0.03301112513761668,
  "trying to sell": 0.02446129394607822,
  "thuapr gmt": 0.008524424437905702,
  "oops quite": 0.03301112513761668,
  "spread in": 0.027038593573523163,
  "then intending": 0.03301112513761668,
  "assertion": 0.01595114576289416,
  "opinions to spread": 0.03301112513761668,
  "said opinions": 0.03301112513761668,
  "sort": 0.010499665408957411,
  "morality": 0.024685522448282086,
  "afteryears can": 0.013825317758993637,
  "simon simon clippingdale": 0.027646332096169676,
  "matter in": 0.02255947775118618,
  "virus mode": 0.03301112513761668,
  "conlon": 0.018086669089355988,
  "morality is": 0.014169494536721176,
  "mode until": 0.03301112513761668,
  "frank odwyer": 0.030666884221506183,
  "franks last": 0.03301112513761668,
  "re afteryears": 0.013680816289414923,
  "mode": 0.012829660650052109,
  "relative": 0.016114777796882574,
  "simon": 0.05091153185912585,
  "computer": 0.01362101655875225,
  "tel university": 0.026079653332017224,
  "makes sense": 0.017902460160439157,
  "folks as": 0.027038593573523163,
  "dont think so": 0.020038390810581255,
  "from hens": 0.018086669089355988,
  "network": 0.010274100230095128,
  "a veritable paradise": 0.03301112513761668,
  "to sell": 0.014276455585226177,
  "that from hens": 0.018086669089355988,
  "back then intending": 0.03301112513761668,
  "that morality": 0.022862717011871935,
  "network news nntppostinghost": 0.01749792397042493,
  "virus mode until": 0.03301112513761668,
  "opinions": 0.018039347914589415,
  "dont think": 0.011020639464661171,
  "odwyer im": 0.018049003905176213,
  "makes sense frank": 0.03301112513761668,
  "sell something": 0.03301112513761668,
  "paradise": 0.020397159691222473,
  "fray on this": 0.03301112513761668,
  "this matter": 0.019905039695202256,
  "evelyn conlon": 0.018086669089355988,
  "recall": 0.013141107338872433,
  "science warwick": 0.027646332096169676,
  "buy and": 0.02376916273015074,
  "i saved franks": 0.03301112513761668,
  "forgot ill try": 0.03301112513761668,
  "matter": 0.009841742576141397,
  "england": 0.015434459942404189,
  "have people buy": 0.03301112513761668,
  "sell": 0.011600301925838278,
  "by evelyn": 0.018086669089355988,
  "buy": 0.01003227062227456,
  "interested": 0.009513609000097222,
  "buy and take": 0.03301112513761668,
  "franks last post": 0.03301112513761668,
  "nntppostinghost nin department": 0.02839014393388371,
  "university england thuapr": 0.03301112513761668,
  "to respond": 0.017342857251641957,
  "a veritable": 0.027646332096169676,
  "post back": 0.029349084175389648,
  "was relative oops": 0.03301112513761668,
  "saved franks last": 0.03301112513761668,
  "gmt in": 0.005713643385163672,
  "opinions to": 0.02446129394607822,
  "oops quite right": 0.03301112513761668,
  "dont": 0.004061993595523217,
  "evelyn": 0.0177620885426054,
  "sender": 0.0021811784857220526,
  "computer science tel": 0.027646332096169676,
  "clippingdale department of": 0.027646332096169676,
  "christian morality is": 0.014987219232749616,
  "frank": 0.024330058198063532,
  "england thuapr gmt": 0.027038593573523163,
  "busy": 0.017253165741908875,
  "cheers simon": 0.027646332096169676,
  "odwyer": 0.03056811698293858,
  "folks": 0.012411069625441435,
  "i sort": 0.025687043213162612,
  "science tel": 0.026079653332017224,
  "i recall": 0.015682801700063923,
  "entered": 0.016943519918933222,
  "forgot ill": 0.03301112513761668,
  "oops": 0.018664241493602778,
  "simon clippingdale that": 0.03301112513761668,
  "department of computer": 0.03298340322455828,
  "matter in response": 0.03301112513761668,
  "response to": 0.01461961548273432,
  "was relative": 0.03301112513761668,
  "sender network": 0.017137212021624156,
  "sort of forgot": 0.03301112513761668,
  "frank odwyer writes": 0.015872246615941145,
  "memetic virus mode": 0.03301112513761668,
  "entered the fray": 0.03301112513761668,
  "on this matter": 0.02446129394607822,
  "department": 0.019244852382605225,
  "uk": 0.012806268741189954,
  "so busy": 0.025335841494303193,
  "tel": 0.01356175601407466,
  "computer science warwick": 0.027646332096169676,
  "and i sort": 0.029349084175389648,
  "clippingdale": 0.05067168298860639,
  "morality was": 0.022862717011871935,
  "opinions thus": 0.030700634535750195,
  "first entered": 0.029349084175389648,
  "in timehonoured": 0.03301112513761668,
  "in response": 0.016760467393612838,
  "ill": 0.009209614993946149,
  "evelyn conlon cheers": 0.03301112513761668,
  "writes as i": 0.027038593573523163,
  "fray": 0.030700634535750195,
  "still interested": 0.026079653332017224,
  "afteryears can we": 0.013825317758993637,
  "hatching that from": 0.018086669089355988,
  "in article": 0.0028583936715908943,
  "conlon cheers simon": 0.03301112513761668,
  "university of": 0.00526333736192701,
  "is sender": 0.01894609945369632,
  "causing": 0.016586946187092663,
  "in article frank": 0.015451597940738917,
  "to spread": 0.02178680570432843,
  "clippingdale that morality": 0.03301112513761668,
  "busy that i": 0.03301112513761668,
  "tel university of": 0.026524757974098968,
  "people buy": 0.025687043213162612,
  "morality was relative": 0.03301112513761668,
  "last post": 0.025018140894955444,
  "science warwick university": 0.027646332096169676,
  "hens by": 0.018086669089355988,
  "my opinions": 0.012610133741113508,
  "university": 0.006507707686886778,
  "writes": 0.0021334176151423818,
  "fax coventry": 0.027646332096169676,
  "assertion by": 0.025335841494303193,
  "if anyones": 0.02376916273015074,
  "cheers simon simon": 0.027646332096169676,
  "writes as": 0.017312691133242228,
  "warwick fax": 0.027646332096169676,
  "england thuapr": 0.025687043213162612,
  "anyones": 0.018995483072980122,
  "coventry uk": 0.025018140894955444,
  "news nntppostinghost nin": 0.02839014393388371,
  "saved": 0.015628005945586724,
  "news nntppostinghost": 0.014111522061014946,
  "something i dont": 0.02446129394607822,
  "in timehonoured memetic": 0.03301112513761668,