{
  "an orange": 0.0436824853350055,
  "service full service": 0.036997710566007334,
  "than that anthony": 0.05293212850991413,
  "abortion apr": 0.040632897685222914,
  "gigs": 0.03648269815974477,
  "not smarter": 0.05293212850991413,
  "hole bbs": 0.07399542113201467,
  "jhso": 0.05293212850991413,
  "service nodes usrobotics": 0.036997710566007334,
  "private bulletin": 0.036997710566007334,
  "halat": 0.03202646092527972,
  "jhso kill": 0.05293212850991413,
  "network": 0.017713965913957117,
  "ozone online": 0.036997710566007334,
  "newsgroups please route": 0.036997710566007334,
  "jim halat": 0.03202646092527972,
  "nodes": 0.0339905373259812,
  "usrobotics": 0.03616333119908493,
  "skydive new orleans": 0.036997710566007334,
  "questions": 0.017210245758447023,
  "landreneau": 0.03756345811091108,
  "kill": 0.020875569594406344,
  "whats the difference": 0.03601006541125642,
  "usrobotics bps": 0.036997710566007334,
  "hub": 0.03586078100663998,
  "jim": 0.019356875116501977,
  "anthony landreneau": 0.03756345811091108,
  "anthony slmr": 0.041352226093004554,
  "private": 0.019483376036624686,
  "murderer come": 0.05293212850991413,
  "ozone hole": 0.07264159313596429,
  "new orleans rime": 0.036997710566007334,
  "orange the ozone": 0.04428800553993553,
  "orleans": 0.0337815278767233,
  "anthony": 0.06101399645000475,
  "ozone online operations": 0.036997710566007334,
  "service": 0.039052338863870974,
  "mail hub": 0.036997710566007334,
  "service full": 0.036997710566007334,
  "all questions": 0.03616333119908493,
  "you not smarter": 0.05293212850991413,
  "files": 0.019249449064707998,
  "difference": 0.01832157560316277,
  "dba": 0.040304401053958834,
  "apr": 0.007550710852236434,
  "newsgroups": 0.025393911539047975,
  "route all": 0.036997710566007334,
  "route": 0.029075577326588574,
  "slmr": 0.0339905373259812,
  "full": 0.017664044849267688,
  "kill a cow": 0.04894852402393743,
  "inc dba": 0.041352226093004554,
  "please route": 0.03543487312069905,
  "re abortion": 0.03166027808398025,
  "smarter than": 0.04573234133465339,
  "bps": 0.03454894967341596,
  "youre a murderer": 0.04894852402393743,
  "usenet": 0.011711297606897772,
  "the difference": 0.022822369849637886,
  "inquiries to": 0.03648269815974477,
  "full service": 0.036997710566007334,
  "nodes usrobotics": 0.036997710566007334,
  "dba the": 0.041352226093004554,
  "cow youre": 0.04894852402393743,
  "abortion": 0.02697615740484817,
  "gigs files": 0.036997710566007334,
  "or inquiries": 0.03682086195298001,
  "smarter": 0.038416446646073577,
  "gigs files skydive": 0.036997710566007334,
  "orange the": 0.04428800553993553,
  "operations inc dba": 0.041352226093004554,
  "re abortion apr": 0.040632897685222914,
  "difference between an": 0.041352226093004554,
  "online operations inc": 0.036997710566007334,
  "jim halat jhso": 0.05293212850991413,
  "board service full": 0.036997710566007334,
  "rime network": 0.036997710566007334,
  "bbs a": 0.03601006541125642,
  "that anthony": 0.05293212850991413,
  "board service": 0.03454894967341596,
  "cow": 0.03756345811091108,
  "that anthony slmr": 0.05293212850991413,
  "a private": 0.02868208422729282,
  "orleans rime network": 0.036997710566007334,
  "operations inc": 0.036997710566007334,
  "network mail": 0.036997710566007334,
  "jhso kill a": 0.05293212850991413,
  "network mail hub": 0.036997710566007334,
  "online": 0.020199862849076856,
  "orange": 0.034097963377775174,
  "hub usenet newsgroups": 0.036997710566007334,
  "bulletin board service": 0.03454894967341596,
  "slmr whats the": 0.04217464473461762,
  "skydive": 0.03682086195298001,
  "to jim halat": 0.05293212850991413,
  "bulletin": 0.030928442323195186,
  "bps gigs files": 0.036997710566007334,
  "the ozone hole": 0.07296539631948953,
  "halat jhso kill": 0.05293212850991413,
  "slmr whats": 0.04217464473461762,
  "rime": 0.03632079656798214,
  "ozone hole bbs": 0.07399542113201467,
  "cow youre a": 0.04894852402393743,
  "bbs anthony": 0.04217464473461762,
  "difference between": 0.02353560374312965,
  "operations": 0.02563747029174258,
  "service nodes": 0.036997710566007334,
  "halat jhso": 0.05293212850991413,
  "usrobotics bps gigs": 0.036997710566007334,
  "smarter than that": 0.050601869267913185,
  "landreneau to jim": 0.05293212850991413,
  "mail": 0.017291192539376558,
  "world ozone": 0.037368621607027856,
  "hole bbs a": 0.036997710566007334,
  "skydive new": 0.036997710566007334,
  "files skydive": 0.036997710566007334,
  "newsgroups please": 0.036997710566007334,
  "gmt": 0.0009449992187739792,
  "private bulletin board": 0.036997710566007334,
  "the ozone": 0.06982409361834377,
  "bps gigs": 0.036997710566007334,
  "a cow": 0.04217464473461762,
  "inquiries": 0.034097963377775174,
  "files skydive new": 0.036997710566007334,
  "abortion apr gmt": 0.040632897685222914,
  "apr gmt world": 0.029353718366024493,
  "full service nodes": 0.036997710566007334,
  "inquiries to ": 0.036997710566007334,
  "usenet newsgroups please": 0.036997710566007334,
  "hole": 0.052046656708055604,
  "landreneau to": 0.04217464473461762,
  "dba the ozone": 0.041352226093004554,
  "bbs anthony landreneau": 0.04217464473461762,
  "to jim": 0.04573234133465339,
  "a murderer": 0.04174873684867669,
  "questions or inquiries": 0.036997710566007334,
  "kill a": 0.040304401053958834,
  "ozone": 0.10044482926516006,
  "a private bulletin": 0.036997710566007334,
  "bulletin board": 0.033481609755053356,
  "new orleans": 0.034097963377775174,
  "board": 0.020497194311141158,
  "route all questions": 0.036997710566007334,
  "bbs a private": 0.036997710566007334,
  "gmt world ozone": 0.03756345811091108,
  "bbs": 0.0445686387064332,
  "murderer": 0.037180174349424465,
  "anthony landreneau to": 0.04217464473461762,
  "murderer come on": 0.05293212850991413,
  "questions or": 0.03319656986344777,
  "gmt world": 0.02859818308119424,
  "hole bbs anthony": 0.04217464473461762,
  "anthony slmr whats": 0.04217464473461762,
  "rime network mail": 0.036997710566007334,
  "apr gmt": 0.008645128956029277,
  "hub usenet": 0.036997710566007334,
  "online operations": 0.036997710566007334,
  "usenet newsgroups": 0.03616333119908493,
  "between an orange": 0.04428800553993553,
  "world ozone online": 0.037368621607027856,
  "orleans rime": 0.036997710566007334,
  "nodes usrobotics bps": 0.036997710566007334,
  "mail hub usenet": 0.036997710566007334
}