{
  "dont see any": 0.013847545998513832,
  "hope you realize": 0.016858956339469683,
  "silly": 0.009991423168314086,
  "callwaiting": 0.031434029201258484,
  "tourist": 0.011697692598752375,
  "elect a new": 0.019513115171027665,
  "activities on the": 0.01126773318350515,
  "spock said": 0.019513115171027665,
  "a new government": 0.018044583008824392,
  "case where the": 0.016103289085362196,
  "decisions in": 0.016103289085362196,
  "silly weapons that": 0.019513115171027665,
  "individual should": 0.01757182124756547,
  "own opinion": 0.015717014600629242,
  "a group": 0.00937897031642689,
  "lawyers to": 0.01718554676283252,
  "abortion and": 0.012170454360011294,
  "induced": 0.013921892015063133,
  "scam dennis": 0.019513115171027665,
  "things": 0.004698378135700117,
  "direction and": 0.015390424177266408,
  "dennis there are": 0.019513115171027665,
  "raising an opinion": 0.019513115171027665,
  "to pay": 0.008235551655903919,
  "nation while china": 0.019513115171027665,
  "any human": 0.014161995161900004,
  "government democratic": 0.019513115171027665,
  "the preferred": 0.01474342915703085,
  "individual should make": 0.018044583008824392,
  "callwaiting you dont": 0.015717014600629242,
  "net ": 0.02318864721373597,
  "talkabortiontalkreligionmisctalkpoliticsmisc cookamunga": 0.019513115171027665,
  "i pay": 0.014161995161900004,
  "cookamunga": 0.011950545898821371,
  "kriz wrote": 0.015717014600629242,
  "the democracy works": 0.019513115171027665,
  "tourist bureau": 0.011950545898821371,
  "private activities on": 0.011495764251709313,
  "the fine": 0.013998942108645496,
  "sentences": 0.013113909903772659,
  "paying": 0.019449710009505152,
  "phone and you": 0.015390424177266408,
  "ksand private": 0.011495764251709313,
  "china doesnt have": 0.019513115171027665,
  "it and send": 0.016576050846621115,
  "fine print": 0.015244252839370323,
  "re abortion": 0.011671373700450348,
  "cookamunga tourist bureau": 0.011950545898821371,
  "sign it and": 0.016576050846621115,
  "it sonny dont": 0.016576050846621115,
  "in article dennis": 0.013510544526840767,
  "selecting": 0.01377572067716705,
  "china as the": 0.019513115171027665,
  "china as": 0.019513115171027665,
  "debate should begin": 0.016576050846621115,
  "opinion in your": 0.019513115171027665,
  "nation while": 0.018654078925035792,
  "make naral": 0.016576050846621115,
  "bureau in": 0.013510544526840767,
  "the fine print": 0.015547432592846326,
  "read the fine": 0.015717014600629242,
  "death": 0.007099215369174603,
  "pay taxes": 0.015244252839370323,
  "ksand private activities": 0.011495764251709313,
  "want to govern": 0.019513115171027665,
  "talkabortiontalkreligionmisctalkpoliticsmisc cookamunga tourist": 0.019513115171027665,
  "bad then": 0.019513115171027665,
  "your fellow": 0.014338651113042063,
  "a case": 0.010752169076234537,
  "an opinion": 0.012073400258250077,
  "this is bad": 0.01757182124756547,
  "like you dont": 0.016858956339469683,
  "case i": 0.011003829110111586,
  "health coverage": 0.012570011923162882,
  "phone and": 0.01269346299969673,
  "is heard": 0.015717014600629242,
  "death sentences creating": 0.019513115171027665,
  "government spending": 0.019513115171027665,
  "to make decisions": 0.018044583008824392,
  "fellow": 0.010138440103534423,
  "dont read": 0.01269346299969673,
  "realize that": 0.009632947598756336,
  "letters sounds": 0.018044583008824392,
  "preferred nation": 0.019513115171027665,
  "china": 0.02490671970571972,
  "kriz wrote just": 0.019513115171027665,
  "sign it sonny": 0.016576050846621115,
  "raising an": 0.019513115171027665,
  "sounds like you": 0.014078900430643053,
  "human rights": 0.011003829110111586,
  "exposed a": 0.016576050846621115,
  "fine print just": 0.016576050846621115,
  "i pay taxes": 0.018654078925035792,
  "trust your fellow": 0.018044583008824392,
  "debate should": 0.016576050846621115,
  "taxes for": 0.018044583008824392,
  "decisions in one": 0.019513115171027665,
  "dennis there": 0.019513115171027665,
  "kriz": 0.012870118950838788,
  "postpone": 0.018044583008824392,
  "nervous because": 0.016326510516840642,
  "you are paying": 0.01497907668904404,
  "health": 0.00826678530365223,
  "doesnt have": 0.009735317465855504,
  "clinton induced": 0.016576050846621115,
  "net": 0.0060634022828182045,
  "things i": 0.011182976118645618,
  "sonny if you": 0.019513115171027665,
  "utter their": 0.018044583008824392,
  "kent alink": 0.011544470858117575,
  "abortion debate": 0.015901360738319135,
  "trust your": 0.016326510516840642,
  "works by": 0.014857978354637367,
  "posting prefilled": 0.018044583008824392,
  "heard remember what": 0.019513115171027665,
  "dont need to": 0.01192091403023082,
  "each individual": 0.015244252839370323,
  "long as government": 0.019513115171027665,
  "weapons": 0.00823039052285756,
  "sonny dont": 0.016576050846621115,
  "sentences creating": 0.019513115171027665,
  "is bad": 0.01189169089011994,
  "fine": 0.00684062743531902,
  "preferred": 0.01076918638915247,
  "as paying": 0.018654078925035792,
  "scam": 0.014161995161900004,
  "activities on": 0.011224930837493456,
  "direction": 0.009405732492074985,
  "case i just": 0.018654078925035792,
  "systems": 0.0056904536220094715,
  "by selecting": 0.015717014600629242,
  "is heard remember": 0.019513115171027665,
  "things i pay": 0.019513115171027665,
  "opinion": 0.020651599710392696,
  "paying for": 0.01198059809160094,
  "china doesnt": 0.019513115171027665,
  "alink": 0.011495764251709313,
  "preferred nation while": 0.019513115171027665,
  "for a phone": 0.015547432592846326,
  "apr gmt sender": 0.00479698383395303,
  "placing china": 0.019513115171027665,
  "their own opinion": 0.018044583008824392,
  "remember what": 0.012964296413912588,
  "real scam": 0.016576050846621115,
  "dont trust": 0.015717014600629242,
  "are things": 0.014857978354637367,
  "in article": 0.001816775638723026,
  "private health coverage": 0.01261036826843978,
  "govern": 0.013706250713559019,
  "remember": 0.005904541095744784,
  "spending": 0.0101007184411753,
  "heard": 0.005729674365671248,
  "decisions": 0.010437719912848366,
  "pay for": 0.008727780421515393,
  "to make naral": 0.016576050846621115,
  "just sign": 0.03315210169324223,
  "government spending does": 0.019513115171027665,
  "dont approve of": 0.01718554676283252,
  "you realize": 0.01269346299969673,
  "prefilled letters sounds": 0.018044583008824392,
  "to utter": 0.016326510516840642,
  "hope": 0.006115948850404203,
  "dont": 0.018072429132624482,
  "letters regarding apr": 0.015717014600629242,
  "coverage letters": 0.01261036826843978,
  "individual": 0.008085938166043848,
  "dennis kriz": 0.012870118950838788,
  "you raising": 0.019513115171027665,
  "bad": 0.005769634887674167,
  "prefilled letters": 0.018044583008824392,
  "opinion just": 0.01718554676283252,
  "as long": 0.008780584252982462,
  "problems in": 0.01186286535610346,
  "americans to": 0.014078900430643053,
  "doesnt have any": 0.014531387931274533,
  "dont see": 0.009066356006562849,
  "constitution i dont": 0.019513115171027665,
  "as the preferred": 0.018654078925035792,
  "nervous because it": 0.016576050846621115,
  "apr": 0.002783524763324448,
  "print just sign": 0.016576050846621115,
  "does not contradict": 0.016858956339469683,
  "remember what spock": 0.019513115171027665,
  "postpone death sentences": 0.019513115171027665,
  "this whole clinton": 0.016576050846621115,
  "alink ksand": 0.011495764251709313,
  "wrote just sign": 0.019513115171027665,
  "to postpone death": 0.019513115171027665,
  "democracy": 0.011495764251709313,
  "send it": 0.01177866974455788,
  "article dennis kriz": 0.014248482438425967,
  "clinton induced abortion": 0.016576050846621115,
  "democratic systems work": 0.019513115171027665,
  "one direction": 0.015901360738319135,
  "human rights the": 0.016576050846621115,
  "raising": 0.012870118950838788,
  "real": 0.005368086484658038,