{
  "of robert weiss": 0.01827184048207565,
  "taken quotes": 0.01827184048207565,
  "no match": 0.013156363134769781,
  "of scholarship": 0.0149660112030571,
  "jim meritt was": 0.016992971145249183,
  "red herrings": 0.028435841195382963,
  "usa": 0.004280608887420002,
  "conclusion ive criticized": 0.01827184048207565,
  "precognition": 0.016244880539883568,
  "an apology": 0.01402352850238184,
  "i agreed": 0.015302397839208306,
  "arguments given that": 0.016992971145249183,
  "my criticizing": 0.016992971145249183,
  "im a hypocrite": 0.01827184048207565,
  "what is hypocritical": 0.016992971145249183,
  "accusing": 0.024521184513887528,
  "of robert": 0.016244880539883568,
  "i disagree": 0.009889377784160516,
  "dont see that": 0.013402731017840857,
  "fundieinerrantist": 0.01827184048207565,
  "meritt": 0.027078923187540464,
  "list": 0.0054020730882454815,
  "meritt writes so": 0.016244880539883568,
  "jim": 0.006214199760648236,
  "nor for calling": 0.016992971145249183,
  "concurance": 0.015302397839208306,
  "true that": 0.009469839329924977,
  "evading questions and": 0.01827184048207565,
  "that i havent": 0.01256881012532599,
  "standards of": 0.010878236819285113,
  "usa intelligent systems": 0.016992971145249183,
  "times": 0.005359461068329154,
  "when i agree": 0.016992971145249183,
  "red": 0.013389577564734554,
  "bible i": 0.01205911754852127,
  "i apologize": 0.010812336297879064,
  "apology": 0.022579881576999045,
  "argument was a": 0.015302397839208306,
  "question what is": 0.012486795803239581,
  "bible": 0.019740840277519715,
  "the bible": 0.013816391707723506,
  "match for": 0.012654640412475238,
  "hypocritical": 0.03823397749666611,
  "fruits of": 0.013156363134769781,
  "by a desire": 0.01827184048207565,
  "divine it yourself": 0.016992971145249183,
  "criticized both you": 0.01827184048207565,
  "conclusion you": 0.0149660112030571,
  "stop dodging": 0.016992971145249183,
  "the fruits": 0.013156363134769781,
  "im no match": 0.016992971145249183,
  "jim meritt": 0.015302397839208306,
  "josh mcdowell should": 0.016992971145249183,
  "taking quotes": 0.01402352850238184,
  "fundies": 0.012744659165555372,
  "scholarship": 0.011877493797943313,
  "happy": 0.006951610055725579,
  "do apologize": 0.016244880539883568,
  "screens what": 0.016992971145249183,
  "amazing repertoire": 0.016992971145249183,
  "intelligent systems program": 0.014217920597691482,
  "apr gmt": 0.002775373502489104,
  "antiinerrantists": 0.016992971145249183,
  "frank decenso a": 0.01827184048207565,
  "criticizing": 0.01256881012532599,
  "your red": 0.016992971145249183,
  "apologize for pointing": 0.016244880539883568,
  "hypocritical about": 0.015714101808422715,
  "objections": 0.010812336297879064,
  "accusing me of": 0.03398594229049837,
  "inerrant": 0.01368714186623063,
  "program james": 0.016244880539883568,
  "conclusion that the": 0.012654640412475238,
  "you and frank": 0.05481552144622695,
  "havent responded": 0.01827184048207565,
  "irrational frank by": 0.01827184048207565,
  "having offended": 0.01827184048207565,
  "bad arguments both": 0.01827184048207565,
  "irrational frank": 0.016244880539883568,
  "desire to attack": 0.01827184048207565,
  "questions and": 0.010141362166089943,
  "screens you asked": 0.016992971145249183,
  "telepathy": 0.013847679462152459,
  "and irrational frank": 0.01827184048207565,
  "decenso a": 0.01827184048207565,
  "josh mcdowell": 0.01368714186623063,
  "is hypocritical": 0.03060479567841661,
  "fruits": 0.012260592256943764,
  "conclusion and": 0.014217920597691482,
  "a strawman": 0.01368714186623063,
  "i havent": 0.007012507281681612,
  "hypocrite its": 0.01827184048207565,
  "such low standards": 0.016992971145249183,
  "criticized bad": 0.01827184048207565,
  "i raise": 0.015714101808422715,
  "any of robert": 0.01827184048207565,
  "frank for": 0.01827184048207565,
  "claimed to": 0.010281557566418215,
  "i have responded": 0.01827184048207565,
  "and ive": 0.009812490890432528,
  "meritt was": 0.016992971145249183,
  "do i apologize": 0.01827184048207565,
  "strawman argument was": 0.016992971145249183,
  "telempathy": 0.016992971145249183,
  "for objecting": 0.016244880539883568,
  "dont": 0.0022483359384814854,
  "bad arguments given": 0.016992971145249183,
  "silence is concurance": 0.015302397839208306,
  "weiss articles": 0.015714101808422715,
  "motivated by": 0.013044509588983,
  "franks": 0.012408272529404164,
  "usa intelligent": 0.016992971145249183,
  "havent": 0.005968836333704058,
  "have taken quotes": 0.01827184048207565,
  "meritt was silence": 0.016992971145249183,
  "dodge oh well": 0.016992971145249183,
  "objecting": 0.012486795803239581,
  "calling": 0.007589257140936808,
  "true that i": 0.016992971145249183,
  "evading questions": 0.01827184048207565,
  "contradictions shows such": 0.016992971145249183,
  "strawman": 0.024247723362028777,
  "quotes": 0.017933256178471427,
  "intelligent systems": 0.013847679462152459,
  "happy now dj": 0.01827184048207565,
  "objecting various times": 0.016992971145249183,
  "and smoke screens": 0.032489761079767136,
  "criticizing bad arguments": 0.016992971145249183,
  "divine it": 0.016992971145249183,
  "meritt writes": 0.01402352850238184,
  "almost never read": 0.01827184048207565,
  "screens": 0.02125536094056631,
  "the conclusion": 0.04132304389727552,
  "possess the fruits": 0.016992971145249183,
  "sender usa intelligent": 0.01827184048207565,
  "about my criticizing": 0.016992971145249183,
  "times to your": 0.016992971145249183,
  "of red": 0.013275437897016223,
  "argument nor for": 0.016992971145249183,
  "apr gmt sender": 0.0041774471764314215,
  "ive criticized": 0.0365436809641513,
  "for having offended": 0.01827184048207565,
  "was silence": 0.016992971145249183,
  "apologize for it": 0.016244880539883568,
  "addressing": 0.010011071451673055,
  "trying to explain": 0.014217920597691482,
  "to antiinerrantists": 0.016992971145249183,
  "hypocritical nor do": 0.01827184048207565,
  "screens you": 0.015302397839208306,
  "sender usa": 0.01084499234418792,
  "match for your": 0.015714101808422715,
  "agree with the": 0.010812336297879064,
  "embarrassment to the": 0.0149660112030571,
  "context and ive": 0.01827184048207565,
  "agreed with the": 0.016244880539883568,
  "responded to both": 0.01827184048207565,
  "systems program": 0.01402352850238184,
  "addressing the objections": 0.01827184048207565,
  "writes so stop": 0.016992971145249183,
  "way happy": 0.01827184048207565,
  "systems": 0.004955524187432603,
  "my criticizing bad": 0.016992971145249183,
  "excuse nor": 0.016992971145249183,
  "of bible contradictions": 0.016992971145249183,
  "the objections": 0.01402352850238184,
  "claimed to possess": 0.016244880539883568,
  "to the fact": 0.011168247120986982,
  "frank by accusing": 0.01827184048207565,
  "agreed": 0.008732202114846589,
  "robert": 0.006497272184278422,
  "herrings": 0.028435841195382963,
  "for calling": 0.012486795803239581,
  "james meritt": 0.01402352850238184,
  "for evading questions": 0.01827184048207565,
  "mcdowell should be": 0.016992971145249183,
  "bad": 0.01004895818074615,
  "that your strawman": 0.016992971145249183,
  "objections i raise": 0.01827184048207565,
  "calling your": 0.0149660112030571,
  "robert weiss articles": 0.016992971145249183,
  "criticizing bad": 0.016992971145249183,
  "not an excuse": 0.014681600354667323,
  "dont see": 0.00789542441899938,
  "fruits of precognition": 0.016992971145249183,
  "screens what they": 0.016992971145249183,
  "various times": 0.015714101808422715,
  "low standards of": 0.016992971145249183,
  "to explain": 0.008441810650360556,
  "telepathy and": 0.015302397839208306,
  "scholarship that": 0.015302397839208306,
  "not inerrant": 0.016992971145249183,
  "frank": 0.026933643761693944,
  "of context": 0.021435398446726577,
  "contradictions": 0.011332356873784945,
  "a hypocrite": 0.013847679462152459,