{
  "anderson wrote": 0.07275350551623598,
  "demand": 0.040394913813482154,
  "system our": 0.06980199466868148,
  "news": 0.013465864061480032,
  "ergo": 0.05593839488306001,
  "etc apr gmt": 0.06372175624271705,
  "mathew cogito": 0.08079114351513209,
  "raise you": 0.0675974821399016,
  "the news system": 0.05620026298086423,
  "sender the news": 0.04580005538737529,
  "our lady": 0.06201863330902444,
  "ill see your": 0.07115419361453464,
  "ergo sum ok": 0.08079114351513209,
  "david anderson wrote": 0.08079114351513209,
  "exist frank": 0.07275350551623598,
  "cogito ergo": 0.07115419361453464,
  "cogito ergo sum": 0.07115419361453464,
  "gmt sender the": 0.04563909803063672,
  "in article mathew": 0.05221134932196119,
  "the news": 0.037633416095587124,
  "mathew": 0.0878157498479665,
  "sender the": 0.034140968130533696,
  "apr gmt sender": 0.019861196224787984,
  "article mathew": 0.05204425989239369,
  "afteryears etc": 0.07275350551623598,
  "prove": 0.06748339522905926,
  "cmc": 0.0675974821399016,
  "frank mathew": 0.08079114351513209,
  "heavy": 0.039322829315901024,
  "cmc dod ": 0.06863066666320322,
  "demand and": 0.06255042823723878,
  "anderson wrote in": 0.08079114351513209,
  "writes prove that": 0.08079114351513209,
  "mathew writes": 0.04973009681305038,
  "raise": 0.039558859604672286,
  "you think lefty": 0.08079114351513209,
  "wrote": 0.022529435635203408,
  "lefty": 0.058291587747925616,
  "article david": 0.036299530162282094,
  "writes": 0.005614256881953635,
  "afteryears": 0.03538632129957218,
  "article david anderson": 0.07471090508916765,
  "your demand": 0.07275350551623598,
  "sum": 0.048998679190778,
  "system": 0.015424281791202876,
  "prove that you": 0.06201863330902444,
  "writes prove": 0.08079114351513209,
  "think lefty cmc": 0.08079114351513209,
  "sum ok": 0.08079114351513209,
  "artillery in": 0.06863066666320322,
  "dod ": 0.0966471646774134,
  "heavy artillery": 0.06863066666320322,
  "prove you think": 0.08079114351513209,
  "prove you": 0.06863066666320322,
  "frank mathew cogito": 0.08079114351513209,
  "in article": 0.015044177218899443,
  "re afteryears": 0.03600214813003927,
  "ergo sum": 0.07115419361453464,
  "lady of": 0.060593028664307116,
  "you exist": 0.06980199466868148,
  "wrote in": 0.039558859604672286,
  "re ill": 0.07275350551623598,
  "raise you was": 0.07275350551623598,
  "etc apr": 0.06255042823723878,
  "cogito": 0.07115419361453464,
  "and raise": 0.06311655561563853,
  "article mathew writes": 0.05309815736469249,
  "think lefty": 0.08079114351513209,
  "lady": 0.04502327120016963,
  "david anderson": 0.06863066666320322,
  "ill": 0.02423582893143723,
  "apr": 0.011524769195518767,
  "lefty cmc dod": 0.06863066666320322,
  "ok prove": 0.08079114351513209,
  "lefty cmc": 0.06863066666320322,
  "gmt": 0.0014423672286550207,
  "dod": 0.0304279914254171,
  "news system": 0.023989102140534804,
  "ill see": 0.058291587747925616,
  "lady of heavy": 0.06863066666320322,
  "mathew writes prove": 0.08079114351513209,
  "cmc dod": 0.06863066666320322,
  "afteryears etc apr": 0.08079114351513209,
  "david": 0.02288561615786124,
  "see your demand": 0.07275350551623598,
  "mathew cogito ergo": 0.08079114351513209,
  "of heavy artillery": 0.06863066666320322,
  "wrote in article": 0.042029383797618065,
  "in article david": 0.0364941609953993,
  "article": 0.013831707966903129,
  "of heavy": 0.060593028664307116,
  "system our lady": 0.07723443204049907,
  "artillery in article": 0.06863066666320322,
  "was re afteryears": 0.06151724371393717,
  "you exist frank": 0.07471090508916765,
  "exist frank mathew": 0.08079114351513209,
  "gmt sender": 0.015772193208595197,
  "artillery": 0.05387839847010035,
  "that you exist": 0.07275350551623598,
  "news system our": 0.07723443204049907,
  "demand and raise": 0.07275350551623598,
  "sender": 0.005739943383479085,
  "apr gmt": 0.013195196827623634,
  "exist": 0.031410283345243144,
  "frank": 0.03201323447113622,
  "prove that": 0.04333765711425522,
  "sum ok prove": 0.08079114351513209,
  "heavy artillery in": 0.06863066666320322,
  "anderson": 0.04346120746409504
}