{
  "ehh": 0.05757754384468025,
  "quotes he exactly": 0.051190263096609845,
  "in bethlehem ehh": 0.05757754384468025,
  "inspired": 0.03217377726056966,
  "a partial": 0.03987683199745105,
  "sermon its": 0.045487767439564925,
  "laboratory tucson": 0.03841570160046903,
  "tucson": 0.03217377726056966,
  "stephen writes for": 0.045487767439564925,
  "re biblical backing": 0.03987683199745105,
  "tape broadcast": 0.04480298234853944,
  "for his hour": 0.04480298234853944,
  "quotes": 0.028255304792824166,
  "broadcast ive enclosed": 0.05757754384468025,
  "or sound": 0.04266504758036899,
  "long tape broadcast": 0.04480298234853944,
  "cites or": 0.051190263096609845,
  "christian sermon": 0.051190263096609845,
  "bethlehem": 0.04183306593129531,
  "broadcast": 0.029841005330344988,
  "didnt": 0.014073579727502044,
  "tape broadcast ive": 0.05757754384468025,
  "a solid": 0.03296064556213804,
  "koresh was": 0.03074544781653339,
  "gmt sender": 0.01045366294058054,
  "as a christian": 0.03934792631020845,
  "sound biblical backing": 0.04480298234853944,
  "planetary laboratory tucson": 0.03841570160046903,
  "he cites": 0.04716033762823807,
  "backing": 0.0660910446059174,
  "of koreshs tape": 0.03987683199745105,
  "inspired david": 0.05757754384468025,
  "structure or": 0.043130412159866294,
  "apr gmt sender": 0.013163816102475757,
  "david koresh": 0.05536830214863189,
  "solid structure or": 0.04480298234853944,
  "backing of": 0.03910048669149452,
  "think david": 0.04419042121099394,
  "was born": 0.033773214994551756,
  "in article": 0.0049855703574259785,
  "a partial list": 0.04480298234853944,
  "christian": 0.017341081610676275,
  "born in": 0.033970317039177814,
  "az": 0.03247586876598077,
  "sender lunar": 0.03841570160046903,
  "apr": 0.007638509815634531,
  "its pretty": 0.0354457851832249,
  "partial": 0.03321908604220103,
  "a christian sermon": 0.051190263096609845,
  "solid structure": 0.04480298234853944,
  "sources": 0.02205866254953859,
  "sender lunar planetary": 0.03841570160046903,
  "sources he": 0.04716033762823807,
  "the sources": 0.035987008573143575,
  "a christian": 0.026629811407829038,
  "or sound biblical": 0.04480298234853944,
  "his hour long": 0.04480298234853944,
  "biblical backing of": 0.03987683199745105,
  "pretty good if": 0.0495176929079367,
  "tape": 0.048678021393939314,
  "writes": 0.0037210772357134563,
  "planetary laboratory": 0.03841570160046903,
  "born": 0.02515923510545748,
  "writes for": 0.03247586876598077,
  "his hour": 0.04480298234853944,
  "a solid structure": 0.04480298234853944,
  "who think david": 0.04480298234853944,
  "lunar": 0.030355850663725484,
  "think david koresh": 0.04480298234853944,
  "not inspired david": 0.05757754384468025,
  "planetary": 0.031225221210068294,
  "lunar planetary": 0.03841570160046903,
  "hour long": 0.043130412159866294,
  "az in article": 0.043130412159866294,
  "koresh didnt": 0.04223418727714968,
  "koreshs tape cites": 0.03987683199745105,
  "koresh didnt have": 0.04480298234853944,
  "not inspired": 0.04822034667936571,
  "koreshs": 0.02979194214054345,
  "pretty": 0.016695327223964388,
  "david koresh didnt": 0.043130412159866294,
  "koresh was born": 0.053547618376308476,
  "biblical backing for": 0.04480298234853944,
  "az in": 0.04223418727714968,
  "cites enclosed": 0.04145784197119315,
  "cites": 0.07115288264379932,
  "laboratory": 0.023026384686966873,
  "bethlehem ehh": 0.05757754384468025,
  "sound": 0.0199746442743061,
  "long tape": 0.04480298234853944,
  "cites or quotes": 0.051190263096609845,
  "hour": 0.02735372389546033,
  "didnt have a": 0.0376125019581387,
  "broadcast ive": 0.05757754384468025,
  "quotes he": 0.051190263096609845,
  "lunar planetary laboratory": 0.03841570160046903,
  "apr gmt": 0.008745653711331944,
  "ive": 0.012074967475749938,
  "good if": 0.03987683199745105,
  "born in bethlehem": 0.051190263096609845,
  "enclosed": 0.07449802302114561,
  "didnt have": 0.027718250606015935,
  "stephen writes": 0.04183306593129531,
  "enclosed a": 0.051190263096609845,
  "article stephen writes": 0.04223418727714968,
  "tape cites": 0.03987683199745105,
  "have a solid": 0.04266504758036899,
  "tucson az": 0.03584690652907927,
  "gmt": 0.0009559875817829789,
  "its pretty good": 0.04822034667936571,
  "enclosed apr gmt": 0.053547618376308476,
  "laboratory tucson az": 0.03841570160046903,
  "gmt sender lunar": 0.03841570160046903,
  "christian sermon its": 0.051190263096609845,
  "backing for his": 0.04480298234853944,
  "good": 0.009395702241107001,
  "david koresh was": 0.03627776683229859,
  "or quotes": 0.0495176929079367,
  "backing of koreshs": 0.03987683199745105,
  "david": 0.0303367469999556,
  "solid": 0.026299070858979902,
  "structure": 0.02716412165366521,
  "ive enclosed a": 0.051190263096609845,
  "ehh ": 0.1151550876893605,
  "partial list": 0.04419042121099394,
  "backing for": 0.04419042121099394,
  "stephen": 0.024879767645916654,
  "list": 0.017022811708308435,
  "of koreshs": 0.03742791650282137,
  "good if not": 0.04626411274552145,
  "in bethlehem": 0.04626411274552145,
  "article stephen": 0.03239886163371321,
  "of the sources": 0.04626411274552145,
  "if not inspired": 0.051190263096609845,
  "sources he cites": 0.051190263096609845,
  "cites enclosed apr": 0.053547618376308476,
  "enclosed apr": 0.053547618376308476,
  "sound biblical": 0.04480298234853944,
  "partial list of": 0.04626411274552145,
  "re biblical": 0.03780314046292353,
  "structure or sound": 0.04480298234853944,
  "sermon its pretty": 0.051190263096609845,
  "sermon": 0.037075447771330476,
  "pretty good": 0.027450895296470452,
  "long": 0.013886847562769374,
  "ive enclosed": 0.051190263096609845,
  "bethlehem ehh ": 0.05757754384468025,
  "in article stephen": 0.03239886163371321,
  "enclosed a partial": 0.051190263096609845,
  "sender": 0.003804381079747766,
  "article": 0.004583763686706269,
  "list of": 0.023149762335123183,
  "biblical": 0.05309069141376378,
  "koreshs tape": 0.03987683199745105,
  "tucson az in": 0.043130412159866294,
  "hour long tape": 0.04480298234853944,
  "biblical backing": 0.0797536639949021,
  "tape cites enclosed": 0.04145784197119315,
  "inspired david koresh": 0.05757754384468025,
  "list of the": 0.0354457851832249,
  "writes for those": 0.04110537323970225,
  "koresh": 0.04548689528112815
}