{
  "that christian morality": 0.015039003269780327,
  "genesis in the": 0.02421906418991595,
  "michael": 0.011581431901022668,
  "illinois at urbana": 0.01597926122443643,
  "earth what was": 0.03085885210204751,
  "champaignurbana": 0.022170825751328775,
  "word michael": 0.033370254930163254,
  "creationism there": 0.024682228579444517,
  "earth": 0.01239768265220497,
  "that existed": 0.02792069914474197,
  "programs champaignurbana bill": 0.022170825751328775,
  "theistic": 0.02251615248975024,
  "heavens": 0.021362334623378738,
  "in keith": 0.028831258667498878,
  "owner university": 0.01642282432303384,
  "the middle university": 0.022170825751328775,
  "the beginning god": 0.02452117146868063,
  "in genesis": 0.023558478839213214,
  "questioncomment creation was": 0.033370254930163254,
  "urbana in keith": 0.03005036097409747,
  "of illinois": 0.028310764149753493,
  "mac whatever": 0.033370254930163254,
  "university": 0.007073595311833454,
  "broken john": 0.02753895814598173,
  "the honor": 0.025616392018944882,
  "earth what": 0.028347449273931763,
  "cobb writes theory": 0.025213400587386095,
  "keith": 0.014815967425579482,
  "christian morality": 0.014783665383340522,
  "questioncomment": 0.033370254930163254,
  "god created": 0.02251615248975024,
  "illinois": 0.02683208961769792,
  "creationism my": 0.024682228579444517,
  "keith m": 0.021232921280617583,
  "christian": 0.010806761003754781,
  "friapr gmt sender": 0.017977156227085865,
  "article mike cobb": 0.021169907720067334,
  "illinois at": 0.014925769416504586,
  "a real questioncomment": 0.033370254930163254,
  "beginning god created": 0.02452117146868063,
  "noise": 0.0136356992357201,
  "well still havebillion": 0.022798621842901372,
  "keith m ryan": 0.021232921280617583,
  "view": 0.011910407087507919,
  "john": 0.009844903031748833,
  "taxes": 0.03305074847333472,
  "whew": 0.02753895814598173,
  "middle university": 0.022170825751328775,
  "than be broken": 0.02753895814598173,
  "afteryears": 0.014616089232431989,
  "generate some responses": 0.033370254930163254,
  "uncaused cause whew": 0.033370254930163254,
  "theistic view of": 0.024682228579444517,
  "havebillion dollar": 0.022798621842901372,
  "oughta": 0.029389775623394742,
  "stated": 0.013730635367582506,
  "dollar": 0.01898513930135122,
  "whew that oughta": 0.033370254930163254,
  "my programs champaignurbana": 0.022170825751328775,
  "morality": 0.01341604480884896,
  "afteryears can": 0.015027519303253953,
  "class to": 0.021565557328636145,
  "god created the": 0.02421906418991595,
  "view of": 0.01712749206054773,
  "morality is": 0.01540162449643606,
  "with new taxes": 0.022798621842901372,
  "creation was the": 0.033370254930163254,
  "bill clinton": 0.01821789934088352,
  "urbana": 0.015326138674324313,
  "gmt sender net": 0.016054590100049015,
  "creation was": 0.029389775623394742,
  "time before that": 0.033370254930163254,
  "raise taxes": 0.021047076011097475,
  "dollar deficits ": 0.023681310548183076,
  "generate some": 0.028831258667498878,
  "ryan writes in": 0.025213400587386095,
  "his given word": 0.02753895814598173,
  "god": 0.009787758057077448,
  "university of illinois": 0.028493302184743045,
  "still havebillion dollar": 0.022798621842901372,
  "responses mac": 0.033370254930163254,
  "mac": 0.012386602556701997,
  "honor to": 0.02753895814598173,
  "dollar deficits": 0.022798621842901372,
  "view of the": 0.01995974053120494,
  "article mike": 0.018245663372570362,
  "others is stated": 0.024682228579444517,
  "gmt": 0.0005957603770531608,
  "taxes and": 0.021297050183151645,
  "a real": 0.01412844374702342,
  "existed": 0.017608378349151292,
  "an uncaused": 0.033370254930163254,
  "a cobb": 0.022089402360560447,
  "before that existed": 0.033370254930163254,
  "promises that have": 0.02753895814598173,
  "on the middle": 0.021047076011097475,
  "created": 0.013589147994858329,
  "existed an": 0.03085885210204751,
  "at urbana": 0.01597926122443643,
  "laws": 0.013106302343391805,
  "responses mac whatever": 0.033370254930163254,
  "pay": 0.011707625347188173,
  "cobb and": 0.022170825751328775,
  "i wont raise": 0.022170825751328775,
  "john laws a": 0.02753895814598173,
  "in article mike": 0.018416869477101326,
  "time": 0.005710488890678302,
  "deficits ": 0.04736262109636615,
  "the middle": 0.015039003269780327,
  "generate": 0.017148020095097284,
  "beginning god": 0.02452117146868063,
  "net noise": 0.01574822275212125,
  "the earth": 0.015706496512767773,
  "john laws": 0.02606988166732896,
  "net": 0.010369296657573161,
  "promises": 0.020096480849983375,
  "and spending cuts": 0.022798621842901372,
  "that oughta generate": 0.033370254930163254,
  "sender": 0.002370846180132666,
  "my theistic": 0.02436696996716325,
  "creationism my theistic": 0.024682228579444517,
  "christian morality is": 0.01629045568777132,
  "programs champaignurbana": 0.022170825751328775,
  "debate with": 0.022089402360560447,
  "clinton debate": 0.022170825751328775,
  "cobb": 0.03876420760640915,
  "clinton": 0.013072722970454191,
  "genesis in": 0.024076960156751887,
  "deficits": 0.02185556713904751,
  "to pay": 0.0140839868898067,
  "my theistic view": 0.024682228579444517,
  "spending cuts": 0.02251615248975024,
  "taxes on": 0.020540692161912115,
  "mac whatever promises": 0.033370254930163254,
  "writes theory of": 0.025213400587386095,
  "illinois class": 0.022170825751328775,
  "oughta generate some": 0.033370254930163254,
  "broken": 0.01611600154321486,
  "spending cuts well": 0.022798621842901372,
  "net noise owner": 0.01574822275212125,
  "and spending": 0.022089402360560447,
  "whatever promises": 0.02753895814598173,
  "illinois class to": 0.022170825751328775,
  "re afteryears": 0.01487045248849448,
  "responses": 0.015994202228725784,
  "of the theory": 0.023558478839213214,
  "created the": 0.02092827230521707,
  "is stated": 0.023681310548183076,
  "debate": 0.015678943616444518,
  "questioncomment creation": 0.033370254930163254,
  "gmt sender": 0.006514601542680626,
  "cuts well still": 0.022798621842901372,
  "havebillion": 0.022798621842901372,
  "friapr": 0.008013335936501654,
  "ryan": 0.016595389717922446,
  "new taxes": 0.022170825751328775,
  "middle": 0.014265184065801852,
  "taxes and spending": 0.022798621842901372,
  "raise taxes on": 0.021297050183151645,
  "theistic view": 0.02436696996716325,
  "stated in": 0.02260788367809912,
  "honor": 0.019306617981092827,
  "time before": 0.022798621842901372,
  "class to pay": 0.021780859576718756,
  "afteryears can we": 0.015027519303253953,
  "heavens and": 0.023808453011267387,
  "in article": 0.0031069496430335807,
  "some responses mac": 0.033370254930163254,
  "university of": 0.011442037743319587,
  "real questioncomment creation": 0.033370254930163254,
  "broken john laws": 0.02753895814598173,
  "the heavens": 0.02260788367809912,
  "cobb and i": 0.022170825751328775,
  "spending": 0.01727369240664761,
  "of time": 0.01533861093588581,
  "ah a real": 0.033370254930163254,
  "wont raise": 0.022089402360560447,
  "taxes on the": 0.021297050183151645,
  "writes theory": 0.025213400587386095,
  "raise": 0.01633952896714725,
  "whew that": 0.033370254930163254,
  "champaignurbana bill": 0.022170825751328775,
  "cobb writes": 0.020987187235911926,
  "of creationism": 0.046426304201583495,
  "michael a cobb": 0.022089402360560447,
  "writes": 0.004637864380744308,
  "bill clinton debate": 0.022170825751328775,
  "creation": 0.01593480436721971,
  "is friapr gmt": 0.025027555317865983,
  "cause whew": 0.033370254930163254,
  "honor to keep": 0.02753895814598173,
  "stated in genesis": 0.024682228579444517,
  "for my programs": 0.021931847607155597,
  "champaignurbana bill clinton": 0.022170825751328775,
  "word michael a": 0.033370254930163254,
  "cuts well": 0.022798621842901372,
  "creationism": 0.03868832862186353,
  "be broken": 0.02436696996716325,
  "m ryan": 0.021232921280617583,