{
  "the pit": 0.018568946901081407,
  "connection": 0.010294278938466595,
  "passage for": 0.02121620542799252,
  "book is": 0.014038072523805503,
  "kevin": 0.010866771072126847,
  "oregon": 0.024695007461076984,
  "roman nobleman": 0.02121620542799252,
  "place are largely": 0.02219322978487966,
  "eclectic i": 0.02219322978487966,
  "passage": 0.012515198409572695,
  "if any connection": 0.02219322978487966,
  "involving": 0.013130096975979506,
  "historical accounts there": 0.02219322978487966,
  "nobleman living": 0.02121620542799252,
  "merlin": 0.01620550291792062,
  "fiction and most": 0.02219322978487966,
  "reading in": 0.017504289666674083,
  "reading in michael": 0.02121620542799252,
  "popular": 0.010168091021557402,
  "bull which douses": 0.02121620542799252,
  "rutherfords novel": 0.02121620542799252,
  "campbell got": 0.02219322978487966,
  "the bull": 0.03575147417588917,
  "magick": 0.01689871273105744,
  "chapter the": 0.018568946901081407,
  "chapter the book": 0.02219322978487966,
  "i remember thinking": 0.020522995614855693,
  "roman": 0.012248327652240883,
  "rutherford got": 0.02219322978487966,
  "stab": 0.01676843027016521,
  "if you havent": 0.01620550291792062,
  "levels of": 0.013558244391009514,
  "bull to stand": 0.02121620542799252,
  "stab the": 0.020522995614855693,
  "know where campbell": 0.02219322978487966,
  "his info": 0.02121620542799252,
  "read campbell": 0.02219322978487966,
  "general events which": 0.02219322978487966,
  "coax a bull": 0.02121620542799252,
  "fiction and": 0.01917452383669805,
  "joseph": 0.010373290559726816,
  "stands naked in": 0.02121620542799252,
  "compuserve": 0.012429892561257237,
  "where rutherford": 0.02219322978487966,
  "pit with blood": 0.02121620542799252,
  "remember thinking": 0.01954597125796855,
  "events which take": 0.02219322978487966,
  "re merlin": 0.017504289666674083,
  "dont know": 0.013533846573483721,
  "pit with": 0.0199853003104841,
  "ancient bull": 0.02219322978487966,
  "osinski": 0.01954597125796855,
  "a roman nobleman": 0.02121620542799252,
  "universitynntppostinghost facman kevin": 0.023863463954903623,
  "magick apr gmt": 0.02121620542799252,
  "kevin osinski": 0.02121620542799252,
  "the scaffolding": 0.02121620542799252,
  "sciences": 0.021799711748166476,
  "pit covered": 0.02121620542799252,
  "he stands": 0.017875737087944585,
  "members of the": 0.01131048527335803,
  "scene in": 0.017875737087944585,
  "for members": 0.01885276144483173,
  "to stand": 0.013804699449131002,
  "they then fatally": 0.02121620542799252,
  "thinking he was": 0.02219322978487966,
  "practice of": 0.01601262892352656,
  "i recall reading": 0.016527265309786942,
  "secret": 0.009686783500714998,
  "but i remember": 0.018315066140460138,
  "practice of bullfighting": 0.02219322978487966,
  "britain takes": 0.02121620542799252,
  "occidentalmythology he also": 0.02219322978487966,
  "then fatally stab": 0.02121620542799252,
  "rutherfords": 0.02121620542799252,
  "fatally": 0.018568946901081407,
  "pit covered with": 0.02121620542799252,
  "some mediterranean": 0.02219322978487966,
  "bullfighting popular in": 0.02219322978487966,
  "info but": 0.017875737087944585,
  "health": 0.018804446570235438,
  "assistants coax": 0.02121620542799252,
  "then fatally": 0.02121620542799252,
  "historical accounts": 0.02219322978487966,
  "mediterranean cultures": 0.02219322978487966,
  "son": 0.010268507157462385,
  "gmt sender oregon": 0.01954597125796855,
  "of initiation": 0.020522995614855693,
  "havent": 0.007795444079199036,
  "cult i": 0.0390919425159371,
  "i recall": 0.01133696508438356,
  "sciences university": 0.01601262892352656,
  "in joseph campbells": 0.02219322978487966,
  "bullfighting": 0.02121620542799252,
  "campbell give": 0.02219322978487966,
  "in britain": 0.016107136666064586,
  "eclectic i also": 0.02219322978487966,
  "accounts": 0.011821988596435875,
  "are largely based": 0.02219322978487966,
  "a pit": 0.01954597125796855,
  "with blood": 0.0159216883741703,
  "nobleman living in": 0.02121620542799252,
  "occidentalmythology he": 0.02219322978487966,
  "of passage": 0.0199853003104841,
  "place are": 0.02219322978487966,
  "osinski writes i": 0.02121620542799252,
  "is a rite": 0.02219322978487966,
  "facman kevin osinski": 0.023863463954903623,
  "reading": 0.00795034630526393,
  "based on historical": 0.02219322978487966,
  "eclectic": 0.02219322978487966,
  "kevin osinski writes": 0.02121620542799252,
  "read campbell give": 0.02219322978487966,
  "apr gmt sender": 0.005455846673797182,
  "and the current": 0.017338041783572997,
  "fatally stab the": 0.02121620542799252,
  "douses the worshipper": 0.02121620542799252,
  "ancient bull cults": 0.02219322978487966,
  "larry caldwell compuserve": 0.020522995614855693,
  "sender oregon health": 0.018568946901081407,
  "remember": 0.006715526258292863,
  "caldwell": 0.01954597125796855,
  "historical fiction and": 0.02219322978487966,
  "mithras and": 0.017338041783572997,
  "university": 0.0023521835012843776,
  "bit if": 0.018085403056594295,
  "the current practice": 0.02219322978487966,
  "bull cult": 0.02121620542799252,
  "ceremony": 0.014744934716546367,
  "bull he stands": 0.02121620542799252,
  "of rite": 0.02121620542799252,
  "universitynntppostinghost facman": 0.0199853003104841,
  "fiction": 0.012941537465377705,
  "dont": 0.005872761824852845,
  "covered with some": 0.02121620542799252,
  "which douses": 0.02121620542799252,
  "universitynntppostinghost": 0.012815349548468509,
  "recall reading in": 0.020522995614855693,
  "health sciences universitynntppostinghost": 0.01885276144483173,
  "members of": 0.009956376911216838,
  "osinski writes": 0.02121620542799252,
  "havent read": 0.01583405549665012,
  "cultures quite a": 0.02219322978487966,
  "health sciences": 0.032616112411353516,
  "take place": 0.014389185321832958,
  "info": 0.007144706162091671,
  "roman nobleman living": 0.02121620542799252,
  "rite like this": 0.02219322978487966,
  "sender oregon": 0.018315066140460138,
  "sort of": 0.016060022067206838,
  "joseph campbells occidentalmythology": 0.02219322978487966,
  "is supposedly": 0.015588795992288813,
  "michael rutherfords novel": 0.02121620542799252,
  "pit": 0.027760013565751668,
  "rite of": 0.02121620542799252,
  "britain": 0.013459878139153477,
  "caldwell compuserve": 0.020522995614855693,
  "supposedly some": 0.020522995614855693,
  "of scaffolding": 0.02121620542799252,
  "michael rutherfords": 0.02121620542799252,
  "the son": 0.01327442984725919,
  "campbell give him": 0.02219322978487966,
  "scaffolding they": 0.02121620542799252,
  "in a pit": 0.02121620542799252,
  "try larry": 0.02219322978487966,
  "naked in a": 0.02121620542799252,
  "covered": 0.011207383405393671,
  "bull cults": 0.02219322978487966,
  "rutherford got his": 0.02219322978487966,
  "in a secret": 0.01917452383669805,
  "while assistants coax": 0.02121620542799252,
  "supposedly some sort": 0.020522995614855693,
  "connection there is": 0.02219322978487966,
  "nobleman": 0.02121620542799252,
  "you havent read": 0.01954597125796855,
  "naked": 0.014690783256661889,
  "the bull cult": 0.02121620542799252,
  "a rite": 0.02219322978487966,
  "larry caldwell": 0.0199853003104841,
  "while assistants": 0.02121620542799252,
  "bull he": 0.02121620542799252,
  "where campbell": 0.02219322978487966,
  "living in britain": 0.02121620542799252,
  "on historical": 0.01954597125796855,
  "book is historical": 0.02219322978487966,
  "bull to": 0.01917452383669805,
  "campbells occidentalmythology he": 0.02219322978487966,
  "writes i": 0.0063818138101389525,
  "douses the": 0.02121620542799252,
  "a roman": 0.017504289666674083,
  "cultures": 0.015162456936483805,
  "based": 0.007244923396776604,
  "merlin mithras and": 0.017504289666674083,
  "worshipper in": 0.02121620542799252,
  "campbell got his": 0.02219322978487966,
  "the general": 0.010749204411477612,
  "popular in": 0.016644831970436175,