{
  "reduced abortion": 0.030279309761212257,
  "you wanted": 0.023642708886170174,
  "children than": 0.03145352230183177,
  "insurance": 0.035142168018666355,
  "birth": 0.040983964234274556,
  "private health": 0.023710175424746543,
  "freivald writes": 0.03145352230183177,
  "take your money": 0.029952604831932517,
  "children": 0.027169483270901084,
  "abortion and": 0.02344675288949115,
  "and birth": 0.029952604831932517,
  "if you wanted": 0.026275925055041945,
  "to pay": 0.03173208474764612,
  "matt": 0.019997515246283855,
  "health insurance": 0.0231993054535057,
  "more dangerous": 0.02506994867588343,
  "for an abortion": 0.029650123312937735,
  "birth why not": 0.03310848192676306,
  "birth if": 0.028857649784607295,
  "private": 0.013837173185194677,
  "a lot": 0.010501764609961637,
  "stop at birth": 0.03310848192676306,
  "prenatal": 0.027623850307574915,
  "to age": 0.03247929547848853,
  "are more dangerous": 0.02745013759566146,
  "coverage letters": 0.024294260500830923,
  "care": 0.012753276096325821,
  "california": 0.013012057775307437,
  "insurance carrier would": 0.030279309761212257,
  "prenatal care and": 0.029368519755848137,
  "cheaper": 0.035968729110137154,
  "at birth": 0.026275925055041945,
  "lot": 0.01008753316113144,
  "care and birth": 0.030279309761212257,
  "than lies": 0.028857649784607295,
  "truth than lies": 0.028857649784607295,
  "premiums that": 0.030279309761212257,
  "netcom san jose": 0.029105097220592742,
  "fischer convictions are": 0.029105097220592742,
  "premiums": 0.025365135049677825,
  "their health insurance": 0.029650123312937735,
  "re abortion": 0.02248525872086761,
  "birth if you": 0.030279309761212257,
  "jose california friapr": 0.037592613717245135,
  "children you": 0.03476344155169434,
  "cheaper than prenatal": 0.030279309761212257,
  "wanted to": 0.015540869301439912,
  "margolis reduced abortion": 0.037592613717245135,
  "abortion": 0.05747573128706427,
  "convictions are more": 0.028857649784607295,
  "abortion instead": 0.030279309761212257,
  "happy to take": 0.029650123312937735,
  "im pretty": 0.02269196783441355,
  "cheaper to kill": 0.03310848192676306,
  "california friapr": 0.03310848192676306,
  "lies": 0.018333434650734542,
  "money it": 0.03102347938077942,
  "san jose california": 0.026150326448238868,
  "pretty": 0.011720801153150509,
  "abortion is": 0.02667772127060624,
  "an abortion": 0.0260284776190565,
  "the higher": 0.02332115428268807,
  "not fund infanticide": 0.03310848192676306,
  "to carry": 0.01960600454473798,
  "pay for an": 0.029650123312937735,
  "coverage letters regarding": 0.024620965430110664,
  "abortion instead elected": 0.030279309761212257,
  "reduced": 0.02002500109192199,
  "for hmmm": 0.037592613717245135,
  "up to age": 0.03310848192676306,
  "infanticide up": 0.03310848192676306,
  "that your insurance": 0.029650123312937735,
  "truth than": 0.0260284776190565,
  "enemies of truth": 0.028857649784607295,
  "cant help wondering": 0.03476344155169434,
  "responsibility": 0.033832128713532424,
  "dangerous enemies of": 0.028857649784607295,
  "gmt": 0.0006711423023129486,
  "truth": 0.014099788355665901,
  "many children": 0.029952604831932517,
  "fund infanticide": 0.03310848192676306,
  "matt freivald": 0.028857649784607295,
  "friedrich": 0.02799516368800645,
  "san jose": 0.01960600454473798,
  "pay": 0.02637799670060356,
  "using their health": 0.030279309761212257,
  "hmmm": 0.020585816885401353,
  "happy": 0.015378663878380671,
  "hmmm ray": 0.037592613717245135,
  "writes larry": 0.03476344155169434,
  "convictions are": 0.02799516368800645,
  "wondering just": 0.03476344155169434,
  "pay the higher": 0.030279309761212257,
  "friedrich nietzsche": 0.028857649784607295,
  "take responsibility": 0.0272835172098645,
  "elected": 0.02166619465775679,
  "larry margolis reduced": 0.037592613717245135,
  "the higher premiums": 0.030279309761212257,
  "larry margolis": 0.02667772127060624,
  "more dangerous enemies": 0.028857649784607295,
  "gmt matt": 0.03593765409231386,
  "insurance to": 0.028624350136280972,
  "elected to carry": 0.030279309761212257,
  "nietzsche": 0.02745013759566146,
  "result": 0.014380469405654033,
  "dangerous": 0.017007205076758413,
  "premiums that would": 0.030279309761212257,
  "higher premiums": 0.030279309761212257,
  "care and": 0.02579517797073018,
  "higher premiums that": 0.030279309761212257,
  "why not fund": 0.03310848192676306,
  "lot cheaper": 0.02819430721522862,
  "health insurance to": 0.030279309761212257,
  "term im": 0.030279309761212257,
  "than prenatal": 0.030279309761212257,
  "that would result": 0.029952604831932517,
  "be happy": 0.02046117719617653,
  "health": 0.031852429904684516,
  "carrier would": 0.028857649784607295,
  "regarding netcom": 0.03476344155169434,
  "have taken responsibility": 0.037592613717245135,
  "letters regarding netcom": 0.03476344155169434,
  "a lot cheaper": 0.02819430721522862,
  "friapr": 0.009027268238671253,
  "convictions": 0.02453680507418113,
  "infanticide up to": 0.03310848192676306,
  "pretty sure": 0.02238570176934043,
  "california friapr gmt": 0.03310848192676306,
  "cheaper than": 0.024065323902255235,
  "netcom san": 0.029105097220592742,
  "carrier": 0.023710175424746543,
  "term im pretty": 0.030279309761212257,
  "margolis": 0.026539347590297337,
  "responsibility for": 0.041560434170714984,
  "money": 0.01260284714779866,
  "is always cheaper": 0.03247929547848853,
  "than prenatal care": 0.030279309761212257,
  "prenatal care": 0.029105097220592742,
  "fischer convictions": 0.029105097220592742,
  "would be happy": 0.024976113907619356,
  "insurance carrier": 0.030279309761212257,
  "would result": 0.02696939051134969,
  "friapr gmt matt": 0.037592613717245135,
  "higher": 0.01484137548058629,
  "kill": 0.014825914732353894,
  "writes": 0.002612348100174345,
  "insurance to pay": 0.029105097220592742,
  "taken responsibility": 0.03476344155169434,
  "carry to term": 0.030279309761212257,
  "happy to": 0.02008053436561905,
  "writes larry margolis": 0.037592613717245135,
  "letters regarding": 0.024454345044313704,
  "health coverage": 0.024216512766256658,
  "gmt matt freivald": 0.037592613717245135,
  "responsibility for them": 0.03102347938077942,
  "to kill": 0.01827913275021878,
  "lot cheaper than": 0.030279309761212257,
  "term": 0.015757978398378048,
  "carry": 0.015987287902043127,
  "friapr gmt": 0.009393614617999336,
  "friedrich nietzsche ": 0.029952604831932517,
  "elected to": 0.028857649784607295,
  "to term": 0.029105097220592742,
  "larry": 0.017740855018716185,
  "jose california": 0.026150326448238868,
  "birth why": 0.03310848192676306,
  "ray fischer": 0.02745013759566146,
  "carry to": 0.029650123312937735,
  "private health coverage": 0.024294260500830923,
  "matt freivald writes": 0.03145352230183177,
  "pay for": 0.016814336159001086,
  "infanticide": 0.03193426938614354,
  "age": 0.016941897561058655,
  "san": 0.014443211365033029,
  "responsibility for hmmm": 0.037592613717245135,
  "for hmmm ray": 0.037592613717245135,
  "wondering just how": 0.037592613717245135,
  "of truth": 0.02196550597647332,
  "kill children": 0.03145352230183177,
  "pay the": 0.02205521579981526,
  "to take responsibility": 0.028624350136280972,
  "fund": 0.020813536720619374,
  "age one": 0.037592613717245135,
  "ray": 0.017934486549620515,
  "wanted": 0.012462087245467357,
  "not fund": 0.03247929547848853,
  "hmmm ray fischer": 0.037592613717245135,
  "jose": 0.01831525362890034,
  "coverage": 0.01806887342593262,
  "is a lot": 0.022240776510332634,
  "to kill children": 0.03145352230183177,
  "enemies": 0.022288515448141578,
  "lies friedrich nietzsche": 0.029105097220592742,
  "result if": 0.029952604831932517,
  "ray fischer convictions": 0.029105097220592742,
  "netcom": 0.017540961122404105,
  "always cheaper": 0.03247929547848853,
  "enemies of": 0.0272835172098645,
  "abortion is a": 0.030279309761212257,