{
  "and saviour": 0.034481956195000454,
  "article malcolm lee": 0.026751014879678844,
  "conclusions by what": 0.037288220083907114,
  "complicated": 0.020265173041838426,
  "calls themself a": 0.04009448397281378,
  "article malcolm": 0.026603777453885827,
  "call themselves": 0.02796601322968021,
  "as guest": 0.02593858291424503,
  "good advice given": 0.04009448397281378,
  "wow are you": 0.04009448397281378,
  "guest in": 0.028392574021817156,
  "jesus christ": 0.03978060691907908,
  "themself a": 0.04009448397281378,
  "god apr": 0.02862398460416513,
  "things": 0.008978277247167835,
  "modelled": 0.03284039705286214,
  "do you adhere": 0.037288220083907114,
  "make things": 0.025700362266378902,
  "be christian wow": 0.04009448397281378,
  "and accepted jesus": 0.037288220083907114,
  "very good advice": 0.04009448397281378,
  "guest": 0.01657973704981603,
  "themself a christian": 0.04009448397281378,
  "accepted jesus": 0.03284039705286214,
  "jesus say that": 0.037288220083907114,
  "christian may": 0.034481956195000454,
  "malcolm": 0.022353485451866887,
  "not christian um": 0.04009448397281378,
  "wow": 0.04227697420373104,
  "example matthew": 0.04009448397281378,
  "christian like for": 0.04009448397281378,
  "ten commandments": 0.02706259804217329,
  "christian": 0.0845289970010293,
  "christian so": 0.031675692306093794,
  "advice given": 0.0356466609417688,
  "apr": 0.005319124244085585,
  "accepted jesus christ": 0.037288220083907114,
  "christian like": 0.04009448397281378,
  "adhere to": 0.028392574021817156,
  "christian may not": 0.037288220083907114,
  "sins and accepted": 0.037288220083907114,
  "the ten": 0.026903809729811823,
  "christian is a": 0.037288220083907114,
  "apr gmt the": 0.025059779249314556,
  "and loving": 0.024962218311747508,
  "point im trying": 0.03284039705286214,
  "does make things": 0.04009448397281378,
  "point im": 0.02581772071525847,
  "draw": 0.017029328157002425,
  "repented": 0.03221630523169915,
  "revelation if they": 0.04009448397281378,
  "advice": 0.015708056470947248,
  "jesus say": 0.031675692306093794,
  "not be christian": 0.037288220083907114,
  "public unix": 0.02581772071525847,
  "complicated doesnt it": 0.04009448397281378,
  "things a": 0.02593858291424503,
  "criteria": 0.022060689251139656,
  "kind and loving": 0.026461707333192423,
  "christian um where": 0.04009448397281378,
  "matthew": 0.018042915666472443,
  "are not modelled": 0.037288220083907114,
  "gmt the": 0.018095609464497016,
  "of jesus": 0.019092922005847158,
  "loving god": 0.02581772071525847,
  "not christian": 0.05773885683437426,
  "the duck pond": 0.02632445408754189,
  "worship": 0.019973782355097176,
  "loving": 0.021369897684213487,
  "a christian wow": 0.04009448397281378,
  "god": 0.010936928031390186,
  "your own conclusions": 0.03038640594529001,
  "conclusions": 0.020450636750467148,
  "wow that": 0.0356466609417688,
  "christian is": 0.02796601322968021,
  "who calls": 0.030034133163955475,
  "draw your": 0.029710073618718486,
  "wanted people": 0.0356466609417688,
  "duck pond public": 0.02606316452828047,
  "wow are": 0.04009448397281378,
  "only point": 0.031675692306093794,
  "be christian": 0.030034133163955475,
  "gmt": 0.0006657079516869327,
  "the above revelation": 0.04009448397281378,
  "as their personal": 0.037288220083907114,
  "guest in article": 0.028392574021817156,
  "criteria to": 0.03357854100749353,
  "personal": 0.013566111960527986,
  "in as guest": 0.02606316452828047,
  "um where did": 0.04009448397281378,
  "criteria to being": 0.037288220083907114,
  "accepted": 0.01694862283351733,
  "good": 0.0065427562164793686,
  "unix": 0.013374360494219296,
  "christian wow": 0.08018896794562756,
  "bit more": 0.02230319184863386,
  "saviour then": 0.037288220083907114,
  "worship him": 0.034481956195000454,
  "he wanted": 0.02417616157312015,
  "modelled after the": 0.034481956195000454,
  "malcolm lee writes": 0.02796601322968021,
  "personal lord": 0.0356466609417688,
  "that he wanted": 0.03284039705286214,
  "god apr gmt": 0.02862398460416513,
  "public unix log": 0.02606316452828047,
  "in article malcolm": 0.026603777453885827,
  "call themselves christian": 0.03357854100749353,
  "revelation": 0.021369897684213487,
  "for example matthew": 0.04009448397281378,
  "a bit": 0.01328178630500066,
  "wow that does": 0.04009448397281378,
  "um where": 0.04009448397281378,
  "writes the only": 0.03038640594529001,
  "you draw": 0.028173678389143975,
  "did jesus": 0.02796601322968021,
  "saviour": 0.030034133163955475,
  "conclusions by": 0.03221630523169915,
  "example of jesus": 0.037288220083907114,
  "worship him these": 0.04009448397281378,
  "re a kind": 0.026461707333192423,
  "draw your own": 0.030034133163955475,
  "kind": 0.011150631347075288,
  "modelled after": 0.034481956195000454,
  "saviour then they": 0.037288220083907114,
  "and loving god": 0.026461707333192423,
  "pond public": 0.02606316452828047,
  "sins": 0.021101172708728178,
  "repented of": 0.034481956195000454,
  "lord and saviour": 0.034481956195000454,
  "above revelation": 0.037288220083907114,
  "bit": 0.011009987150698586,
  "jesus christ as": 0.03119883791072382,
  "only criteria": 0.034481956195000454,
  "um": 0.02402042764264324,
  "the only point": 0.034481956195000454,
  "complicated doesnt": 0.04009448397281378,
  "lord and": 0.02706259804217329,
  "commandments ": 0.08018896794562756,
  "duck pond": 0.02606316452828047,
  "themselves christian": 0.03357854100749353,
  "people to worship": 0.037288220083907114,
  "the only criteria": 0.034481956195000454,
  "the duck": 0.026191701768420474,
  "log in as": 0.024866953140046315,
  "themself": 0.03077227711858687,
  "jesus": 0.04150417108106373,
  "in article": 0.00347173320436141,
  "malcolm lee": 0.024097545840905166,
  "those who call": 0.031675692306093794,
  "more complicated": 0.02526225058767351,
  "kind and": 0.024962218311747508,
  "a christian": 0.05563150885198293,
  "have not repented": 0.037288220083907114,
  "not repented": 0.037288220083907114,
  "christian wow are": 0.04009448397281378,
  "loving god apr": 0.03284039705286214,
  "jesus christ then": 0.037288220083907114,
  "to worship": 0.023870462979969764,
  "log in": 0.02394475099077218,
  "writes": 0.0025911954839786012,
  "calls themself": 0.037288220083907114,
  "where did jesus": 0.037288220083907114,
  "the ten commandments": 0.027580142056383348,
  "their personal lord": 0.037288220083907114,
  "very good": 0.01671573277627771,
  "commandments": 0.02402042764264324,
  "things a bit": 0.03357854100749353,
  "christian um": 0.04009448397281378,
  "christ then": 0.03357854100749353,
  "good advice": 0.029130717976448554,
  "christ": 0.030421119705393566,
  "to the ten": 0.03357854100749353,
  "matthew right if": 0.04009448397281378,
  "lee": 0.017660218607799906,
  "more complicated doesnt": 0.04009448397281378,
  "lord": 0.017398929048538483,
  "ten commandments ": 0.04009448397281378,
  "christ as their": 0.037288220083907114,
  "matthew right": 0.04009448397281378,
  "gmt the duck": 0.031675692306093794,
  "bit more complicated": 0.03221630523169915,
  "lee writes": 0.025700362266378902,
  "is a christian": 0.03038640594529001,
  "that you draw": 0.037288220083907114,
  "personal lord and": 0.0356466609417688,
  "doesnt it i": 0.034481956195000454,
  "you adhere": 0.0356466609417688,
  "lee writes the": 0.037288220083907114,
  "being a christian": 0.030034133163955475,
  "adhere to the": 0.034481956195000454,
  "wanted": 0.012361179656435232,
  "advice given the": 0.04009448397281378,
  "unix log": 0.02606316452828047,
  "call": 0.01061797710890794,
  "sins and": 0.02862398460416513,
  "like very good": 0.0356466609417688,
  "christian wow that": 0.04009448397281378,
  "pond public unix": 0.02606316452828047,
  "their personal": 0.02796601322968021,
  "revelation if": 0.04009448397281378,
  "of their sins": 0.03119883791072382,
  "doesnt it": 0.02295235237525402,