{
  "friapr gmt": 0.041844283298360666,
  "ive got it": 0.1474832376737627,
  "with guns yeah": 0.15485533054845657,
  "whos next mormons": 0.07981652354763674,
  "mormons and jews": 0.08249748229569365,
  "usenet news system": 0.051987357163823966,
  "guns yeah that": 0.15485533054845657,
  "news": 0.027911063691067703,
  "lets fight": 0.15485533054845657,
  "news system brandeis": 0.12013637591419407,
  "ive got": 0.08428144331312136,
  "jews sender usenet": 0.11490579277870715,
  "university friapr": 0.08836204407937738,
  "fight guns with": 0.15485533054845657,
  "ive": 0.037761716469617984,
  "and jews sender": 0.10156089868633986,
  "brandeis university": 0.11541799054173797,
  "it lets fight": 0.15485533054845657,
  "usenet news": 0.04370753183077771,
  "friapr gmt ok": 0.1446804980405398,
  "gmt ok": 0.12750846878888794,
  "jews sender": 0.10156089868633986,
  "sender usenet": 0.04055599353895441,
  "mormons and": 0.07923927448737164,
  "gmt": 0.002989633892121316,
  "gmt ok ive": 0.1674580065586374,
  "news system": 0.04972286625492668,
  "system brandeis university": 0.12013637591419407,
  "guns yeah": 0.15485533054845657,
  "fight guns": 0.15485533054845657,
  "friapr": 0.040212376699535576,
  "with guns": 0.11299014703947392,
  "mormons": 0.07703474278495583,
  "brandeis university friapr": 0.14225265453827576,
  "lets fight guns": 0.15485533054845657,
  "university friapr gmt": 0.08995473606697713,
  "sender": 0.011897337194847559,
  "guns with guns": 0.15485533054845657,
  "next mormons": 0.07981652354763674,
  "usenet": 0.03705028697454932,
  "yeah that would": 0.1507981750700164,
  "ok ive": 0.14225265453827576,
  "brandeis": 0.11392275239197486,
  "university": 0.017748293691509393,
  "system": 0.03197032953085687,
  "guns": 0.14298457096343783,
  "system brandeis": 0.12013637591419407,
  "yeah that": 0.14011114479906878,
  "and jews": 0.07996374555186617,
  "guns with": 0.13488056166358187,
  "jews": 0.06191009803288307,
  "yeah": 0.07139975694521944,
  "fight": 0.07659960158110805,
  "sender usenet news": 0.04447828094841131
}