{
  "based": 0.012272013100662412,
  "re rw": 0.03145352230183177,
  "classical text such": 0.037592613717245135,
  "only orthodox christian": 0.03102347938077942,
  "weiss so": 0.037592613717245135,
  "written": 0.01411920932483495,
  "tourist": 0.022535962884127028,
  "alink ksand": 0.02214694174206856,
  "each book": 0.033852651546330215,
  "only orthodox": 0.03102347938077942,
  "maker by jacobi": 0.037592613717245135,
  "not read": 0.024065323902255235,
  "ever read": 0.027805286073170152,
  "same conclusions": 0.03310848192676306,
  "rw is": 0.030634458238720953,
  "right one cheers": 0.040421785882795935,
  "is written": 0.024620965430110664,
  "bible": 0.0291143821235801,
  "based on critique": 0.037592613717245135,
  "paine": 0.03310848192676306,
  "christians": 0.014637440222602936,
  "decide for": 0.02819430721522862,
  "myth": 0.02332115428268807,
  "the myth": 0.02840366760048393,
  "christian apr": 0.028624350136280972,
  "christian apr gmt": 0.028624350136280972,
  "i have read": 0.021791793264559867,
  "jacobi": 0.037592613717245135,
  "cover examining each": 0.037592613717245135,
  "net ": 0.04467363871380971,
  "as age": 0.037592613717245135,
  "private": 0.013837173185194677,
  "it is good": 0.02840366760048393,
  "brian ceccarelli wrote": 0.030634458238720953,
  "bureau in article": 0.026539347590297337,
  "tourist bureau": 0.023023092507117093,
  "christian": 0.012174147089944161,
  "activities on the": 0.02170763290863033,
  "apr": 0.0053625456664862835,
  "ksand": 0.02214694174206856,
  "enemy and": 0.03145352230183177,
  "ever read books": 0.037592613717245135,
  "bureau": 0.020222765922068713,
  "to understand": 0.018333434650734542,
  "kent alink ksand": 0.022240776510332634,
  "read": 0.027866854907712242,
  "cookamunga tourist bureau": 0.023023092507117093,
  "christians ever read": 0.037592613717245135,
  "the bible": 0.0305652420636169,
  "read books based": 0.037592613717245135,
  "on critique": 0.037592613717245135,
  "ceccarelli": 0.026150326448238868,
  "so rick": 0.03593765409231386,
  "in plain english": 0.033852651546330215,
  "rick": 0.019656086555316813,
  "robert weiss so": 0.037592613717245135,
  "age of reason": 0.03193426938614354,
  "ksand private activities": 0.02214694174206856,
  "the only orthodox": 0.03102347938077942,
  "critique on the": 0.037592613717245135,
  "myth maker": 0.037592613717245135,
  "myth maker by": 0.037592613717245135,
  "solely the one": 0.037592613717245135,
  "activities on": 0.021625172878762904,
  "cover to": 0.030634458238720953,
  "conclusions as": 0.03476344155169434,
  "such as age": 0.037592613717245135,
  "and not solely": 0.037592613717245135,
  "in plain": 0.02840366760048393,
  "wrote no i": 0.040421785882795935,
  "text": 0.014802832865074934,
  "classical": 0.024373517994125213,
  "read the": 0.03065199383973352,
  "sender talkreligionmisc": 0.02696939051134969,
  "gmt sender talkreligionmisc": 0.02696939051134969,
  "age": 0.016941897561058655,
  "conclusions": 0.02061758072394035,
  "maker": 0.026150326448238868,
  "the religion": 0.024620965430110664,
  "have read": 0.02028107595165025,
  "activities": 0.0170468971171339,
  "is robert": 0.030634458238720953,
  "your enemy": 0.033852651546330215,
  "crosscomparing them": 0.037592613717245135,
  "examining each book": 0.037592613717245135,
  "by jacobi": 0.037592613717245135,
  "english": 0.01801795842909517,
  "sender talkreligionmisc cookamunga": 0.02799516368800645,
  "gmt": 0.0006711423023129486,
  "critique on": 0.037592613717245135,
  "solely": 0.02205521579981526,
  "bureau in": 0.0260284776190565,
  "robert weiss": 0.052811023157549854,
  "book within": 0.037592613717245135,
  "is good": 0.018796000713212108,
  "english decide for": 0.03593765409231386,
  "good": 0.006596166471307773,
  "why not read": 0.03593765409231386,
  "orthodox": 0.022010114427625117,
  "to cover": 0.020554298329916003,
  "in article brian": 0.02101937693950465,
  "cover": 0.03220337018983854,
  "classical text": 0.037592613717245135,
  "the net": 0.014086892191215417,
  "wrote no": 0.040421785882795935,
  "sides and not": 0.037592613717245135,
  "or the myth": 0.037592613717245135,
  "net": 0.011681330112204867,
  "solely the": 0.03247929547848853,
  "book": 0.012776559859712112,
  "one cheers": 0.037592613717245135,
  "understand it i": 0.033852651546330215,
  "curious": 0.01760143086030264,
  "kent alink": 0.022240776510332634,
  "cookamunga tourist": 0.023023092507117093,
  "examining": 0.024976113907619356,
  "text such": 0.037592613717245135,
  "bible for": 0.02819430721522862,
  "examining each": 0.037592613717245135,
  "enemy": 0.021877725546999998,
  "weiss so rick": 0.037592613717245135,
  "weiss": 0.05052869775167915,
  "read books": 0.03145352230183177,
  "have to understand": 0.03310848192676306,
  "by paine": 0.037592613717245135,
  "to cover examining": 0.037592613717245135,
  "sides and": 0.030279309761212257,
  "is robert weiss": 0.03102347938077942,
  "cheers kent alink": 0.022745323269382337,
  "not solely": 0.033852651546330215,
  "based on": 0.013659425245416166,
  "understand it": 0.02174949617461886,
  "understand both": 0.03476344155169434,
  "know if christians": 0.037592613717245135,
  "robert weiss the": 0.03102347938077942,
  "christians ever": 0.037592613717245135,
  "religion classical": 0.037592613717245135,
  "alink": 0.02214694174206856,
  "article brian": 0.02101937693950465,
  "book within crosscomparing": 0.037592613717245135,
  "written in plain": 0.03593765409231386,
  "curious to know": 0.02840366760048393,
  "gmt sender": 0.0073388980644075626,
  "if christians": 0.033852651546330215,
  "ksand private": 0.02214694174206856,
  "rick why": 0.03593765409231386,
  "paine or": 0.037592613717245135,
  "in article": 0.003500073883580687,
  "rw": 0.026820951147386935,
  "books based on": 0.037592613717245135,
  "plain english decide": 0.03593765409231386,
  "ceccarelli wrote no": 0.040421785882795935,
  "crosscomparing them etc": 0.037592613717245135,
  "english decide": 0.03593765409231386,
  "apr gmt sender": 0.00924153620255441,
  "jacobi sometimes it": 0.037592613717245135,
  "religion": 0.013910497899379572,
  "both sides": 0.02134901512989019,
  "cookamunga": 0.023023092507117093,
  "understand": 0.024340239650072447,
  "weiss the": 0.03102347938077942,
  "text such as": 0.037592613717245135,
  "one cheers kent": 0.040421785882795935,
  "read the bible": 0.05114899086986627,
  "on the religion": 0.03593765409231386,
  "tourist bureau in": 0.026539347590297337,
  "yourself im curious": 0.040421785882795935,
  "curious to": 0.02579517797073018,
  "reason by": 0.03476344155169434,
  "rw is robert": 0.03102347938077942,
  "weiss the only": 0.03102347938077942,
  "robert": 0.028747114480644122,
  "enemy and if": 0.037592613717245135,
  "good to know": 0.037592613717245135,
  "critique": 0.027805286073170152,
  "cover to cover": 0.03310848192676306,
  "talkreligionmisc cookamunga tourist": 0.02799516368800645,
  "private activities": 0.02214694174206856,
  "sender": 0.00267083079884333,
  "private activities on": 0.02214694174206856,
  "within crosscomparing": 0.037592613717245135,
  "religion classical text": 0.037592613717245135,
  "books": 0.014757057065809057,
  "ceccarelli wrote": 0.030634458238720953,
  "article brian ceccarelli": 0.028624350136280972,
  "bible for yourself": 0.03593765409231386,
  "decide": 0.016715081842059425,
  "im curious": 0.025165991522455654,
  "sides": 0.018577466970648722,
  "as robert": 0.037592613717245135,
  "orthodox christian apr": 0.03310848192676306,
  "reason": 0.010827355221984991,
  "also understand": 0.030279309761212257,
  "age of": 0.022587304852318295,
  "brian": 0.015522524854142608,
  "cover examining": 0.037592613717245135,
  "plain english": 0.03145352230183177,
  "know your enemy": 0.037592613717245135,
  "of reason": 0.0260284776190565,
  "orthodox christian": 0.029105097220592742,
  "reason by paine": 0.037592613717245135,