{
  "is inside": 0.02694864172353106,
  "facts that": 0.01217629243375065,
  "silly": 0.008831370291094098,
  "from this vantage": 0.031899038127959224,
  "meaning of life": 0.012444271541691986,
  "youre so immersed": 0.01854557592000937,
  "saying only reinforce": 0.01854557592000937,
  "ne vaux": 0.013132894725447262,
  "hell i am": 0.015949519063979612,
  "very high": 0.010671619703921416,
  "a valley": 0.016488249536735756,
  "starfleet": 0.01284422304037749,
  "things are": 0.008671044911463028,
  "wall theres a": 0.01854557592000937,
  "francisco": 0.008800245045333723,
  "reinforce": 0.01443092315346214,
  "moins": 0.013132894725447262,
  "things": 0.01245862067444076,
  "exist i never": 0.01854557592000937,
  "rousseau ": 0.026265789450894524,
  "up there stinks": 0.016488249536735756,
  "rob": 0.008282207149706015,
  "brian come up": 0.03297649907347151,
  "the firey": 0.014233618817024264,
  "on opposite sides": 0.01854557592000937,
  "aucun de": 0.026265789450894524,
  "valley looking at": 0.01854557592000937,
  "writes": 0.001198549221990102,
  "meanwhile brian": 0.016488249536735756,
  "shared": 0.009459376923905216,
  "wall i": 0.013742299969706865,
  "crayon drawing": 0.01854557592000937,
  "bible are": 0.013239932953611961,
  "croire": 0.013132894725447262,
  "brian brian": 0.013742299969706865,
  "inside the wall": 0.01854557592000937,
  "high wall": 0.01854557592000937,
  "stinks and in": 0.016488249536735756,
  "plateau where brian": 0.016488249536735756,
  "crayon": 0.01854557592000937,
  "crayon drawing of": 0.01854557592000937,
  "things you keep": 0.01854557592000937,
  "the same plateau": 0.016488249536735756,
  "sad fact by": 0.016488249536735756,
  "the information contained": 0.031063294490078285,
  "very sad fact": 0.016488249536735756,
  "que jai vus": 0.013132894725447262,
  "bible": 0.020036583203025628,
  "the bible": 0.02103506827411837,
  "to brian": 0.01443092315346214,
  "he realize": 0.016488249536735756,
  "only reinforce": 0.016488249536735756,
  "to brian brian": 0.015949519063979612,
  "moins je": 0.013132894725447262,
  "the wall": 0.01969642937132446,
  "be tossed": 0.016488249536735756,
  "qui existent the": 0.013132894725447262,
  "information contained": 0.030380442217441756,
  "same plateau": 0.016488249536735756,
  "starfleet headquarters": 0.013239932953611961,
  "inside a huge": 0.016488249536735756,
  "life": 0.010306562087566546,
  "firey": 0.014233618817024264,
  "wonderful": 0.00900671786606412,
  "incredibly beautiful": 0.016488249536735756,
  "existent the meaning": 0.013132894725447262,
  "vista": 0.01347432086176553,
  "fact by": 0.01284422304037749,
  "cease": 0.02222114467315686,
  "to rob lanphier": 0.014651490635964732,
  "kent with": 0.015949519063979612,
  "brian now stands": 0.016488249536735756,
  "replies i rather": 0.016488249536735756,
  "de": 0.01534907330475099,
  "contained in": 0.011182606570338347,
  "realize": 0.00733029236778116,
  "this vantage": 0.031899038127959224,
  "the vista": 0.016488249536735756,
  "francisco monapr": 0.016488249536735756,
  "plateau": 0.013132894725447262,
  "monapr": 0.0048958985894452176,
  "tossed": 0.011783557357005203,
  "brian kendig": 0.032634792017207315,
  "at a crayon": 0.01854557592000937,
  "exist than to": 0.01854557592000937,
  "peek out": 0.01854557592000937,
  "ends rousseau ": 0.013132894725447262,
  "vaux": 0.013031645247413038,
  "san francisco": 0.00900671786606412,
  "gods": 0.0069802814067027,
  "si": 0.010182452102304156,
  "huge wall": 0.015949519063979612,
  "kendig proves this": 0.016488249536735756,
  "life si": 0.013132894725447262,
  "content where i": 0.016488249536735756,
  "in a valley": 0.01854557592000937,
  "life of me": 0.01443092315346214,
  "je ne suis": 0.013132894725447262,
  "by the absurd": 0.016488249536735756,
  "writes kent": 0.014651490635964732,
  "tossed into any": 0.01854557592000937,
  "ones inside": 0.01854557592000937,
  "je suis": 0.012935590389009386,
  "facts": 0.007368220938763366,
  "this thread": 0.008927975850626857,
  "je ne vaux": 0.013132894725447262,
  "comme aucun": 0.026265789450894524,
  "ceccarelli writes kent": 0.01724754749199449,
  "realize i": 0.01347432086176553,
  "beautiful": 0.009726230973731589,
  "proves": 0.010589592320665999,
  "the life": 0.009884578142323467,
  "brian replies i": 0.016488249536735756,
  "ends": 0.00884186140635378,
  "suis fait": 0.013132894725447262,
  "dont": 0.002282018873889448,
  "um i think": 0.01854557592000937,
  "join me": 0.013603520995636225,
  "side and i": 0.01854557592000937,
  "croire netre fait": 0.013132894725447262,
  "come join": 0.016488249536735756,
  "realize i had": 0.016488249536735756,
  "brian ceccarelli writes": 0.013031645247413038,
  "sad fact": 0.015949519063979612,
  "here brian": 0.01724754749199449,
  "au moins je": 0.013132894725447262,
  "sides of a": 0.01724754749199449,
  "vantage point but": 0.03297649907347151,
  "of life si": 0.013132894725447262,
  "jose croire netre": 0.013132894725447262,
  "point but brian": 0.016488249536735756,
  "ceux": 0.026265789450894524,
  "um": 0.01111057233657843,
  "dont you see": 0.013031645247413038,
  "beautiful things are": 0.01854557592000937,
  "writes kent with": 0.01854557592000937,
  "brian kendig proves": 0.016488249536735756,
  "hell i": 0.01217629243375065,
  "tossed into": 0.01724754749199449,
  "high wall i": 0.01854557592000937,
  "high": 0.005225085079733923,
  "autre": 0.013132894725447262,
  "join": 0.008690350847153779,
  "the original context": 0.015531647245039143,
  "very sad": 0.01284422304037749,
  "netre": 0.013132894725447262,
  "fact that we": 0.012594164252691118,
  "lanphier starfleet": 0.01724754749199449,
  "san francisco monapr": 0.016488249536735756,
  "mieux au": 0.013132894725447262,
  "facts that he": 0.016488249536735756,
  "really should peek": 0.01854557592000937,
  "pit i will": 0.016488249536735756,
  "here dont": 0.013892192680705996,
  "re to rob": 0.014901549423651104,
  "au": 0.011335561684597276,
  "contained therein": 0.016488249536735756,
  "of a sun": 0.01854557592000937,
  "but brian": 0.015531647245039143,
  "stands you": 0.01854557592000937,
  "any gods": 0.015949519063979612,
  "contained": 0.019287443259096024,
  "moins je suis": 0.013132894725447262,
  "the silly things": 0.01854557592000937,
  "immersed in it": 0.01854557592000937,
  "wall i see": 0.01854557592000937,
  "brian kendig is": 0.015531647245039143,
  "meanwhile brian ignores": 0.016488249536735756,
  "sun and": 0.011182606570338347,
  "ne vaux pas": 0.013132894725447262,
  "brian replies": 0.016488249536735756,
  "meaning": 0.00728852128629371,
  "jose croire": 0.013132894725447262,
  "in the bible": 0.009488868229088999,
  "proves this very": 0.016488249536735756,
  "headquarters san": 0.013239932953611961,
  "gods version": 0.01724754749199449,
  "me here brian": 0.01854557592000937,
  "pas mieux": 0.013132894725447262,
  "jose": 0.008403065803521691,
  "netre fait": 0.013132894725447262,
  "for the life": 0.013892192680705996,
  "immersed": 0.016488249536735756,
  "peek": 0.014651490635964732,
  "rob lanphier": 0.013742299969706865,
  "a tree": 0.012757106906229752,
  "starfleet headquarters san": 0.013239932953611961,
  "absurd": 0.009611709582058686,
  "brian now": 0.016488249536735756,
  "sides": 0.008523369677544825,
  "brian is inside": 0.016488249536735756,
  "pit": 0.010786896657103877,
  "reinforce the fact": 0.01854557592000937,
  "the original": 0.006715679502879624,
  "this very sad": 0.016488249536735756,
  "lanphier": 0.013742299969706865,
  "fact by the": 0.014651490635964732,
  "brian is": 0.016488249536735756,
  "inside a": 0.011459078478214871,
  "contained therein are": 0.016488249536735756,
  "je": 0.03138117656038591,
  "but brian replies": 0.016488249536735756,
  "brian ignores the": 0.016488249536735756,
  "pit i": 0.016488249536735756,
  "valley looking": 0.01854557592000937,
  "context of": 0.009794960125136885,