{
  "based": 0.0147384471061877,
  "is ordo": 0.04514799196433852,
  "sigh seems": 0.04854577226120099,
  "crucis in": 0.0397626376081223,
  "tourist": 0.027065249542211376,
  "cross sigh seems": 0.04854577226120099,
  "activities on the": 0.026070441483404073,
  "rosae crucis": 0.03835243137061356,
  "loosing": 0.034954651073751085,
  "of my long": 0.04854577226120099,
  "sender sunapr gmt": 0.0397626376081223,
  "orc": 0.043160417904984774,
  "stand for": 0.03155687077688861,
  "rosae": 0.03835243137061356,
  "cross sigh": 0.04854577226120099,
  "time being what": 0.04514799196433852,
  "remember for the": 0.043160417904984774,
  "called amorc": 0.04514799196433852,
  "are interested": 0.022903082962894197,
  "museum": 0.02786191096131812,
  "of the rose": 0.043160417904984774,
  "loves to run": 0.04514799196433852,
  "private": 0.01661817367829753,
  "order of": 0.02446413066445564,
  "cookamunga": 0.027650282667861212,
  "interested in such": 0.03835243137061356,
  "lm loosing": 0.04854577226120099,
  "private activities": 0.026598042778464687,
  "decent": 0.022173726410512466,
  "ordo rosae": 0.043160417904984774,
  "bookstore if any": 0.04514799196433852,
  "ksand": 0.026598042778464687,
  "is called amorc": 0.04514799196433852,
  "bureau": 0.02428714534758252,
  "based rosicrucian order": 0.04514799196433852,
  "latin for": 0.04514799196433852,
  "their egyptian museum": 0.04514799196433852,
  "rose": 0.02472316243589868,
  "latin for order": 0.04514799196433852,
  "stand": 0.01922511436289472,
  "in san": 0.027790348219057567,
  "orc is ordo": 0.04514799196433852,
  "for order": 0.043160417904984774,
  "in their egyptian": 0.04514799196433852,
  "otherwise their headquarters": 0.04514799196433852,
  "ksand private activities": 0.026598042778464687,
  "i dont remember": 0.027189356444095154,
  "clarification sender": 0.04854577226120099,
  "pretty": 0.014076452365303306,
  "a pretty decent": 0.03835243137061356,
  "loves": 0.027650282667861212,
  "ordo": 0.03835243137061356,
  "sunapr gmt cookamunga": 0.04065637072966128,
  "sigh": 0.026654065797207936,
  "but orc": 0.04514799196433852,
  "time being": 0.03257471080031137,
  "bureau talkreligionmisc": 0.036791383669052116,
  "activities": 0.020472989184793164,
  "memory otherwise": 0.04854577226120099,
  "books and": 0.028008249015973416,
  "son loves": 0.04514799196433852,
  "my long term": 0.04854577226120099,
  "my son": 0.03203942015342416,
  "you are interested": 0.024536753633990643,
  "the am stand": 0.04514799196433852,
  "gmt": 0.0008060287454248646,
  "rose cross sigh": 0.04854577226120099,
  "jose has": 0.04175021166747604,
  "latin": 0.02988566201722884,
  "headquarters": 0.02872689349730614,
  "san jose has": 0.04514799196433852,
  "tourist bureau talkreligionmisc": 0.036791383669052116,
  "san jose": 0.047092854053537296,
  "am stand": 0.04514799196433852,
  "pretty decent": 0.036791383669052116,
  "orc is": 0.04514799196433852,
  "jose has a": 0.04514799196433852,
  "their headquarters": 0.04514799196433852,
  "egyptian museum": 0.04514799196433852,
  "lm loosing more": 0.04854577226120099,
  "time": 0.007725955557976526,
  "headquarters in": 0.03835243137061356,
  "kent alink ksand": 0.026710736495252425,
  "kent alink": 0.026710736495252425,
  "dont": 0.005973519993416496,
  "has a pretty": 0.0397626376081223,
  "sender": 0.003207615420179489,
  "gmt cookamunga": 0.03058713674095763,
  "is ordo rosae": 0.04514799196433852,
  "jose based rosicrucian": 0.04514799196433852,
  "cheers kent": 0.027065249542211376,
  "cookamunga tourist": 0.027650282667861212,
  "loosing more and": 0.04854577226120099,
  "sunapr gmt": 0.01767758932034837,
  "metaphysical bookstore if": 0.04514799196433852,
  "for the time": 0.03140602931283589,
  "rosicrucian order is": 0.04065637072966128,
  "alink ksand private": 0.026598042778464687,
  "rosicrucian order": 0.03777506354876854,
  "the san jose": 0.03171250165097969,
  "amorc i": 0.0397626376081223,
  "headquarters in san": 0.04514799196433852,
  "cheers kent alink": 0.027316687259797412,
  "decent metaphysical bookstore": 0.04514799196433852,
  "activities on": 0.025971408604396624,
  "interested in": 0.0159527107414717,
  "ordo rosae crucis": 0.043160417904984774,
  "oto clarification sender": 0.04854577226120099,
  "kent": 0.022334460836115365,
  "books and my": 0.04514799196433852,
  "loosing more": 0.04854577226120099,
  "order of the": 0.03276696919812158,
  "interested": 0.013990601470731206,
  "private activities on": 0.026598042778464687,
  "loves to": 0.03636485731125982,
  "net ": 0.05365216414158518,
  "long term": 0.027189356444095154,
  "jose based": 0.04514799196433852,
  "and my son": 0.04175021166747604,
  "alink": 0.026598042778464687,
  "sorry the san": 0.04514799196433852,
  "ksand private": 0.026598042778464687,
  "order": 0.02731501998157508,
  "my long": 0.03835243137061356,
  "egyptian museum cheers": 0.04854577226120099,
  "rosicrucian": 0.03386081013593633,
  "order is called": 0.04514799196433852,
  "remember": 0.013661487241134989,
  "metaphysical bookstore": 0.04514799196433852,
  "seems lm": 0.04854577226120099,
  "lm": 0.03386081013593633,
  "seems lm loosing": 0.04854577226120099,
  "for but orc": 0.04514799196433852,
  "dont remember for": 0.04175021166747604,
  "term memory": 0.04854577226120099,
  "their egyptian": 0.04514799196433852,
  "net": 0.01402904841906957,
  "egyptian": 0.03058713674095763,
  "museum cheers kent": 0.04854577226120099,
  "amorc i dont": 0.04514799196433852,
  "crucis": 0.03777506354876854,
  "memory otherwise their": 0.04854577226120099,
  "san": 0.03469202729836365,
  "san jose based": 0.04514799196433852,
  "a pretty": 0.02360657453947362,
  "in such books": 0.04514799196433852,
  "metaphysical": 0.03339360337218964,
  "term": 0.01892502307648344,
  "such books": 0.04175021166747604,
  "bookstore if": 0.04514799196433852,
  "oto": 0.03465747155504307,
  "long term memory": 0.04854577226120099,
  "i dont": 0.008948921458569035,
  "decent metaphysical": 0.04514799196433852,
  "books": 0.01772293618197656,
  "pretty decent metaphysical": 0.04514799196433852,
  "the san": 0.027581722658181117,
  "rose cross": 0.04514799196433852,
  "sender sunapr": 0.03437728325190607,
  "other words latin": 0.04514799196433852,
  "jose": 0.04399252097137826,
  "term memory otherwise": 0.04854577226120099,
  "bookstore": 0.030979502955043595,
  "museum cheers": 0.04854577226120099,
  "the rose cross": 0.04514799196433852,
  "the time": 0.014977118954454118,
  "bureau talkreligionmisc sorry": 0.04854577226120099,
  "alink ksand": 0.026598042778464687,
  "based rosicrucian": 0.04514799196433852,
  "the rose": 0.035609216723871295,
  "gmt cookamunga tourist": 0.03058713674095763,
  "cross": 0.022622894659757194,
  "remember for": 0.03725859043279881,
  "talkreligionmisc": 0.027581722658181117,
  "oto clarification": 0.043160417904984774,
  "my son loves": 0.04514799196433852,
  "the net": 0.01691808130807734,
  "sunapr": 0.016773335352983195,
  "rosae crucis in": 0.0397626376081223,
  "order is": 0.03386081013593633,
  "in san jose": 0.03437728325190607,
  "crucis in other": 0.04514799196433852,
  "dont remember": 0.026171516420672388,
  "cheers": 0.021175692316192665,
  "son": 0.020889365050720046,
  "memory": 0.01672850003324753,
  "long": 0.011708518533315355,
  "amorc": 0.035972491097173855,
  "tourist bureau": 0.027650282667861212,
  "words latin": 0.04514799196433852,
  "on the net": 0.019719630171001482,
  "clarification sender sunapr": 0.04854577226120099,
  "talkreligionmisc sorry the": 0.04854577226120099,
  "stand for but": 0.043160417904984774,
  "talkreligionmisc sorry": 0.04854577226120099,
  "sigh seems lm": 0.04854577226120099,
  "son loves to": 0.04514799196433852,
  "clarification": 0.029569296717534863,
  "cookamunga tourist bureau": 0.027650282667861212
}