{
  "that christian morality": 0.013476509423569384,
  "judgement": 0.015459980470072543,
  "is harlequin": 0.02990321545689954,
  "internet": 0.018112866439733557,
  "values similarly": 0.02990321545689954,
  "frames for various": 0.02990321545689954,
  "systems therefore": 0.02990321545689954,
  "not equivalent": 0.02633629244174334,
  "frames of reference": 0.024677767689256357,
  "absolut standard": 0.02583580322152497,
  "of reference": 0.08137339456569634,
  "word do you": 0.023151781880016955,
  "frame of reference": 0.06366274394121943,
  "weasel word do": 0.023585325362564108,
  "systems therefore there": 0.02990321545689954,
  "describe that frame": 0.023585325362564108,
  "for moral": 0.02990321545689954,
  "not stating x": 0.02990321545689954,
  "goodness": 0.019452319921613174,
  "best moral system": 0.02990321545689954,
  "moral system": 0.03782987076220314,
  "for values": 0.023585325362564108,
  "arbitrary": 0.01750804556742907,
  "cambridge england": 0.023361322533061016,
  "christian": 0.00968398063972831,
  "systems are": 0.01870195719121257,
  "objective way": 0.026928245548217215,
  "x how": 0.026928245548217215,
  "complete nonsense": 0.022593826500384943,
  "to describe": 0.017767924488447044,
  "in article mathew": 0.01932497994384278,
  "without an objective": 0.023585325362564108,
  "no absolut standard": 0.02583580322152497,
  "best moral": 0.02990321545689954,
  "judgement therefore": 0.02990321545689954,
  "article mathew": 0.019263135154976886,
  "standard": 0.009868617369584574,
  "christian morality": 0.013247700148707742,
  "is complete": 0.020901304021056093,
  "objective": 0.051607122050585826,
  "equally": 0.015275456201360966,
  "comparison": 0.0151008575105142,
  "frames of": 0.0238259356617645,
  "up reference": 0.02990321545689954,
  "objective comparison": 0.02990321545689954,
  "this statement internet": 0.02990321545689954,
  "others false": 0.02990321545689954,
  "this is complete": 0.023361322533061016,
  "stating x": 0.02990321545689954,
  "objective comparison for": 0.02990321545689954,
  "mathew writes": 0.018406594274960206,
  "manage": 0.01617972927096389,
  "not x": 0.02436831905352803,
  "moral system its": 0.02990321545689954,
  "an objective reality": 0.022268880206368767,
  "afteryears": 0.013097534506984511,
  "isnt": 0.00859887250392099,
  "thuapr gmt": 0.008303010816141917,
  "morality is harlequin": 0.02990321545689954,
  "various purposes": 0.02990321545689954,
  "no absolut": 0.025019847285548,
  "if it isnt": 0.020801396038371826,
  "relativism": 0.018453992974379534,
  "is no absolut": 0.025019847285548,
  "moral system and": 0.026928245548217215,
  "false not stating": 0.02990321545689954,
  "some moral systems": 0.022769369426587138,
  "system its a": 0.028586770300704202,
  "afteryears can": 0.013466218596422374,
  "moral systems": 0.04244182929414629,
  "nonsense relativism means": 0.0238259356617645,
  "zen": 0.021702797780574035,
  "ltd cambridge": 0.0238259356617645,
  "morality is": 0.013801455717585561,
  "reference that can": 0.02990321545689954,
  "frank odwyer": 0.014935170887097168,
  "arbitrary which is": 0.02990321545689954,
  "re afteryears": 0.013325470411767782,
  "ltd cambridge england": 0.026928245548217215,
  "an objective frame": 0.023585325362564108,
  "statement": 0.011154671477859252,
  "for moral systems": 0.02990321545689954,
  "some moral": 0.021702797780574035,
  "harlequin": 0.027652737597938678,
  "of morality": 0.03890463984322635,
  "reference frames": 0.028586770300704202,
  "is arbitrary": 0.028586770300704202,
  "standard of": 0.017267435268228673,
  "moral": 0.05048286209852792,
  "morality it": 0.023585325362564108,
  "systems": 0.017440870841483574,
  "internet internet": 0.026928245548217215,
  "up reference frames": 0.02990321545689954,
  "buddhist ": 0.057173540601408404,
  "cambridge": 0.01335512133242776,
  "comparison for moral": 0.02990321545689954,
  "judgement therefore there": 0.02990321545689954,
  "reference any": 0.02990321545689954,
  "objective frame": 0.023585325362564108,
  "odwyer": 0.014887069959223335,
  "isnt an": 0.020343348641424085,
  "england thuapr gmt": 0.02633629244174334,
  "gmt": 0.0005338631950216636,
  "writes this": 0.015696212139820687,
  "are equally": 0.01994200462854364,
  "good presumably": 0.02436831905352803,
  "than others false": 0.02990321545689954,
  "is so objective": 0.02990321545689954,
  "what weasel word": 0.023585325362564108,
  "morality": 0.036066510070542006,
  "harlequin ltd cambridge": 0.028586770300704202,
  "what weasel": 0.023585325362564108,
  "isnt an objective": 0.023361322533061016,
  "england": 0.015033564878965119,
  "statement internet": 0.02990321545689954,
  "choice": 0.012022170023514004,
  "no frame": 0.026928245548217215,
  "good": 0.005246950602176637,
  "objectively": 0.017543921658943955,
  "values similarly there": 0.02990321545689954,
  "a value judgement": 0.022117841194567167,
  "values": 0.012954008232619264,
  "this statement": 0.018092870782463223,
  "used to objectively": 0.02990321545689954,
  "weasel word": 0.023585325362564108,
  "internet janet zen": 0.028586770300704202,
  "not stating": 0.028586770300704202,
  "gmt frank odwyer": 0.027652737597938678,
  "describe": 0.014887069959223335,
  "standard of morality": 0.024085814582782476,
  "odwyer writes in": 0.01720184206265231,
  "buddhist": 0.021334847503603243,
  "cambridge england thuapr": 0.027652737597938678,
  "christian morality is": 0.014597940811119755,
  "that some moral": 0.022427289830295495,
  "frank": 0.011849054317238733,
  "stating x is": 0.02990321545689954,
  "reference if": 0.022593826500384943,
  "take up reference": 0.02990321545689954,
  "compare frames": 0.02990321545689954,
  "value judgement": 0.021110844674100154,
  "relativism means saying": 0.0238259356617645,
  "false not": 0.026928245548217215,
  "word": 0.009858455379295849,
  "to stating": 0.027652737597938678,
  "word do": 0.023151781880016955,
  "reality": 0.01291042699777465,
  "of measuring": 0.025402259738977816,
  "that frame": 0.023585325362564108,
  "zen buddhist ": 0.028586770300704202,
  "frames": 0.03782987076220314,
  "absolut": 0.024085814582782476,
  "measuring the": 0.024085814582782476,
  "is no objective": 0.021973517290116408,
  "describe that": 0.023361322533061016,
  "internet janet": 0.028586770300704202,
  "even this statement": 0.02990321545689954,
  "morality are": 0.022769369426587138,
  "no objective": 0.020801396038371826,
  "manage this without": 0.023585325362564108,
  "nonsense": 0.016063345726245917,
  "reference": 0.05940212078930628,
  "janet zen buddhist": 0.028586770300704202,
  "equally good": 0.023585325362564108,
  "mathew": 0.016251616043292505,
  "system and": 0.015329720749977007,
  "purposes there": 0.02633629244174334,
  "equivalent to stating": 0.027652737597938678,
  "x is not": 0.027652737597938678,
  "afteryears can we": 0.013466218596422374,
  "in article": 0.002784149680121001,
  "objective reality for": 0.023585325362564108,
  "reference that": 0.02583580322152497,
  "absolut standard of": 0.02583580322152497,
  "standards": 0.013624114534208205,
  "reality for": 0.021835336723821614,
  "relativism means": 0.023585325362564108,
  "so objective": 0.02990321545689954,
  "to objectively": 0.02633629244174334,
  "you manage": 0.022268880206368767,
  "x is": 0.020176811971334634,
  "is not equivalent": 0.028586770300704202,
  "gmt frank": 0.02436831905352803,
  "mathew writes this": 0.02436831905352803,
  "moral systems therefore": 0.02990321545689954,
  "a moral system": 0.02157545780280364,
  "writes": 0.004156008341186458,
  "zen buddhist": 0.025402259738977816,
  "so objective comparison": 0.02990321545689954,
  "system": 0.011417974832448883,
  "is no frame": 0.026928245548217215,
  "thuapr gmt frank": 0.028586770300704202,
  "to objectively compare": 0.02990321545689954,
  "england thuapr": 0.025019847285548,
  "system and what": 0.027652737597938678,
  "x": 0.019902158054789995,