{
  "run a ramdrive": 0.019192514614893418,
  "is however regularily": 0.019192514614893418,
  "headaches": 0.012142929034028329,
  "fuss": 0.013591018960055887,
  "success however": 0.019192514614893418,
  "performance the": 0.012878374037332404,
  "s of": 0.013819280657064382,
  "diskcache": 0.017063421032203284,
  "sender usenet readnews": 0.014376804053288764,
  "up windows": 0.013292277332483681,
  "sudden things": 0.019192514614893418,
  "compressed": 0.010582725358129237,
  "emulator helps some": 0.019192514614893418,
  "process less": 0.019192514614893418,
  "windows is a": 0.01454543075288107,
  "data but from": 0.019192514614893418,
  "avoid": 0.007538027878376359,
  "startup process": 0.017849206125436157,
  "went from drive": 0.019192514614893418,
  "success": 0.008793336291207658,
  "great deal of": 0.011015174100986232,
  "writes stuff deld": 0.019192514614893418,
  "tueapr": 0.004377706937458212,
  "personally have": 0.015720112542746023,
  "however regularily compressed": 0.019192514614893418,
  "some other diskcache": 0.019192514614893418,
  "ramdrive and": 0.019192514614893418,
  "significant amount": 0.014376804053288764,
  "in wearing": 0.019192514614893418,
  "wearing": 0.009774273521169247,
  "wanting to find": 0.019192514614893418,
  "estimate its": 0.019192514614893418,
  "me major": 0.017849206125436157,
  "drive": 0.033187008139874026,
  "gmt sender": 0.0034845543135268464,
  "a great": 0.007239963275962522,
  "personally have s": 0.019192514614893418,
  "compressed what": 0.019192514614893418,
  "purpose the original": 0.019192514614893418,
  "sender usenet": 0.004322828768687,
  "cache": 0.009469104078430384,
  "memory windows will": 0.019192514614893418,
  "take the trouble": 0.015162589146521641,
  "for bandwidths sake": 0.019192514614893418,
  "as previously": 0.015720112542746023,
  "application up to": 0.019192514614893418,
  "windows": 0.032463086334754025,
  "the damn drive": 0.019192514614893418,
  "for bandwidths": 0.019192514614893418,
  "dont have": 0.006009579027055605,
  "access": 0.010865544087812958,
  "to avoid": 0.008438491194553843,
  "memory": 0.019840779109200558,
  "waste of": 0.01077428705316147,
  "sigh if": 0.017063421032203284,
  "mb of programs": 0.019192514614893418,
  "personally": 0.007500487053267832,
  "work it is": 0.015162589146521641,
  "upto": 0.013202122263423812,
  "paths": 0.01260104682097451,
  "lightning for": 0.017849206125436157,
  "ramdrive with a": 0.019192514614893418,
  "things ive": 0.015162589146521641,
  "card a coprocessor": 0.019192514614893418,
  "inside the grouppifini": 0.019192514614893418,
  "windows and norton": 0.017849206125436157,
  "inside the": 0.009561093491684113,
  "me major headaches": 0.019192514614893418,
  "have s": 0.017849206125436157,
  "its only reading": 0.019192514614893418,
  "ms would take": 0.019192514614893418,
  "re windows": 0.012302305193402304,
  "reading a": 0.011995669524381192,
  "usenet": 0.003949158495349249,
  "emulator": 0.013202122263423812,
  "to find": 0.0061758580770620635,
  "wanted": 0.005917076308409888,
  "of ram": 0.02027328956132983,
  "c to drive": 0.017063421032203284,
  "the grouppifini": 0.019192514614893418,
  "didnt": 0.004691193242500682,
  "copy an": 0.017849206125436157,
  "trouble to": 0.012878374037332404,
  "ramdrive with": 0.038385029229786836,
  "things went": 0.019192514614893418,
  "damn drive": 0.019192514614893418,
  "even an emulator": 0.019192514614893418,
  "ramdrive with windows": 0.019192514614893418,
  "will access upto": 0.019192514614893418,
  "that work": 0.013033495563831505,
  "an emulator": 0.019192514614893418,
  "are stored": 0.012805233866823012,
  "purpose the": 0.015720112542746023,
  "sigh": 0.010537653919826395,
  "encorecom writes stuff": 0.019192514614893418,
  "paths are stored": 0.019192514614893418,
  "the performance": 0.010676140284132876,
  "from drive c": 0.017063421032203284,
  "drive gives it": 0.019192514614893418,
  "ram and": 0.024185177888199058,
  "paths are": 0.017063421032203284,
  "accellerator": 0.0165058976359789,
  "the sudden": 0.015162589146521641,
  "deld for bandwidths": 0.019192514614893418,
  "ramdrive help encore": 0.019192514614893418,
  "wearing the damn": 0.019192514614893418,
  "is to avoid": 0.0165058976359789,
  "avoid the": 0.011073028680733676,
  "find a solution": 0.0165058976359789,
  "of disk": 0.012954383171350392,
  "several and lightning": 0.019192514614893418,
  "scattered all": 0.017063421032203284,
  "will access": 0.019192514614893418,
  "files": 0.006491093289262,
  "using whats aboveas": 0.019192514614893418,
  "work normally but": 0.019192514614893418,
  "help encore": 0.019192514614893418,
  "wanted to copy": 0.019192514614893418,
  "drive out": 0.015421370915173817,
  "lightning": 0.012092588944099529,
  "drive is": 0.010931507101247457,
  "readnews user": 0.014376804053288764,
  "c": 0.005348294454614111,
  "and norton": 0.0165058976359789,
  "programs data but": 0.019192514614893418,
  "aboveas": 0.019192514614893418,
  "youve": 0.007322973159672089,
  "nntppostinghost encorecom": 0.014934327449513146,
  "computer corporation tueapr": 0.0165058976359789,
  "user id nntppostinghost": 0.01454543075288107,
  "windows will": 0.013591018960055887,
  "nntppostinghost encorecom writes": 0.019192514614893418,
  "coprocessor even an": 0.019192514614893418,
  "and lightning": 0.019192514614893418,
  "ive noted": 0.015720112542746023,
  "performance": 0.007293513544687495,
  "much fuss": 0.019192514614893418,
  "corporation tueapr gmt": 0.013591018960055887,
  "drive c to": 0.017063421032203284,
  "optimize": 0.014221682526789662,
  "an emulator helps": 0.019192514614893418,
  "if you dont": 0.007862206911293175,
  "to the ramdrive": 0.019192514614893418,
  "reading a mb": 0.019192514614893418,
  "corporation": 0.006547108301243296,
  "startup process less": 0.019192514614893418,
  "dont have more": 0.017849206125436157,
  "previously stated this": 0.019192514614893418,
  "windows does": 0.013486237523485585,
  "solution themselves": 0.015720112542746023,
  "amount of": 0.007610439209277266,
  "a solution": 0.011132663678149865,
  "grouppifini": 0.019192514614893418,
  "didnt work": 0.01110261680501815,
  "resetup it": 0.019192514614893418,
  "perhaps if ms": 0.019192514614893418,
  "i estimate": 0.0165058976359789,
  "resetup it up": 0.019192514614893418,
  "will only hurt": 0.019192514614893418,
  "upto ram": 0.019192514614893418,
  "windows the": 0.011611074681893133,
  "encore computer": 0.014221682526789662,
  "s of ram": 0.019192514614893418,
  "memory using a": 0.019192514614893418,
  "to its bit": 0.019192514614893418,
  "id nntppostinghost": 0.012302305193402304,
  "you dont": 0.005803454965057717,
  "the original poster": 0.011225704800604053,
  "better as memory": 0.019192514614893418,
  "be wanting": 0.019192514614893418,
  "three things ive": 0.019192514614893418,
  "windows does on": 0.019192514614893418,
  "amount": 0.0072037382119854824,
  "on startup": 0.015720112542746023,
  "norton cache": 0.017063421032203284,
  "previously": 0.009139441347760171,
  "things": 0.012893223721223576,
  "speed up windows": 0.017063421032203284,
  "a great deal": 0.0100830565416523,
  "work normally": 0.0165058976359789,
  "the drive": 0.018193222435827838,
  "driveletters and paths": 0.019192514614893418,
  "startup its": 0.019192514614893418,
  "wanted to": 0.007378901121807709,
  "serve": 0.007907541949228651,
  "cache give me": 0.019192514614893418,
  "of programs": 0.012805233866823012,
  "sounds like": 0.008453631775439101,
  "windows and": 0.009601894672300068,
  "corporation tueapr": 0.013591018960055887,
  "of memory": 0.02103101056901859,
  "startup its like": 0.019192514614893418,
  "the sudden things": 0.019192514614893418,
  "nntppostinghost": 0.0032999510547993007,
  "than of ram": 0.016073448893121903,
  "sake why sigh": 0.019192514614893418,
  "and paths": 0.019192514614893418,
  "tueapr gmt sender": 0.010560058614402122,