{
  "for basic": 0.02773879474532074,
  "basically": 0.01317644882162728,
  "sharpness etc": 0.033121530238411384,
  "what purdue": 0.02944724164754814,
  "from insurance": 0.02944724164754814,
  "a font": 0.021977033548862202,
  "this way actual": 0.02944724164754814,
  "included in": 0.017137839625998238,
  "just downloaded": 0.030803312243227618,
  "load a": 0.02429525154404597,
  "zip fonts compatible": 0.033121530238411384,
  "ps": 0.012644965658095707,
  "the font": 0.02142752501611546,
  "clear": 0.010875470460519317,
  "realize": 0.01309155894446535,
  "ghostscriptfonts sender usenet": 0.033121530238411384,
  "missing": 0.014511094093519429,
  "basic": 0.012719125716605146,
  "defined as in": 0.033121530238411384,
  "writes thats me": 0.033121530238411384,
  "wrong": 0.008855338685723538,
  "thuapr gmt brian": 0.02661346953922973,
  "happened this": 0.025772953056684894,
  "engineering": 0.010371046080136094,
  "engineering computer": 0.01681652246850786,
  "downloaded the": 0.025772953056684894,
  "file it says": 0.033121530238411384,
  "i would imagine": 0.022783595611794938,
  "doing wrong": 0.02113651706631737,
  "sharpness": 0.02944724164754814,
  "downloaded": 0.01990666830335644,
  "windows": 0.009337208778558013,
  "from ftp": 0.027129023652364376,
  "quotes from": 0.021977033548862202,
  "fonts": 0.08345623169814298,
  "thinks": 0.015270232312988914,
  "ghostscriptfonts": 0.033121530238411384,
  "as in sharpness": 0.033121530238411384,
  "font and": 0.02481080565718061,
  "not very clear": 0.030803312243227618,
  "sender usenet": 0.007460132590777566,
  "servis it happened": 0.030803312243227618,
  "news purdue": 0.017524743970478047,
  "substitutes": 0.02616687625286009,
  "called ugly": 0.033121530238411384,
  "find font and": 0.033121530238411384,
  "get the font": 0.030803312243227618,
  "for win fonts": 0.033121530238411384,
  "files from": 0.020620962953182723,
  "claims what": 0.02944724164754814,
  "way actual quotes": 0.02944724164754814,
  "library is there": 0.033121530238411384,
  "insurance": 0.01439771097754725,
  "what purdue thinks": 0.02944724164754814,
  "network thuapr": 0.025101813606978704,
  "load": 0.01523822746009209,
  "claims": 0.012316880840084494,
  "etc basically": 0.027129023652364376,
  "clear and": 0.021746288159273736,
  "network": 0.010308461769326214,
  "cour": 0.033121530238411384,
  "a ps": 0.0240645061544575,
  "servis": 0.05889448329509628,
  "brian servis": 0.02944724164754814,
  "k": 0.013716452059892777,
  "these ugly fonts": 0.033121530238411384,
  "font and substitutes": 0.033121530238411384,
  "its font library": 0.033121530238411384,
  "win fonts": 0.033121530238411384,
  "cica but i": 0.033121530238411384,
  "site": 0.013008770519204686,
  "missing these": 0.033121530238411384,
  "pedestrian": 0.02661346953922973,
  "university": 0.003264736297769286,
  "pedestrian had no": 0.02944724164754814,
  "actual quotes": 0.02944724164754814,
  "fonts ghostscriptfonts": 0.033121530238411384,
  "substituting for basic": 0.033121530238411384,
  "gmt brian k": 0.033121530238411384,
  "usenet": 0.006815270179264925,
  "zip": 0.017821493521008765,
  "email brian": 0.033121530238411384,
  "compatible": 0.01523822746009209,
  "helv and": 0.033121530238411384,
  "substituting for": 0.030803312243227618,
  "in sharpness": 0.033121530238411384,
  "no idea": 0.015680273524000057,
  "imagine": 0.012968132332641099,
  "well defined": 0.023102358754953218,
  "wrong or am": 0.033121530238411384,
  "advice is": 0.021859671275245914,
  "ugly fonts": 0.033121530238411384,
  "with please email": 0.030803312243227618,
  "fonts ghostscriptfonts sender": 0.033121530238411384,
  "these ugly": 0.033121530238411384,
  "be the pedestrian": 0.02944724164754814,
  "the windows ghostscript": 0.033121530238411384,
  "way actual": 0.02944724164754814,
  "purdue": 0.03177288258720551,
  "included": 0.012586799294510863,
  "question": 0.007342394680433153,
  "thuapr gmt": 0.008552934218634484,
  "it cant find": 0.027129023652364376,
  "gmt brian": 0.021977033548862202,
  "email": 0.006986414406289352,
  "these fonts": 0.027129023652364376,
  "ugly it is": 0.033121530238411384,
  "ugly fonts are": 0.033121530238411384,
  "compatible with": 0.017753236425252217,
  "are ugly": 0.02944724164754814,
  "site i": 0.02429525154404597,
  "basically they": 0.025772953056684894,
  "such as helv": 0.033121530238411384,
  "find": 0.007096259471738003,
  "the zip fonts": 0.033121530238411384,
  "i just downloaded": 0.030803312243227618,
  "claims what i": 0.02944724164754814,
  "win": 0.011438896955945833,
  "ugly it": 0.030803312243227618,
  "idea": 0.009256355164738658,
  "ghostscript for": 0.033121530238411384,
  "any advice": 0.01834279910865687,
  "fonts such as": 0.028485094248043852,
  "font called": 0.033121530238411384,
  "wrong or": 0.02010540884004808,
  "file it": 0.022492587661996844,
  "packagezipzip from": 0.033121530238411384,
  "please email": 0.013444866731761616,
  "files": 0.011202020525950474,
  "i realize": 0.01765339373913288,
  "some ftp": 0.023102358754953218,
  "for basic fonts": 0.033121530238411384,
  "ugly any": 0.033121530238411384,
  "ftp site i": 0.02944724164754814,
  "email brian servis": 0.033121530238411384,
  "files from some": 0.033121530238411384,
  "the font files": 0.033121530238411384,
  "helv": 0.033121530238411384,
  "windows ghostscript": 0.033121530238411384,
  "am doing wrong": 0.030803312243227618,
  "would imagine": 0.022783595611794938,
  "fonts are included": 0.033121530238411384,
  "ftp when": 0.033121530238411384,
  "font": 0.06736860322179826,
  "ftp when i": 0.033121530238411384,
  "imagine that": 0.01855059770767696,
  "when i load": 0.02944724164754814,
  "insurance claims": 0.02944724164754814,
  "font called ugly": 0.033121530238411384,
  "question are the": 0.02944724164754814,
  "gmt": 0.0005499326557413791,
  "cica": 0.019719078113888067,
  "ps file": 0.028485094248043852,
  "ghostscript packagezipzip": 0.033121530238411384,
  "from insurance claims": 0.02944724164754814,
  "from some ftp": 0.028485094248043852,
  "win fonts ghostscriptfonts": 0.033121530238411384,
  "substituting": 0.02481080565718061,
  "cant find": 0.017962334609136276,
  "helv and cour": 0.033121530238411384,
  "actual": 0.013587611651878276,
  "downloaded the windows": 0.033121530238411384,
  "it happened": 0.01948428126213807,
  "brian k servis": 0.033121530238411384,
  "brian": 0.025438251433210293,
  "am missing": 0.02661346953922973,
  "load a ps": 0.033121530238411384,
  "happened": 0.011145333039951232,
  "quotes from insurance": 0.02944724164754814,
  "k servis": 0.033121530238411384,
  "and substitutes": 0.030803312243227618,
  "ugly": 0.05552397681088276,
  "for win": 0.02327390823451024,
  "k servis writes": 0.033121530238411384,
  "imagine that these": 0.033121530238411384,
  "quotes": 0.016253887706908884,
  "cica but": 0.02773879474532074,
  "ghostscript": 0.048129012308915,
  "news purdue university": 0.01755644545527585,
  "find font": 0.02944724164754814,
  "sender usenet news": 0.008181623585828168,
  "writes thats": 0.023645900325179887,
  "the zip": 0.027129023652364376,
  "fonts are not": 0.02944724164754814,
  "happened this way": 0.02944724164754814,
  "substitutes a": 0.033121530238411384,
  "basically they are": 0.028485094248043852,
  "are included": 0.020037841257046343,
  "purdue university": 0.015964678349036553,
  "that these fonts": 0.033121530238411384,
  "them at cica": 0.033121530238411384,
  "thinks way": 0.02944724164754814,
  "and well defined": 0.033121530238411384,
  "pedestrian had": 0.02944724164754814,
  "or am missing": 0.033121530238411384,
  "servis writes thats": 0.033121530238411384,
  "ps file it": 0.033121530238411384,
  "missing these ugly": 0.033121530238411384,
  "university engineering": 0.017753236425252217,
  "i load": 0.027129023652364376,
  "ghostscriptfonts sender": 0.033121530238411384,
  "fonts such": 0.028485094248043852,