{
  "nite and there": 0.034238625876301325,
  "never fax": 0.034238625876301325,
  "found at ftpcicaindianaedu": 0.03273132064169849,
  "ftpcicaindianaedu in": 0.027901272373556253,
  "with atis bbs": 0.034238625876301325,
  "vnews sender usenet": 0.02404962950483218,
  "mosaic group": 0.03681538119436804,
  "youll never fax": 0.034238625876301325,
  "administrator university": 0.024849300061029003,
  "stm get": 0.034238625876301325,
  "voice first street": 0.034238625876301325,
  "local bus card": 0.03166187055823462,
  "there rochester mn": 0.034238625876301325,
  "in article": 0.0031877996337444916,
  "latest": 0.0314244144164812,
  "arizona": 0.01877809396790106,
  "the latest": 0.033597341847553266,
  "gup thanks": 0.03273132064169849,
  "atis bbs last": 0.034238625876301325,
  "thomas b fisk": 0.034238625876301325,
  "ati ultra": 0.022347647744142662,
  "mis": 0.026508359922101193,
  "checked": 0.016815762779719492,
  "releases past": 0.034238625876301325,
  "noticed that i": 0.02864726008902893,
  "also tom thomas": 0.03681538119436804,
  "i checked": 0.020667405648443563,
  "releases": 0.02124045650281999,
  "bbs last nite": 0.034238625876301325,
  "drivers": 0.028919125540834208,
  "driver": 0.01403891582591382,
  "a window": 0.01866370118475328,
  "apr in": 0.0238172118208867,
  "ultra pro drivers": 0.03273132064169849,
  "internet mayo": 0.034238625876301325,
  "voice first": 0.034238625876301325,
  "b fisk internet": 0.034238625876301325,
  "robertson writes": 0.03166187055823462,
  "mosaic group apr": 0.03681538119436804,
  "atis bbs": 0.034238625876301325,
  "of a window": 0.027577810005565064,
  "clinic if": 0.034238625876301325,
  "article": 0.002930882357299176,
  "university of arizona": 0.022502564831133623,
  "pubpc": 0.03015456532363178,
  "windows": 0.010378533177653703,
  "site with": 0.029085115240167905,
  "re ati ultra": 0.03273132064169849,
  "get garbage": 0.03273132064169849,
  "the pubpc": 0.03273132064169849,
  "release": 0.014655510043352154,
  "university of": 0.005869892968691832,
  "atis": 0.02958151446925535,
  "window when": 0.02864726008902893,
  "no releases": 0.034238625876301325,
  "pubpc directory": 0.034238625876301325,
  "drivers newssoftware": 0.03681538119436804,
  "writes does anybody": 0.02607050477096222,
  "thanks the latest": 0.034238625876301325,
  "group apr": 0.027280253471462696,
  "site with the": 0.03166187055823462,
  "i noticed": 0.01992580951306691,
  "move it has": 0.034238625876301325,
  "stm get there": 0.034238625876301325,
  "re ati": 0.02958151446925535,
  "ftpcicaindianaedu": 0.02227254474296229,
  "windows drivers": 0.02359847390258583,
  "gup": 0.02674828007502897,
  "street": 0.014903103000074913,
  "first street": 0.03166187055823462,
  "youll": 0.013780272912604023,
  "checked with atis": 0.034238625876301325,
  "pro drivers": 0.030832340627698518,
  "the ati gup": 0.02958151446925535,
  "of arizona mis": 0.03273132064169849,
  "pro drivers newssoftware": 0.03681538119436804,
  "nite": 0.029085115240167905,
  "zip i": 0.03015456532363178,
  "university": 0.003628833282650619,
  "department mosaic": 0.03681538119436804,
  "structure as zip": 0.034238625876301325,
  "card and": 0.01892622002197987,
  "move": 0.013161001627303114,
  "card": 0.011507072853476122,
  "isand can": 0.034238625876301325,
  "ftpcicaindianaedu in the": 0.030832340627698518,
  "also tom": 0.03681538119436804,
  "drivers for": 0.02029994901410664,
  "noticed that": 0.018956566901679354,
  "directory": 0.01585495491431694,
  "latest windows drivers": 0.03166187055823462,
  "anybody else noticed": 0.034238625876301325,
  "bbs last": 0.03015456532363178,
  "street sw youre": 0.034238625876301325,
  "news administrator": 0.016519524264464104,
  "when i move": 0.029085115240167905,
  "rochester mn ": 0.03681538119436804,
  "writes does": 0.018749164077781898,
  "ati gup": 0.027004759151188638,
  "the ati": 0.043189538877791096,
  "youll never": 0.025678829991565098,
  "else noticed": 0.02674828007502897,
  "noticed this also": 0.03015456532363178,
  "ftp": 0.014230451710766983,
  "going youll": 0.034238625876301325,
  "sender": 0.0024325410621435528,
  "vnews sender": 0.021413393363916247,
  "mayo clinic": 0.03015456532363178,
  "releases past we": 0.034238625876301325,
  "youre going youll": 0.034238625876301325,
  "know where voice": 0.034238625876301325,
  "this also tom": 0.03681538119436804,
  "the ftp site": 0.027577810005565064,
  "sw youre": 0.034238625876301325,
  "stm": 0.03166187055823462,
  "as zip": 0.027280253471462696,
  "news administrator university": 0.025497453916585797,
  "fisk internet mayo": 0.034238625876301325,
  "bus card": 0.02958151446925535,
  "around the edges": 0.02958151446925535,
  "the edges": 0.025869511383340378,
  "fax mail": 0.03015456532363178,
  "latest windows": 0.03015456532363178,
  "bus": 0.01508140805288951,
  "directory structure": 0.03015456532363178,
  "and i noticed": 0.03015456532363178,
  "windows drivers for": 0.027901272373556253,
  "article robertson": 0.034238625876301325,
  "stop stm": 0.034238625876301325,
  "the latest driver": 0.03273132064169849,
  "never fax mail": 0.034238625876301325,
  "with atis": 0.034238625876301325,
  "robertson": 0.02404962950483218,
  "nite and": 0.034238625876301325,
  "administrator": 0.014378647244461883,
  "mail stop": 0.027004759151188638,
  "apr": 0.004884102930442898,
  "latest driver": 0.03273132064169849,
  "mosaic": 0.027004759151188638,
  "pro": 0.01693765803184957,
  "sw": 0.02076523950835945,
  "fax": 0.011303269993433463,
  "checked with": 0.029085115240167905,
  "isand": 0.030832340627698518,
  "drivers for the": 0.025159268867493877,
  "site": 0.014459562770417104,
  "newssoftware": 0.0159216976786909,
  "move it": 0.02456319953635938,
  "b fisk": 0.034238625876301325,
  "if you dont": 0.01508140805288951,
  "structure as": 0.03273132064169849,
  "dont know where": 0.021594769438895548,
  "usenet news": 0.008936484203318863,
  "i move": 0.026508359922101193,
  "group apr in": 0.03273132064169849,
  "drivers newssoftware vaxvms": 0.03681538119436804,
  "last nite": 0.03273132064169849,
  "there rochester": 0.034238625876301325,
  "have the ati": 0.02825558530963181,
  "sw youre going": 0.034238625876301325,
  "bbs": 0.014414392444088061,
  "arizona mis": 0.03273132064169849,
  "mail stop stm": 0.034238625876301325,
  "ati local": 0.034238625876301325,
  "isand can be": 0.034238625876301325,
  "department": 0.010731330324872801,
  "garbage around the": 0.034238625876301325,
  "get there rochester": 0.034238625876301325,
  "the ati local": 0.034238625876301325,
  "mn ": 0.05729452017805786,
  "mis department": 0.034238625876301325,
  "of arizona": 0.021413393363916247,
  "dont know": 0.010439677189583167,
  "the pubpc directory": 0.034238625876301325,
  "edges of a": 0.034238625876301325,
  "sender usenet news": 0.0090940723128722,
  "i get garbage": 0.03273132064169849,
  "at ftpcicaindianaedu": 0.02825558530963181,
  "know the ftp": 0.03166187055823462,
  "edges of": 0.027577810005565064,
  "the latest windows": 0.03015456532363178,
  "local": 0.011373931569809584,
  "newssoftware vaxvms vnews": 0.016599472982757647,
  "arizona mis department": 0.03681538119436804,
  "where voice": 0.03166187055823462,
  "mail": 0.01118463755335138,
  "you dont": 0.011132277925538224,
  "mis department mosaic": 0.03681538119436804,
  "clinic if you": 0.034238625876301325,
  "vaxvms": 0.015562490111073536,
  "pubpc directory structure": 0.034238625876301325,
  "ati gup thanks": 0.03273132064169849,
  "usenet": 0.007575337485502648,
  "ati local bus": 0.034238625876301325,
  "with the latest": 0.027901272373556253,
  "thomas b": 0.03166187055823462,
  "bus card and": 0.034238625876301325,
  "vaxvms vnews sender": 0.021413393363916247,
  "mn": 0.02178545083067083,
  "in article robertson": 0.034238625876301325,
  "were no releases": 0.034238625876301325,
  "ati": 0.0569614906582334,
  "gup thanks the": 0.034238625876301325,