{
  "looking pro": 0.09709154452240198,
  "the panasonic": 0.08350042333495208,
  "printer": 0.0858408745520239,
  "panasonic": 0.18755814754908356,
  "for panasonic kxapr": 0.09709154452240198,
  "of technologycomp sandmancshutfi": 0.09709154452240198,
  "helsinki": 0.05728327971312337,
  "laser printer kx": 0.09709154452240198,
  "university of": 0.015480404005667674,
  "panasonic kxapr helsinki": 0.09709154452240198,
  "panasonic printersand": 0.09709154452240198,
  "pro": 0.04466892167223073,
  "printersand": 0.09709154452240198,
  "printer kx i": 0.09709154452240198,
  "order of the": 0.06553393839624316,
  "printer driver for": 0.07670486274122712,
  "the first letters": 0.09709154452240198,
  "for panasonic": 0.18059196785735407,
  "driver for panasonic": 0.09709154452240198,
  "printer driver": 0.06593415402879467,
  "but the numbers": 0.07670486274122712,
  "have found drivers": 0.09709154452240198,
  "themodel is included": 0.09709154452240198,
  "printer kx": 0.09709154452240198,
  "about the order": 0.08632083580996955,
  "driver": 0.07404839916021211,
  "a win": 0.06311374155377722,
  "win printer driver": 0.09709154452240198,
  "themodel": 0.07801399404146754,
  "kx i am": 0.09709154452240198,
  "drivers": 0.07626710559298433,
  "university of technologycomp": 0.09029598392867703,
  "kxapr": 0.09709154452240198,
  "a win printer": 0.09709154452240198,
  "helsinki university of": 0.06407884030684832,
  "panasonic laser": 0.09709154452240198,
  "driver for the": 0.06678720674437928,
  "printersand so on": 0.09709154452240198,
  "laser printer": 0.06195900591008719,
  "first letters": 0.09709154452240198,
  "found drivers": 0.09709154452240198,
  "for the panasonic": 0.08632083580996955,
  "grateful for": 0.06931494311008614,
  "the panasonic laser": 0.09709154452240198,
  "helsinki university": 0.06407884030684832,
  "panasonic kxapr": 0.09709154452240198,
  "included grateful": 0.09709154452240198,
  "numbers are right": 0.09709154452240198,
  "drivers available where": 0.09709154452240198,
  "grateful": 0.05342147299050485,
  "drivers for panasonic": 0.09709154452240198,
  "kx": 0.07121843344774259,
  "panasonic laser printer": 0.09709154452240198,
  "sandmancshutfi greetings": 0.09709154452240198,
  "letters in the": 0.09029598392867703,
  "pro a": 0.09029598392867703,
  "technologycomp": 0.09029598392867703,
  "printersand so": 0.09709154452240198,
  "sandmancshutfi greetings i": 0.09709154452240198,
  "where themodel": 0.09709154452240198,
  "laser": 0.04843620501004995,
  "technologycomp sandmancshutfi greetings": 0.09709154452240198,
  "grateful for any": 0.0795252752162446,
  "sandmancshutfi": 0.09709154452240198,
  "university": 0.00957015836306879,
  "of technologycomp": 0.09029598392867703,
  "panasonic printersand so": 0.09709154452240198,
  "order": 0.02731501998157508,
  "order of": 0.04892826132891128,
  "themodel is": 0.09709154452240198,
  "is included": 0.05934499940759749,
  "numbers are": 0.06092605967814771,
  "letters": 0.044212843087574914,
  "available where themodel": 0.09709154452240198,
  "win printer": 0.09029598392867703,
  "included": 0.03689659793194851,
  "letters in": 0.07801399404146754,
  "numbers": 0.034965802060181975,
  "drivers for": 0.05353614004700673,
  "am looking pro": 0.09709154452240198,
  "kxapr helsinki university": 0.09709154452240198,
  "the numbers": 0.049522620366327305,
  "driver for": 0.10661626318883174,
  "should be drivers": 0.09709154452240198,
  "included grateful for": 0.09709154452240198,
  "win": 0.033531668527723574,
  "for panasonic printersand": 0.09709154452240198,
  "be drivers": 0.09709154452240198,
  "pro a win": 0.09709154452240198,
  "is included grateful": 0.09709154452240198,
  "the order": 0.050831751666567726,
  "kxapr helsinki": 0.09709154452240198,
  "technologycomp sandmancshutfi": 0.09709154452240198,
  "drivers available": 0.0795252752162446,
  "kx i": 0.09709154452240198
}