{
  "new uarts": 0.04738439014968901,
  "buffer which": 0.04738439014968901,
  "interrupts in windows": 0.04738439014968901,
  "buffer one character": 0.04738439014968901,
  "disk and": 0.028861897274531638,
  "the old uarts": 0.04738439014968901,
  "one character": 0.0421278720220904,
  "turn off": 0.029278219652472445,
  "character internally the": 0.04738439014968901,
  "plenty": 0.022304260891030433,
  "composmswindowsapps": 0.04075140277590963,
  "up with hardware": 0.04738439014968901,
  "in dos": 0.029278219652472445,
  "downloading to": 0.04738439014968901,
  "problems apr": 0.035111905185758206,
  "problems keeping up": 0.04738439014968901,
  "you are downloading": 0.04738439014968901,
  "apr gmt sender": 0.010833379758975265,
  "for windows problems": 0.03881137833520071,
  "gmt sender": 0.008603014477415563,
  "lot": 0.011825098681709105,
  "problems apr gmt": 0.035111905185758206,
  "what communication": 0.04738439014968901,
  "have a lot": 0.026127685573180317,
  "hardware interrupts in": 0.04738439014968901,
  "procomm plus": 0.03549488464831101,
  "cache": 0.046756533057129936,
  "disk": 0.050212092104126714,
  "should be plenty": 0.0421278720220904,
  "windows": 0.026716032773099006,
  "re procomm": 0.03881137833520071,
  "windows than": 0.0421278720220904,
  "problems": 0.026439086107022433,
  "plus for windows": 0.036367236594693576,
  "ron ": 0.07273447318938715,
  "on the machine": 0.034757321586936576,
  "be plenty": 0.038073815273826264,
  "for most situations": 0.044067896462799315,
  "disk write": 0.04738439014968901,
  "disk write cache": 0.04738439014968901,
  "most situations": 0.04075140277590963,
  "procomm plus for": 0.03687135389449178,
  "turn": 0.016483250037991448,
  "off disk write": 0.04738439014968901,
  "only buffer": 0.04738439014968901,
  "a lot": 0.012310681002108137,
  "keeping up with": 0.03442721215398465,
  "machine": 0.031129746341603648,
  "apr": 0.006286237743010236,
  "takes too long": 0.04738439014968901,
  "uarts can": 0.04738439014968901,
  "to find": 0.015247573051502511,
  "composmswindowsapps sdrc you": 0.04738439014968901,
  "uart": 0.06435678192284265,
  "for your serial": 0.04738439014968901,
  "what uart": 0.044067896462799315,
  "dos regardless of": 0.04738439014968901,
  "gmt sender composmswindowsapps": 0.04738439014968901,
  "you loose characters": 0.04738439014968901,
  "one character internally": 0.04738439014968901,
  "write": 0.031117374810481106,
  "interrupts in": 0.0421278720220904,
  "interrupts": 0.031614835766893175,
  "long": 0.011428410434432212,
  "save": 0.017434239603923825,
  "windowsmsdexe to find": 0.04738439014968901,
  "internally the new": 0.04738439014968901,
  "buffer one": 0.04738439014968901,
  "machine ron": 0.04738439014968901,
  "sender": 0.0031308782091704103,
  "control": 0.014219453280792105,
  "disk and you": 0.044067896462799315,
  "windows problems": 0.03743490908901993,
  "buffer which should": 0.04738439014968901,
  "the machine ron": 0.04738439014968901,
  "sdrc you have": 0.04738439014968901,
  "uarts can buffer": 0.04738439014968901,
  "downloading": 0.03281729714622765,
  "machine it": 0.03442721215398465,
  "internally the": 0.04738439014968901,
  "uarts or can": 0.04738439014968901,
  "character internally": 0.04738439014968901,
  "with hardware interrupts": 0.04738439014968901,
  "cache will save": 0.04738439014968901,
  "serial line the": 0.04738439014968901,
  "hardware interrupts": 0.04738439014968901,
  "machine it takes": 0.04738439014968901,
  "different uart": 0.04738439014968901,
  "hardware": 0.017124299420591828,
  "save up so": 0.04738439014968901,
  "windowsmsdexe to": 0.04738439014968901,
  "uart for": 0.0421278720220904,
  "out what uart": 0.04738439014968901,
  "internally": 0.030654688898653217,
  "the cache": 0.03281729714622765,
  "to disk": 0.034757321586936576,
  "composmswindowsapps sdrc": 0.04738439014968901,
  "sender composmswindowsapps sdrc": 0.04738439014968901,
  "software you are": 0.038073815273826264,
  "turn off disk": 0.04738439014968901,
  "when it grabs": 0.04738439014968901,
  "problems keeping": 0.04738439014968901,
  "plenty for": 0.044067896462799315,
  "gmt": 0.0007867457610845567,
  "in windows": 0.02416893434146117,
  "long to": 0.03127292684831832,
  "write to disk": 0.04738439014968901,
  "windows than in": 0.04738439014968901,
  "save up": 0.038073815273826264,
  "buffer": 0.050796341542109213,
  "the new uarts": 0.04738439014968901,
  "to write": 0.0215127548795449,
  "loose": 0.024981848393113792,
  "than in dos": 0.04738439014968901,
  "uarts": 0.07182241405250366,
  "keeping": 0.020239302746954593,
  "with hardware": 0.03549488464831101,
  "long to write": 0.04738439014968901,
  "software": 0.012904116027812204,
  "situations": 0.022432544419502473,
  "it grabs control": 0.04738439014968901,
  "characters use": 0.04738439014968901,
  "windowsmsdexe": 0.044067896462799315,
  "for the disk": 0.0421278720220904,
  "procomm": 0.03305074290780388,
  "the following turn": 0.044067896462799315,
  "downloading to the": 0.04738439014968901,
  "for windows": 0.020852440654571487,
  "too long": 0.026921872833822715,
  "loose characters": 0.04738439014968901,
  "apr gmt": 0.007197380087794709,
  "you loose": 0.044067896462799315,
  "disk you are": 0.04738439014968901,
  "cache for the": 0.04738439014968901,
  "of the machine": 0.030373155405720522,
  "will save": 0.030801921715240554,
  "find out": 0.01898776720414074,
  "the disk": 0.024850752822835734,
  "ron": 0.020908842356734368,
  "windows problems apr": 0.044067896462799315,
  "lot more problems": 0.04738439014968901,
  "uarts or": 0.04738439014968901,
  "loose characters use": 0.04738439014968901,
  "situations you": 0.0421278720220904,
  "it grabs": 0.04738439014968901,
  "of what communication": 0.04738439014968901,
  "can run windowsmsdexe": 0.04738439014968901,
  "your serial": 0.04075140277590963,
  "and you loose": 0.04738439014968901,
  "situations you can": 0.044067896462799315,
  "a different uart": 0.04738439014968901,
  "characters": 0.024894053471256394,
  "control of": 0.024320841988899358,
  "communication software you": 0.04738439014968901,
  "following turn": 0.044067896462799315,
  "cache will": 0.044067896462799315,
  "serial": 0.020030190621429574,
  "communication software": 0.04075140277590963,
  "what communication software": 0.04738439014968901,
  "write cache for": 0.04738439014968901,
  "uart is on": 0.04738439014968901,
  "write to": 0.026127685573180317,
  "software you": 0.034757321586936576,
  "grabs control of": 0.04738439014968901,
  "can buffer": 0.044067896462799315,
  "run windowsmsdexe": 0.04738439014968901,
  "keeping up": 0.034118415402130245,
  "off disk": 0.04738439014968901,
  "dos": 0.017167366218960135,
  "uart for your": 0.04738439014968901,
  "dos regardless": 0.04738439014968901,
  "more problems keeping": 0.04738439014968901,
  "are downloading": 0.044067896462799315,
  "find": 0.010152064985883554,
  "grabs control": 0.04738439014968901,
  "grabs": 0.03549488464831101,
  "character": 0.02193883993990807,
  "sender composmswindowsapps": 0.04738439014968901,
  "sdrc you": 0.04738439014968901,
  "find out what": 0.02896263128983227,
  "to the cache": 0.04738439014968901,
  "more problems": 0.034757321586936576,
  "uart is": 0.04738439014968901,
  "write cache": 0.044067896462799315,
  "control of the": 0.028210547158146086,
  "can only buffer": 0.04738439014968901,
  "communication": 0.01963753534365778,
  "lot more": 0.022645232278693066,
  "serial line": 0.03743490908901993,
  "old uarts": 0.04738439014968901,
  "cache for": 0.044067896462799315,
  "the machine": 0.04556625822758223,
  "plenty for most": 0.04738439014968901,
  "disk you": 0.03687135389449178,
  "characters use a": 0.04738439014968901,
  "machine ron ": 0.04738439014968901,
  "sdrc": 0.04738439014968901
}