{
  "include": 0.01728141177536998,
  "the extended": 0.035910026720217696,
  "address vmscsdmuedu milwaukee": 0.04459184911081211,
  "builtin but i": 0.0460980379718162,
  "dubinski aliases": 0.04459184911081211,
  "ive figured": 0.04342355826623509,
  "option": 0.02223741220138822,
  "in article": 0.004489623567943813,
  "set alt": 0.04822089194096889,
  "altsequence for": 0.04822089194096889,
  "group and see": 0.04822089194096889,
  "alt": 0.033704720620341765,
  "regal": 0.04096280628065533,
  "wp has this": 0.0460980379718162,
  "include robb": 0.04459184911081211,
  "this builtin": 0.0460980379718162,
  "extended": 0.02477933793846519,
  "article by": 0.027053084255971246,
  "internet address vmscsdmuedu": 0.04459184911081211,
  "figured": 0.027053084255971246,
  "sir mr": 0.04459184911081211,
  "math computer": 0.04459184911081211,
  "accessories group": 0.04822089194096889,
  "article": 0.008255574388622811,
  "wp has": 0.0460980379718162,
  "the altsequence": 0.04822089194096889,
  "internet address": 0.03280498105528072,
  "marquette university computer": 0.042468995141659416,
  "recall ever seeing": 0.04459184911081211,
  "set alt sequences": 0.04822089194096889,
  "i know wp": 0.0460980379718162,
  "aliases include": 0.04459184911081211,
  "not recall": 0.041661923519527175,
  "out now robert": 0.05184993477112567,
  "spanish characters i": 0.0460980379718162,
  "cook writes": 0.0364340238854375,
  "printed": 0.02551256345493491,
  "wi": 0.030158129920908223,
  "wi ": 0.08192561256131066,
  "address vmscsdmuedu": 0.04459184911081211,
  "character map in": 0.04822089194096889,
  "greg cook writes": 0.05184993477112567,
  "know wp": 0.0460980379718162,
  "sequences look": 0.04822089194096889,
  "gmt marquette university": 0.041661923519527175,
  "the font": 0.033543612459782844,
  "article by can": 0.04822089194096889,
  "word helpapr": 0.0460980379718162,
  "university math computer": 0.04459184911081211,
  "aliases": 0.03767166146692562,
  "in character": 0.042468995141659416,
  "the accessories group": 0.04822089194096889,
  "printed spanish": 0.0460980379718162,
  "they have printed": 0.0460980379718162,
  "article greg cook": 0.05184993477112567,
  "doublemajor": 0.04459184911081211,
  "university computer": 0.028907386945607964,
  "robert s dubinski": 0.04459184911081211,
  "altsequence": 0.04822089194096889,
  "university computer servicesvmsacsdmuedu": 0.0460980379718162,
  "gmt marquette": 0.041661923519527175,
  "helpapr gmt": 0.03767166146692562,
  "see the altsequence": 0.04822089194096889,
  "writes from": 0.025311169314475246,
  "computer servicesvmsacsdmuedu in": 0.05184993477112567,
  "group and": 0.03147391226792867,
  "servicesvmsacsdmuedu in article": 0.05184993477112567,
  "university": 0.010221530398251483,
  "from article": 0.02806305109431937,
  "map in": 0.042468995141659416,
  "font you want": 0.04822089194096889,
  "milwaukee wi": 0.03671709834234994,
  "regal sir": 0.04459184911081211,
  "doublemajor internet address": 0.04459184911081211,
  "gmt": 0.0008608893406632062,
  "s dubinski": 0.04459184911081211,
  "using the extended": 0.04822089194096889,
  "have printed spanish": 0.0460980379718162,
  "extended character": 0.04342355826623509,
  "writes from article": 0.035910026720217696,
  "helpapr gmt marquette": 0.04822089194096889,
  "computer": 0.021394266846207724,
  "recall": 0.020640482731213244,
  "now robert s": 0.05184993477112567,
  "vmscsdmuedu": 0.04459184911081211,
  "re word helpapr": 0.04822089194096889,
  "recall ever": 0.04342355826623509,
  "i think ive": 0.03733376345049855,
  "characters i": 0.041661923519527175,
  "figured it out": 0.042468995141659416,
  "character map": 0.04822089194096889,
  "font": 0.026365461208530998,
  "greg cook": 0.05184993477112567,
  "sequences look in": 0.04822089194096889,
  "science doublemajor": 0.04459184911081211,
  "extended character set": 0.04342355826623509,
  "character set alt": 0.04822089194096889,
  "accessories": 0.033235547014636595,
  "in character map": 0.04822089194096889,
  "greg": 0.023540134920549134,
  "look in character": 0.04822089194096889,
  "marquette university": 0.08069228234501344,
  "computer science": 0.016412797537363213,
  "servicesvmsacsdmuedu in": 0.05184993477112567,
  "marquette": 0.07958903087215663,
  "robb": 0.03883995231150263,
  "s": 0.01442815848217565,
  "computer science doublemajor": 0.04459184911081211,
  "university math": 0.03803288068937039,
  "have printed": 0.04459184911081211,
  "helpapr": 0.03543373468772698,
  "spanish characters": 0.0460980379718162,
  "article greg": 0.03294460538555381,
  "alt sequences": 0.04822089194096889,
  "think ive": 0.03543373468772698,
  "doublemajor internet": 0.04459184911081211,
  "word helpapr gmt": 0.0460980379718162,
  "accessories group and": 0.04822089194096889,
  "marquette university math": 0.04459184911081211,
  "printed spanish characters": 0.0460980379718162,
  "sir": 0.02784486943777189,
  "seeing this option": 0.0460980379718162,
  "this option": 0.0364340238854375,
  "math": 0.022367150573108046,
  "think ive figured": 0.05184993477112567,
  "dubinski": 0.04459184911081211,
  "set": 0.013792761325085246,
  "font you": 0.04459184911081211,
  "word": 0.01589740448598493,
  "robb regal": 0.04459184911081211,
  "the accessories": 0.04459184911081211,
  "i marquette": 0.04459184911081211,
  "map in the": 0.04822089194096889,
  "science": 0.01330870215867882,
  "characters i know": 0.0460980379718162,
  "do not recall": 0.04342355826623509,
  "science doublemajor internet": 0.04459184911081211,
  "re word": 0.0460980379718162,
  "map": 0.02620679445724655,
  "robert s": 0.035910026720217696,
  "math computer science": 0.04459184911081211,
  "spanish": 0.033870944171727,
  "in the accessories": 0.0460980379718162,
  "now robert": 0.04822089194096889,
  "milwaukee": 0.02917593822512394,
  "characters": 0.027240089924044957,
  "has this builtin": 0.0460980379718162,
  "sir mr and": 0.04459184911081211,
  "milwaukee wi ": 0.04342355826623509,
  "ive figured it": 0.05184993477112567,
  "ive": 0.010873792700675337,
  "altsequence for the": 0.04822089194096889,
  "regal sir mr": 0.04459184911081211,
  "alt sequences look": 0.04822089194096889,
  "figured it": 0.03767166146692562,
  "for the font": 0.04459184911081211,
  "cook writes from": 0.05184993477112567,
  "internet": 0.014604091265544334,
  "servicesvmsacsdmuedu": 0.0460980379718162,
  "sequences": 0.031368138931187735,
  "include robb regal": 0.04459184911081211,
  "group": 0.013453723275535703,
  "in article greg": 0.03294460538555381,
  "i marquette university": 0.04459184911081211,
  "character": 0.04801274918786165,
  "writes": 0.0033509177201189243,
  "and i marquette": 0.04459184911081211,
  "builtin but": 0.04459184911081211,
  "aliases include robb": 0.04459184911081211,
  "vmscsdmuedu milwaukee": 0.04459184911081211,
  "dubinski aliases include": 0.04459184911081211,
  "computer servicesvmsacsdmuedu": 0.0460980379718162,
  "cook": 0.02924528496203504,
  "option on": 0.03883995231150263,
  "robert": 0.01843728546533458,
  "vmscsdmuedu milwaukee wi": 0.04459184911081211,
  "builtin": 0.029606504184479812,
  "s dubinski aliases": 0.04459184911081211,
  "address": 0.016858516206904338,
  "option on help": 0.0460980379718162,
  "robb regal sir": 0.04459184911081211,
  "wp": 0.03543373468772698,
  "the extended character": 0.04342355826623509,
  "character set": 0.039794515436078315
}