{
  "u": 0.008452575257674937,
  "wondered if anyone": 0.019647968869702936,
  "drivers it": 0.017936494349801838,
  "helps chris loschen": 0.024452685287123466,
  "bus with an": 0.021029736247321264,
  "check is if": 0.024452685287123466,
  "diamond win mouse": 0.019647968869702936,
  "delivered gateway": 0.019647968869702936,
  "i excluded": 0.020478764515681237,
  "a dx eisa": 0.021029736247321264,
  "writes anybody seen": 0.019318261727420166,
  "takes a minute": 0.021029736247321264,
  "friapr": 0.0054609400456159425,
  "latest": 0.020872018464280107,
  "sender usenet news": 0.006040260375710178,
  "the latest": 0.022315271498745255,
  "to wig": 0.021029736247321264,
  "drivers from diamond": 0.019318261727420166,
  "university friapr": 0.011999783763866064,
  "writes anybody": 0.017606787207519067,
  "dont know the": 0.013157102624152149,
  "something is stepping": 0.021029736247321264,
  "machine he": 0.01902743941715749,
  "hope this": 0.011786268707066493,
  "gateway is in": 0.021029736247321264,
  "drivers": 0.01920801177897383,
  "driver": 0.0279738396827468,
  "helps chris": 0.024452685287123466,
  "latest drivers": 0.03281600495438775,
  "persisted perhaps it": 0.021029736247321264,
  "version of": 0.00956210439758948,
  "sender usenet": 0.00550760406084566,
  "loschen brandeis u": 0.024452685287123466,
  "diamond driver": 0.02002858783223938,
  "article": 0.003893369649943103,
  "ultrastore controller ah": 0.021029736247321264,
  "or its components": 0.021029736247321264,
  "cursor sender usenet": 0.024452685287123466,
  "card wants i": 0.021029736247321264,
  "ultrastore": 0.021029736247321264,
  "university friapr gmt": 0.01221607526835492,
  "on memory": 0.02002858783223938,
  "excluded in": 0.02002858783223938,
  "specific": 0.009001654205931763,
  "in systemini": 0.020478764515681237,
  "memory": 0.01685241484830862,
  "but another place": 0.024452685287123466,
  "components it is": 0.021029736247321264,
  "system am going": 0.019647968869702936,
  "diamond bbs": 0.01811947699709498,
  "an ultrastore": 0.021029736247321264,
  "the video": 0.01313177793238131,
  "controller ah well": 0.021029736247321264,
  "kind": 0.006800508500561966,
  "dx": 0.015109007178683312,
  "systemini the problem": 0.021029736247321264,
  "havent seen": 0.012530922972796794,
  "don lindbergh i": 0.024452685287123466,
  "excluded": 0.015470991065576832,
  "minute or": 0.018531956218485513,
  "machine or": 0.01731596489725639,
  "driver sometimes it": 0.021029736247321264,
  "as a followup": 0.019647968869702936,
  "the know don": 0.022741210767222363,
  "usenet": 0.005031520453333858,
  "system brandeis": 0.016314816482174505,
  "article don ab": 0.04205947249464253,
  "the problem persisted": 0.021029736247321264,
  "writes in article": 0.005381068850886264,
  "the problem": 0.007615835743233288,
  "video shadowingdiamond": 0.024452685287123466,
  "is a dx": 0.020478764515681237,
  "well good luck": 0.024452685287123466,
  "cursor to": 0.018767289995780142,
  "u ": 0.03521357441503813,
  "brandeis u ": 0.024452685287123466,
  "luck hope this": 0.024452685287123466,
  "in article": 0.004234657291245769,
  "stepping": 0.016408002477193876,
  "latest drivers from": 0.019318261727420166,
  "is a coworkers": 0.021029736247321264,
  "loschen brandeis": 0.024452685287123466,
  "coworkers": 0.017766141580698253,
  "followup this": 0.020478764515681237,
  "the gateway machine": 0.021029736247321264,
  "order but i": 0.02002858783223938,
  "turned off": 0.01499924974023681,
  "wondered if": 0.01622501982990074,
  "eisa bus with": 0.021029736247321264,
  "wig out": 0.021029736247321264,
  "some kind": 0.011345851466379748,
  "gateway system am": 0.01902743941715749,
  "win mouse cursor": 0.019647968869702936,
  "recently delivered": 0.019647968869702936,
  "brandeis university": 0.015674048098260715,
  "a followup": 0.016054667060797154,
  "menus": 0.014558035447043288,
  "of the driver": 0.017766141580698253,
  "know don": 0.022741210767222363,
  "lindbergh i": 0.024452685287123466,
  "hope": 0.007127723104668602,
  "don ab": 0.04005717566447876,
  "components": 0.012064340011037232,
  "luck hope": 0.022741210767222363,
  "wondered": 0.0132610816003253,
  "good luck": 0.011860422502372356,
  "is in order": 0.017457096783280956,
  "but wondered": 0.019647968869702936,
  "shadowingdiamond": 0.024452685287123466,
  "find folks here": 0.021029736247321264,
  "re diamond win": 0.02002858783223938,
  "version of the": 0.01158975651467551,
  "memory conflict as": 0.024452685287123466,
  "place": 0.0066481952785500805,
  "ultrastore controller": 0.021029736247321264,
  "the latest drivers": 0.03491419356656191,
  "dont know": 0.006934007812340425,
  "your bios": 0.022741210767222363,
  "latest drivers it": 0.021029736247321264,
  "win": 0.00844501281438964,
  "specific to the": 0.019318261727420166,
  "wants that turned": 0.024452685287123466,
  "ab lindbergh writes": 0.040957529031362475,
  "find folks": 0.021029736247321264,
  "has the latest": 0.021029736247321264,
  "conflict": 0.01158975651467551,
  "i was hoping": 0.01597370453530829,
  "chris loschen": 0.024452685287123466,
  "controller": 0.010513310231214235,
  "its components": 0.018317113312338276,
  "news system brandeis": 0.016314816482174505,
  "folks here usually": 0.021029736247321264,
  "ab": 0.025263436041989912,
  "this particular problem": 0.024452685287123466,
  "gateway is": 0.01902743941715749,
  "controller ah": 0.021029736247321264,
  "driver no": 0.019318261727420166,
  "menus but": 0.019318261727420166,
  "video shadowingdiamond wants": 0.024452685287123466,
  "a dx": 0.017766141580698253,
  "don": 0.033928352312197,
  "lindbergh writes anybody": 0.020478764515681237,
  "the gateway": 0.01705581547587904,
  "running": 0.0075387935188629684,
  "another place": 0.020478764515681237,
  "the diamond": 0.01522387141481885,
  "this mode": 0.016504843744239016,
  "is stepping": 0.020478764515681237,
  "mode": 0.009503452333371932,
  "distortion running the": 0.019647968869702936,
  "driver sorry": 0.019647968869702936,
  "persisted perhaps": 0.021029736247321264,
  "delivered gateway system": 0.019647968869702936,
  "in article don": 0.03491419356656191,
  "problem": 0.015788350258142514,
  "system am": 0.01902743941715749,
  "card wants": 0.021029736247321264,
  "drivers from": 0.01731596489725639,
  "order": 0.0068793383657300205,
  "dx eisa bus": 0.021029736247321264,
  "folks": 0.009193384907734395,
  "a coworkers machine": 0.021029736247321264,
  "no indication": 0.01597370453530829,
  "i havent": 0.009384639374497367,
  "coworkers machine": 0.021029736247321264,
  "problem persisted": 0.020478764515681237,
  "the driver": 0.025141497214383135,
  "chris loschen brandeis": 0.024452685287123466,
  "a recently delivered": 0.019647968869702936,
  "minute or so": 0.01902743941715749,
  "gmt in": 0.004232328433454571,
  "the video card": 0.017766141580698253,
  "susect something is": 0.021029736247321264,
  "call to": 0.013927549788256019,
  "check": 0.00819053305291439,
  "turned": 0.009766179140998412,
  "good luck hope": 0.022741210767222363,
  "susect something": 0.021029736247321264,
  "mode i": 0.016408002477193876,
  "was hoping": 0.015470991065576832,
  "diamond driver sorry": 0.02002858783223938,
  "well good": 0.019318261727420166,
  "place you might": 0.024452685287123466,
  "hope this helps": 0.013032999328396867,
  "to the gateway": 0.02002858783223938,
  "mouse cursor": 0.03663422662467655,
  "an ultrastore controller": 0.021029736247321264,
  "call to gateway": 0.021029736247321264,
  "drivers it only": 0.021029736247321264,
  "bios": 0.012064340011037232,
  "order but": 0.01718246558547793,
  "but it eventually": 0.021029736247321264,
  "anybody seen mouse": 0.019647968869702936,
  "cursor": 0.04210244323043627,
  "mouse cursor distortion": 0.019647968869702936,
  "re diamond": 0.015895312687617964,
  "eisa": 0.013571897022273455,
  "for the cursor": 0.021029736247321264,