{
  "bubblejet vs the": 0.041045991229711386,
  "memory font packages": 0.020522995614855693,
  "all your input": 0.02121620542799252,
  "printer": 0.021098239046521538,
  "problems etc": 0.01954597125796855,
  "stanford": 0.010933401268103979,
  "benefits and pitfalls": 0.020522995614855693,
  "the revised": 0.017504289666674083,
  "same in practice": 0.01954597125796855,
  "benefit more": 0.01917452383669805,
  "print": 0.010529995307367429,
  "theory theory and": 0.01954597125796855,
  "bandwidth": 0.012865034577872693,
  "bad advance": 0.02121620542799252,
  "graphics which will": 0.020522995614855693,
  "thedpi": 0.020522995614855693,
  "is encouraged": 0.01689871273105744,
  "faster is": 0.018315066140460138,
  "practice they": 0.018085403056594295,
  "the hp deskjet": 0.0199853003104841,
  "originator": 0.00910519072383325,
  "should purchase": 0.020522995614855693,
  "advance": 0.007664356015492904,
  "trust": 0.009986592210621018,
  "these printers": 0.0199853003104841,
  "for your collected": 0.020522995614855693,
  "use these printers": 0.020522995614855693,
  "driver": 0.009099923752218839,
  "email is encouraged": 0.02121620542799252,
  "theory and": 0.014535268747896658,
  "acceptable": 0.01109643415599269,
  "experiences with": 0.015098196100141249,
  "the hp": 0.014342394753502593,
  "potential": 0.010243008098834584,
  "windows": 0.006727290180214088,
  "or news posting": 0.02121620542799252,
  "dpi which": 0.020522995614855693,
  "deskjet dpi": 0.020522995614855693,
  "machines": 0.009444340386982681,
  "works": 0.007177650952376972,
  "from relying": 0.020522995614855693,
  "desirable": 0.014296495488512967,
  "memory": 0.008223166281403606,
  "i would greatly": 0.01583405549665012,
  "of memory font": 0.020522995614855693,
  "experiences": 0.011350314916613959,
  "faster is there": 0.01954597125796855,
  "or news": 0.01917452383669805,
  "originator printer": 0.023863463954903623,
  "noticeable print": 0.020522995614855693,
  "kayman computer science": 0.023863463954903623,
  "problems etc cost": 0.020522995614855693,
  "collected wisdom to": 0.020522995614855693,
  "in graphics": 0.01768286309355052,
  "handle large documents": 0.020522995614855693,
  "potential and": 0.018315066140460138,
  "highly": 0.010001843138456314,
  "your collected wisdom": 0.020522995614855693,
  "personal": 0.016148576646989942,
  "know their benefits": 0.020522995614855693,
  "kayman": 0.0383490476733961,
  "sender rob kayman": 0.023863463954903623,
  "bubblejet vs": 0.041045991229711386,
  "and bad": 0.015228478561033479,
  "is faster": 0.014800331146003471,
  "salesperson now i": 0.020522995614855693,
  "computer science department": 0.011432005402579456,
  "the original revised": 0.0199853003104841,
  "vs": 0.016724806980943727,
  "vs the hewlettpackard": 0.020522995614855693,
  "gmt hello fellow": 0.02121620542799252,
  "printer sender": 0.01917452383669805,
  "email": 0.01006717063846032,
  "benefit more from": 0.020522995614855693,
  "good and": 0.012672160583478628,
  "sender": 0.001576755531847267,
  "hp deskjet originator": 0.023863463954903623,
  "limits bandwidth sincerely": 0.02121620542799252,
  "machines is highly": 0.020522995614855693,
  "netters": 0.01204352472975078,
  "faster": 0.009308633325319492,
  "news posting is": 0.020522995614855693,
  "any salesperson": 0.020522995614855693,
  "practice are the": 0.01954597125796855,
  "font packages toner": 0.020522995614855693,
  "print quality difference": 0.020522995614855693,
  "bandwidth sincerely": 0.02121620542799252,
  "quality difference particularly": 0.020522995614855693,
  "noticeable": 0.0159216883741703,
  "advance kudos and": 0.02121620542799252,
  "the salesperson": 0.01917452383669805,
  "deskjet originator printer": 0.023863463954903623,
  "render": 0.01318679696973901,
  "the hewlettpackard": 0.0199853003104841,
  "revised revision revised": 0.0199853003104841,
  "good": 0.00389412237462748,
  "dpi": 0.016527265309786942,
  "collected wisdom": 0.020522995614855693,
  "appreciated here which": 0.020522995614855693,
  "than trust": 0.020522995614855693,
  "the canon": 0.03221427333212917,
  "documents better pages": 0.020522995614855693,
  "posting": 0.0075290425146983765,
  "or in theory": 0.0199853003104841,
  "which works": 0.015366209678720101,
  "deskjet i thought": 0.020522995614855693,
  "i thought": 0.008606832991304367,
  "greatly appreciate any": 0.018085403056594295,
  "will handle": 0.017504289666674083,
  "i figure": 0.014535268747896658,
  "acceptable but": 0.018085403056594295,
  "news posting": 0.0199853003104841,
  "graphics which": 0.01917452383669805,
  "these machines": 0.018315066140460138,
  "canon bubblejet": 0.05304858928065157,
  "printer sender rob": 0.023863463954903623,
  "figure all of": 0.020522995614855693,
  "university sunapr gmt": 0.014389185321832958,
  "quality": 0.009438278400001363,
  "thedpi of": 0.020522995614855693,
  "fellow netters": 0.017504289666674083,
  "and i figure": 0.01954597125796855,
  "packages toner": 0.020522995614855693,
  "experience on": 0.016308056205676758,
  "email or": 0.011888010220985549,
  "practice": 0.019565268068692257,
  "kudos and thanks": 0.02121620542799252,
  "canon bubblejet and": 0.01768286309355052,
  "experience on either": 0.020522995614855693,
  "sincerely robert kayman": 0.0199853003104841,
  "science": 0.0061252099091750715,
  "relying": 0.01497459780041221,
  "hewlettpackard deskjet": 0.020522995614855693,
  "pitfalls better": 0.020522995614855693,
  "rather than trust": 0.020522995614855693,
  "bandwidth sincerely robert": 0.02121620542799252,
  "both good": 0.018085403056594295,
  "print quality": 0.0199853003104841,
  "of these machines": 0.0199853003104841,
  "vs the hp": 0.020522995614855693,
  "documents better": 0.020522995614855693,
  "these printers daily": 0.020522995614855693,
  "printers": 0.013591946178900454,
  "your collected": 0.020522995614855693,
  "daily and": 0.017504289666674083,
  "salesperson i would": 0.020522995614855693,
  "cost of": 0.011664439778935028,
  "more any personal": 0.020522995614855693,
  "will be appreciated": 0.014485583718492474,
  "could render": 0.020522995614855693,
  "hewlettpackard deskjet dpi": 0.020522995614855693,
  "encouraged limits": 0.02121620542799252,
  "difference particularly in": 0.020522995614855693,
  "theory": 0.018404039172095574,
  "printers daily and": 0.020522995614855693,
  "large": 0.007306617461866162,
  "your personal experiences": 0.020522995614855693,
  "kudos and": 0.02121620542799252,
  "experience": 0.008006502178313384,
  "fellow netters i": 0.01917452383669805,
  "trust the": 0.013304363630388245,
  "a noticeable print": 0.020522995614855693,
  "hello fellow": 0.01885276144483173,
  "robert kayman": 0.0199853003104841,
  "a noticeable": 0.0199853003104841,
  "computer": 0.004923258997139367,
  "decide which printer": 0.020522995614855693,
  "cartridges etc": 0.020522995614855693,
  "large documents better": 0.020522995614855693,
  "practice are": 0.01885276144483173,
  "canon": 0.0408783780667637,
  "sunapr gmt": 0.008689706557472452,
  "noticeable print quality": 0.020522995614855693,
  "relying on those": 0.020522995614855693,
  "canon bubblejet vs": 0.041045991229711386,
  "handle large": 0.0199853003104841,
  "appreciated": 0.008179682901959811,
  "is highly": 0.014207239412174777,
  "their fullest": 0.020522995614855693,
  "revision revised ": 0.02121620542799252,
  "quality difference": 0.018568946901081407,
  "will handle large": 0.020522995614855693,
  "desirable both": 0.020522995614855693,
  "theory and practice": 0.017875737087944585,
  "pitfalls": 0.018085403056594295,
  "and pitfalls": 0.020522995614855693,
  "render on thedpi": 0.020522995614855693,
  "pitfalls better than": 0.020522995614855693,
  "kayman computer": 0.023863463954903623,
  "your input email": 0.02121620542799252,
  "driver problems": 0.01954597125796855,
  "benefits and": 0.017338041783572997,
  "and hp": 0.016527265309786942,