{
  "windows nt run": 0.017711904539855883,
  "number": 0.004854479641647497,
  "number that": 0.013190029045310732,
  "questions about": 0.009597466645286445,
  "avalaibility of": 0.017711904539855883,
  "running unix applications": 0.017711904539855883,
  "nt would run": 0.019044879887086544,
  "sun sparc server": 0.05313571361956764,
  "sunos": 0.009654876189805064,
  "sparc in article": 0.019044879887086544,
  "nt a": 0.015302744985057097,
  "running unix": 0.015302744985057097,
  "series of processors": 0.017711904539855883,
  "disclaimer rue de": 0.016932163947340182,
  "this helps": 0.009838164997121071,
  "read win": 0.017711904539855883,
  "about sparc support": 0.017711904539855883,
  "a few questions": 0.012569310983266403,
  "about windows": 0.030091907690789104,
  "call and": 0.012263417339747774,
  "b bruxelles": 0.016932163947340182,
  "gmt nntppostinghost": 0.008088930874576152,
  "rue de": 0.016932163947340182,
  "management unit windows": 0.019044879887086544,
  "any telephone": 0.017711904539855883,
  "applications you": 0.015302744985057097,
  "hope this": 0.00917969005069602,
  "unix": 0.025411284939016662,
  "will windows nt": 0.017711904539855883,
  "monapr": 0.005027711243776435,
  "my views": 0.011950880936867437,
  "article minghua": 0.017711904539855883,
  "such as sas": 0.017711904539855883,
  "shan writes i": 0.019044879887086544,
  "helps rajiev": 0.017711904539855883,
  "i have read": 0.02053457442237372,
  "a multiuser": 0.014616831631328764,
  "gupta": 0.030605489970114193,
  "la loithese": 0.016932163947340182,
  "nntppostinghost shelduck eurocontrol": 0.017711904539855883,
  "though reading": 0.017711904539855883,
  "sas for unix": 0.017711904539855883,
  "unit windows": 0.019044879887086544,
  "the answer": 0.008358672076125895,
  "maycomdex spring": 0.017711904539855883,
  "helps rajiev gupta": 0.017711904539855883,
  "have read": 0.01911101387751658,
  "tel b": 0.016932163947340182,
  "article": 0.0015161679886797662,
  "maycomdex spring hope": 0.017711904539855883,
  "the sun": 0.0090691379527774,
  "windows": 0.037582265333696005,
  "systems we": 0.014266213252878851,
  "sun sparc in": 0.017711904539855883,
  "shan as": 0.017711904539855883,
  "by running": 0.014433542824012756,
  "answer to questionis": 0.016932163947340182,
  "os when will": 0.017711904539855883,
  "shan as far": 0.017711904539855883,
  "nt but": 0.016378929192625218,
  "pcs": 0.00954172138206865,
  "nt on": 0.015045953845394552,
  "windows nt but": 0.017711904539855883,
  "belgium": 0.012854734070032313,
  "any good": 0.00951444323785335,
  "my views tel": 0.016932163947340182,
  "tel b bruxelles": 0.016932163947340182,
  "mips": 0.012854734070032313,
  "read win nt": 0.017711904539855883,
  "are my views": 0.015302744985057097,
  "mips series of": 0.017711904539855883,
  "gupta rajiev gupta": 0.016932163947340182,
  "win nt would": 0.019044879887086544,
  "in the future": 0.009333618334683588,
  "read": 0.008753050579986536,
  "us any good": 0.019044879887086544,
  "dozen pcs some": 0.019044879887086544,
  "management unit": 0.017711904539855883,
  "os": 0.015526421093660411,
  "reading a": 0.011903395143424414,
  "monapr gmt nntppostinghost": 0.012380003150933225,
  "network": 0.005927365517362573,
  "a dozen pcs": 0.019044879887086544,
  "eurocontrol cfmu disclaimer": 0.016932163947340182,
  "processors only": 0.017711904539855883,
  "support sometime": 0.017711904539855883,
  "cfmu disclaimer rue": 0.016932163947340182,
  "to have sas": 0.017711904539855883,
  "nt by": 0.017711904539855883,
  "on intel compatable": 0.019044879887086544,
  "sparc server replacing": 0.019044879887086544,
  "in article": 0.00164907327207167,
  "rue de la": 0.016932163947340182,
  "it run unix": 0.017711904539855883,
  "that ms": 0.01411228496889128,
  "nt thank you": 0.017711904539855883,
  "a sun sparc": 0.014266213252878851,
  "companies": 0.007698923437889446,
  "not my companies": 0.01594980697855943,
  "server": 0.02232837299703578,
  "sparc in": 0.017711904539855883,
  "telephone number that": 0.017711904539855883,
  "writes i": 0.00509317832924551,
  "dec": 0.009669500419392022,
  "win": 0.032886828748344275,
  "win nt or": 0.017711904539855883,
  "unix applications you": 0.017711904539855883,
  "info": 0.005702025110130852,
  "cfmu": 0.016932163947340182,
  "reading a rumour": 0.017711904539855883,
  "shelduck eurocontrol central": 0.017711904539855883,
  "a rumour": 0.01594980697855943,
  "la": 0.007898614981768522,
  "nt help sender": 0.019044879887086544,
  "server replacing the": 0.019044879887086544,
  "intel compatable systems": 0.019044879887086544,
  "shan": 0.033864327894680364,
  "help on answering": 0.019044879887086544,
  "answer": 0.005803515137019589,
  "win nt thank": 0.017711904539855883,
  "gupta eurocontrol cfmu": 0.016932163947340182,
  "shan writes": 0.017711904539855883,
  "management": 0.00873470264533765,
  "sender news account": 0.010742018130285948,
  "i dont": 0.007021461452108013,
  "few questions": 0.012569310983266403,
  "replacing the": 0.012380003150933225,
  "good": 0.0031078092028277004,
  "loithese": 0.016932163947340182,
  "hope": 0.005551399725751508,
  "a network": 0.011171140344351736,
  "la loithese are": 0.016932163947340182,
  "sparc support sometime": 0.017711904539855883,
  "shelduck eurocontrol": 0.017711904539855883,
  "thought that": 0.008698923437970275,
  "rajiev": 0.033864327894680364,
  "sas": 0.03833792886498185,
  "nt help": 0.016378929192625218,
  "disclaimer": 0.006673841247203507,
  "a multiuser os": 0.015302744985057097,
  "flow": 0.009988091038408978,
  "of win": 0.014819448007593815,
  "nt will": 0.014819448007593815,
  "we are setting": 0.019044879887086544,
  "answering": 0.010716546540382062,
  "de": 0.007881158793016374,
  "sas for etc": 0.017711904539855883,
  "rumour about sparc": 0.017711904539855883,
  "server if": 0.015302744985057097,
  "gupta eurocontrol": 0.016932163947340182,
  "more info": 0.010058670590044417,
  "spring hope this": 0.017711904539855883,
  "replacing": 0.010902367378245662,
  "questionis yes does": 0.017711904539855883,
  "good i would": 0.016932163947340182,
  "applications such": 0.015599188600109518,
  "rumour about": 0.017711904539855883,
  "b bruxelles not": 0.016932163947340182,
  "on win nt": 0.017711904539855883,
  "rajiev gupta eurocontrol": 0.016932163947340182,
  "dont know": 0.010801050630761047,
  "nt be": 0.016932163947340182,
  "we run windows": 0.019044879887086544,
  "flow management unit": 0.017711904539855883,
  "ive always": 0.011999569029144917,
  "running": 0.005871560336806736,
  "my companies fax": 0.016932163947340182,
  "future i": 0.012441058339999726,
  "companies fax": 0.016932163947340182,
  "gmt nntppostinghost shelduck": 0.017711904539855883,
  "nt": 0.1066184725972388,
  "up a network": 0.017711904539855883,
  "minghua shan writes": 0.017711904539855883,
  "below does windows": 0.019044879887086544,
  "be released": 0.011682107970761363,
  "current os": 0.019044879887086544,
  "monapr gmt": 0.005256188457375722,
  "dont know much": 0.01220767207652998,
  "nntppostinghost": 0.003274566815916229,
  "central": 0.008449902316648127,
  "reading": 0.0063449879167010205,
  "server replacing": 0.019044879887086544,
  "info on win": 0.017711904539855883,
  "eurocontrol": 0.033864327894680364,
  "dec alpha and": 0.017711904539855883,
  "alpha and the": 0.017711904539855883,
  "that win nt": 0.019044879887086544,
  "de la": 0.013190029045310732,
  "account monapr gmt": 0.013837091038813063,
  "supported": 0.008271574462317889,
  "network which": 0.016378929192625218,
  "ms will anounce": 0.017711904539855883,
  "the mips series": 0.017711904539855883,
  "server and": 0.011950880936867437,
  "sunos i dont": 0.019044879887086544,
  "unix is": 0.013283856284098101,
  "anounce avalaibility": 0.017711904539855883,
  "rue": 0.014433542824012756,
  "account": 0.006403187258316072,
  "includes": 0.0071883070904876605,