{
  "a color": 0.026159590280316735,
  "monochrome": 0.027941314645510234,
  "and screen": 0.037871687802972155,
  "worth trading in": 0.04522071936659818,
  "worlds and was": 0.04522071936659818,
  "color": 0.05094778973078794,
  "flickering if": 0.04522071936659818,
  "personally id prefer": 0.042055663747603,
  "few windows open": 0.04522071936659818,
  "worst of": 0.031541576564981785,
  "university of": 0.007210051180721931,
  "tastes": 0.03202267480999469,
  "used a mono": 0.04522071936659818,
  "color screen": 0.08040844979558807,
  "smaller size": 0.03572555250961263,
  "have without flickering": 0.04522071936659818,
  "worst": 0.0197770936488915,
  "or monochrome apr": 0.04522071936659818,
  "color surplus is": 0.04522071936659818,
  "small for your": 0.04522071936659818,
  "a personally": 0.042055663747603,
  "choose on": 0.04522071936659818,
  "monoscreen as": 0.04522071936659818,
  "check the colors": 0.04522071936659818,
  "or monochrome": 0.042055663747603,
  "screen": 0.069016514162389,
  "of passau": 0.04020422489779404,
  "worlds and": 0.04020422489779404,
  "video": 0.01595803082294751,
  "size if you": 0.042055663747603,
  "surplus is": 0.04522071936659818,
  "recolor or": 0.04522071936659818,
  "walther id have": 0.04522071936659818,
  "recolor": 0.04522071936659818,
  "at a time": 0.023137240339422487,
  "choose": 0.01803695984930237,
  "open if": 0.04522071936659818,
  "too small": 0.02773833856071191,
  "want to develop": 0.042055663747603,
  "in the smaller": 0.04522071936659818,
  "worth trading": 0.04522071936659818,
  "a time": 0.019900274414636716,
  "trading in": 0.042055663747603,
  "windows": 0.01274806130040569,
  "time or rarely": 0.04522071936659818,
  "germanyibmrzunipassaude walther": 0.04522071936659818,
  "check the": 0.022788505276479225,
  "run one program": 0.042055663747603,
  "size": 0.016664423423331184,
  "or rarely switch": 0.04522071936659818,
  "surprised how the": 0.04522071936659818,
  "of passau germanyibmrzunipassaude": 0.04522071936659818,
  "personally": 0.017672380454274893,
  "switch maybe": 0.04522071936659818,
  "the video": 0.024284794806458586,
  "colors i used": 0.04522071936659818,
  "winkelhake": 0.042055663747603,
  "passau": 0.037871687802972155,
  "colors looked": 0.04522071936659818,
  "rarely switch": 0.04522071936659818,
  "screen regards": 0.04522071936659818,
  "switch maybe the": 0.04522071936659818,
  "the color screen": 0.04522071936659818,
  "program": 0.012766721767919171,
  "university": 0.004457334032114231,
  "does without flickering": 0.04522071936659818,
  "i choose": 0.029540412496802997,
  "colors": 0.04392317205916201,
  "card": 0.014134258436461537,
  "develop programs you": 0.04522071936659818,
  "mono screen": 0.04020422489779404,
  "develop programs": 0.04522071936659818,
  "video card and": 0.03256049689061745,
  "tastes at a": 0.04522071936659818,
  "without flickering": 0.09044143873319636,
  "programs you": 0.037871687802972155,
  "surprised": 0.020233182043897388,
  "not too small": 0.04522071936659818,
  "the smaller size": 0.04522071936659818,
  "a few windows": 0.04522071936659818,
  "resolution the": 0.034706632183976974,
  "gmt university": 0.017760832809325118,
  "program at": 0.0331702292770308,
  "monochrome apr gmt": 0.04522071936659818,
  "germanyibmrzunipassaude walther id": 0.04522071936659818,
  "smaller size if": 0.04522071936659818,
  "trading in the": 0.04522071936659818,
  "colors i": 0.03633528489602598,
  "monoscreen as i": 0.04522071936659818,
  "both worlds": 0.037871687802972155,
  "combination": 0.02285615407001868,
  "time or": 0.026840118039040427,
  "worst of both": 0.042055663747603,
  "passau germanyibmrzunipassaude": 0.04522071936659818,
  "the maximum resolution": 0.04522071936659818,
  "id prefer": 0.028376520945986604,
  "develop": 0.020429186814294804,
  "walther id": 0.04522071936659818,
  "olaf": 0.03387411365980366,
  "the monoscreen": 0.04522071936659818,
  "size if": 0.03572555250961263,
  "mono": 0.02773833856071191,
  "passau germanyibmrzunipassaude walther": 0.04522071936659818,
  "prefer the": 0.029395441271622264,
  "choose on a": 0.04522071936659818,
  "was surprised": 0.03110637026450542,
  "to check": 0.021334378650367195,
  "maximum resolution": 0.04020422489779404,
  "screen worst of": 0.04522071936659818,
  "how the colors": 0.04522071936659818,
  "your tastes": 0.04020422489779404,
  "screen regards olaf": 0.04522071936659818,
  "the smaller": 0.02925493141469645,
  "rarely switch maybe": 0.04522071936659818,
  "to develop": 0.022280625664103774,
  "apr": 0.0059991949236947,
  "olaf winkelhake": 0.042055663747603,
  "gmt university of": 0.017805709927755542,
  "gmt": 0.0007508212971080929,
  "program at a": 0.04522071936659818,
  "color screen if": 0.04522071936659818,
  "looked": 0.016889405382266267,
  "resolution the combination": 0.04522071936659818,
  "video card": 0.022890358050517118,
  "of both worlds": 0.03889060812860782,
  "is worth": 0.024378946802818113,
  "to develop programs": 0.04522071936659818,
  "winkelhake ": 0.084111327495206,
  "windows open if": 0.04522071936659818,
  "monoscreen": 0.04522071936659818,
  "the color surplus": 0.04522071936659818,
  "screen worst": 0.04522071936659818,
  "combination of the": 0.032855193334168004,
  "regards olaf winkelhake": 0.042055663747603,
  "open": 0.014731753790127247,
  "a mono": 0.03572555250961263,
  "windows open": 0.03889060812860782,
  "flickering": 0.0740783385575977,
  "flickering id only": 0.04522071936659818,
  "tastes at": 0.04522071936659818,
  "germanyibmrzunipassaude": 0.04522071936659818,
  "worlds": 0.024331628140555343,
  "screen would have": 0.04522071936659818,
  "monochrome apr": 0.04522071936659818,
  "mono screen worst": 0.04522071936659818,
  "apr gmt": 0.006868732595201344,
  "trading": 0.027357600620350944,
  "a mono screen": 0.04522071936659818,
  "rarely": 0.023137240339422487,
  "or rarely": 0.037871687802972155,
  "switch": 0.019589997419620697,
  "screen if it": 0.04020422489779404,
  "maximum": 0.022280625664103774,
  "the colors": 0.05968987864199569,
  "of the video": 0.034706632183976974,
  "prefer the monoscreen": 0.04522071936659818,
  "is worth trading": 0.04522071936659818,
  "few windows": 0.04522071936659818,
  "programs": 0.015898243257892627,
  "colors looked i": 0.04522071936659818,
  "personally id": 0.037871687802972155,
  "small for": 0.032855193334168004,
  "card and screen": 0.04522071936659818,
  "combination of": 0.026089875795701264,
  "time": 0.007196780519758955,
  "looked i choose": 0.04522071936659818,
  "at a personally": 0.04522071936659818,
  "screen if": 0.03572555250961263,
  "surplus is worth": 0.04522071936659818,
  "flickering if this": 0.04522071936659818,
  "programs you will": 0.04522071936659818,
  "surprised how": 0.04020422489779404,
  "and was surprised": 0.037871687802972155,
  "recolor or monochrome": 0.04522071936659818,
  "worth": 0.015913116919400873,
  "maximum resolution the": 0.04522071936659818,
  "screen would": 0.03572555250961263,
  "a color screen": 0.04020422489779404,
  "have to check": 0.034706632183976974,
  "flickering id": 0.04522071936659818,
  "open if you": 0.04522071936659818,
  "card and": 0.023247274821518654,
  "olaf winkelhake ": 0.042055663747603,
  "color screen regards": 0.04522071936659818,
  "prefer": 0.018631468702292164,
  "for your tastes": 0.04522071936659818,
  "surplus": 0.030522656239346125,
  "the maximum": 0.027544002421813298,
  "the combination": 0.031318790427221826,
  "regards olaf": 0.042055663747603,
  "resolution": 0.020697258050946757,
  "on a color": 0.03703916927879885,
  "looked i": 0.04020422489779404,
  "check": 0.015146876193745789,
  "university of passau": 0.04020422489779404,
  "color surplus": 0.04522071936659818,
  "smaller": 0.020613085897116447,
  "one program": 0.04020422489779404,
  "maybe the color": 0.04522071936659818,
  "using the color": 0.04020422489779404,
  "at the maximum": 0.042055663747603,