{
  "uunettonyd": 0.019886219962419682,
  "displaying more": 0.01849435815406638,
  "byte": 0.010850457572198269,
  "notkbytes": 0.01849435815406638,
  "count": 0.01714276280367772,
  "the formatting": 0.016654416925403415,
  "just noticed": 0.015978769863915037,
  "status": 0.017597898086035162,
  "filemanger it": 0.019886219962419682,
  "of files": 0.024396370059421316,
  "bytes it displays": 0.01849435815406638,
  "uunettonyd p aka": 0.019886219962419682,
  "the decimal": 0.03698871630813276,
  "latest": 0.008487115941800644,
  "the latest": 0.009073980880513883,
  "p aka": 0.019886219962419682,
  "its truncating": 0.01849435815406638,
  "the filemanger": 0.01849435815406638,
  "confused by": 0.015474122417567836,
  "bottom of": 0.011189968275097734,
  "files say": 0.01849435815406638,
  "disk space and": 0.014318772729006467,
  "i guess": 0.0070443292031517135,
  "the selection": 0.013124581749595438,
  "scanners": 0.013343857436272128,
  "period": 0.007659222220558547,
  "masika writes i": 0.019886219962419682,
  "i select select": 0.01849435815406638,
  "didnt report": 0.01849435815406638,
  "this count": 0.015710634537359772,
  "in nicholas masika": 0.019886219962419682,
  "didnt report anything": 0.01849435815406638,
  "get an exact": 0.01849435815406638,
  "nicholas masika writes": 0.019886219962419682,
  "debari fqdn ci": 0.019886219962419682,
  "a whole bunch": 0.01387069330869681,
  "commas chopping": 0.019886219962419682,
  "exact byte count": 0.01849435815406638,
  "controls the formatting": 0.01849435815406638,
  "summary line thuapr": 0.019886219962419682,
  "report anything": 0.01849435815406638,
  "they didnt": 0.009010516343535306,
  "of usenet fantasy": 0.019886219962419682,
  "masika": 0.01849435815406638,
  "displays the total": 0.01849435815406638,
  "bowling league team": 0.019886219962419682,
  "be commas": 0.019886219962419682,
  "stacker dos": 0.017680171189993762,
  "file manager": 0.02495766300068701,
  "like and file": 0.019886219962419682,
  "set the s": 0.019886219962419682,
  "memory": 0.006852638567836336,
  "decimal points where": 0.019886219962419682,
  "the first period": 0.014448368152977493,
  "contol": 0.019886219962419682,
  "strange recently usually": 0.01849435815406638,
  "p aka skip": 0.019886219962419682,
  "is the decimal": 0.019886219962419682,
  "bunch": 0.008039036521490987,
  "panel under international": 0.019886219962419682,
  "status bar in": 0.01849435815406638,
  "captain of usenet": 0.019886219962419682,
  "bar i": 0.016288309381640456,
  "of bytes": 0.015262555117050113,
  "ive run": 0.014318772729006467,
  "file that is": 0.030142338427657154,
  "report": 0.015192932218209044,
  "in the selection": 0.017102496345713075,
  "have unknowingly altered": 0.01849435815406638,
  "in space": 0.011086969691990202,
  "they didnt report": 0.01849435815406638,
  "usenet": 0.004091899163855848,
  "debari fqdn": 0.019886219962419682,
  "report only": 0.017680171189993762,
  "fqdn": 0.019886219962419682,
  "didnt": 0.00486075444403685,
  "bar": 0.020132483586599394,
  "fprot and they": 0.01849435815406638,
  "files say it": 0.01849435815406638,
  "panel": 0.010021451115560142,
  "file size": 0.015710634537359772,
  "strange sizes": 0.01849435815406638,
  "first period": 0.013124581749595438,
  "bytes notkbytes justbytes": 0.01849435815406638,
  "a meg worth": 0.01849435815406638,
  "controls the": 0.013679307405475273,
  "current selection": 0.017102496345713075,
  "filemanager": 0.04521350764148573,
  "skip bowler": 0.019886219962419682,
  "skip": 0.012030752080033848,
  "files i will": 0.01849435815406638,
  "the s": 0.009001611530146017,
  "summary": 0.00879093293605064,
  "thinks is": 0.01849435815406638,
  "file that": 0.023535286238756836,
  "writes i": 0.005318178175115792,
  "skip bowler captain": 0.019886219962419682,
  "win": 0.00686793210808796,
  "bytes it": 0.017680171189993762,
  "ci uucp uunettonyd": 0.019886219962419682,
  "displays this": 0.017680171189993762,
  "of the file": 0.013422613888387152,
  "selection": 0.021237819375276076,
  "under international": 0.014197036540620054,
  "bunch of files": 0.01849435815406638,
  "tony debari fqdn": 0.019886219962419682,
  "select select": 0.01849435815406638,
  "the status bar": 0.03420499269142615,
  "guess": 0.0060072093193440325,
  "formatting of": 0.017680171189993762,
  "what it thinks": 0.019886219962419682,
  "select it": 0.015978769863915037,
  "bowling league": 0.019886219962419682,
  "i have unknowingly": 0.01849435815406638,
  "displays bytes": 0.03698871630813276,
  "thuapr lost": 0.019886219962419682,
  "strange sizes in": 0.01849435815406638,
  "size becomes and": 0.019886219962419682,
  "filemanager the": 0.01849435815406638,
  "and again file": 0.019886219962419682,
  "have set": 0.013504585764933848,
  "chopping": 0.031421269074719545,
  "selection if i": 0.03698871630813276,
  "displays bytes notkbytes": 0.01849435815406638,
  "count its truncating": 0.01849435815406638,
  "filemanager strange": 0.01849435815406638,
  "whole bunch": 0.013679307405475273,
  "uucp uunettonyd": 0.019886219962419682,
  "somethingone": 0.019886219962419682,
  "notkbytes justbytes": 0.01849435815406638,
  "is bytes": 0.017102496345713075,
  "is chopping": 0.019886219962419682,
  "contol panel under": 0.019886219962419682,
  "it correctly displays": 0.01849435815406638,
  "displays the": 0.014586908055561735,
  "it thinks": 0.015978769863915037,
  "team ": 0.03257661876328091,
  "virus scanners": 0.01849435815406638,
  "filemanager the status": 0.01849435815406638,
  "bunch of": 0.008322160175517512,
  "somethingone may": 0.019886219962419682,
  "that controls": 0.016288309381640456,
  "displays": 0.04164529052200729,
  "fprot and": 0.01849435815406638,
  "altered something that": 0.01849435815406638,
  "justbytes if": 0.01849435815406638,
  "virus scanners fprot": 0.01849435815406638,
  "space": 0.01191564178895965,
  "selection if": 0.03698871630813276,
  "over a meg": 0.01849435815406638,
  "of usenet": 0.013268073645141914,
  "lost in": 0.011803184438855127,
  "space in": 0.013590046838063962,
  "status bar": 0.03420499269142615,
  "sounds like": 0.008759184731177863,
  "with displaying": 0.017102496345713075,
  "an exact": 0.013772721091489115,
  "i select": 0.0814415469082023,
  "and they didnt": 0.015262555117050113,
  "scanners fprot and": 0.01849435815406638,
  "confused by the": 0.017680171189993762,
  "reportsbytes": 0.01849435815406638,
  "aka skip bowler": 0.019886219962419682,
  "period tony": 0.019886219962419682,
  "displays bytes if": 0.01849435815406638,
  "manager is chopping": 0.019886219962419682,
  "problem": 0.0042799744675687534,
  "worth of files": 0.01849435815406638,
  "usenet fantasy": 0.019886219962419682,
  "current": 0.00640394982203922,
  "total number": 0.013268073645141914,
  "have unknowingly": 0.01849435815406638,
  "it displays": 0.014896447573287152,
  "total": 0.014903514264297712,
  "line thuapr lost": 0.019886219962419682,
  "worth": 0.0069979369585317095,
  "lost in space": 0.016654416925403415,
  "number": 0.0050689345655757,
  "reportsbytes its as": 0.01849435815406638,
  "select a file": 0.03420499269142615,
  "may have set": 0.017680171189993762,
  "dos": 0.007204778192294514,
  "is saybytes": 0.01849435815406638,
  "noticed": 0.008229322434474927,
  "formatting of the": 0.017680171189993762,
  "bytes in the": 0.019886219962419682,
  "s separator": 0.019886219962419682,
  "fantasy bowling league": 0.019886219962419682,
  "thinks is the": 0.019886219962419682,
  "decimal": 0.031421269074719545,
  "the file size": 0.019886219962419682,
  "fqdn ci": 0.019886219962419682,
  "system memory stacker": 0.01849435815406638,
  "of the filemanager": 0.01849435815406638,
  "something that controls": 0.01849435815406638,
  "select it will": 0.01849435815406638,
  "somethingone may have": 0.019886219962419682,
  "ci": 0.012581830083451038,
  "justbytes": 0.01849435815406638,
  "displays this count": 0.01849435815406638,