{
  "work with": 0.0173767328141707,
  "nonwindows applications under": 0.03340016933398083,
  "use the mouse": 0.028487373379097035,
  "university of": 0.01238432320453414,
  "version didnt": 0.03452833432398782,
  "applies": 0.018428748447875325,
  "guerke": 0.0388366178089608,
  "gmt in article": 0.007137289931367168,
  "nonwindows": 0.029806872346239046,
  "support it": 0.024676155406434426,
  "mouse to work": 0.03340016933398083,
  "in article": 0.0033628160842245815,
  "video driver": 0.027725977244034458,
  "the driver": 0.0199653066114219,
  "article": 0.0030917935455430524,
  "your video": 0.03452833432398782,
  "stephen guerke coord": 0.0388366178089608,
  "rodents use": 0.0388366178089608,
  "a video driver": 0.03452833432398782,
  "mouse in nonwindows": 0.03340016933398083,
  "nntppostinghost raveludeledu": 0.02654056206021903,
  "i dont": 0.007159137166855228,
  "apps": 0.02093721313653791,
  "video": 0.027410264707651018,
  "nonwindows applications": 0.03252509658372903,
  "rodents": 0.03181011008649784,
  "and supervga": 0.0388366178089608,
  "drivers": 0.015253421118596866,
  "driver": 0.05923871932816969,
  "mouse to": 0.027501826601524854,
  "come with windows": 0.0388366178089608,
  "coord computer": 0.0388366178089608,
  "guerke coord computer": 0.0388366178089608,
  "windows also": 0.03252509658372903,
  "dont know if": 0.018098315727805757,
  "windowed dos": 0.03181011008649784,
  "didnt allow": 0.03181011008649784,
  "program georgetown de": 0.0388366178089608,
  "lucky": 0.01876605383869901,
  "logitech": 0.025498588861266068,
  "and will support": 0.03452833432398782,
  "windows": 0.03284500499751584,
  "mouse": 0.06898832949572768,
  "article lgvmc writes": 0.036118393571470814,
  "comes with windows": 0.03068194509649085,
  "applies to": 0.02062332016526914,
  "both the vga": 0.0388366178089608,
  "lmouse driver": 0.0388366178089608,
  "driver that supports": 0.0388366178089608,
  "steve stephen guerke": 0.0388366178089608,
  "lmouse driver that": 0.0388366178089608,
  "article lgvmc": 0.036118393571470814,
  "my microsoft mouse": 0.03452833432398782,
  "video driver that": 0.0388366178089608,
  "my microsoft": 0.03340016933398083,
  "compatable and": 0.036118393571470814,
  "supervga that": 0.0388366178089608,
  "dos": 0.014070507999069287,
  "stephen": 0.01678164719646143,
  "a video": 0.022846274891683463,
  "it applies": 0.02909188584900785,
  "of delaware": 0.043015662223438465,
  "nntppostinghost raveludeledu university": 0.02654056206021903,
  "driver that": 0.11090390897613783,
  "for logitech rodents": 0.0388366178089608,
  "supervga that come": 0.0388366178089608,
  "in article lgvmc": 0.036118393571470814,
  "a mouse": 0.024783602364034873,
  "program": 0.010964361047742347,
  "university": 0.007656126690455032,
  "that is compatable": 0.0388366178089608,
  "addition to this": 0.03120559761658702,
  "card": 0.01213883371601991,
  "lgvmc writes one": 0.0388366178089608,
  "microsoft mouse to": 0.03452833432398782,
  "with windowed dos": 0.03452833432398782,
  "raveludeledu university": 0.02654056206021903,
  "raveludeledu": 0.026213575358497263,
  "to work": 0.01413485605658455,
  "this i dont": 0.025769149141607054,
  "video card might": 0.0388366178089608,
  "didnt": 0.009492767502471968,
  "lucky the manufacturer": 0.0388366178089608,
  "of your video": 0.0388366178089608,
  "for my microsoft": 0.03452833432398782,
  "mouse in": 0.027963720859000868,
  "some reason": 0.020439175133552392,
  "mouse both the": 0.0388366178089608,
  "program georgetown": 0.0388366178089608,
  "thuapr gmt": 0.010028734632830237,
  "applies to everybody": 0.03120559761658702,
  "drivers if": 0.03181011008649784,
  "windows also you": 0.0388366178089608,
  "that supports": 0.025769149141607054,
  "card might have": 0.0388366178089608,
  "microsoft mouse": 0.03068194509649085,
  "in nonwindows": 0.03340016933398083,
  "supports use of": 0.0388366178089608,
  "is compatable": 0.03452833432398782,
  "compatable and will": 0.0388366178089608,
  "if it applies": 0.03452833432398782,
  "supervga": 0.03120559761658702,
  "mswindows": 0.02093721313653791,
  "addition to": 0.019429716278066018,
  "steve stephen": 0.036118393571470814,
  "the manufacturer": 0.02365543737402789,
  "writes one addition": 0.0388366178089608,
  "of these arecolor": 0.0388366178089608,
  "windows will support": 0.0388366178089608,
  "university of delaware": 0.0433043992675382,
  "thuapr gmt in": 0.014171066550494141,
  "resources": 0.017075535123097188,
  "came with windows": 0.029433106935241694,
  "in nonwindows applications": 0.03340016933398083,
  "of the mouse": 0.03181011008649784,
  "addition": 0.015667665110259105,
  "steve": 0.012901777736884092,
  "support a": 0.023266845598952472,
  "mouse steve": 0.0388366178089608,
  "for some reason": 0.02127843422277175,
  "vga and supervga": 0.0388366178089608,
  "using a video": 0.0388366178089608,
  "resources university of": 0.03252509658372903,
  "lucky the": 0.02877799287773908,
  "manufacturer of": 0.027725977244034458,
  "reason for": 0.017295200384095898,
  "writes one": 0.022846274891683463,
  "resources university": 0.03252509658372903,
  "dos apps": 0.027501826601524854,
  "of delaware thuapr": 0.03252509658372903,
  "video card": 0.019658778090444116,
  "gmt": 0.0006448229963398916,
  "windowed": 0.02821681309875605,
  "use the lmouse": 0.0388366178089608,
  "computer resources university": 0.0388366178089608,
  "supports use": 0.0388366178089608,
  "reason for logitech": 0.0388366178089608,
  "applications under mswindows": 0.03340016933398083,
  "dont know": 0.011012835937246557,
  "the vga": 0.027725977244034458,
  "the mouse": 0.041554253767034595,
  "windows will": 0.027501826601524854,
  "computer resources": 0.03340016933398083,
  "these arecolor drivers": 0.0388366178089608,
  "reason": 0.010402753056416952,
  "de": 0.01607138263673927,
  "rodents use the": 0.0388366178089608,
  "with windows": 0.06636067840286691,
  "supports": 0.017045135214060647,
  "arecolor drivers": 0.0388366178089608,
  "delaware parallel": 0.0388366178089608,
  "under mswindows": 0.027963720859000868,
  "support a mouse": 0.0388366178089608,
  "windows version": 0.024370423871259084,
  "drivers if youre": 0.0388366178089608,
  "one addition": 0.03452833432398782,
  "work with windowed": 0.03452833432398782,
  "parallel program": 0.0388366178089608,
  "mswindows sender": 0.03340016933398083,
  "work": 0.007977718293278353,
  "stephen guerke": 0.0388366178089608,
  "vga and": 0.03068194509649085,
  "support it both": 0.0388366178089608,
  "a driver": 0.02365543737402789,
  "dos apps i": 0.03252509658372903,
  "under mswindows sender": 0.036118393571470814,
  "arecolor": 0.0388366178089608,
  "sender": 0.002566092336143591,
  "version": 0.009978457423304506,
  "logitech rodents": 0.0388366178089608,
  "if youre lucky": 0.029433106935241694,
  "mouse both": 0.0388366178089608,
  "support": 0.02112939046809485,
  "apps i": 0.03120559761658702,
  "georgetown": 0.02877799287773908,
  "delaware": 0.04171270637344651,
  "logitech rodents use": 0.0388366178089608,
  "will support": 0.05024964690053743,
  "the lmouse driver": 0.0388366178089608,
  "parallel": 0.018058902646027317,
  "microsoft": 0.016495074724625875,
  "sender nntppostinghost": 0.01169286022405441,
  "manufacturer": 0.02009495705166068,
  "nntppostinghost": 0.006677548016770349,
  "version didnt allow": 0.03452833432398782,
  "youre lucky": 0.02877799287773908,
  "sender nntppostinghost raveludeledu": 0.02654056206021903,
  "de ": 0.06505019316745805,
  "georgetown de ": 0.0388366178089608,
  "apps i had": 0.03452833432398782,
  "dont": 0.004778815994733197,
  "georgetown de": 0.0388366178089608,
  "lmouse": 0.0388366178089608,
  "lgvmc": 0.036118393571470814,
  "applications under": 0.03340016933398083,
  "a mouse steve": 0.0388366178089608,
  "arecolor drivers if": 0.0388366178089608,
  "windowed dos apps": 0.03452833432398782,