{
  "the correct resolution": 0.023138639115151873,
  "resources or": 0.019899633598516615,
  "fonts in": 0.015713279698451068,
  "printer": 0.051143511707397414,
  "resolution such": 0.023138639115151873,
  "format": 0.00948549795386365,
  "ps": 0.053002496239775,
  "life": 0.0064295609284585695,
  "use use atm": 0.020571787973403956,
  "fonts if": 0.01937827016086659,
  "print": 0.02042031800260506,
  "a ps font": 0.019899633598516615,
  "fine on": 0.015713279698451068,
  "problem with tt": 0.023138639115151873,
  "service bureau": 0.018952285215086326,
  "mit artificial intelligence": 0.01511530452523331,
  "hinting is": 0.023138639115151873,
  "atm at": 0.01937827016086659,
  "good when printed": 0.023138639115151873,
  "bureau and": 0.021519136356834244,
  "final output device": 0.023138639115151873,
  "good as": 0.012199080173272857,
  "atm": 0.04774973192471976,
  "some fonts": 0.020571787973403956,
  "the final": 0.01086697222719246,
  "resolution set": 0.023138639115151873,
  "driver": 0.017647048397994473,
  "what ive heard": 0.016660628081881356,
  "hinting is even": 0.023138639115151873,
  "font": 0.011765895072031355,
  "the printer driver": 0.021519136356834244,
  "article lamont": 0.023138639115151873,
  "first place": 0.010701699911557463,
  "article": 0.0018420732572744822,
  "highquality typefonts": 0.021519136356834244,
  "windows": 0.006522956599973939,
  "atmanager is": 0.01937827016086659,
  "turned on": 0.014899479010908507,
  "artificial intelligence labkauaiaimitedu": 0.023138639115151873,
  "atm otherwise": 0.020571787973403956,
  "the ps driver": 0.023138639115151873,
  "waste of": 0.012989561026708688,
  "printed at": 0.020571787973403956,
  "intelligence labkauaiaimitedu": 0.023138639115151873,
  "mit artificial": 0.01511530452523331,
  "the resulting fonts": 0.023138639115151873,
  "of wedapr gmt": 0.01511530452523331,
  "the resolution": 0.014899479010908507,
  "print to file": 0.021519136356834244,
  "downs writes so": 0.023138639115151873,
  "service": 0.007938209068123305,
  "a different resolution": 0.023138639115151873,
  "file is generated": 0.023138639115151873,
  "setter a problem": 0.023138639115151873,
  "inreplyto message of": 0.010645397220952183,
  "labkauaiaimitedu inreplyto": 0.023138639115151873,
  "device image": 0.023138639115151873,
  "assumed": 0.011166760658602205,
  "as ps fonts": 0.020571787973403956,
  "a service bureau": 0.01937827016086659,
  "printed at a": 0.023138639115151873,
  "use a service": 0.021519136356834244,
  "set for the": 0.019899633598516615,
  "artificial intelligence": 0.012704274351940232,
  "look good": 0.014969228924809631,
  "artificial": 0.011576116006791669,
  "resolution so when": 0.023138639115151873,
  "final output": 0.019899633598516615,
  "downs": 0.01753608006655755,
  "correct resolution": 0.023138639115151873,
  "printer results": 0.019899633598516615,
  "message": 0.006364555074254599,
  "of the resolution": 0.021519136356834244,
  "these better printer": 0.01937827016086659,
  "image setter a": 0.023138639115151873,
  "result is": 0.014244567877370756,
  "service bureau and": 0.021519136356834244,
  "good as using": 0.021519136356834244,
  "you print": 0.03790457043017265,
  "fonts if you": 0.020571787973403956,
  "of outputting": 0.021519136356834244,
  "system resources": 0.018004936831656035,
  "place unless": 0.023138639115151873,
  "for this printer": 0.019899633598516615,
  "typeis not": 0.021519136356834244,
  "worth it": 0.013818582931590486,
  "with tt fonts": 0.021519136356834244,
  "tt there are": 0.019899633598516615,
  "take a ps": 0.023138639115151873,
  "unless you print": 0.023138639115151873,
  "better printer": 0.018952285215086326,
  "lamont downs": 0.01937827016086659,
  "good": 0.018879214783532758,
  "good that": 0.013458417791807174,
  "intelligence labkauaiaimitedu inreplyto": 0.023138639115151873,
  "fonts that": 0.017332782456768697,
  "fonts that are": 0.020571787973403956,
  "file with the": 0.018004936831656035,
  "downs writes": 0.023138639115151873,
  "of outputting tt": 0.021519136356834244,
  "printer driver when": 0.023138639115151873,
  "of wedapr": 0.014701915020188734,
  "converted to format": 0.023138639115151873,
  "not hinted": 0.023138639115151873,
  "typeis": 0.021519136356834244,
  "tt fonts": 0.03718424015060602,
  "ps file": 0.03979926719703323,
  "an image": 0.013212248362700102,
  "re atm": 0.018004936831656035,
  "the first place": 0.010941546065903453,
  "place": 0.006290932448160706,
  "available as ps": 0.020571787973403956,
  "printer driver": 0.015713279698451068,
  "worth it to": 0.017145766784634264,
  "do get converted": 0.023138639115151873,
  "generated but": 0.021519136356834244,
  "gmt life": 0.023138639115151873,
  "device of": 0.04303827271366849,
  "resolution assumed by": 0.023138639115151873,
  "wedapr gmt in": 0.008954672460940451,
  "and tt": 0.018952285215086326,
  "driver when": 0.021519136356834244,
  "they will work": 0.020571787973403956,
  "the printer": 0.0134216225652461,
  "system resources or": 0.021519136356834244,
  "the resolution assumed": 0.023138639115151873,
  "good that there": 0.01937827016086659,
  "generated": 0.011592745604382473,
  "result": 0.008231810757909434,
  "apr gmt": 0.0035146085008156405,
  "to format": 0.016660628081881356,
  "that printer": 0.020571787973403956,
  "assumed by the": 0.020571787973403956,
  "article lamont downs": 0.023138639115151873,
  "setter then": 0.023138639115151873,
  "theyre only set": 0.021519136356834244,
  "using highquality": 0.021519136356834244,
  "apr gmt life": 0.023138639115151873,
  "ps driver set": 0.023138639115151873,
  "pure hearsay the": 0.021519136356834244,
  "to file": 0.014969228924809631,
  "inreplyto message": 0.009217086094054255,
  "as ps": 0.020571787973403956,
  "device of different": 0.023138639115151873,
  "with the correct": 0.018952285215086326,
  "this printer": 0.017758767402548965,
  "technologies": 0.011237353599248226,
  "device": 0.028436206305331387,
  "ps fonts if": 0.020571787973403956,
  "from what ive": 0.014831751121017731,
  "problem": 0.00497997029170383,
  "work fine on": 0.01859212007530301,
  "good ": 0.03429153356926853,
  "isnt any": 0.014462068865842745,
  "results of outputting": 0.021519136356834244,
  "are some fonts": 0.020571787973403956,
  "atm apr gmt": 0.021519136356834244,
  "printer technologies and": 0.01937827016086659,
  "diff whether": 0.01937827016086659,
  "generated but they": 0.023138639115151873,
  "worth": 0.008142459358291568,
  "writes so": 0.01185753225229603,
  "setter a": 0.023138639115151873,
  "assumed by": 0.020571787973403956,
  "image setter": 0.046277278230303746,
  "printer technologies": 0.01937827016086659,
  "fine": 0.007543869508108825,
  "to an attached": 0.020571787973403956,
  "is it worth": 0.016811419019118673,
  "labkauaiaimitedu inreplyto message": 0.023138639115151873,
  "set up": 0.019831099651987764,
  "outputting tt": 0.021519136356834244,
  "gmt in": 0.004004890223245564,
  "of different resolution": 0.023138639115151873,
  "a problem": 0.008513448778551588,
  "and the hinting": 0.023138639115151873,
  "ive heard pure": 0.021519136356834244,
  "fonts as typeis": 0.021519136356834244,
  "highquality typefonts in": 0.021519136356834244,
  "fonts as": 0.01859212007530301,
  "turned": 0.009241361103047562,
  "ps driver": 0.023138639115151873,
  "a ps file": 0.020571787973403956,
  "file made": 0.023138639115151873,
  "ps file made": 0.023138639115151873,
  "windows is": 0.013775711112272269,
  "atmanager is turned": 0.01937827016086659,
  "file": 0.021520835106300013,
  "waste": 0.009964913252222561,
  "when the ps": 0.023138639115151873,
  "mit": 0.011044831328764423,
  "gmt life mit": 0.023138639115151873,
  "output device image": 0.023138639115151873,
  "atm otherwise it": 0.020571787973403956,
  "a service": 0.013952130627478215,
  "ps printer": 0.020571787973403956,
  "will work": 0.011385279485730298,
  "format ok": 0.023138639115151873,