{
  "the task list": 0.05249303562563862,
  "id rather set": 0.05249303562563862,
  "stupid signature files": 0.06267935152712027,
  "thuapr gmt is": 0.05249303562563862,
  "access thuapr": 0.058292344055221886,
  "manager i know": 0.05249303562563862,
  "shortcut key": 0.05249303562563862,
  "key to": 0.03535347739081451,
  "alt any": 0.06267935152712027,
  "files gerry swetsky": 0.06267935152712027,
  "help stamp": 0.06267935152712027,
  "stamp": 0.04036061402954963,
  "and usenet": 0.05390533658332349,
  "questions": 0.01895305545550495,
  "possible to change": 0.05036346450778285,
  "return to": 0.032019939587508935,
  "gmt": 0.0010406953421941288,
  "the icons": 0.05036346450778285,
  "icons": 0.03743261705519448,
  "alt": 0.04074431416762833,
  "usenet home": 0.058292344055221886,
  "welcomed help stamp": 0.06267935152712027,
  "in the program": 0.044385859388536945,
  "to the program": 0.045539793292296155,
  "groups id": 0.05572610919377781,
  "home vpnet": 0.06267935152712027,
  "a shortcut key": 0.05249303562563862,
  "unix and usenet": 0.06267935152712027,
  "the task": 0.03831132873148699,
  "questions vpnet public": 0.06267935152712027,
  "change": 0.01880927680813639,
  "access thuapr gmt": 0.058292344055221886,
  "know ctlesc esc": 0.05249303562563862,
  "manager two": 0.05133910172187942,
  "return": 0.023500140097669972,
  "can avoid": 0.04036061402954963,
  "public": 0.03377771039202749,
  "welcomed": 0.040549556834294447,
  "to the pm": 0.05249303562563862,
  "unix": 0.020908019253621304,
  "avoid the task": 0.05249303562563862,
  "to change": 0.02641289720450271,
  "public access": 0.051574581312339184,
  "know ctlesc": 0.05249303562563862,
  "set": 0.033347055861914957,
  "vpnet public access": 0.10267820344375884,
  "individuality can": 0.058292344055221886,
  "vpnet public": 0.10267820344375884,
  "vpnet ": 0.12535870305424054,
  "access unix": 0.02788714756956836,
  "the program groups": 0.05572610919377781,
  "program manager": 0.0783514617035531,
  "program groups": 0.05572610919377781,
  "to return": 0.03385734588407888,
  "task": 0.03168036545148159,
  "stupid": 0.02441982422309488,
  "access": 0.03548494145133852,
  "gerry": 0.03666116251336514,
  "change the": 0.027107194149163624,
  "gmt is": 0.040549556834294447,
  "swetsky vpnet public": 0.06267935152712027,
  "you set": 0.04230671972415698,
  "program groups id": 0.05572610919377781,
  "set up a": 0.035790141134402806,
  "public access unix": 0.027939239336255167,
  "manager two questions": 0.05133910172187942,
  "stamp out stupid": 0.06267935152712027,
  "can you set": 0.05249303562563862,
  "shortcut": 0.04644549483432573,
  "gmt is it": 0.05036346450778285,
  "manager i": 0.04404366178556052,
  "individuality": 0.05249303562563862,
  "list and": 0.03720244209208768,
  "ctlesc": 0.05249303562563862,
  "icons in": 0.05036346450778285,
  "individuality can you": 0.058292344055221886,
  "with alt": 0.05249303562563862,
  "up a shortcut": 0.05249303562563862,
  "two questions vpnet": 0.06267935152712027,
  "public access thuapr": 0.058292344055221886,
  "is welcomed": 0.05249303562563862,
  "usenet home vpnet": 0.06267935152712027,
  "program": 0.053086937984322125,
  "ctlesc esc will": 0.05249303562563862,
  "list": 0.018531162112842094,
  "ctlesc esc": 0.05249303562563862,
  "groups id like": 0.05572610919377781,
  "key to return": 0.05249303562563862,
  "usenet": 0.012897251794938053,
  "alt any and": 0.06267935152712027,
  "stamp out": 0.05390533658332349,
  "the program": 0.05556846576101292,
  "gerry swetsky vpnet": 0.06267935152712027,
  "rather set": 0.05249303562563862,
  "out stupid signature": 0.06267935152712027,
  "swetsky vpnet": 0.06267935152712027,
  "swetsky": 0.05249303562563862,
  "gerry swetsky": 0.05249303562563862,
  "welcomed help": 0.06267935152712027,
  "signature files gerry": 0.06267935152712027,
  "files gerry": 0.06267935152712027,
  "esc will do": 0.05249303562563862,
  "change the icons": 0.05572610919377781,
  "signature files": 0.05390533658332349,
  "two questions": 0.03887428750374329,
  "manager": 0.04707833734617114,
  "list and get": 0.05249303562563862,
  "thuapr": 0.01543561839650934,
  "i know ctlesc": 0.05249303562563862,
  "the pm": 0.049518329111425105,
  "program manager i": 0.05249303562563862,
  "thuapr gmt": 0.01618561602133994,
  "access unix and": 0.05572610919377781,
  "unix and": 0.04115278582039777,
  "avoid": 0.02461786319773545,
  "set it up": 0.04513132163952672,
  "a shortcut": 0.05249303562563862,
  "help is welcomed": 0.06267935152712027,
  "pm": 0.03109433515510295,
  "groups": 0.02304965732255671,
  "set up": 0.026859843832439126,
  "questions vpnet": 0.06267935152712027,
  "icons in the": 0.05390533658332349,
  "signature": 0.031358086398144525,
  "esc": 0.044385859388536945,
  "task list and": 0.05249303562563862,
  "them some individuality": 0.05572610919377781,
  "task list": 0.05249303562563862,
  "return to the": 0.038728784223840136,
  "some individuality": 0.05572610919377781,
  "i can avoid": 0.04644549483432573,
  "avoid the": 0.03616254936239606,
  "stupid signature": 0.06267935152712027,
  "set it": 0.038447443954404484,
  "esc will": 0.05249303562563862,
  "out stupid": 0.06267935152712027,
  "vpnet": 0.15401730516563827,
  "pm with alt": 0.05249303562563862,
  "files": 0.021198760362399947,
  "key": 0.020572623493238327,
  "pm with": 0.05133910172187942,
  "program manager two": 0.05133910172187942,
  "shortcut key to": 0.05249303562563862,
  "the program manager": 0.04644549483432573
}