{
  " eps display": 0.1151550876893605,
  "eps display": 0.1151550876893605,
  "software friapr pdt": 0.1151550876893605,
  "eps": 0.164421492958809,
  "dos andor windows": 0.1151550876893605,
  "display software friapr": 0.1151550876893605,
  " eps": 0.10709523675261695,
  "your reply": 0.08032099148524433,
  "systems": 0.03123132685567989,
  "sharewarefreeware": 0.0990353858158734,
  "hal adam ": 0.10709523675261695,
  "dos": 0.041720692322821724,
  "pdt": 0.05445327576984509,
  "files on": 0.07063600168367334,
  "systems corporation nntppostinghost": 0.10709523675261695,
  "friapr": 0.02571721765667973,
  "nntppostinghost": 0.019799706328795803,
  "on a pc": 0.0667959820688992,
  "pc": 0.03989524705562909,
  "pc with": 0.0786958526204169,
  "adam": 0.05557411118467145,
  "one display eps": 0.1151550876893605,
  "any sharewarefreeware": 0.1151550876893605,
  "govbcca does": 0.1151550876893605,
  "corporation nntppostinghost": 0.10238052619321969,
  "one display": 0.10709523675261695,
  "bc": 0.052979418727529475,
  "pdt bc systems": 0.10709523675261695,
  "govbcca does any": 0.1151550876893605,
  "reply would": 0.09644069335873141,
  "bc systems": 0.08727258451728642,
  "corporation": 0.039282649807459775,
  "andor windows": 0.1151550876893605,
  "with dos": 0.07169381305815854,
  "with dos andor": 0.1151550876893605,
  "windows your": 0.10709523675261695,
  "files on a": 0.09097553487912985,
  "pc with dos": 0.1151550876893605,
  "dos andor": 0.1151550876893605,
  "appreciated thanks": 0.059105302042790304,
  "friapr pdt bc": 0.10709523675261695,
  "be much appreciated": 0.0752250039162774,
  "a pc": 0.054901790592940904,
  "windows your reply": 0.1151550876893605,
  "software": 0.06272000580959886,
  "sharewarefreeware software which": 0.1151550876893605,
  "lets one display": 0.1151550876893605,
  "hal": 0.07316767010047416,
  "systems corporation": 0.07115288264379932,
  "friapr pdt": 0.08032099148524433,
  "much appreciated": 0.06834867268081225,
  "bc systems corporation": 0.08727258451728642,
  "software which": 0.0786958526204169,
  "any sharewarefreeware software": 0.1151550876893605,
  "of any sharewarefreeware": 0.1151550876893605,
  "appreciated thanks hal": 0.1151550876893605,
  "corporation nntppostinghost govbcca": 0.10709523675261695,
  "adam ": 0.19288138671746283,
  "nntppostinghost govbcca does": 0.1151550876893605,
  "windows": 0.032463086334754025,
  "reply would be": 0.09644069335873141,
  "eps files on": 0.10238052619321969,
  "software friapr": 0.10238052619321969,
  "appreciated": 0.03947172563155024,
  "sharewarefreeware software": 0.10709523675261695,
  "hal adam": 0.10709523675261695,
  "display software": 0.09644069335873141,
  "eps display software": 0.1151550876893605,
  "nntppostinghost govbcca": 0.10709523675261695,
  "thanks hal": 0.10709523675261695,
  "andor windows your": 0.1151550876893605,
  "reply": 0.04201886012065123,
  "display eps files": 0.1151550876893605,
  "pdt bc": 0.10709523675261695,
  "files": 0.038946559735572,
  "andor": 0.04724064981292564,
  "govbcca": 0.10709523675261695,
  "software which lets": 0.1151550876893605,
  "display eps": 0.1151550876893605,
  "display": 0.08668535514370329,
  "thanks hal adam": 0.1151550876893605,
  "eps files": 0.09644069335873141
}