{
  "peter ptattam international": 0.09805284694341587,
  "for winsock version": 0.09119000357153523,
  "gmt contact": 0.09805284694341587,
  "university of": 0.03126735066491293,
  "for details peter": 0.09119000357153523,
  "programmer psychology": 0.09805284694341587,
  "department australia": 0.09805284694341587,
  "testers required for": 0.09119000357153523,
  "phone university": 0.07060147345589328,
  "hobart tasmania australia": 0.09805284694341587,
  "programmer": 0.049412699559890604,
  "version of windows": 0.07525497473555404,
  "details peter ptattam": 0.09805284694341587,
  "phone programmer": 0.09805284694341587,
  "contact": 0.03445634235397508,
  "winsock": 0.07878640982405634,
  "required for winsock": 0.09119000357153523,
  "for details": 0.055988537616194496,
  "trumpet sender": 0.09805284694341587,
  "department": 0.057162927869124434,
  "psychology department university": 0.09119000357153523,
  "me for details": 0.08717549755066231,
  "tasmania hobart tasmania": 0.09805284694341587,
  "university of tasmania": 0.15492863365554785,
  "of windows": 0.05735112551595734,
  "windows": 0.027641835888998476,
  "version of": 0.038343091891324156,
  "of tasmania": 0.15492863365554785,
  "details": 0.03776527391918968,
  "peter ptattam": 0.09805284694341587,
  "sender psychology department": 0.09805284694341587,
  "international phone programmer": 0.09805284694341587,
  "winsock version": 0.09119000357153523,
  "beta": 0.053835934877528906,
  "windows trumpet sender": 0.09805284694341587,
  "psychology": 0.10613946057455444,
  "phone university of": 0.07124046871468112,
  "trumpet sender psychology": 0.09805284694341587,
  "tasmania satapr gmt": 0.09805284694341587,
  "tasmania australia": 0.08031265417878167,
  "version": 0.02519313507864009,
  "details peter": 0.09119000357153523,
  "winsock version of": 0.09119000357153523,
  "programmer psychology department": 0.09805284694341587,
  "sender": 0.006478747977392235,
  "satapr": 0.03217014872378004,
  "university": 0.019329824812534983,
  "testers required": 0.09119000357153523,
  "psychology department": 0.16423563621486933,
  "australia ": 0.12570276197615027,
  "of windows trumpet": 0.09805284694341587,
  "beta testers required": 0.09119000357153523,
  "testers": 0.07192356645217568,
  "required for": 0.056722279914746196,
  "tasmania": 0.22889444447372623,
  "hobart tasmania": 0.09805284694341587,
  "department australia phone": 0.09805284694341587,
  "beta testers": 0.07629814815790874,
  "australia phone university": 0.09805284694341587,
  "of tasmania hobart": 0.09805284694341587,
  "australia phone": 0.07431130958897655,
  "contact me for": 0.07746431682777392,
  "phone programmer psychology": 0.09805284694341587,
  "satapr gmt": 0.03339069221345661,
  "department university": 0.06618278927145349,
  "ptattam international": 0.09805284694341587,
  "gmt": 0.001628018456105667,
  "contact me": 0.054066200839551354,
  "of tasmania satapr": 0.09805284694341587,
  "sender psychology": 0.09805284694341587,
  "tasmania australia ": 0.09805284694341587,
  "department university of": 0.06618278927145349,
  "tasmania satapr": 0.09805284694341587,
  "phone": 0.05799720059920709,
  "psychology department australia": 0.09805284694341587,
  "gmt contact me": 0.09805284694341587,
  "ptattam international phone": 0.09805284694341587,
  "windows trumpet": 0.09805284694341587,
  "australia": 0.08495464227518679,
  "ptattam": 0.09805284694341587,
  "peter": 0.03646284525926004,
  "international": 0.036967592166272746,
  "required": 0.03678290513071696,
  "tasmania hobart": 0.09805284694341587,
  "satapr gmt contact": 0.09805284694341587,
  "trumpet": 0.07124046871468112,
  "hobart": 0.09119000357153523,
  "for winsock": 0.09119000357153523,
  "international phone": 0.09805284694341587
}