{
  "ntfs was supposed": 0.08449715927270696,
  "winnt ntfs file": 0.08449715927270696,
  "something the winnt": 0.08449715927270696,
  "havnt": 0.07300392102963019,
  "writing": 0.03672880906149093,
  "news system": 0.025089519669917137,
  "i thought": 0.03276913478340653,
  "read i": 0.061325336847860575,
  "file systems apr": 0.09085630771821104,
  "apr": 0.012053428332927885,
  "edinburgh uknntppostinghost trapdoorspidercouk": 0.09085630771821104,
  "thought": 0.02466819382691614,
  "trapdoorspidercouk": 0.09085630771821104,
  "gmt": 0.0015085308629969943,
  "sender usenet news": 0.02244316928589562,
  "spider systems": 0.0760908222830358,
  "system keith ": 0.09085630771821104,
  "supposed": 0.03341142988040331,
  "havnt tried writing": 0.08449715927270696,
  "thought ntfs was": 0.08449715927270696,
  "than the fat": 0.08449715927270696,
  "usenet news": 0.022054259180667658,
  "fat system keith": 0.08449715927270696,
  "usenet news system": 0.02623215269734237,
  "apr gmt sender": 0.02077226027179661,
  "it breaks": 0.07300392102963019,
  "limited edinburgh": 0.0760908222830358,
  "the fat system": 0.08449715927270696,
  "gmt sender": 0.016495688309906907,
  "havnt tried": 0.08449715927270696,
  "read i havnt": 0.08449715927270696,
  "file system": 0.06337252539202763,
  "winnt ntfs": 0.08449715927270696,
  "edinburgh uknntppostinghost": 0.09085630771821104,
  "the winnt ntfs": 0.08449715927270696,
  "limited": 0.0350143377465385,
  "ntfs file system": 0.08449715927270696,
  "tried writing": 0.08077729589556784,
  "news system spider": 0.09085630771821104,
  "apr gmt": 0.013800481085771508,
  "writing in": 0.06209030573720967,
  "winnt": 0.1521816445660716,
  "breaks something": 0.08449715927270696,
  "uknntppostinghost": 0.07813801082720287,
  "writing in case": 0.08449715927270696,
  "edinburgh": 0.05701337694652355,
  "spider": 0.06885726851822599,
  "systems apr": 0.07813801082720287,
  "the fat": 0.06169985055905557,
  "i havnt": 0.07813801082720287,
  "how doscan": 0.08449715927270696,
  "system i": 0.04599071938590137,
  "thought ntfs": 0.08449715927270696,
  "system spider": 0.09085630771821104,
  "how doscan read": 0.08449715927270696,
  "ntfs file": 0.08449715927270696,
  "supposed to be": 0.04321450174674122,
  "sender": 0.0060032435386845485,
  "system spider systems": 0.09085630771821104,
  "file systems": 0.08449715927270696,
  "read": 0.020878836245839447,
  "winnt file": 0.08449715927270696,
  "doscan read": 0.08449715927270696,
  "usenet": 0.018695098932112044,
  "systems": 0.04928246072639396,
  "doscan": 0.08449715927270696,
  "supposed to": 0.034235201319945764,
  "file system i": 0.07813801082720287,
  "case": 0.021123257630668996,
  "keith ": 0.1051183536034746,
  "in case": 0.04401277126040754,
  "the winnt": 0.08449715927270696,
  "case it breaks": 0.08449715927270696,
  "systems apr gmt": 0.07813801082720287,
  "limited edinburgh uknntppostinghost": 0.09085630771821104,
  "spider systems limited": 0.0760908222830358,
  "system keith": 0.08449715927270696,
  "breaks something the": 0.08449715927270696,
  "why how doscan": 0.08449715927270696,
  "gmt sender usenet": 0.037352798752307216,
  "uknntppostinghost trapdoorspidercouk": 0.09085630771821104,
  "systems limited edinburgh": 0.0760908222830358,
  "was supposed": 0.050654228501019465,
  "fat": 0.05088650196876524,
  "sender usenet": 0.02046403343708709,
  "news": 0.014083564247786456,
  "keith": 0.03751566063724713,
  "ntfs": 0.1689943185454139,
  "trapdoorspidercouk ok": 0.09085630771821104,
  "trapdoorspidercouk ok will": 0.09085630771821104,
  "systems limited": 0.07441814745006375,
  "fat system": 0.08449715927270696,
  "system i thought": 0.07441814745006375,
  "uknntppostinghost trapdoorspidercouk ok": 0.09085630771821104,
  "case it": 0.051124809183474056,
  "i thought ntfs": 0.08449715927270696,
  "ntfs was": 0.08449715927270696,
  "doscan read i": 0.08449715927270696,
  "winnt file systems": 0.08449715927270696,
  "file": 0.05633588639447344,
  "system": 0.04839545295955398,
  "breaks": 0.05162083873641237
}